文字,Unicode,正字,韓小忙 2021,四角号碼,Kychanov 2006,李範文 2008,李範文 1997,Sofronov 1968,西田 1966,sort(新版同音),新版同音,声母,新版同音 小類,新版同音 小類内順序,旧版同音,旧版同音 声母,旧版同音 小類,旧版同音 小類内順序,sort(文海),文海,総合韻,声調,声調韻,文海 小韻,文海 小韻内順序,文海 反切上字,文海 反切下字,文海 反切注,文海寶韻,文海寶韻 小韻,文海寶韻小韻内順序,合編,韓小忙 2008,合編 反切A上字,合編 反切A下字,合編 反切B上字,合編 反切A下字,合編 反切注
𗩤,U+17A64,,4.455.2,2141/22,K4512,L2102,L2102,S3670,,1,03A51,Ⅰ,1,1,02A51,Ⅰ,1,1,2968,,11,2,10,,,,,,2.04.2604,2,1,,,,,,,
𗠪,U+1782A,,3.267.2,7121/45,K5367,L4520,L4520,S0488,255-074,2,03A52,Ⅰ,1,2,02A53,Ⅰ,1,3,2969,,11,2,10,,,,,,2.04.2605,2,2,,,,,,,
𗠜,U+1781C,,3.261.1,7121/45,K5339,L4519,L4519,S0475,255-06b,3,03A53,Ⅰ,1,3,02A52,Ⅰ,1,2,2970,,11,2,10,,,,,,2.04.2606,2,3,,,,,,,
𗂸,U+170B8,,1.137.1,2804/40,K3277,L3508,L3508,S1553,039-125,4,03A54,Ⅰ,1,4,02A54,Ⅰ,1,4,2971,,11,2,10,,,,,,2.04.2607,2,4,,,,,,,
𘈔,U+18214,,7.010.2,1952/52,K0889,L1879,L1879,S0026,124-081,5,03A55,Ⅰ,1,5,02A55,Ⅰ,1,5,2972,,11,2,10,,,,,,2.04.2608,2,5,,,,,,,
𘛪,U+186EA,,8.389.2,8254/50,K2819,L5347,L5347,S2499,129-041,6,03A56,Ⅰ,1,6,02A56,Ⅰ,1,6,2973,,11,2,10,,,,,,2.04.2609,2,6,,,,,,,
𗭞,U+17B5E,,3.416.4,3324/22,K2614,L3912,L3912,S2994,105-111,7,03A57,Ⅰ,1,7,02A58,Ⅰ,1,8,2974,,11,2,10,,,,,,2.04.2701,2,7,,,,,,,
𗤢,U+17922,,4.129.3,2949/00,K0723,L3791,L3791,S3591,204-068,8,03A58,Ⅰ,1,8,02A61,Ⅰ,1,9,2975,,11,2,10,,,,,,2.04.2702,2,8,,,,,,,
𘘫,U+1862B,,8.286.1,1141/00,K4845,L0251,L0251,S5008,297-041,9,03A61,Ⅰ,1,9,02A64,Ⅰ,2,1,2976,,11,2,10,,,,,,2.04.2703,2,9,,,,,,,
𗭈,U+17B48,,3.398.2,3121/22,K4929,L3845,L3845,S2976,105-054,10,03A62,Ⅰ,1,10,02A65,Ⅰ,2,2,2977,,11,2,10,,,,,,2.04.2704,2,10,,,,,,,
𘔬,U+1852C,,8.056.1,1792/22,K0942,L1050,L1050,S1135,179-071,11,03A63,Ⅰ,2,1,02A62,Ⅰ,1,10,358,1.16.221,11,1,11,5,1,𗮗,𘎫,,1.08.1402,4,1,,,,,,,
𘞆,U+18786,,8.524.2,1755/00,K1274,L1475,L1475,S5191,018-041,12,03A64,Ⅰ,2,2,02A63,Ⅰ,1,11,359,1.16.222,11,1,11,5,2,𗮗,𘎫,,1.08.1403,4,2,,,,,,,
𗪊,U+17A8A,,4.488.1,2844/42,K3120,L3697,L3697,S3369,204-12g,13,03A65,Ⅰ,3,1,02A66,Ⅰ,3,1,360,1.16.231,11,1,11,6,1,𗖵,𘄎,,1.08.1404,5,1,,,,,,,
𗩞,U+17A5E,,4.453.3,2344/90,K2029,L2666,L2666,S3592,204-107,14,03A66,Ⅰ,3,2,02A67,Ⅰ,3,2,361,1.16.232,11,1,11,6,2,𗖵,𘄎,,1.08.1405,5,2,,,,,,,
𘔁,U+18501,,8.030.1,7842/44,K1833,L4661,L4661,S0571,256-072,15,03A67,Ⅰ,3,3,02A68,Ⅰ,3,3,362,1.16.241,11,1,11,6,3,𗖵,𘄎,,1.08.1406,5,3,,,,,,,
𘟏,U+187CF,,8.577.3,3145/25,K1164,L3883,L3883,S3028,,16,03A68,Ⅰ,3,4,02A57,Ⅰ,1,7,363,1.16.242,11,1,11,6,4,𗖵,𘄎,,1.08.1501,5,4,,,,,,,
𘉍,U+1824D,,7.071.1,7324/42,K2044,L4573,L4573,S1648,259-042,17,03A71,Ⅰ,3,5,02A71,Ⅰ,3,4,364,1.16.251,11,1,11,6,5,𗖵,𘄎,,1.08.1502,5,5,,,,,,,
𘕬,U+1856C,,8.142.2,8222/50,?,L5282,L5282,S2241,,18,03A72,Ⅰ,3,6,02A72,Ⅰ,3,5,365,1.16.252,11,1,11,6,6,𗖵,𘄎,,1.08.1503,5,6,,,,,,,
𘕭,U+1856D,,8.143.1,8724/50,K0417,L5567,L5567,S2242,079-071,19,03A73,Ⅰ,3,7,02A73,Ⅰ,3,6,366,1.16.261,11,1,11,6,7,𗖵,𘄎,,1.08.1504,5,7,,,,,,,
𗦖,U+17996,,4.284.4,2741/24,K5238,L3130,L3130,S3446,204-08x,20,03A74,Ⅰ,4,1,02A74,Ⅰ,4,1,4402,,79,2,68,,,,,,2.15.2108,1,1,,,,,,,
𗦧,U+179A7,,4.298.1,2145/50,K1272,L2291,L2291,S3559,204-08i,21,03A75,Ⅰ,4,2,02A75,Ⅰ,4,2,4403,,79,2,68,,,,,,2.15.2109,1,2,,,,,,,
𗩂,U+17A42,,4.435.1,2145/25,K1267,L2286,L2286,S3434,204-10k,22,03A76,Ⅰ,4,3,02A76,Ⅰ,4,3,4404,,79,2,68,,,,,,2.15.2201,1,3,,,,,,,
𗇋,U+171CB,,1.416.1,3022/20,K1662,L3818,L3818,S2934,005-071,23,03A77,Ⅰ,5,1,02A77,Ⅰ,5,1,4405,,79,2,68,,,,,,2.15.2202,1,4,,,,,,,
𗬕,U+17B15,,4.447.2,2841/40,K4687,L3597,L3597,S3752,204-10r,24,03A78,Ⅰ,5,2,02B11,Ⅰ,5,3,4406,,79,2,68,,,,,,2.15.2203,1,5,,,,,,,
𗔦,U+17526,,2.384.4,8041/40,K4688,L4904,L4904,S2021,,25,03B11,Ⅰ,5,3,02B12,Ⅰ,5,4,4407,,79,2,68,,,,,,2.15.2204,1,6,,,,,,,
𗞴,U+177B4,,3.197.4,5041/40,K4689,L4251,L4251,S0882,,26,03B12,Ⅰ,5,4,02B13,Ⅰ,5,5,4408,,79,2,68,,,,,,2.15.2205,1,7,,,,,,,
𗂅,U+17085,,1.091.3,2204/40,K2932,L2384,L2384,S1559,039-104,27,03B13,Ⅰ,5,5,02B14,Ⅰ,5,6,4409,,79,2,68,,,,,,2.15.2206,1,8,,,,,,,
𗡠,U+17860,,3.302.1,1141/22,K3715,L0271,L0271,S1184,,28,03B14,Ⅰ,5,6,02B15,Ⅰ,5,7,4410,,79,2,68,,,,,,2.15.2207,1,9,,,,,,,
𗿣,U+17FE3,,6.070.1,2741/00,K0066,L3111,L3111,S5762,211-102,29,03B15,Ⅰ,5,7,02B16,Ⅰ,5,8,4411,,79,2,68,,,,,,2.15.2208,1,10,,,,,,,
𗥆,U+17946,,4.195.1,2842/24,K1907,L3631,L3631,S3438,204-08y,30,03B16,Ⅰ,5,8,02B17,Ⅰ,5,9,,,79,2,68,,,,,,,,,,,,,,,
𗦵,U+179B5,,4.314.1,2141/70,K4572,L2177,L2177,S3941,204-08m,31,03B17,Ⅰ,6,1,02B18,Ⅰ,6,1,870,1.32.262,28,1,27,1,1,𘀏,𗹦,,1.12.1506,1,1,,,,,,,
𗬣,U+17B23,,3.378.1,2171/00,K4569,L2306,L2306,S5803,,32,03B18,Ⅰ,6,2,02B21,Ⅰ,6,2,871,1.32.271,28,1,27,1,2,𘀏,𗹦,,1.12.1507,1,2,,,,,,,
𗬨,U+17B28,,3.381.1,2772/20,K0938,L3403,L3403,S5819,,33,03B21,Ⅰ,6,3,02B22,Ⅰ,6,3,,,28,1,27,,,,,,,,,,,,,,,
𗿮,U+17FEE,,6.077.4,2744/20,K2637,L3311,L3311,S5752,,34,03B22,Ⅰ,6,4,02B23,Ⅰ,6,4,872,1.32.272,28,1,27,1,3,𘀏,𗹦,,1.12.1508,1,3,,,,,,,
𗺤,U+17EA4,,5.312.4,2344/40,K2195,L2676,L2676,S3247,,35,03B23,Ⅰ,6,5,02B24,Ⅰ,6,5,873,1.33.111,28,1,27,1,4,𘀏,𗹦,,1.12.1509,1,4,,,,,,,
𗲟,U+17C9F,,3.642.1,1744/20,K3393,L1343,L1343,S4942,,36,03B24,Ⅰ,6,6,02B25,Ⅰ,6,6,874,1.33.112,28,1,27,1,5,𘀏,𗹦,,1.12.1601,1,5,,,,,,,
𗱬,U+17C6C,,3.608.1,1742/44,K1731,L1284,L1284,S4937,,37,03B25,Ⅰ,6,7,02B26,Ⅰ,6,7,875,1.33.121,28,1,27,1,6,𘀏,𗹦,,1.12.1602,1,6,,,,,,,
𘓼,U+184FC,,8.027.2,7141/40,K4295,L4555,L4555,S0569,256-031,38,03B26,Ⅰ,6,8,02B27,Ⅰ,6,8,876,1.33.122,28,1,27,1,7,𘀏,𗹦,,1.12.1603,1,7,,,,,,,
𘂗,U+18097,,6.180.1,9771/42,K5095,L5959,L5959,S1754,157-053,39,03B27,Ⅰ,7,1,02B28,Ⅰ,7,1,2478,1.87.131,90,1,84,1,2,𘀏,𘒲,,1.27.2304,1,2,,,,,,,
𗂡,U+170A1,,1.111.2,2301/42,K5068,L2555,L2555,S1555,,40,03B28,Ⅰ,7,2,02B31,Ⅰ,7,2,2477,1.87.121,90,1,84,1,1,𘀏,𘒲,,1.27.2303,1,1,,,,,,,
𗦉,U+17989,,4.272.2,2141/40,K5226,L2129,L2129,S3380,204-08k,41,03B31,Ⅰ,8,1,02B32,Ⅰ,8,1,3552,,37,2,33,,,,,,2.09.2304,2,1,,,,,,,
𗤍,U+1790D,,4.111.2,2244/22,K2696,L2473,L2473,S3526,,42,03B32,Ⅰ,8,2,02B33,Ⅰ,8,2,3553,,37,2,33,,,,,,2.09.2305,2,2,,,,,,,
𗤴,U+17934,,4.157.1,2742/22,K0945,L3207,L3207,S3880,,43,03B33,Ⅰ,8,3,02B34,Ⅰ,8,3,3554,,37,2,33,,,,,,2.09.2306,2,3,,,,,,,
𗁼,U+1707C,,1.088.2,2104/44,K0402,L1976,L1976,S1234,039-105,44,03B34,Ⅰ,8,4,02B37,Ⅰ,8,6,3555,,37,2,33,,,,,,2.09.2307,2,4,,,,,,,
𗯋,U+17BCB,,3.471.4,8321/70,K5614,L5362,L5362,S2310,269-112,45,03B35,Ⅰ,8,5,02B38,Ⅰ,8,7,3556,,37,2,33,,,,,,2.09.2308,2,5,,,,,,,
𗹭,U+17E6D,,5.279.1,2101/00,K5396,L1890,L1890,S1309,135-001,46,03B36,Ⅰ,8,6,02B41,Ⅰ,8,8,3557,,37,2,33,,,,,,2.09.2401,2,6,,,,,,,
𘛺,U+186FA,,8.402.4,8441/42,K3995,L5453,L5453,S2691,302-062,47,03B37,Ⅰ,9,1,02B35,Ⅰ,8,4,3558,,37,2,33,,,,,,2.09.2402,2,7,,,,,,,
𗜘,U+17718,,3.122.5,5041/41,K5480,L4262,L4262,?,,48,03B38,Ⅰ,9,2,02B36,Ⅰ,8,5,3559,,37,2,33,,,,,,2.09.2403,2,8,,,,,,,
𗾺,U+17FBA,,6.041.2,2844/24,K1123,L3690,L3690,S5677,211-088,49,03B41,Ⅰ,9,3,02B42,Ⅰ,8,9,3560,,37,2,33,,,,,,2.09.2404,2,9,,,,,,,
𗐈,U+17408,,2.195.2,2740/00,K5693,L3088,L3088,S5622,275-072,50,03B42,Ⅰ,10,1,02B44,Ⅰ,8,11,1299,,37,1,36,,,?,?,,1.16.1108,2,1,,,,,,,
𗯞,U+17BDE,,3.482.1,8441/00,K4127,L5433,L5433,S2367,207-021,51,03B43,Ⅰ,10,2,02B45,Ⅰ,8,12,1300,,37,1,36,,,?,?,,1.16.1109,2,2,,,,,,,
𗐅,U+17405,,2.193.1,2240/00,K5707,L2434,L2434,S5627,275-061,52,03B44,Ⅰ,10,3,02B46,Ⅰ,8,13,1301,,37,1,36,,,?,?,,1.16.1110,2,3,,,,,,,
𗅝,U+1715D,,1.337.4,2701/24,K4605,L2914,L2914,S1438,041-08b,53,03B45,Ⅰ,11,1,02B47,Ⅰ,9,1,1932,1.66.271,64,1,61,5,4,𘅿,𗼡,,1.21.2506,4,4,,,,,,,
𗁆,U+17046,,1.056.1,2204/40,K2657,L2381,L2381,S1233,039-073,54,03B46,Ⅰ,11,2,02B51,Ⅰ,9,3,1933,1.67.111,64,1,61,5,5,𘅿,𗼡,,1.21.2507,4,5,,,,,,,
𗁦,U+17066,,1.070.1,2804/40,K3193,L3506,L3506,S1232,039-094,55,03B47,Ⅰ,11,3,02B52,Ⅰ,9,4,1934,1.67.112,64,1,61,5,6,𘅿,𗼡,,1.21.2508,4,6,,,,,,,
𗅚,U+1715A,,1.337.1,2102/24,K1827,L1950,L1950,S1426,,56,03B48,Ⅰ,11,4,02B48,Ⅰ,9,2,1935,1.67.113,64,1,61,5,7,𘅿,𗼡,,1.21.2509,4,7,,,,,,,
𗲐,U+17C90,,3.635.2,1724/50,K2954,L1111,L1111,S4884,026-101,57,03B51,Ⅰ,11,5,02B53,Ⅰ,9,5,1936,1.67.121,64,1,61,5,8,𘅿,𗼡,,1.21.2601,4,8,,,,,,,
𗬞,U+17B1E,,3.375.1,2742/24,K3652,L3227,L3227,S5582,203-091,58,03B52,Ⅰ,11,6,02B54,Ⅰ,9,6,1937,1.67.122,64,1,61,5,9,𘅿,𗼡,,1.21.2602,4,9,,,,,,,
𘓪,U+184EA,,8.002.2,4722/20,K1702,L4062,L4062,S0674,,59,03B53,Ⅰ,11,7,02B55,Ⅰ,9,7,1938,1.67.131,64,1,61,5,10,𘅿,𗼡,,1.21.2603,4,10,,,,,,,
𗡼,U+1787C,,3.337.1,2401/24,K4219,L2705,L2705,S1317,137-081,60,03B54,Ⅰ,12,1,02B56,Ⅰ,10,1,4732,,101,2,86,,,,,,2.17.2705,1,1,,,,,,,
𗡺,U+1787A,,3.336.2,2702/20,K1607,L2928,L2928,S1316,137-041,61,03B55,Ⅰ,12,2,02B57,Ⅰ,10,2,,,101,2,86,,,,,,,,,,,,,,,
𗤳,U+17933,,4.154.1,2545/70,K1492,L2888,L2888,S3890,204-08t,62,03B56,Ⅰ,13,1,02B58,Ⅰ,11,1,3301,,28,2,25,,,,,,2.07.2602,2,1,,,,,,,
𘋠,U+182E0,,7.177.1,9794/00,K2563,L5932,L5932,S1771,176-061,63,03B57,Ⅰ,13,2,02B64,Ⅰ,11,5,3302,,28,2,25,,,,,,2.07.2603,2,2,,,,,,,
𘋣,U+182E3,,7.182.1,9892/50,K1223,L5972,L5972,S1767,176-081,64,03B58,Ⅰ,13,3,02B62,Ⅰ,11,3,3303,,28,2,25,,,,,,2.07.2604,2,3,,,,,,,
𗙁,U+17641,,3.010.1,1929/20,K0717,L1849,L1849,S0102,102-062,65,03B61,Ⅰ,13,4,02B67,Ⅰ,11,8,3304,,28,2,25,,,,,,2.07.2605,2,4,,,,,,,
𗄷,U+17137,,1.216.2,2501/20,K4760,L2823,L2823,S1462,041-052,66,03B62,Ⅰ,13,5,02B63,Ⅰ,11,4,3305,,28,2,25,,,,,,2.07.2606,2,5,,,,,,,
𘊙,U+18299,,7.125.1,2144/00,K3376,L2244,L2244,S5668,217-091,67,03B63,Ⅰ,13,6,02B65,Ⅰ,11,6,3306,,28,2,25,,,,,,2.07.2607,2,6,,,,,,,
𗉶,U+17276,,1.556.2,1142/22,K0994,L0327,L0327,S5530,185-111,68,03B64,Ⅰ,13,7,02B66,Ⅰ,11,7,3307,,28,2,25,,,,,,2.07.2608,2,7,,,,,,,
𘙤,U+18664,,8.316.1,1842/80,K0203,L1731,L1731,S5029,,69,03B65,Ⅰ,13,8,03A26,Ⅰ,11,1,,,28,2,25,,,,,,,,,,,,,,,
𗣍,U+178CD,,4.037.1,2149/00,K0695,L2211,L2211,S3462,204-06m,70,03B66,Ⅰ,13,9,03A15,Ⅰ,13,1,,,28,2,25,,,,,,,,,,,,,,,
𗪈,U+17A88,,4.487.1,2244/90,K3486,L2481,L2481,S3463,,71,03B67,Ⅰ,13,10,03A16,Ⅰ,13,2,3308,,28,2,25,,,,,,2.07.2609,2,8,,,,,,,
𘗨,U+185E8,,8.237.1,1525/27,K1484,L0857,L0857,S4332,,72,03B68,Ⅰ,13,11,02B68,Ⅰ,11,9,3309,,28,2,25,,,,,,2.07.2610,2,9,,,,,,,
𗚞,U+1769E,,3.057.1,5075/50,K1506,L4421,L4421,S0958,,73,03B71,Ⅰ,13,12,02B71,Ⅰ,11,10,3310,,28,2,25,,,,,,2.07.2611,2,10,,,,,,,
𗚧,U+176A7,,3.062.3,5025/75,K1466,L4205,L4205,S0736,,74,03B72,Ⅰ,13,13,02B72,Ⅰ,11,11,3311,,28,2,25,,,,,,2.07.2701,2,11,,,,,,,
𗑔,U+17454,,2.236.3,8024/42,K3565,L4831,L4831,S1796,007-085,75,03B73,Ⅰ,13,14,02B73,Ⅰ,11,12,3312,,28,2,25,,,,,,2.07.2702,2,12,,,,,,,
𗊓,U+17293,,1.571.5,2421/40,K5236,L3011,L3011,S4312,181-061,76,03B74,Ⅰ,13,15,02B74,Ⅰ,11,13,3313,,28,2,25,,,,,,2.07.2703,2,13,,,,,,,
𗢠,U+178A0,,3.359.2,2121/24,K4437,L2002,L2002,S3152,045-093,77,03B75,Ⅰ,13,16,02B75,Ⅰ,11,14,3314,,28,2,25,,,,,,2.07.2704,2,14,,,,,,,
𗱛,U+17C5B,,3.598.1,1722/20,K1667,L0996,L0996,S4852,,78,03B76,Ⅰ,13,17,02B76,Ⅰ,11,15,3315,,28,2,25,,,,,,2.07.2705,2,15,,,,,,,
𗦟,U+1799F,,4.291.1,2545/27,K1468,L2884,L2884,S3444,205-077,79,03B77,Ⅰ,13,18,02B77,Ⅰ,11,16,3316,,28,2,25,,,,,,2.07.2706,2,16,,,,,,,
𗊥,U+172A5,,1.587.2,2525/70,K1485,L2851,L2851,S4302,,80,03B78,Ⅰ,13,19,02B78,Ⅰ,11,17,3317,,28,2,25,,,,,,2.07.2707,2,17,,,,,,,
𗜨,U+17728,,3.129.1,5045/75,K1493,L4380,L4380,S0893,017-11m,81,04A11,Ⅰ,13,20,02B61,Ⅰ,11,2,,,28,2,25,,,,,,,,,,,,,,,
𗰜,U+17C1C,,3.547.1,1525/27,K1478,L0856,L0856,S4484,107-081,82,04A12,Ⅰ,14,1,03A11,Ⅰ,12,1,4587,,90,2,76,,,,,,2.16.2508,2,1,,,,,,,
𗾨,U+17FA8,,6.030.4,2545/70,K1502,L2890,L2890,S5750,211-076,83,04A13,Ⅰ,14,2,03A14,Ⅰ,12,4,4588,,90,2,76,,,,,,2.16.2509,2,2,,,,,,,
𘙈,U+18648,,8.299.2,1545/70,K1500,L0882,L0882,S5045,,84,04A14,Ⅰ,14,3,03A12,Ⅰ,12,2,4589,,90,2,76,,,,,,2.16.2601,2,3,,,,,,,
𘆹,U+181B9,,6.454.1,1525/57,K1473,L0859,L0859,S5242,,85,04A15,Ⅰ,14,4,03A13,Ⅰ,12,3,4590,,90,2,76,,,,,,2.16.2602,2,4,,,,,,,
𗹴,U+17E74,,5.289.1,2109/50,K0694,L1958,L1958,S0270,135-053,86,04A16,Ⅰ,15,1,03A17,Ⅰ,13,3,1126,1.40.251,32,1,31,2,2,𘇚,𗪭,,1.14.1704,2,2,,,,,,,
𗎞,U+1739E,,2.099.1,1844/20,K3474,L1754,L1754,S1159,186-061,87,04A17,Ⅰ,15,2,09A41,Ⅰ,D,89,1127,1.40.261,32,1,31,2,3,𘇚,𗪭,,1.14.1705,2,3,,,,,,,
𗹞,U+17E5E,,5.247.3,2204/50,K3485,L2391,L2391,S1282,,88,04A18,Ⅰ,16,1,03A25,Ⅰ,14,6,882,1.33.152,28,1,27,4,1,𗑉,𘈟,,1.12.1609,2,1,,,,,,,
𗹧,U+17E67,,5.265.1,2104/50,K3355,L1977,L1977,S1268,,89,04A21,Ⅰ,16,2,03A24,Ⅰ,14,5,883,1.33.161,28,1,27,4,2,𗑉,𘈟,,1.12.1611,2,3,,,,,,,
𗹦,U+17E66,,5.257.3,2804/50,K3335,L3513,L3513,S1273,075-082,90,04A22,Ⅰ,16,3,03A23,Ⅰ,14,4,884,1.33.162,28,1,27,4,3,𗑉,𘈟,,1.12.1610,2,2,,,,,,,
𗹟,U+17E5F,,5.247.4,2801/52,K5080,L3470,L3470,S1271,,91,04A23,Ⅰ,16,4,03A22,Ⅰ,14,3,885,1.33.171,28,1,27,4,4,𗑉,𘈟,,1.12.1701,2,4,,,,,,,
𗩋,U+17A4B,,4.442.3,2844/20,K3333,L3682,L3682,S3439,,92,04A24,Ⅰ,16,5,03A18,Ⅰ,14,1,886,1.33.172,28,1,27,4,5,𗑉,𘈟,,1.12.1702,2,5,,,,,,,
𗪍,U+17A8D,,4.489.1,2144/20,K3351,L2251,L2251,S3426,,93,04A25,Ⅰ,16,6,03A21,Ⅰ,14,2,887,1.33.211,28,1,27,4,6,𗑉,𘈟,,1.12.1703,2,6,,,,,,,
𗤣,U+17923,,4.135.1,2841/20,K5087,L3569,L3569,S3627,,94,04A26,Ⅰ,17,1,03A31,Ⅰ,15,3,718,1.28.112,20,1,20,3,1,𗓁,𗫂,,1.11.1605,3,1,,,,,,,
𗿦,U+17FE6,,6.072.1,2744/40,K3397,L3334,L3334,S5695,211-107,95,04A27,Ⅰ,17,2,03A32,Ⅰ,15,4,719,1.28.121,20,1,20,3,2,𗓁,𗫂,,1.11.1606,3,2,,,,,,,
𗿽,U+17FFD,,6.100.1,2144/40,K3352,L2270,L2270,S5692,,96,04A28,Ⅰ,17,3,03A38,Ⅰ,15,10,720,1.28.122,20,1,20,3,3,𗓁,𗫂,,1.11.1607,3,3,,,,,,,
𗕚,U+1755A,,2.434.4,1741/55,K3933,L1216,L1216,S4321,010-094,97,04A31,Ⅰ,17,4,03A33,Ⅰ,15,5,721,1.28.123,20,1,20,3,4,𗓁,𗫂,,1.11.1608,3,4,,,,,,,
𗇰,U+171F0,,1.446.2,1741/55,K3932,L1215,L1215,S4444,,98,04A32,Ⅰ,17,5,03A34,Ⅰ,15,6,722,1.28.131,20,1,20,3,5,𗓁,𗫂,,1.11.1609,3,5,,,,,,,
𗇨,U+171E8,,1.439.3,1741/20,K5097,L1178,L1178,S4447,,99,04A33,Ⅰ,17,6,03A41,Ⅰ,15,11,723,1.28.132,20,1,20,3,6,𗓁,𗫂,,1.11.1701,3,6,,,,,,,
𗏵,U+173F5,,2.185.1,2745/25,K1233,L3369,L3369,S5593,202-103,100,04A34,Ⅰ,17,7,03A35,Ⅰ,15,7,724,1.28.141,20,1,20,3,7,𗓁,𗫂,,1.11.1702,3,7,,,,,,,
𗏸,U+173F8,,2.186.3,2845/25,K1299,L3718,L3718,S5590,202-113,101,04A35,Ⅰ,17,8,03A36,Ⅰ,15,8,725,1.28.142,20,1,20,3,8,𗓁,𗫂,,1.11.1703,3,8,,,,,,,
𗏭,U+173ED,,2.178.1,2344/20,K2944,L2648,L2648,S5592,,102,04A36,Ⅰ,17,9,03A37,Ⅰ,15,9,726,1.28.151,20,1,20,3,9,𗓁,𗫂,,1.11.1704,3,9,,,,,,,
𘍧,U+18367,,7.282.1,8122/22,K0996,L5118,L5118,S2348,260-121,103,04A37,Ⅰ,17,10,03A42,Ⅰ,15,12,727,1.28.152,20,1,20,3,10,𗓁,𗫂,,1.11.1705,3,10,,,,,,,
𗲌,U+17C8C,,3.632.3,1774/42,K2849,L1530,L1530,S4969,026-106,104,04A38,Ⅰ,17,11,03A43,Ⅰ,15,13,728,1.28.153,20,1,20,3,11,𗓁,𗫂,,1.11.1706,3,11,,,,,,,
𘄷,U+18137,,6.324.2,1842/40,K1812,L1721,L1721,S4745,230-066,105,04A41,Ⅰ,17,12,03A44,Ⅰ,15,14,729,1.28.161,20,1,20,3,12,𗓁,𗫂,,1.11.1707,3,12,,,,,,,
𗋸,U+172F8,,1.644.5,2821/40,K4686,L3527,L3527,S4250,181-10c,106,04A42,Ⅰ,17,13,03A45,Ⅰ,15,15,730,1.28.162,20,1,20,3,13,𗓁,𗫂,,1.11.1708,3,13,,,,,,,
𗷿,U+17DFF,,5.184.1,1854/52,K2088,L1803,L1803,S0344,,107,04A43,Ⅰ,17,14,03A46,Ⅰ,15,16,731,1.28.171,20,1,20,3,14,𗓁,𗫂,,1.11.1709,3,14,,,,,,,
𗷺,U+17DFA,,5.180.1,1151/52,K5448,L0409,L0409,S0335,123-065,108,04A44,Ⅰ,17,15,03A47,Ⅰ,15,17,732,1.28.172,20,1,20,3,15,𗓁,𗫂,,1.11.2101,3,15,,,,,,,
𘑙,U+18459,,7.472.1,1754/40,K0399,L1458,L1458,S4456,067-101,109,04A45,Ⅰ,17,16,03A27,Ⅰ,15,1,733,1.28.173,20,1,20,3,16,𗓁,𗫂,,1.11.2102,3,16,,,,,,,
𗴺,U+17D3A,,5.011.1,1041/40,K4047,L0092,L0092,S0245,018-088,110,04A46,Ⅰ,17,17,03A28,Ⅰ,15,2,734,1.28.211,20,1,20,3,17,𗓁,𗫂,,1.11.2103,3,17,,,,,,,
𗧝,U+179DD,,4.361.2,2344/72,K3151,L2683,L2683,S3770,,111,04A47,Ⅰ,18,1,03A48,Ⅰ,16,1,3919,,53,2,44,,,,,,2.12.1412,4,1,,,,,,,
𘍂,U+18342,,7.250.1,8721/42,K5118,L5504,L5504,S2223,241-071,112,04A48,Ⅰ,18,2,03A51,Ⅰ,16,2,3920,,53,2,44,,,,,,2.12.1501,4,2,,,,,,,
𘘮,U+1862E,,8.288.1,1141/20,K5308,L0261,L0261,S4997,297-051,113,04A51,Ⅰ,18,3,03A52,Ⅰ,16,3,3921,,53,2,44,,,,,,2.12.1502,4,3,,,,,,,
𗔘,U+17518,,2.376.2,8041/22,K3815,L4894,L4894,S2015,007-131,114,04A52,Ⅰ,19,1,03A53,Ⅰ,17,1,1674,1.58.142,53,1,51,6,1,𗓁,𗔆,,1.19.1706,6,1,,,,,,,
𗠿,U+1783F,,3.279.1,7224/45,K2806,L4564,L4564,S0482,255-095,115,04A53,Ⅰ,19,2,03A54,Ⅰ,17,2,1675,1.58.151,53,1,51,6,2,𗓁,𗔆,,1.19.1707,6,2,,,,,,,
𗫊,U+17ACA,,4.539.1,2841/40,K4048,L3594,L3594,S3678,204-12i,116,04A54,Ⅰ,20,1,03A55,Ⅰ,18,1,891,1.33.231,28,1,27,6,1,𗆠,𘈟,,1.12.1707,3,4,,,,,,,
𗫢,U+17AE2,,4.569.1,2844/40,K1999,L3692,L3692,S3679,,117,04A55,Ⅰ,20,2,03A56,Ⅰ,18,2,892,1.33.232,28,1,27,6,2,𗆠,𘈟,,1.12.1708,3,5,,,,,,,
𘖫,U+185AB,,8.192.3,8041/40,K4049,L4908,L4908,S2604,,118,04A56,Ⅰ,20,3,03A57,Ⅰ,18,3,893,1.33.241,28,1,27,6,3,𗆠,𘈟,,1.12.1709,3,6,,,,,,,
𗵕,U+17D55,,5.048.3,1021/24,K4151,L0022,L0022,S0165,,119,04A57,Ⅰ,20,4,03A58,Ⅰ,18,4,894,1.33.242,28,1,27,6,4,𗆠,𘈟,,1.12.1710,3,7,,,,,,,
𗑫,U+1746B,,2.262.1,8071/22,K3877,L5031,L5031,S2032,007-08b,120,04A58,Ⅰ,20,5,03A61,Ⅰ,18,5,895,1.33.251,28,1,27,6,5,𗆠,𘈟,,1.12.1801,3,8,,,,,,,
𗪱,U+17AB1,,4.521.2,2741/40,K4213,L3149,L3149,S3877,,121,04A61,Ⅰ,21,1,03A68,Ⅰ,18,12,890,1.33.222,28,1,27,5,3,𘞆,𗃞,,1.12.1706,3,3,,,,,,,
𗐲,U+17432,,2.211.1,8074/20,K1923,L5042,L5042,S2034,007-051,122,04A62,Ⅰ,21,2,03A64,Ⅰ,18,8,888,1.33.212,28,1,27,5,1,𘞆,𗃞,,1.12.1704,3,1,,,,,,,
𗒚,U+1749A,,2.287.2,8079/20,K0703,L5035,L5035,S2033,,123,04A63,Ⅰ,21,3,03A74,Ⅰ,18,16,889,1.33.221,28,1,27,5,2,𘞆,𗃞,,1.12.1705,3,2,,,,,,,
𘁏,U+1804F,,6.140.43,8021/20,K4269,L4677,L4677,S2162,,124,04A64,Ⅰ,22,1,03A62,Ⅰ,18,6,3318,,28,2,25,,,,,,2.07.2708,2,18,,,,,,,
𗂛,U+1709B,,1.109.1,2501/44,K4785,L2828,L2828,S1510,,125,04A65,Ⅰ,22,2,03A63,Ⅰ,18,7,3319,,28,2,25,,,,,,2.07.2709,2,19,,,,,,,
𗩵,U+17A75,,4.473.1,2744/20,K2636,L3304,L3304,S3859,,126,04A66,Ⅰ,22,3,03A65,Ⅰ,18,9,3320,,28,2,25,,,,,,2.07.2710,2,20,,,,,,,
𘔹,U+18539,,8.077.1,2144/42,K1933,L2276,L2276,S5784,216-083,127,04A67,Ⅰ,22,4,03A66,Ⅰ,18,10,3321,,28,2,25,,,,,,2.08.1101,2,21,,,,,,,
𗨦,U+17A26,,4.417.3,2745/50,K1185,L3381,L3381,S3862,204-09d,128,04A68,Ⅰ,22,5,03A67,Ⅰ,18,11,3322,,28,2,25,,,,,,2.08.1102,2,22,,,,,,,
𘟦,U+187E6,,8.605.1,2744/00,K3440,L3301,L3301,S5790,313-051,129,04A71,Ⅰ,22,6,03A71,Ⅰ,18,13,3323,,28,2,25,,,,,,2.08.1103,2,23,,,,,,,
𘁖,U+18056,,6.143.1,8022/25,K1219,L4766,L4766,S2163,025-111,130,04A72,Ⅰ,22,7,03A75,Ⅰ,18,17,,,28,2,25,,,,,,,,,,,,,,,
𘈲,U+18232,,7.039.1,1744/40,K3525,L1386,L1386,S1114,117-081,131,04A73,Ⅰ,22,8,03A76,Ⅰ,18,18,3326,,28,2,25,,,,,,2.08.1106,2,26,,,,,,,
𘈯,U+1822F,,7.038.1,1244/40,K3494,L0589,L0589,S1118,117-061,132,04A74,Ⅰ,22,9,03A77,Ⅰ,18,19,3324,,28,2,25,,,,,,2.08.1104,2,24,,,,,,,
𘟥,U+187E5,,8.603.2,2040/00,K3381,L1888,L1888,S5789,313-001,133,04A75,Ⅰ,22,10,03A72,Ⅰ,18,14,3325,,28,2,25,,,,,,2.08.1105,2,25,,,,,,,
𗺫,U+17EAB,,5.315.1,2144/44,K1110,L2280,L2280,S3206,,134,04A76,Ⅰ,22,11,03A78,Ⅰ,18,20,3327,,28,2,25,,,,,,2.08.1107,2,27,,,,,,,
𗽔,U+17F54,,5.441.1,2849/00,K0682,L3721,L3721,S3674,210-081,135,04A77,Ⅰ,22,12,03B11,Ⅰ,18,21,3328,,28,2,25,,,,,,2.08.1108,2,28,,,,,,,
𗏩,U+173E9,,2.176.1,2344/25,K2033,L2671,L2671,S5585,202-091,136,04A78,Ⅰ,22,13,03B12,Ⅰ,18,22,3329,,28,2,25,,,,,,2.08.1109,2,29,,,,,,,
𗘑,U+17611,,2.582.4,1844/22,K2067,L1765,L1765,S5409,,137,04B11,Ⅰ,22,14,03B13,Ⅰ,19,1,3330,,28,2,25,,,,,,2.08.1110,2,30,,,,,,,
𗝲,U+17772,,3.167.5,5044/00,K2057,L4338,L4338,S0931,,138,04B12,Ⅰ,23,1,03B15,Ⅰ,20,1,3394,,31,2,28,,,,,,2.08.2104,2,1,,,,,,,
𘑟,U+1845F,,7.474.1,1344/00,K2056,L0694,L0694,S4438,,139,04B13,Ⅰ,23,2,03B16,Ⅰ,20,2,3395,,31,2,28,,,,,,2.08.2105,2,2,,,,,,,
𘖌,U+1858C,,8.163.2,8742/20,K0803,L5619,L5619,S2526,238-051,140,04B14,Ⅰ,23,3,03B21,Ⅰ,20,5,3396,,31,2,28,,,,,,2.08.2106,2,3,,,,,,,
𗮥,U+17BA5,,3.458.4,8321/70,K5644,L5358,L5358,S2323,,141,04B15,Ⅰ,23,4,03B22,Ⅰ,20,6,3397,,31,2,28,,,,,,2.08.2107,2,4,,,,,,,
𘝳,U+18773,,8.515.4,8949/00,K0722,L5795,L5795,S2544,303-061,142,04B16,Ⅰ,23,5,03B32,Ⅰ,20,14,3400,,31,2,28,,,,,,2.08.2110,2,7,,,,,,,
𘖊,U+1858A,,8.162.1,8342/20,K0778,L5382,L5382,S2523,238-041,143,04B17,Ⅰ,23,6,03B25,Ⅰ,20,9,3399,,31,2,28,,,,,,2.08.2109,2,6,,,,,,,
𘖐,U+18590,,8.179.1,8141/40,K5260,L5193,L5193,S2520,,144,04B18,Ⅰ,23,7,03B27,Ⅰ,20,11,3398,,31,2,28,,,,,,2.08.2108,2,5,,,,,,,
𗼎,U+17F0E,,5.359.1,2884/20,K2966,L3752,L3752,S3536,205-051,145,04B21,Ⅰ,23,8,03B26,Ⅰ,20,10,3401,,31,2,28,,,,,,2.08.2111,2,8,,,,,,,
𘉑,U+18251,,7.077.1,7324/42,K2064,L4574,L4574,S1649,259-051,146,04B22,Ⅰ,24,1,03B18,Ⅰ,20,4,1020,1.37.221,31,1,30,3,1,𘇻,𗟱,,1.13.1702,3,1,,,,,,,
𗵹,U+17D79,,5.082.1,1792/00,K0260,L1049,L1049,S0670,173-071,147,04B23,Ⅰ,24,2,03B23,Ⅰ,20,7,1021,1.37.222,31,1,30,3,2,𘇻,𗟱,,1.13.1703,3,2,,,,,,,
𘖑,U+18591,,8.166.1,8744/00,K2511,L5643,L5643,S2530,238-072,148,04B24,Ⅰ,24,3,03B24,Ⅰ,20,8,1022,1.37.231,31,1,30,3,3,𘇻,𗟱,,1.13.1704,3,3,,,,,,,
𘖏,U+1858F,,8.165.1,8341/20,K5344,L5374,L5374,S2524,238-062,149,04B25,Ⅰ,24,4,03B31,Ⅰ,20,13,1024,1.37.241,31,1,30,3,5,𘇻,𗟱,,1.13.1706,3,5,,,,,,,
𘖖,U+18596,,8.180.3,8141/00,K0035,L5162,L5162,S2518,238-112,150,04B26,Ⅰ,24,5,03B28,Ⅰ,20,12,1025,1.37.242,31,1,30,3,6,𘇻,𗟱,,1.13.2101,3,6,,,,,,,
𗮒,U+17B92,,3.451.1,8121/24,K4382,L5077,L5077,S2271,047-092,151,04B27,Ⅰ,24,6,03B33,Ⅰ,20,15,1023,1.37.232,31,1,30,3,4,𘇻,𗟱,,1.13.1705,3,4,,,,,,,
𗃝,U+170DD,,1.161.3,2179/20,K0663,L2334,L2334,S4067,180-084,152,04B28,Ⅰ,25,1,03B34,Ⅰ,21,1,107,1.08.171,3,1,3,2,6,𗪊,𗔠,,1.05.2305,2,6,,,,,,,
𗃱,U+170F1,,1.175.1,2171/22,K5421,L2310,L2310,S4069,180-102,153,04B31,Ⅰ,25,2,03B35,Ⅰ,21,2,105,1.08.162,3,1,3,2,4,𗪊,𗔠,,1.05.2303,2,4,,,,,,,
𗖵,U+175B5,,2.506.3,1171/22,K5422,L0433,L0433,S4614,182-104,154,04B32,Ⅰ,25,3,03B37,Ⅰ,21,4,103,1.08.152,3,1,3,2,2,𗪊,𗔠,,1.05.2301,2,2,,,,,,,
𗷏,U+17DCF,,5.133.1,6044/20,K2108,L4495,L4495,S1036,020-123,155,04B33,Ⅰ,25,4,03B38,Ⅰ,21,5,106,1.08.163,3,1,3,2,5,𗪊,𗔠,,1.05.2304,2,5,,,,,,,
𗖐,U+17590,,2.479.1,1175/22,K1139,L0461,L0461,S4604,,156,04B34,Ⅰ,25,5,03B41,Ⅰ,21,6,104,1.08.161,3,1,3,2,3,𗪊,𗔠,,1.05.2302,2,3,,,,,,,
𗃗,U+170D7,,1.158.3,2174/20,K2423,L2327,L2327,S4068,180-051,157,04B35,Ⅰ,25,6,03B36,Ⅰ,21,3,,,3,1,3,,,,,,,,,,,,,,,
𘴃,U+18D03,,6.007.3,2144/20,?,L2252,L2252,S5669,211-041,158,04B36,Ⅰ,26,1,03B42,Ⅰ,22,1,2755,,3,2,3,,,,,,2.03.1405,3,2,,,,,,,
𘗛,U+185DB,,8.220.2,8421/54,K4199,L5430,L5430,S2442,,159,04B37,Ⅰ,26,2,03B43,Ⅰ,22,2,2756,,3,2,3,,,,,,2.03.1406,3,3,,,,,,,
𘁐,U+18050,,6.141.2,8041/00,K4707,L4875,L4875,S2165,025-072,160,04B38,Ⅰ,26,3,03B44,Ⅰ,22,3,2760,,3,2,3,,,,,,2.03.1502,3,7,,,,,,,
𘁕,U+18055,,6.142.4,8041/41,K5545,L4911,L4911,S2169,,161,04B41,Ⅰ,26,4,03B45,Ⅰ,22,4,2759,,3,2,3,,,,,,2.03.1501,3,6,,,,,,,
𘁓,U+18053,,6.142.2,8044/00,K3480,L4965,L4965,S2166,,162,04B42,Ⅰ,26,5,03B46,Ⅰ,22,5,2754,,3,2,3,,,,,,2.03.1404,3,1,,,,,,,
𘇇,U+181C7,,6.468.1,1724/52,K3415,L1119,L1119,S5225,080-091,163,04B43,Ⅰ,26,6,03B47,Ⅰ,22,6,2758,,3,2,3,,,,,,2.03.1408,3,5,,,,,,,
𘗙,U+185D9,,8.219.3,8724/50,K2535,L5568,L5568,S2440,083-061,164,04B44,Ⅰ,26,7,03B48,Ⅰ,22,7,,,3,2,3,,,,,,,,,,,,,,,
𘗒,U+185D2,,8.214.2,8124/52,K3542,L5146,L5146,S2433,083-041,165,04B45,Ⅰ,26,8,03B51,Ⅰ,22,8,2757,,3,2,3,,,,,,2.03.1407,3,4,,,,,,,
𘒢,U+184A2,,7.530.3,1725/27,K0473,L1130,L1130,S5194,018-122,166,04B46,Ⅰ,27,1,03B52,Ⅰ,23,1,1297,,37,1,36,,,?,?,,1.16.1106,1,13,,,,,,,
𘀧,U+18027,,6.124.2,3142/42,K0987,L3877,L3877,S3005,114-051,167,04B47,Ⅰ,27,2,03B68,Ⅰ,24,1,1295,,37,1,36,,,?,?,,1.16.1104,1,11,,,,,,,
𗤋,U+1790B,,4.099.2,2142/22,K0970,L2194,L2194,S3510,205-058,168,04B48,Ⅰ,27,3,03B72,Ⅰ,24,3,1296,,37,1,36,,,?,?,,1.16.1105,1,12,,,,,,,
𗅙,U+17159,,1.336.2,2204/21,K2675,L2363,L2363,S1424,,169,04B51,Ⅰ,27,4,03B66,Ⅰ,23,13,1298,,37,1,36,,,?,?,,1.16.1107,1,14,,,,,,,
𘒡,U+184A1,,7.530.2,1741/42,K5101,L0096,L0096,S0257,018-126,170,04B52,Ⅰ,28,1,03B53,Ⅰ,23,2,3540,,37,2,33,,,,,,2.09.2202,1,3,,,,,,,
𘘋,U+1860B,,8.258.4,1771/00,K5781,L1482,L1482,S4469,285-041,171,04B53,Ⅰ,28,2,03B54,Ⅰ,23,3,3541,,37,2,33,,,,,,2.09.2203,1,4,,,,,,,
𗰐,U+17C10,,3.520.3,1441/70,K4920,L0781,L0781,S4398,,172,04B54,Ⅰ,28,3,03B56,Ⅰ,23,5,3543,,37,2,33,,,,,,2.09.2205,1,6,,,,,,,
𗰏,U+17C0F,,3.520.2,1441/20,?,L0788,L0788,S4397,316-051,173,04B55,Ⅰ,28,4,03B55,Ⅰ,23,4,3542,,37,2,33,,,,,,2.09.2204,1,5,,,,,,,
𗁗,U+17057,,1.061.4,2701/40,K4604,L2919,L2919,S1586,039-08b,174,04B56,Ⅰ,28,5,03B57,Ⅰ,23,6,3544,,37,2,33,,,,,,2.09.2206,1,7,,,,,,,
𗅵,U+17175,,1.362.1,2204/22,K2748,L2370,L2370,S1419,,175,04B57,Ⅰ,28,6,03B58,Ⅰ,23,7,3545,,37,2,33,,,,,,2.09.2207,1,8,,,,,,,
𗿱,U+17FF1,,6.078.3,2144/40,K1998,L2266,L2266,S5657,,176,04B58,Ⅰ,28,7,03B61,Ⅰ,23,8,3546,,37,2,33,,,,,,2.09.2208,1,9,,,,,,,
𘑝,U+1845D,,7.473.3,1141/00,K4541,L0246,L0246,S4430,,177,04B61,Ⅰ,28,8,03B62,Ⅰ,23,9,3547,,37,2,33,,,,,,2.09.2209,1,10,,,,,,,
𗆓,U+17193,,1.382.1,2101/24,K4542,L1908,L1908,S1452,,178,04B62,Ⅰ,28,9,03B63,Ⅰ,23,10,3548,,37,2,33,,,,,,2.09.2210,1,11,,,,,,,
𗷝,U+17DDD,,5.139.1,1724/12,K3018,L1064,L1064,S0375,122-071,179,04B63,Ⅰ,28,10,03B64,Ⅰ,23,11,3549,,37,2,33,,,,,,2.09.2301,1,12,,,,,,,
𘚿,U+186BF,,8.367.1,3142/42,K0988,L3878,L3878,S2922,,180,04B64,Ⅰ,28,11,03B71,Ⅰ,24,2,3550,,37,2,33,,,,,,2.09.2302,1,13,,,,,,,
𗆞,U+1719E,,1.388.1,2102/22,K0816,L1945,L1945,S1487,,181,04B65,Ⅰ,28,12,03B65,Ⅰ,23,12,3551,,37,2,33,,,,,,2.09.2303,1,14,,,,,,,
𘀦,U+18026,,6.124.1,3141/42,?,L3933,L3933,S3004,114-031,182,04B66,Ⅰ,28,13,03B73,Ⅰ,24,4,,,37,2,33,,,,,,,,,,,,,,,
𘏞,U+183DE,,7.376.2,8749/00,K0660,L5685,L5685,S2783,236-066,183,04B67,Ⅰ,29,1,03B74,Ⅰ,25,1,1592,1.55.231,51,1,49,1,1,𗈽,𗳩,,1.18.2402,1,1,,,,,,,
𘊍,U+1828D,,7.118.2,2721/44,K4894,L3014,L3014,S3156,,184,04B68,Ⅰ,29,2,03B75,Ⅰ,25,2,1594,1.55.242,51,1,49,1,3,𗈽,𗳩,,1.18.2404,1,3,,,,,,,
𗘿,U+1763F,,3.008.3,1729/20,K0651,L1140,L1140,S0126,,185,04B71,Ⅰ,29,3,03B76,Ⅰ,25,3,1593,1.55.241,51,1,49,1,2,𗈽,𗳩,,1.18.2403,1,2,,,,,,,
𗌷,U+17337,,2.007.1,1942/74,K1389,L1869,L1869,S0633,098-051,186,04B72,Ⅰ,29,4,03B77,Ⅰ,25,4,1596,1.55.252,51,1,49,1,5,𗈽,𗳩,,1.18.2406,1,5,,,,,,,
𘊅,U+18285,,7.111.1,2922/44,K1390,L3775,L3775,S3157,,187,04B73,Ⅰ,29,5,03B78,Ⅰ,25,5,1595,1.55.251,51,1,49,1,4,𗈽,𗳩,,1.18.2405,1,4,,,,,,,
𗼏,U+17F0F,,5.359.2,2785/20,K0373,L3443,L3443,S3336,205-06a,188,04B74,Ⅰ,29,6,04A11,Ⅰ,25,6,1597,1.55.253,51,1,49,1,6,𗈽,𗳩,,1.18.2407,1,6,,,,,,,
𗍢,U+17362,,2.046.2,1844/44,K1942,L1775,L1775,S0640,098-161,189,04B75,Ⅰ,29,7,04A12,Ⅰ,25,7,1598,1.55.261,51,1,49,1,7,𗈽,𗳩,,1.18.2408,1,7,,,,,,,
𘗗,U+185D7,,8.219.1,8421/54,K4150,L5429,L5429,S2438,,190,04B76,Ⅰ,29,8,04A13,Ⅰ,25,8,1599,1.55.262,51,1,49,1,8,𗈽,𗳩,,1.18.2409,1,8,,,,,,,
𗎿,U+173BF,,2.128.1,2921/24,K5211,L3771,L3771,S3121,,191,04B77,Ⅰ,29,9,04A14,Ⅰ,25,9,1600,1.55.271,51,1,49,1,9,𗈽,𗳩,,1.18.2501,1,9,,,,,,,
𗺢,U+17EA2,,5.312.2,2141/42,K4930,L2155,L2155,S3219,144-051,192,04B78,Ⅰ,29,10,04A15,Ⅰ,25,10,1601,1.55.272,51,1,49,1,10,𗈽,𗳩,,1.18.2502,1,10,,,,,,,
𗟗,U+177D7,,5.295.4,7150/00,K0030,L4558,L4558,S1625,272-041,193,05A11,Ⅰ,30,1,04A16,Ⅰ,26,1,,,11,1,11,,,,,,,,,,,,,,,
𘋡,U+182E1,,7.181.1,9891/40,K5154,L5971,L5971,S1768,,194,05A12,Ⅰ,30,2,04A17,Ⅰ,26,2,,,11,1,11,,,,,,,,,,,,,,,
𘍸,U+18378,,7.293.1,8729/20,K0653,L5579,L5579,S2493,,195,05A13,Ⅰ,31,1,04A21,Ⅰ,27,2,347,1.16.133,11,1,11,2,1,𘀈,𘎫,,1.08.1204,2,1,,,,,,,
𗉣,U+17263,,1.546.2,1441/22,K3888,L0797,L0797,S5539,185-062,196,05A14,Ⅰ,31,2,04A22,Ⅰ,27,3,349,1.16.142,11,1,11,2,3,𘀈,𘎫,,1.08.1301,2,3,,,,,,,
𗟿,U+177FF,,3.242.3,1592/40,K1877,L0850,L0850,S0435,154-091,197,05A15,Ⅰ,31,3,04A23,Ⅰ,27,4,352,1.16.161,11,1,11,2,6,𘀈,𘎫,,1.08.1304,2,6,,,,,,,
𗟻,U+177FB,,3.240.3,1491/22,K3884,L0749,L0749,S0447,154-061,198,05A16,Ⅰ,31,4,04A24,Ⅰ,27,5,351,1.16.152,11,1,11,2,5,𘀈,𘎫,,1.08.1303,2,5,,,,,,,
𗉓,U+17253,,1.526.1,1742/22,K0949,L1250,L1250,S5518,,199,05A17,Ⅰ,31,5,04A25,Ⅰ,27,6,350,1.16.151,11,1,11,2,4,𘀈,𘎫,,1.08.1302,2,4,,,,,,,
𘎁,U+18381,,7.296.3,8722/25,?,L5534,L5534,?,,200,05A18,Ⅰ,31,6,04A26,Ⅰ,27,7,348,1.16.141,11,1,11,2,2,𘀈,𘎫,,1.08.1205,2,2,,,,,,,
𗾈,U+17F88,,6.002.2,2744/00,K2008,L3294,L3294,S5759,211-031,201,05A21,Ⅰ,32,1,04A27,Ⅰ,28,1,3048,,12,2,11,,,,,,2.05.2106,2,1,,,,,,,
𗦴,U+179B4,,4.313.1,2744/40,K2009,L3333,L3333,S3939,,202,05A22,Ⅰ,32,2,04A28,Ⅰ,28,2,3049,,12,2,11,,,,,,2.05.2107,2,2,,,,,,,
𗃤,U+170E4,,1.167.1,2774/40,K2010,L3416,L3416,S4122,180-082,203,05A23,Ⅰ,32,3,04A31,Ⅰ,28,3,3050,,12,2,11,,,,,,2.05.2201,2,3,,,,,,,
𗃶,U+170F6,,1.178.1,2174/44,K1114,L2332,L2332,S4121,,204,05A24,Ⅰ,32,4,04A32,Ⅰ,28,4,3055,,12,2,11,,,,,,2.05.2206,2,8,,,,,,,
𗉗,U+17257,,1.531.1,1842/22,K0528,L1714,L1714,S5526,,205,05A25,Ⅰ,32,5,04A33,Ⅰ,28,5,3051,,12,2,11,,,,,,2.05.2202,2,4,,,,,,,
𗩧,U+17A67,,4.456.1,2141/44,K4517,L2163,L2163,S3684,,206,05A26,Ⅰ,32,6,04A34,Ⅰ,28,6,3052,,12,2,11,,,,,,2.05.2203,2,5,,,,,,,
𗪮,U+17AAE,,4.519.3,2841/40,K4678,L3599,L3599,S3848,204-11n,207,05A27,Ⅰ,32,7,04A35,Ⅰ,28,7,3053,,12,2,11,,,,,,2.05.2204,2,6,,,,,,,
𘴇,U+18D07,,8.009.2,1724/42,?,L1106,L1106,S0466,261-052,208,05A28,Ⅰ,32,8,04A36,Ⅰ,28,8,3054,,12,2,11,,,,,,2.05.2205,2,7,,,,,,,
𗡑,U+17851,,3.289.4,7324/44,K2196,L4577,L4577,S0519,,209,05A31,Ⅰ,33,1,04A37,Ⅰ,29,1,432,1.18.272,12,1,12,1,2,𗹦,𘝑,,1.08.2704,1,2,,,,,,,
𗡏,U+1784F,,3.289.1,7324/44,K2023,L4576,L4576,S0520,255-101,210,05A32,Ⅰ,33,2,04A38,Ⅰ,29,2,433,1.19.111,12,1,12,1,3,𗹦,𘝑,,1.08.2705,1,3,,,,,,,
𗦮,U+179AE,,4.305.2,2942/22,K0891,L3789,L3789,S3533,205-078,211,05A33,Ⅰ,34,1,04A41,Ⅰ,30,1,1289,,37,1,36,,,?,?,,1.15.2704,1,5,,,,,,,
𗤑,U+17911,,4.113.1,2749/20,K0738,L3210,L3210,S3546,,212,05A34,Ⅰ,34,2,04A42,Ⅰ,30,2,,,37,1,36,,,,,,,,,,,,,,,
𗹾,U+17E7E,,5.292.3,2702/55,K0685,L2951,L2951,S1318,,213,05A35,Ⅰ,34,3,04A43,Ⅰ,30,3,1290,,37,1,36,,,?,?,,1.15.2705,1,6,,,,,,,
𗹹,U+17E79,,5.291.1,2802/54,K1832,L3481,L3481,S1293,135-072,214,05A36,Ⅰ,34,4,04A44,Ⅰ,30,4,,,37,1,36,,,,,,,,,,,,,,,
𘉮,U+1826E,,7.093.2,2124/42,K3564,L2055,L2055,S3161,243-044,215,05A37,Ⅰ,34,5,04A46,Ⅰ,30,6,1291,,37,1,36,,,?,?,,1.15.2706,1,7,,,,,,,
𘒨,U+184A8,,7.552.1,1421/54,K4200,L0771,L0771,S5253,081-071,216,05A38,Ⅰ,34,6,04A47,Ⅰ,30,7,1292,,37,1,36,,,?,?,,1.16.1101,1,8,,,,,,,
𘇏,U+181CF,,6.472.1,1824/52,K0406,L1657,L1657,S5257,,217,05A41,Ⅰ,34,7,04A48,Ⅰ,30,8,1293,,37,1,36,,,?,?,,1.16.1102,1,9,,,,,,,
𘌰,U+18330,,7.240.2,8822/44,K1864,L5707,L5707,S2212,241-053,218,05A42,Ⅰ,35,1,04A52,Ⅰ,31,2,3292,,28,2,25,,,,,,2.07.2503,1,1,,,,,,,
𘐣,U+18423,,7.437.2,8842/50,K1226,L5744,L5744,S2719,236-083,219,05A43,Ⅰ,35,2,04A53,Ⅰ,31,3,3297,,28,2,25,,,,,,2.07.2508,1,6,,,,,,,
𗇀,U+171C0,,1.410.1,2404/22,K2364,L2719,L2719,S1480,041-145,220,05A44,Ⅰ,35,3,04A55,Ⅰ,31,5,3298,,28,2,25,,,,,,2.07.2509,1,7,,,,,,,
𗄰,U+17130,,1.213.1,2705/22,K1313,L2981,L2981,S1372,,221,05A45,Ⅰ,35,4,04A56,Ⅰ,31,6,3299,,28,2,25,,,,,,2.07.2510,1,8,,,,,,,
𗆩,U+171A9,,1.394.2,2401/22,K5371,L2703,L2703,S1481,,222,05A46,Ⅰ,35,5,04A58,Ⅰ,31,8,3294,,28,2,25,,,,,,2.07.2505,1,3,,,,,,,
𗓴,U+174F4,,2.347.1,8024/50,K2534,L4838,L4838,S2094,007-112,223,05A47,Ⅰ,35,6,04A61,Ⅰ,31,9,3300,,28,2,25,,,,,,2.07.2601,1,9,,,,,,,
𗐰,U+17430,,2.208.1,8025/00,K0612,L4842,L4842,S2088,007-054,224,05A48,Ⅰ,35,7,04A62,Ⅰ,31,10,3295,,28,2,25,,,,,,2.07.2506,1,4,,,,,,,
𗡒,U+17852,,3.289.5,7721/44,K3916,L4598,L4598,S0540,255-111,225,05A51,Ⅰ,35,8,04A65,Ⅰ,31,13,3293,,28,2,25,,,,,,2.07.2504,1,2,,,,,,,
𗽵,U+17F75,,5.463.3,2741/24,K3915,L3138,L3138,S3795,210-112,226,05A52,Ⅰ,35,9,04A66,Ⅰ,31,14,3296,,28,2,25,,,,,,2.07.2507,1,5,,,,,,,
𗔚,U+1751A,,2.377.1,8024/42,K2415,L4833,L4833,S1937,,227,05A53,Ⅰ,35,10,04A67,Ⅰ,31,15,,,28,2,25,,,,,,,,,,,,,,,
𗥗,U+17957,,4.216.1,2742/25,K1232,L3234,L3234,S3545,205-062,228,05A54,Ⅰ,36,1,04A57,Ⅰ,31,7,877,1.33.131,28,1,27,2,1,𘀈,𗃞,,1.12.1604,1,8,,,,,,,
𗕙,U+17559,,2.434.3,1742/22,K0876,L1246,L1246,S4411,010-093,229,05A55,Ⅰ,36,2,04A51,Ⅰ,31,1,878,1.33.132,28,1,27,2,2,𘀈,𗃞,,1.12.1605,1,9,,,,,,,
𘐀,U+18400,,7.406.2,8144/00,K2500,L5233,L5233,S2653,236-078,230,05A56,Ⅰ,36,3,04A54,Ⅰ,31,4,879,1.33.141,28,1,27,3,1,𗩙,𘈟,,1.12.1606,1,10,,,,,,,
𗗦,U+175E6,,2.557.1,5704/00,K3127,L5950,L5950,S5470,088-041,231,05A57,Ⅰ,36,4,04A63,Ⅰ,31,11,880,1.33.142,28,1,27,3,2,𗩙,𘈟,,1.12.1607,1,11,,,,,,,
𗕕,U+17555,,2.433.1,1721/44,K3914,L0974,L0974,S4338,010-083,232,05A58,Ⅰ,36,5,04A64,Ⅰ,31,12,881,1.33.151,28,1,27,3,3,𗩙,𘈟,,1.12.1608,1,12,,,,,,,
𗩔,U+17A54,,4.446.4,2344/22,K2045,L2665,L2665,S3567,204-10z,233,05A61,Ⅰ,37,1,04A68,Ⅰ,32,1,2849,,8,2,7,,,,,,2.03.2703,1,1,,,,,,,
𗢻,U+178BB,,4.026.1,2344/00,K2043,L2641,L2641,S3929,204-049,234,05A62,Ⅰ,37,2,04A71,Ⅰ,32,2,2850,,8,2,7,,,,,,2.03.2704,1,2,,,,,,,
𗶣,U+17DA3,,4.582.1,2310/00,K0051,L2573,L2573,S3730,319-092,235,05A63,Ⅰ,37,3,04A73,Ⅰ,32,4,2853,,8,2,7,,,,,,2.03.2707,1,5,,,,,,,
𗏂,U+173C2,,2.138.1,2121/22,K4942,L1995,L1995,S3124,044-081,236,05A64,Ⅰ,37,4,04A74,Ⅰ,32,5,2857,,8,2,7,,,,,,2.04.1103,1,9,,,,,,,
𗎽,U+173BD,,2.126.3,2324/20,K2186,L2586,L2586,S3122,044-051,237,05A65,Ⅰ,37,5,04A75,Ⅰ,32,6,2858,,8,2,7,,,,,,2.04.1104,1,10,,,,,,,
𗎾,U+173BE,,2.127.1,2224/22,K3605,L2411,L2411,S3123,044-061,238,05A66,Ⅰ,37,6,04A76,Ⅰ,32,7,,,8,2,7,,,,,,,,,,,,,,,
𗏀,U+173C0,,2.128.2,2421/22,K3881,L2723,L2723,S3127,,239,05A67,Ⅰ,37,7,04A77,Ⅰ,32,8,,,8,2,7,,,,,,,,,,,,,,,
𗶐,U+17D90,,5.095.2,1742/20,K0854,L1232,L1232,S0156,221-081,240,05A68,Ⅰ,37,8,04A78,Ⅰ,32,9,2856,,8,2,7,,,,,,2.04.1102,1,8,,,,,,,
𗤚,U+1791A,,4.125.1,2742/40,K1523,L3241,L3241,S3931,,241,05A71,Ⅰ,37,9,07B76,Ⅰ,137,1,2851,,8,2,7,,,,,,2.03.2705,1,3,,,,,,,
𗧿,U+179FF,,4.387.2,2745/42,K1317,L3376,L3376,S3930,,242,05A72,Ⅰ,37,10,07B77,Ⅰ,137,2,2852,,8,2,7,,,,,,2.03.2706,1,4,,,,,,,
𗒒,U+17492,,2.282.1,8041/00,K4192,L4870,L4870,S2076,007-096,243,05A73,Ⅰ,37,11,07B78,Ⅰ,137,3,2854,,8,2,7,,,,,,2.03.2708,1,6,,,,,,,
𗒾,U+174BE,,2.309.1,8024/22,K3577,L4825,L4825,S1970,007-106,244,05A74,Ⅰ,37,12,08A11,Ⅰ,137,4,2855,,8,2,7,,,,,,2.04.1101,1,7,,,,,,,
𗁲,U+17072,,1.081.3,2304/20,K2179,L2563,L2563,S1517,039-095,245,05A75,Ⅰ,38,1,04B11,Ⅰ,33,1,3496,,34,2,30,,,,,,2.09.1405,4,3,,,,,,,
𗀵,U+17035,,1.042.3,2204/40,K1061,L2380,L2380,S1578,,246,05A76,Ⅰ,38,2,04B12,Ⅰ,33,2,,,34,2,30,,,,,,,,,,,,,,,
𗿗,U+17FD7,,6.065.1,2344/20,K2180,L2656,L2656,S5694,211-097,247,05A77,Ⅰ,38,3,04B13,Ⅰ,33,3,3497,,34,2,30,,,,,,2.09.1406,4,4,,,,,,,
𗳀,U+17CC0,,3.661.2,4744/22,K1928,L4074,L4074,S5310,024-081,248,05A78,Ⅰ,38,4,04B14,Ⅰ,33,4,3498,,34,2,30,,,,,,2.09.1407,4,5,,,,,,,
𗳁,U+17CC1,,3.661.3,4749/20,K0708,L4068,L4068,S5311,,249,05B11,Ⅰ,38,5,04B15,Ⅰ,33,5,3499,,34,2,30,,,,,,2.09.1408,4,6,,,,,,,
𗲿,U+17CBF,,3.661.1,4744/00,K1952,L4070,L4070,S5308,,250,05B12,Ⅰ,38,6,04B16,Ⅰ,33,6,,,34,2,30,,,,,,,,,,,,,,,
𗆠,U+171A0,,1.388.3,2204/22,K2785,L2366,L2366,S1374,041-115,251,05B13,Ⅰ,39,1,04B17,Ⅰ,34,1,12,1.05.173,1,1,1,3,4,𗾇,𘇡,,1.04.2404,3,4,,,,,,,
𗆌,U+1718C,,1.378.1,2505/27,K1496,L2837,L2837,S1444,041-11c,252,05B14,Ⅰ,39,2,04B18,Ⅰ,34,2,13,1.05.211,1,1,1,3,5,𗾇,𘇡,,1.04.2405,3,5,,,,,,,
𗻍,U+17ECD,,5.326.2,2945/44,K1453,L3806,L3806,S3235,144-073,253,05B15,Ⅰ,39,3,04B25,Ⅰ,34,7,14,1.05.212,1,1,1,3,6,𗾇,𘇡,,1.04.2406,3,6,,,,,,,
𗽃,U+17F43,,5.430.1,2344/20,K2943,L2654,L2654,S3996,,254,05B16,Ⅰ,39,4,04B26,Ⅰ,34,8,10,1.05.171,1,1,1,3,2,𗾇,𘇡,,1.04.2402,3,2,,,,,,,
𘁨,U+18068,,6.154.2,8121/25,K3768,L5085,L5085,S1897,106-073,255,05B17,Ⅰ,39,5,04B27,Ⅰ,34,9,9,1.05.162,1,1,1,3,1,𗾇,𘇡,,1.04.2401,3,1,,,,,,,
𗪇,U+17A87,,4.486.1,2744/40,K2468,L3331,L3331,S3457,204-102,256,05B18,Ⅰ,39,6,04B23,Ⅰ,34,5,11,1.05.172,1,1,1,3,3,𗾇,𘇡,,1.04.2403,3,3,,,,,,,
𗾴,U+17FB4,,6.037.3,2742/22,K1588,L3224,L3224,S5702,,257,05B21,Ⅰ,40,1,04B24,Ⅰ,34,6,2643,,1,2,1,,,,,,2.02.1304,2,1,,,,,,,
𗆸,U+171B8,,1.406.1,2204/22,K3491,L2371,L2371,S1375,,258,05B22,Ⅰ,40,2,04B21,Ⅰ,34,3,,,1,2,1,,,,,,,,,,,,,,,
𗄺,U+1713A,,1.217.3,2204/20,K3483,L2362,L2362,S1494,,259,05B23,Ⅰ,40,3,04B22,Ⅰ,34,4,,,1,2,1,,,,,,,,,,,,,,,
𗅋,U+1714B,,1.267.1,2101/27,K4464,L1918,L1918,S1491,041-081,260,05B24,Ⅰ,41,1,04B28,Ⅰ,35,1,354,1.16.171,11,1,11,3,2,𘖑,𗫔,,1.08.1306,2,8,,,,,,,
𗆟,U+1719F,,1.388.2,2101/22,K4248,L1903,L1903,S1493,041-117,261,05B25,Ⅰ,41,2,04B31,Ⅰ,35,2,355,1.16.172,11,1,11,3,3,𘖑,𗫔,,1.08.1307,2,9,,,,,,,
𗣊,U+178CA,,4.035.2,2141/00,K4836,L2065,L2065,S3570,204-046,262,05B26,Ⅰ,42,1,04B32,Ⅰ,35,3,2967,,11,2,10,,,,,,2.04.2603,1,4,,,,,,,
𗼇,U+17F07,,5.350.1,2184/20,K2122,L2344,L2344,S3316,205-042,263,05B27,Ⅰ,42,2,04B33,Ⅰ,35,4,2966,,11,2,10,,,,,,2.04.2602,1,3,,,,,,,
𗣌,U+178CC,,4.036.2,2741/72,K5005,L3174,L3174,S3760,204-04f,264,05B28,Ⅰ,42,3,04B34,Ⅰ,35,5,2965,,11,2,10,,,,,,2.04.2601,1,2,,,,,,,
𗓁,U+174C1,,2.311.1,8054/50,K2817,L5026,L5026,S2062,007-102,265,05B31,Ⅰ,43,1,04B35,Ⅰ,35,6,356,1.16.211,11,1,11,4,1,𘇻,𗒯,,1.08.1308,3,1,,,,,,,
𗠩,U+17829,,3.267.1,7124/40,K0414,L4542,L4542,S0490,255-079,266,05B32,Ⅰ,43,2,04B36,Ⅰ,35,7,357,1.16.212,11,1,11,4,2,𘇻,𗒯,,1.08.1401,3,2,,,,,,,
𗩫,U+17A6B,,4.461.2,2741/50,K3757,L3168,L3168,S3807,204-10y,267,05B33,Ⅰ,44,1,04B37,Ⅰ,36,1,1164,1.42.122,33,1,32,7,2,𘄇,𘞄,,1.14.2502,7,2,,,,,,,
𗿭,U+17FED,,6.077.3,2741/50,K3758,L3171,L3171,S5734,,268,05B34,Ⅰ,44,2,04B38,Ⅰ,36,2,1165,1.42.131,33,1,32,7,3,𘄇,𘞄,,1.14.2503,7,3,,,,,,,
𗫎,U+17ACE,,4.548.1,2749/00,K0736,L3209,L3209,S3791,204-12h,269,05B35,Ⅰ,44,3,04B41,Ⅰ,36,3,,,33,1,32,,,,,,,,,,,,,,,
𗮕,U+17B95,,3.454.1,8121/24,K4406,L5078,L5078,S2247,,270,05B36,Ⅰ,44,4,04B43,Ⅰ,36,5,1166,1.42.132,33,1,32,7,4,𘄇,𘞄,,1.14.2504,7,4,,,,,,,
𘃺,U+180FA,,6.270.2,1121/22,K5012,L0163,L0163,S4339,108-041,271,05B37,Ⅰ,45,1,04B44,Ⅰ,37,1,3460,,33,2,29,,,,,,2.08.2707,4,2,,,,,,,
𗶄,U+17D84,,5.089.1,1344/20,K2170,L0704,L0704,S1171,221-062,272,05B38,Ⅰ,45,2,04B45,Ⅰ,37,2,3461,,33,2,29,,,,,,2.08.2708,4,3,,,,,,,
𗟈,U+177C8,,3.205.1,5041/50,K3759,L4272,L4272,S1015,,273,05B41,Ⅰ,45,3,04B42,Ⅰ,36,4,,,33,2,29,,,,,,,,,,,,,,,
𗴚,U+17D1A,,3.720.1,2775/45,K1246,L3427,L3427,S3085,159-063,274,05B42,Ⅰ,46,1,04B46,Ⅰ,38,1,1288,,37,1,36,,,?,?,,1.15.2703,1,4,,,,,,,
𗴗,U+17D17,,3.718.2,2174/42,K3089,L2330,L2330,S3071,159-062,275,05B43,Ⅰ,46,2,04B47,Ⅰ,38,2,1286,,37,1,36,,,?,?,,1.15.2701,1,2,,,,,,,
𗄱,U+17131,,1.213.2,2200/24,K0149,L2354,L2354,S1429,,276,05B44,Ⅰ,46,3,04B48,Ⅰ,38,3,1285,,37,1,36,,,?,?,,1.15.2609,1,1,,,,,,,
𗳕,U+17CD5,,3.671.3,5774/42,?,L5967,L5967,S5345,,277,05B45,Ⅰ,46,4,04B52,Ⅰ,38,5,1287,,37,1,36,,,?,?,,1.15.2702,1,3,,,,,,,
𗩙,U+17A59,,4.449.2,2344/22,K2947,L2667,L2667,S3701,204-10zh,278,05B46,Ⅰ,47,1,04B53,Ⅰ,39,1,5,1.05.143,1,1,1,2,1,𘌿,𗩙,,1.04.2306,2,1,,,,,,,
𘀈,U+18008,,6.108.1,3324/20,K2946,L3910,L3910,S2879,,279,05B47,Ⅰ,47,2,04B54,Ⅰ,39,2,6,1.05.151,1,1,1,2,2,𘌿,𗩙,,1.04.2307,2,2,,,,,,,
𘏑,U+183D1,,7.364.1,8344/00,K2962,L5393,L5393,S2763,,280,05B48,Ⅰ,47,3,04B55,Ⅰ,39,3,8,1.05.161,1,1,1,2,4,𘌿,𗩙,,1.04.2309,2,4,,,,,,,
𗓫,U+174EB,,2.341.1,8044/00,K2963,L4960,L4960,S1979,007-11g,281,05B51,Ⅰ,47,4,04B56,Ⅰ,39,4,,,1,1,1,,,,,,,,,,,,,,,
𘀔,U+18014,,6.114.1,3121/24,K4422,L3850,L3850,S2883,,282,05B52,Ⅰ,47,5,04B57,Ⅰ,39,5,7,1.05.152,1,1,1,2,3,𘌿,𗩙,,1.04.2308,2,3,,,,,,,
𘕰,U+18570,,8.144.1,9055/00,K1263,L5814,L5814,S1664,146-001,283,05B53,Ⅰ,48,1,04B58,Ⅰ,39,6,2641,,1,2,1,,,,,,2.02.1302,1,1,,,,,,,
𘅐,U+18150,,6.361.2,1144/00,K5699,L0350,L0350,S4781,,284,05B54,Ⅰ,48,2,04B61,Ⅰ,39,7,2642,,1,2,1,,,,,,2.02.1303,1,2,,,,,,,
𗱏,U+17C4F,,3.589.2,1724/00,K3570,L1059,L1059,S4868,026-042,285,05B55,Ⅰ,49,1,04B62,Ⅰ,40,1,3,1.05.141,1,1,1,1,3,𗈽,𗒿,,1.04.2304,1,3,,,,,,,
𘀏,U+1800F,,6.112.1,3324/20,K3078,L3909,L3909,S2876,,286,05B56,Ⅰ,49,2,04B63,Ⅰ,40,2,1,1.05.131,1,1,1,1,1,𗈽,𗒿,,1.04.2302,1,1,,,,,,,
𘀑,U+18011,,6.113.2,3324/20,K3457,L3911,L3911,S2877,,287,05B57,Ⅰ,49,3,04B64,Ⅰ,40,3,2,1.05.132,1,1,1,1,2,𗈽,𗒿,,1.04.2303,1,2,,,,,,,
𗻈,U+17EC8,,5.324.5,2344/40,K3458,L2678,L2678,S3249,144-077,288,05B58,Ⅰ,49,4,04B65,Ⅰ,40,4,4,1.05.142,1,1,1,1,4,𗈽,𗒿,,1.04.2305,1,4,,,,,,,
𗫴,U+17AF4,,4.586.2,2240/00,K5754,L2436,L2436,S3746,,289,05B61,Ⅰ,50,1,04B66,Ⅰ,41,1,798,1.30.222,24,1,23,1,5,𘇻,𗖍,,1.11.2408,1,3,,,,,,,
𗬅,U+17B05,,4.613.3,2840/00,K5734,L3562,L3562,S3685,,290,05B62,Ⅰ,50,2,04B67,Ⅰ,41,2,,,24,1,23,,,,,,,,,,,,,,,
𗄳,U+17133,,1.213.3,2902/24,K1393,L3762,L3762,S1376,041-053,291,05B63,Ⅰ,50,3,04B68,Ⅰ,41,3,799,1.30.231,24,1,23,1,6,𘇻,𗖍,,1.11.2409,1,4,,,,,,,
𗡤,U+17864,,3.306.1,1845/50,K1192,L1780,L1780,S1191,219-071,292,05B64,Ⅰ,50,4,04B71,Ⅰ,41,4,797,1.30.221,24,1,23,1,4,𘇻,𗖍,,1.11.2407,1,2,,,,,,,
𗮴,U+17BB4,,3.464.1,8821/70,K5652,L5702,L5702,S2293,269-071,293,05B65,Ⅰ,50,5,04B72,Ⅰ,41,5,800,1.30.232,24,1,23,1,7,𘇻,𗖍,,1.11.2501,1,5,,,,,,,
𘇳,U+181F3,,6.490.1,1872/44,K1861,L1823,L1823,S5101,161-052,294,05B66,Ⅰ,50,6,04B73,Ⅰ,41,6,801,1.30.233,24,1,23,1,8,𘇻,𗖍,,1.11.2502,1,6,,,,,,,
𘜴,U+18734,,8.454.1,5491/00,K3968,L4449,L4449,S0968,017c-021,295,05B67,Ⅰ,51,1,04B74,Ⅰ,41,7,3262,,24,2,21,,,,,,2.07.2104,1,1,,,,,,,
𘜗,U+18717,,8.436.2,1421/22,K3827,L0747,L0747,S4914,287-062,296,05B68,Ⅰ,51,2,04B75,Ⅰ,41,8,,,24,2,21,,,,,,,,,,,,,,,
𘜷,U+18737,,8.469.1,5294/20,K2638,L4445,L4445,S0964,017c-072,297,05B71,Ⅰ,52,1,04B76,Ⅰ,42,1,2859,,8,2,7,,,,,,2.04.1105,2,1,,,,,,,
𗾔,U+17F94,,6.010.3,2240/80,K0172,L2449,L2449,S5728,211-055,298,05B72,Ⅰ,52,2,04B77,Ⅰ,42,2,2860,,8,2,7,,,,,,2.04.1106,2,2,,,,,,,
𘇜,U+181DC,,6.492.1,1725/00,K0626,L1121,L1121,S5433,074B-001,299,05B73,Ⅰ,52,3,04B78,Ⅰ,42,3,2861,,8,2,7,,,,,,2.04.1107,2,3,,,,,,,
𘇞,U+181DE,,6.492.3,1724/50,K3012,L1116,L1116,S5436,074B-071,300,05B74,Ⅰ,52,4,05A11,Ⅰ,42,4,2863,,8,2,7,,,,,,2.04.1109,2,5,,,,,,,
𘇝,U+181DD,,6.492.2,1224/50,K2718,L0517,L0517,S5434,074B-031,301,05B75,Ⅰ,52,5,05A12,Ⅰ,42,5,2862,,8,2,7,,,,,,2.04.1108,2,4,,,,,,,
𘍤,U+18364,,7.278.1,8122/24,K3691,L5123,L5123,S2344,260-082,302,05B76,Ⅰ,52,6,05A13,Ⅰ,42,6,2864,,8,2,7,,,,,,2.04.1110,2,6,,,,,,,
𘄆,U+18106,,6.284.2,1121/25,K4266,L0183,L0183,S4352,108-051,303,05B77,Ⅰ,53,1,05A14,Ⅰ,43,1,1670,1.58.121,53,1,51,5,1,𗁡,𗔘,,1.19.1702,5,1,,,,,,,
𗏶,U+173F6,,2.186.1,2441/25,K3788,L2769,L2769,S5598,202-101,304,05B78,Ⅰ,53,2,05A15,Ⅰ,43,2,1673,1.58.141,53,1,51,5,4,𗁡,𗔘,,1.19.1705,5,4,,,,,,,
𗮂,U+17B82,,3.440.2,8421/25,K3787,L5421,L5421,S2251,,305,06A11,Ⅰ,53,3,05A16,Ⅰ,43,3,1671,1.58.131,53,1,51,5,2,𗁡,𗔘,,1.19.1703,5,2,,,,,,,
𗮊,U+17B8A,,3.448.2,8822/24,K1847,L5706,L5706,S2250,047-091,306,06A12,Ⅰ,53,4,05A17,Ⅰ,43,4,1672,1.58.132,53,1,51,5,3,𗁡,𗔘,,1.19.1704,5,3,,,,,,,
𗠔,U+17814,,3.258.1,7321/40,K4580,L4568,L4568,S0529,255-052,307,06A13,Ⅰ,54,1,05A18,Ⅰ,44,1,3917,,53,2,44,,,,,,2.12.1410,3,4,,,,,,,
𗠷,U+17837,,3.276.1,7621/40,K4625,L4592,L4592,S0487,255-081,308,06A14,Ⅰ,54,2,05A21,Ⅰ,44,2,3918,,53,2,44,,,,,,2.12.1411,3,5,,,,,,,
𗓨,U+174E8,,2.339.2,8054/50,K2809,L5028,L5028,S1941,,309,06A15,Ⅰ,55,1,05A22,Ⅰ,45,1,4245,,68,2,58,,,,,,2.14.1701,1,5,,,,,,,
𘆩,U+181A9,,6.442.1,1324/50,K2190,L0665,L0665,S5227,080-052,310,06A16,Ⅰ,55,2,05A23,Ⅰ,45,2,4243,,68,2,58,,,,,,2.14.1609,1,3,,,,,,,
𘃑,U+180D1,,6.229.1,8344/20,K2171,L5394,L5394,S2625,,311,06A17,Ⅰ,55,3,05A24,Ⅰ,45,3,4244,,68,2,58,,,,,,2.14.1610,1,4,,,,,,,
𗇄,U+171C4,,1.412.2,7221/24,K3704,L4559,L4559,S1621,,312,06A18,Ⅰ,55,4,05A25,Ⅰ,45,4,4246,,68,2,58,,,,,,2.14.1702,1,6,,,,,,,
𗶁,U+17D81,,5.087.2,1344/00,K2206,L0692,L0692,S0152,220-051,313,06A21,Ⅰ,55,5,05A26,Ⅰ,45,5,4247,,68,2,58,,,,,,2.14.1703,1,7,,,,,,,
𗁍,U+1704D,,1.059.1,2101/42,K4327,L1925,L1925,S1561,039-083,314,06A22,Ⅰ,56,1,05A38,Ⅰ,47,5,61,1.06.272,2,1,2,1,1,?,?,,1.05.1402,1,1,,,,,,,
𗉹,U+17279,,1.557.3,2122/40,K1801,L2030,L2030,S4164,181-045,315,06A23,Ⅰ,56,2,05A27,Ⅰ,46,1,62,1.07.111,2,1,2,1,2,?,?,,1.05.1403,1,2,,,,,,,
𘅌,U+1814C,,6.358.1,1144/20,K3088,L0360,L0360,S4731,230-077,316,06A24,Ⅰ,56,3,05A33,Ⅰ,46,5,63,1.07.112,2,1,2,1,3,?,?,,1.05.1404,1,3,,,,,,,
𗮣,U+17BA3,,3.458.2,8421/70,K5669,L5432,L5432,S2281,,317,06A25,Ⅰ,56,4,05A32,Ⅰ,46,4,64,1.07.113,2,1,2,1,4,?,?,,1.05.1405,1,4,,,,,,,
𗮻,U+17BBB,,3.467.3,8221/70,K5620,L5278,L5278,S2282,,318,06A26,Ⅰ,56,5,05A31,Ⅰ,46,3,,,2,1,2,,,,,,,,,,,,,,,
𗮀,U+17B80,,3.438.3,8421/22,K3984,L5415,L5415,S2257,047-061,319,06A27,Ⅰ,57,1,05A34,Ⅰ,47,1,65,1.07.121,2,1,2,2,1,𗪊,𗬱,,1.05.1406,2,1,,,,,,,
𗭾,U+17B7E,,3.438.1,8722/22,K0918,L5524,L5524,S2269,,320,06A28,Ⅰ,57,2,05A35,Ⅰ,47,2,,,2,1,2,,,,,,,,,,,,,,,
𗵚,U+17D5A,,5.060.2,1021/24,K4255,L0021,L0021,S0190,018-103,321,06A31,Ⅰ,57,3,05A36,Ⅰ,47,3,66,1.07.122,2,1,2,2,2,𗪊,𗬱,,1.05.1407,2,2,,,,,,,
𗵏,U+17D4F,,5.035.3,1021/22,K3986,L0012,L0012,S0202,018-10b,322,06A32,Ⅰ,57,4,05A37,Ⅰ,47,4,67,1.07.132,2,1,2,2,3,𗪊,𗬱,,1.05.1501,2,3,,,,,,,
𘋰,U+182F0,,7.201.1,8141/40,K4410,L5189,L5189,S2630,235-076,323,06A33,Ⅰ,58,1,05A41,Ⅰ,48,1,4347,,73,2,62,,,,,,2.15.1206,3,2,,,,,,,
𘋵,U+182F5,,7.204.2,8141/40,?,L5190,L5190,S2636,,324,06A34,Ⅰ,58,2,05A42,Ⅰ,48,2,4348,,73,2,62,,,,,,2.15.1207,3,3,,,,,,,
𘋸,U+182F8,,7.205.4,8144/42,K3595,L5244,L5244,S2637,,325,06A35,Ⅰ,58,3,05A43,Ⅰ,48,3,4349,,73,2,62,,,,,,2.15.1208,3,4,,,,,,,
𗾽,U+17FBD,,6.042.2,2241/21,K5388,L2451,L2451,S5730,211-08a,326,06A36,Ⅰ,58,4,05A44,Ⅰ,48,4,4350,,73,2,62,,,,,,2.15.1209,3,5,,,,,,,
𗾯,U+17FAF,,6.036.1,2344/20,K2152,L2657,L2657,S3538,,327,06A37,Ⅰ,58,5,05A45,Ⅰ,48,5,4351,,73,2,62,,,,,,2.15.1210,3,6,,,,,,,
𘒌,U+1848C,,7.501.2,1754/52,K1917,L1472,L1472,S5155,,328,06A38,Ⅰ,58,6,05A46,Ⅰ,48,6,4352,,73,2,62,,,,,,2.15.1211,3,7,,,,,,,
𗠣,U+17823,,3.264.2,7922/42,K0883,L4667,L4667,S0502,255-068,329,06A41,Ⅰ,58,7,05A47,Ⅰ,48,7,,,73,2,62,,,,,,,,,,,,,,,
𘕢,U+18562,,8.131.3,8722/42,K0815,L5541,L5541,S1891,248-071,330,06A42,Ⅰ,59,1,05A53,Ⅰ,49,4,1026,1.37.243,31,1,30,4,1,𗖵,𘂆,,1.13.2102,4,1,,,,,,,
𗠒,U+17812,,3.257.3,7121/42,K5416,L4511,L4511,S0494,255-053,331,06A43,Ⅰ,59,2,05A48,Ⅰ,49,1,1027,1.37.251,31,1,30,4,2,𗖵,𘂆,,1.13.2103,4,2,,,,,,,
𗠡,U+17821,,3.263.3,7929/40,K0728,L4669,L4669,S0501,255-063,332,06A44,Ⅰ,59,3,05A51,Ⅰ,49,2,1028,1.37.252,31,1,30,4,3,𗖵,𘂆,,1.13.2104,4,3,,,,,,,
𘜟,U+1871F,,8.445.2,1244/22,K2778,L0579,L0579,S5130,,333,06A45,Ⅰ,59,4,02B43,Ⅰ,8,10,1029,1.37.261,31,1,30,4,4,𗖵,𘂆,,1.13.2105,4,4,,,,,,,
𗮡,U+17BA1,,3.457.4,8721/70,K5671,L5510,L5510,S2313,269-041,334,06A46,Ⅰ,59,5,05A54,Ⅰ,49,5,1030,1.37.262,31,1,30,4,5,𗖵,𘂆,,1.13.2106,4,5,,,,,,,
𘚦,U+186A6,,3.298.1,7224/40,K2942,L4561,L4561,S0564,,335,06A47,Ⅰ,60,1,05A55,Ⅰ,50,1,3193,,20,2,17,,,,,,2.06.2701,1,1,,,,,,,
𗍣,U+17363,,2.047.1,5804/00,K3184,L4459,L4459,S0664,084-061,336,06A48,Ⅰ,60,2,05A56,Ⅰ,50,2,3196,,20,2,17,,,,,,2.06.2704,1,4,,,,,,,
𗏎,U+173CE,,2.157.2,2244/22,K2729,L2471,L2471,S5588,202-061,337,06A51,Ⅰ,60,3,05A57,Ⅰ,50,3,3194,,20,2,17,,,,,,2.06.2702,1,2,,,,,,,
𗹲,U+17E72,,5.286.1,2200/52,K0637,L2992,L2992,S1303,135-042,338,06A52,Ⅰ,60,4,05A58,Ⅰ,50,4,3195,,20,2,17,,,,,,2.06.2703,1,3,,,,,,,
𗏦,U+173E6,,2.174.3,2541/40,K5246,L2863,L2863,S5577,202-096,339,06A53,Ⅰ,60,5,05A61,Ⅰ,50,5,3197,,20,2,17,,,,,,2.06.2705,1,5,,,,,,,
𗍘,U+17358,,2.042.1,1243/45,K5559,L0538,L0538,S0646,098-111,340,06A54,Ⅰ,61,1,05A63,Ⅰ,51,2,708,1.27.241,20,1,20,1,1,𗢪,𗕚,,1.11.1505,1,1,,,,,,,
𗍜,U+1735C,,2.043.2,1742/40,K0273,L1272,L1272,S0663,,341,06A55,Ⅰ,61,2,05A64,Ⅰ,51,3,709,1.27.242,20,1,20,1,2,𗢪,𗕚,,1.11.1506,1,2,,,,,,,
𗍎,U+1734E,,2.037.1,1243/45,K5558,L0537,L0537,S0647,,342,06A56,Ⅰ,61,3,05A62,Ⅰ,51,1,710,1.27.251,20,1,20,1,3,𗢪,𗕚,,1.11.1507,1,3,,,,,,,
𗴕,U+17D15,,3.717.3,2273/45,K5557,L2531,L2531,S3075,159-061,343,06A57,Ⅰ,61,4,05A65,Ⅰ,51,4,711,1.27.252,20,1,20,1,4,𗢪,𗕚,,1.11.1508,1,4,,,,,,,
𗴟,U+17D1F,,3.725.1,2775/42,K0385,L3425,L3425,S3090,159-091,344,06A58,Ⅰ,61,5,05A66,Ⅰ,51,5,712,1.27.253,20,1,20,1,5,𗢪,𗕚,,1.11.1509,1,5,,,,,,,
𘔱,U+18531,,8.071.2,2542/72,K1428,L3802,L3802,S5782,,345,06A61,Ⅰ,61,6,05A67,Ⅰ,51,6,713,1.27.261,20,1,20,1,6,𗢪,𗕚,,1.11.1510,1,6,,,,,,,
𗩝,U+17A5D,,4.453.1,2344/20,K3069,L2653,L2653,S3600,204-10j,346,06A62,Ⅰ,62,1,05A68,Ⅰ,52,1,1982,1.68.231,65,1,62,1,6,𘎮,𗭄,,1.22.1406,1,5,,,,,,,
𘇛,U+181DB,,6.479.1,1344/40,K3080,L0715,L0715,S5347,,347,06A63,Ⅰ,62,2,05A72,Ⅰ,52,3,1983,1.68.232,65,1,62,1,7,𘎮,𗭄,,1.22.1407,1,6,,,,,,,
𗪩,U+17AA9,,4.518.1,2541/40,K4810,L2866,L2866,S3692,,348,06A64,Ⅰ,62,3,05A71,Ⅰ,52,2,1984,1.68.241,65,1,62,1,8,𘎮,𗭄,,1.22.1408,1,7,,,,,,,
𗌿,U+1733F,,2.014.1,1344/00,K3070,L0687,L0687,S0643,098-061,349,06A65,Ⅰ,63,1,05A73,Ⅰ,52,4,4176,,65,2,55,,,,,,2.13.2710,1,5,,,,,,,
𗌩,U+17329,,1.679.3,2825/45,K1261,L3557,L3557,S4251,,350,06A66,Ⅰ,63,2,05A74,Ⅰ,52,5,4175,,65,2,55,,,,,,2.13.2709,1,4,,,,,,,
𗜐,U+17710,,3.114.2,5071/40,K5267,L4408,L4408,S0991,017-111,351,06A67,Ⅰ,64,1,05A76,Ⅰ,53,2,1128,1.40.262,32,1,31,3,1,𘈈,𘚾,,1.14.1706,2,4,,,,,,,
𗥋,U+1794B,,4.197.2,2141/40,K5261,L2128,L2128,S3421,204-074,352,06A68,Ⅰ,64,2,05A75,Ⅰ,53,1,1129,1.40.263,32,1,31,3,2,𘈈,𘚾,,1.14.1707,2,5,,,,,,,
𘋂,U+182C2,,7.159.1,3321/50,K4574,L3905,L3905,S3009,,353,06A71,Ⅰ,65,1,05B11,Ⅰ,55,1,100,1.08.141,3,1,3,1,1,𗁡,𘉹,,1.05.2205,1,1,,,,,,,
𘁅,U+18045,,6.137.3,8745/20,K0591,L5674,L5674,S2159,,354,06A72,Ⅰ,65,2,05B12,Ⅰ,55,2,101,1.08.142,3,1,3,1,2,𗁡,𘉹,,1.05.2206,1,2,,,,,,,
𘋄,U+182C4,,7.160.1,3825/55,K1190,L3995,L3995,S3008,,355,06A73,Ⅰ,65,3,05B13,Ⅰ,55,3,,,3,1,3,,,,,,,,,,,,,,,
𗧤,U+179E4,,4.368.2,2844/50,K3188,L3708,L3708,S3465,204-09n,356,06A74,Ⅰ,66,1,05B14,Ⅰ,56,1,714,1.27.262,20,1,20,2,1,𗉣,𗉅,,1.11.1601,2,1,,,,,,,
𗗩,U+175E9,,2.562.2,5104/44,K1040,L5847,L5847,S5468,088-081,357,06A75,Ⅰ,66,2,05B15,Ⅰ,56,2,715,1.27.271,20,1,20,2,2,𗉣,𗉅,,1.11.1602,2,2,,,,,,,
𗎙,U+17399,,2.095.1,1142/24,K1788,L0335,L0335,S1155,186-051,358,06A76,Ⅰ,66,3,05B16,Ⅰ,56,3,716,1.27.272,20,1,20,2,3,𗉣,𗉅,,1.11.1603,2,3,,,,,,,
𗚣,U+176A3,,3.061.2,5042/24,K1789,L4297,L4297,S0719,,359,06A77,Ⅰ,66,4,05B17,Ⅰ,56,4,717,1.28.111,20,1,20,2,4,𗉣,𗉅,,1.11.1604,2,4,,,,,,,
𘀎,U+1800E,,6.111.1,3421/24,K4056,L3925,L3925,S2890,,360,06A78,Ⅰ,67,1,05B22,Ⅰ,57,2,2295,1.80.142,80,1,75,1,4,𗙧,𗂩,,1.25.2302,1,4,,,,,,,
𗝥,U+17765,,3.163.1,5021/24,K4057,L4117,L4117,S0935,017-11v,361,06B11,Ⅰ,67,2,05B23,Ⅰ,57,3,2296,1.80.151,80,1,75,1,5,𗙧,𗂩,,1.25.2303,1,5,,,,,,,
𗌈,U+17308,,1.668.2,2421/24,K4059,L2727,L2727,S4232,181-111,362,06B12,Ⅰ,67,3,05B24,Ⅰ,57,4,2297,1.80.152,80,1,75,1,6,𗙧,𗂩,,1.25.2304,1,6,,,,,,,
𗊃,U+17283,,1.563.1,2124/00,K2139,L2041,L2041,S4150,,363,06B13,Ⅰ,67,4,05B25,Ⅰ,57,5,,,80,1,75,,,,,,,,,,,,,,,
𘘿,U+1863F,,8.294.4,1441/40,K4067,L0808,L0808,S5055,,364,06B14,Ⅰ,67,5,05B26,Ⅰ,57,6,2294,1.80.141,80,1,75,1,3,𗙧,𗂩,,1.25.2301,1,3,,,,,,,
𗪕,U+17A95,,4.495.2,2841/22,K4660,L3577,L3577,S3403,204-11o,365,06B15,Ⅰ,68,1,05B27,Ⅰ,58,1,3069,,14,2,12,,,,,,2.05.2404,4,2,,,,,,,
𗳣,U+17CE3,,3.681.1,1141/22,K5006,L0275,L0275,S5380,222-056,366,06B16,Ⅰ,68,2,05B28,Ⅰ,58,2,3070,,14,2,12,,,,,,2.05.2405,4,3,,,,,,,
𗕥,U+17565,,2.440.2,1744/20,K2631,L1339,L1339,S4439,010-101,367,06B17,Ⅰ,68,3,05B31,Ⅰ,58,3,3071,,14,2,12,,,,,,2.05.2406,4,4,,,,,,,
𗳠,U+17CE0,,3.679.2,1441/42,K3976,L0813,L0813,S5399,222-053,368,06B18,Ⅰ,68,4,05B32,Ⅰ,58,4,3072,,14,2,12,,,,,,2.05.2407,4,5,,,,,,,
𗁨,U+17068,,1.074.2,2104/42,K3588,L1973,L1973,S1244,,369,06B21,Ⅰ,68,5,05B33,Ⅰ,58,5,3073,,14,2,12,,,,,,2.05.2501,4,6,,,,,,,
𘊿,U+182BF,,7.158.1,3724/40,K2410,L3962,L3962,S2963,246-101,370,06B22,Ⅰ,69,1,05B36,Ⅰ,59,3,3101,,17,2,14,,,,,,2.06.1108,1,5,,,,,,,
𗨘,U+17A18,,4.343.1,2844/00,K2510,L3660,L3660,S3676,,371,06B23,Ⅰ,69,2,05B34,Ⅰ,59,1,3102,,17,2,14,,,,,,2.06.1109,1,6,,,,,,,
𘄍,U+1810D,,6.287.1,1824/20,K2512,L1637,L1637,S4348,,372,06B24,Ⅰ,69,3,05B35,Ⅰ,59,2,3103,,17,2,14,,,,,,2.06.1201,1,7,,,,,,,
𘊸,U+182B8,,7.153.2,3324/42,K2236,L3914,L3914,S2958,246-061,373,06B25,Ⅰ,69,4,05B37,Ⅰ,59,4,3104,,17,2,14,,,,,,2.06.1202,1,8,,,,,,,
𗤅,U+17905,,4.093.1,2142/24,K3636,L2201,L2201,S3419,,374,06B26,Ⅰ,70,1,05B38,Ⅰ,60,1,1402,1.49.252,40,1,39,2,1,𘇚,𗧡,,1.16.2704,2,1,,,,,,,
𘈞,U+1821E,,7.019.1,1142/22,K1341,L0330,L0330,S0038,195-081,375,06B27,Ⅰ,70,2,05B41,Ⅰ,60,2,1403,1.49.261,40,1,39,2,2,𘇚,𗧡,,1.16.2705,2,2,,,,,,,
𘂴,U+180B4,,6.209.1,8745/25,K0589,L5677,L5677,S2375,208-062,376,06B28,Ⅰ,70,3,05B42,Ⅰ,60,3,1404,1.49.262,40,1,39,2,3,𘇚,𗧡,,1.16.2706,2,3,,,,,,,
𘈱,U+18231,,7.038.3,1842/44,K1794,L1728,L1728,S1116,117-071,377,06B31,Ⅰ,70,4,05B43,Ⅰ,60,4,1405,1.49.271,40,1,39,2,4,𘇚,𗧡,,1.16.2707,2,4,,,,,,,
𗛷,U+176F7,,3.095.2,5045/20,K0628,L4374,L4374,S0895,,378,06B32,Ⅰ,71,1,05B44,Ⅰ,61,1,636,1.25.163,18,1,18,2,1,𘏒,𗉺,,1.10.2403,2,1,,,,,,,
𗚢,U+176A2,,3.061.1,5021/40,K4463,L4125,L4125,S0699,,379,06B33,Ⅰ,71,2,05B45,Ⅰ,61,2,637,1.25.171,18,1,18,2,2,𘏒,𗉺,,1.10.2404,2,2,,,,,,,
𘜻,U+1873B,,8.472.2,1243/00,K5574,L0536,L0536,S0421,305-021,380,06B34,Ⅰ,71,3,05B46,Ⅰ,61,3,638,1.25.172,18,1,18,2,3,𘏒,𗉺,,1.10.2405,2,3,,,,,,,
𘞸,U+187B8,,3.656.3,1224/50,K2714,L0519,L0519,S4899,,381,06B35,Ⅰ,72,1,05B47,Ⅰ,62,1,1469,1.51.262,43,1,42,6,1,𗢪,𘙉,,1.17.2109,5,4,,,,,,,
𗻳,U+17EF3,,5.336.5,2745/42,K0623,L3375,L3375,S3283,,382,06B36,Ⅰ,72,2,05B51,Ⅰ,62,3,1470,1.51.263,43,1,42,6,2,𗢪,𘙉,,1.17.2110,5,5,,,,,,,
𗤞,U+1791E,,4.129.1,2344/00,K3083,L2643,L2643,S3723,,383,06B37,Ⅰ,72,3,05B52,Ⅰ,62,4,1471,1.51.271,43,1,42,6,3,𗢪,𘙉,,1.17.2201,5,6,,,,,,,
𗩈,U+17A48,,4.438.1,2442/24,K3640,L2805,L2805,S3468,204-10d,384,06B38,Ⅰ,73,1,05B53,Ⅰ,63,1,2830,,7,2,6,,,,,,2.03.2505,1,3,,,,,,,
𗎹,U+173B9,,2.125.4,7791/40,K3735,L4060,L4060,S1657,,385,06B41,Ⅰ,73,2,05B54,Ⅰ,63,2,2831,,7,2,6,,,,,,2.03.2506,1,4,,,,,,,
𗼲,U+17F32,,5.399.1,2749/00,K0689,L2804,L2804,S4000,210-033,386,06B42,Ⅰ,73,3,05B55,Ⅰ,63,3,2832,,7,2,6,,,,,,2.03.2507,1,5,,,,,,,
𗙀,U+17640,,3.008.4,1422/20,K1647,L0773,L0773,S0091,102-071,387,06B43,Ⅰ,73,4,05B56,Ⅰ,63,4,2833,,7,2,6,,,,,,2.03.2508,1,6,,,,,,,
𗑉,U+17449,,2.226.3,8021/22,K3983,L4684,L4684,S1850,007-087,388,06B44,Ⅰ,74,1,05B57,Ⅰ,64,1,1207,1.43.212,34,1,33,6,2,𘇻,𘏁,,1.15.1402,4,7,,,,,,,
𗣝,U+178DD,,4.049.1,2142/24,K1798,L2206,L2206,S3523,,389,06B45,Ⅰ,74,2,05B58,Ⅰ,64,2,1206,1.43.211,34,1,33,6,1,𘇻,𘏁,,1.15.1401,4,6,,,,,,,
𗅗,U+17157,,1.335.4,2704/22,K2367,L2960,L2960,S1370,041-09i,390,06B46,Ⅰ,74,3,05B61,Ⅰ,64,3,1209,1.43.222,34,1,33,6,4,𘇻,𘏁,,1.15.1404,4,9,,,,,,,
𗄯,U+1712F,,1.212.2,2401/22,K3981,L2701,L2701,S1369,041-068,391,06B47,Ⅰ,74,4,05B62,Ⅰ,64,4,1208,1.43.221,34,1,33,6,3,𘇻,𘏁,,1.15.1403,4,8,,,,,,,
𗎤,U+173A4,,2.101.1,1144/22,K1985,L0367,L0367,S1153,186-111,392,06B48,Ⅰ,74,5,05B63,Ⅰ,64,5,1210,1.43.223,34,1,33,6,5,𘇻,𘏁,,1.15.1405,4,10,,,,,,,
𗜧,U+17727,,3.128.1,5042/24,K1896,L4295,L4295,S0866,017-112,393,06B51,Ⅰ,74,6,05B64,Ⅰ,64,6,1211,1.43.231,34,1,33,6,6,𘇻,𘏁,,1.15.1406,4,11,,,,,,,
𗴻,U+17D3B,,5.015.1,1042/40,K1807,L0110,L0110,S0186,,394,06B52,Ⅰ,74,7,05B65,Ⅰ,64,7,,,34,1,33,,,,,,,,,,,,,,,
𘈈,U+18208,,6.498.1,2124/20,K0409,L2047,L2047,S4124,180-103,395,06B53,Ⅰ,75,1,05B66,Ⅰ,65,1,457,1.19.251,14,1,14,5,1,𗳧,𗤡,,1.09.1305,5,1,,,,,,,
𗎭,U+173AD,,2.107.2,2101/12,K4279,L1892,L1892,S1257,068-091,396,06B54,Ⅰ,75,2,05B67,Ⅰ,65,2,458,1.19.252,14,1,14,5,2,𗳧,𗤡,,1.09.1308,5,4,,,,,,,
𗎥,U+173A5,,2.102.1,2204/12,K2594,L2360,L2360,S1255,,397,06B55,Ⅰ,75,3,05B68,Ⅰ,65,3,459,1.19.261,14,1,14,5,3,𗳧,𗤡,,1.09.1401,5,5,,,,,,,
𘉁,U+18241,,7.056.1,2104/50,K0412,L1979,L1979,S1310,136-071,398,06B56,Ⅰ,75,4,05B71,Ⅰ,65,4,460,1.19.262,14,1,14,5,4,𗳧,𗤡,,1.09.1402,5,6,,,,,,,
𘉒,U+18252,,7.080.1,7324/42,K2217,L4575,L4575,S1642,259-053,399,06B57,Ⅰ,76,1,05B72,Ⅰ,66,1,3829,,51,2,42,,,,,,2.11.2309,1,3,,,,,,,
𗗂,U+175C2,,2.526.2,1374/22,K2218,L0734,L0734,S4616,182-112,400,06B58,Ⅰ,76,2,05B73,Ⅰ,66,2,3830,,51,2,42,,,,,,2.11.2310,1,4,,,,,,,
𗂾,U+170BE,,1.145.1,2701/25,K4907,L2918,L2918,S1529,,401,06B61,Ⅰ,76,3,05B74,Ⅰ,66,3,3828,,51,2,42,,,,,,2.11.2308,1,2,,,,,,,
𗁄,U+17044,,1.051.1,2801/20,K5347,L3449,L3449,S1528,,402,06B62,Ⅰ,76,4,05B75,Ⅰ,66,4,3827,,51,2,42,,,,,,2.11.2307,1,1,,,,,,,
𗾑,U+17F91,,6.009.4,2144/20,K3594,L2254,L2254,S5671,211-051,403,06B63,Ⅰ,76,5,05B76,Ⅰ,66,5,3831,,51,2,42,,,,,,2.11.2311,1,5,,,,,,,
𘛞,U+186DE,,8.384.2,8142/20,K1006,L5210,L5210,S1958,007-10g,404,06B64,Ⅰ,76,6,05B77,Ⅰ,66,6,3832,,51,2,42,,,,,,2.11.2312,1,6,,,,,,,
𘊫,U+182AB,,7.141.1,3254/00,K2672,L3903,L3903,S2913,314-041,405,06B65,Ⅰ,77,1,06A12,Ⅰ,67,3,530,1.22.121,17,1,17,2,1,𘀈,𗢈,,1.09.2604,2,1,,,,,,,
𘊰,U+182B0,,7.142.2,3854/00,K3201,L4007,L4007,S2911,314-061,406,06B66,Ⅰ,77,2,06A11,Ⅰ,67,2,531,1.22.122,17,1,17,2,2,𘀈,𗢈,,1.09.2605,2,2,,,,,,,
𗂙,U+17099,,1.105.3,2204/22,K2784,L2365,L2365,S1503,039-116,407,06B67,Ⅰ,78,1,06A13,Ⅰ,67,4,532,1.22.131,17,1,17,3,1,𗩙,𗖳,,1.09.2606,3,1,,,,,,,
𘊱,U+182B1,,7.143.1,3451/22,K3834,L3936,L3936,S2908,314-071,408,06B68,Ⅰ,78,2,05B78,Ⅰ,67,1,533,1.22.132,17,1,17,3,2,𗩙,𗖳,,1.09.2607,3,2,,,,,,,
𗂭,U+170AD,,1.128.1,2101/22,K4860,L1897,L1897,S1498,039-124,409,06B71,Ⅰ,78,3,06A14,Ⅰ,67,5,,,17,1,17,,,,,,,,,,,,,,,
𗅑,U+17151,,1.332.1,2701/22,K3952,L2911,L2911,S1461,041-078,410,06B72,Ⅰ,79,1,06A15,Ⅰ,68,1,1939,1.67.132,64,1,61,6,1,𘄇,𗼡,,1.21.2604,5,1,,,,,,,
𗎏,U+1738F,,2.087.1,4771/22,K3951,L4077,L4077,S0614,,411,06B73,Ⅰ,79,2,06A16,Ⅰ,68,2,1940,1.67.141,64,1,61,6,2,𘄇,𗼡,,1.21.2605,5,2,,,,,,,
𗕪,U+1756A,,2.442.1,1721/25,K3754,L0960,L0960,S4336,010-113,412,06B74,Ⅰ,79,3,06A17,Ⅰ,68,3,1941,1.67.142,64,1,61,6,3,𘄇,𗼡,,1.21.2606,5,3,,,,,,,
𗅨,U+17168,,1.345.1,2204/25,K2656,L2376,L2376,S1469,041-085,413,06B75,Ⅰ,80,1,06A18,Ⅰ,68,4,4144,,64,2,54,,,,,,2.13.2407,2,3,,,,,,,
𗆨,U+171A8,,1.394.1,2704/25,K3010,L2968,L2968,S1471,041-114,414,06B76,Ⅰ,80,2,06A21,Ⅰ,68,5,4145,,64,2,54,,,,,,2.13.2408,2,4,,,,,,,
𘛀,U+186C0,,8.367.2,3224/20,K2789,L3889,L3889,S2971,310-041,415,06B77,Ⅰ,81,1,06A23,Ⅰ,69,2,3660,,40,2,35,,,,,,2.10.1704,1,1,,,,,,,
𘛂,U+186C2,,8.368.1,3924/20,K2488,L4015,L4015,S2970,310-081,416,06B78,Ⅰ,81,2,06A22,Ⅰ,69,1,3661,,40,2,35,,,,,,2.10.1705,1,2,,,,,,,
𘛁,U+186C1,,8.367.3,3521/20,K0467,L4011,L4011,S2972,,417,07A11,Ⅰ,81,3,06A26,Ⅰ,70,3,,,40,2,35,,,,,,,,,,,,,,,
𘞚,U+1879A,,8.538.1,1411/22,K3819,L0740,L0740,S0397,306-071,418,07A12,Ⅰ,82,1,06A25,Ⅰ,70,2,1401,1.49.251,40,1,39,1,4,𗴢,𗁶,,1.16.2703,1,4,,,,,,,
𘛓,U+186D3,,8.381.3,9141/00,K4539,L5830,L5830,S1729,,419,07A13,Ⅰ,82,2,06A24,Ⅰ,70,1,1400,1.49.243,40,1,39,1,3,𗴢,𗁶,,1.16.2702,1,3,,,,,,,
𗧐,U+179D0,,4.345.1,2141/44,K4289,L2162,L2162,S3828,204-08l,420,07A14,Ⅰ,83,1,06A27,Ⅰ,71,1,2910,,9,2,8,,,,,,2.04.1606,1,2,,,,,,,
𗞈,U+17788,,3.179.2,5041/44,K4290,L4267,L4267,S0885,017-122,421,07A15,Ⅰ,83,2,06A28,Ⅰ,71,2,2911,,9,2,8,,,,,,2.04.1607,1,3,,,,,,,
𗻀,U+17EC0,,5.323.2,2744/40,?,L3337,L3337,S3279,144-062,422,07A16,Ⅰ,83,3,06A31,Ⅰ,71,3,2912,,9,2,8,,,,,,2.04.1608,1,4,B03.A11,796,𘌜,𗉺,𗞡,𗉺,平
𘆺,U+181BA,,6.454.2,1724/50,K2533,L1114,L1114,S5243,080-066,423,07A17,Ⅰ,83,4,06A32,Ⅰ,71,4,2913,,9,2,8,,,,,,2.04.1609,1,5,B03.A12,797,𘌜,𗉺,𗞡,𗉺,平
𗢪,U+178AA,,4.001.3,2144/00,K0401,L2228,L2228,S3450,204-032,424,07A18,Ⅰ,84,1,06A33,Ⅰ,72,1,343,1.16.121,11,1,11,1,1,𗟱,𗓁,,1.08.1108,1,1,B03.A21,148,𗟱,𗠩,𗞡,𗣣,平
𗭫,U+17B6B,,3.422.2,3141/25,K5334,L3870,L3870,S3038,,425,07A21,Ⅰ,84,2,06A34,Ⅰ,72,2,344,1.16.122,11,1,11,1,2,𗟱,𗓁,,1.08.1201,1,2,B03.A22,149,𗟱,𗠩,𗞡,𗣣,平
𗭬,U+17B6C,,3.422.3,3244/20,K3509,L3896,L3896,S3042,191-061,426,07A22,Ⅰ,84,3,06A35,Ⅰ,72,3,345,1.16.131,11,1,11,1,3,𗟱,𗓁,,1.08.1202,1,3,B03.A31,150,𗟱,𗠩,𗞡,𗣣,平
𗠗,U+17817,,3.259.1,7821/40,?,L4635,L4635,S0507,,427,07A23,Ⅰ,84,4,06A36,Ⅰ,72,4,346,1.16.132,11,1,11,1,4,𗟱,𗓁,,1.08.1203,1,4,B03.A32,151,𗟱,𗠩,𗞡,𗣣,平
𗥿,U+1797F,,4.255.2,2744/00,K3329,L3280,L3280,S3882,,428,07A24,Ⅰ,85,1,06A37,Ⅰ,73,1,4230,,67,2,57,,,,,,2.14.1506,2,1,B03.A41,1085,?,?,?,?,上
𘃏,U+180CF,,6.228.1,8744/00,K3434,L5641,L5641,S2811,235-052,429,07A25,Ⅰ,85,2,06A41,Ⅰ,73,3,,,67,2,57,,,,,,,,,B03.A42,711,?,?,?,?,上
𘃎,U+180CE,,6.227.1,8341/00,K4482,L5370,L5370,S2629,235-041,430,07A26,Ⅰ,86,1,06A38,Ⅰ,73,2,2034,1.70.173,67,1,64,4,1,𘎮,𘇬,,1.22.2406,4,1,B03.A51,492,𘎮,𘇬,𗞡,𗕹,平
𗌥,U+17325,,1.678.3,2721/00,K0088,L2998,L2998,S4283,181-141,431,07A27,Ⅰ,86,2,06A43,Ⅰ,73,5,2035,1.70.211,67,1,64,4,2,𘎮,𘇬,,1.22.2407,4,2,B03.A52,,𘎮,𘇬,𗞡,𗕹,平
𗊒,U+17292,,1.571.3,2725/50,K0598,L3084,L3084,S4306,181-056,432,07A28,Ⅰ,86,3,06A44,Ⅰ,73,6,,,67,1,64,,,,,,,,,B02.B11,41,?,?,?,?,
𗽛,U+17F5B,,5.446.3,2741/24,K3730,L3136,L3136,S3997,210-085,433,07A31,Ⅰ,86,4,06A42,Ⅰ,73,4,,,67,1,64,,,,,,,,,B02.B12,42,?,?,?,?,
𗿋,U+17FCB,,6.052.2,2141/44,K4292,L2165,L2165,S5741,,434,07A32,Ⅰ,87,1,09A44,Ⅰ,D,92,3833,,51,2,42,,,,,,2.11.2401,2,1,B02.B21,983,?,?,𗫉,𗟌,上
𗧩,U+179E9,,4.373.1,2542/00,K1720,L2870,L2870,S3471,204-10zn,435,07A33,Ⅰ,87,2,06A45,Ⅰ,74,1,3834,,51,2,42,,,,,,2.11.2402,2,2,B02.B22,984,?,?,𗫉,𗟌,上
𘐬,U+1842C,,7.444.1,8542/00,K1721,L5481,L5481,S2683,236-101,436,07A34,Ⅰ,87,3,06A46,Ⅰ,74,2,3835,,51,2,42,,,,,,2.11.2403,2,3,B02.B31,985,?,?,𗫉,𗟌,上
𗨖,U+17A16,,4.406.2,2741/27,K5628,L3144,L3144,S3653,,437,07A35,Ⅰ,88,1,06A53,Ⅰ,75,5,631,1.25.141,18,1,18,1,1,𘌜,𗉺,,1.10.2307,1,1,B02.B32,216,𘌜,𗉺,𗞡,𗉺,平
𗪦,U+17AA6,,4.516.2,2841/27,K5653,L3587,L3587,S3651,204-11m,438,07A36,Ⅰ,88,2,06A47,Ⅰ,75,1,632,1.25.151,18,1,18,1,2,𘌜,𗉺,,1.10.2308,1,2,B02.B41,217,𘌜,𗉺,𗞡,𗉺,平
𗝯,U+1776F,,3.167.2,5044/00,K2214,L4328,L4328,S0823,,439,07A37,Ⅰ,88,3,06A48,Ⅰ,75,2,633,1.25.152,18,1,18,1,3,𘌜,𗉺,,1.10.2309,1,3,B02.B42,218,𘌜,𗉺,𗞡,𗉺,平
𗜑,U+17711,,3.113.2,5024/00,K2118,L4166,L4166,S0960,,440,07A38,Ⅰ,88,4,06A51,Ⅰ,75,3,634,1.25.161,18,1,18,1,4,𘌜,𗉺,,1.10.2401,1,4,B02..B51,219,𘌜,𗉺,𗞡,𗉺,平
𘊖,U+18296,,7.124.2,2146/20,K1330,L2293,L2293,S5793,,441,07A41,Ⅰ,88,5,06A52,Ⅰ,75,4,635,1.25.162,18,1,18,1,5,𘌜,𗉺,,1.10.2402,1,5,B02..B52,220,𘌜,𗉺,𗞡,𗉺,平
𗣧,U+178E7,,4.053.2,2344/00,K2209,L2640,L2640,S3729,204-05j,442,07A42,Ⅰ,89,1,06A54,Ⅰ,76,1,1603,1.56.111,51,1,49,2,2,𘌿,𗏟,,1.18.2504,2,2,B04.A11,387,𘌿,𗏟,𗀱,𘀁,平
𗃊,U+170CA,,1.150.3,2804/40,K2508,L3507,L3507,S1554,039-155,443,07A43,Ⅰ,89,2,06A55,Ⅰ,76,2,1604,1.56.112,51,1,49,2,3,𘌿,𗏟,,1.18.2505,2,3,B04.A12,388,𘌿,𗏟,𗀱,𘀁,平
𗤔,U+17914,,4.122.1,2744/20,K2492,L3306,L3306,S3550,205-063,444,07A44,Ⅰ,90,1,06A58,Ⅰ,77,1,2751,,3,2,3,,,,,,2.03.1401,2,2,B04.A21,745,𗼇,𗍊,𗫉,𘆶,上
𗃖,U+170D6,,1.158.2,2772/44,K1735,L3409,L3409,S4065,180-062,445,07A45,Ⅰ,90,2,06A61,Ⅰ,77,2,2753,,3,2,3,,,,,,2.03.1403,2,4,B04.A22,746,𗼇,𗍊,𗫉,𘆶,上
𗚛,U+1769B,,3.055.2,5024/20,K1963,L4174,L4174,S0979,017-061,446,07A46,Ⅰ,90,3,06A62,Ⅰ,77,3,2752,,3,2,3,,,,,,2.03.1402,2,3,B04.A31,747,𗼇,𗍊,𗫉,𘆶,上
𗫃,U+17AC3,,4.535.1,2545/47,K1490,L2885,L2885,S3689,204-13a,447,07A47,Ⅰ,91,1,06A63,Ⅰ,78,1,1711,1.59.221,56,1,54,1,3,𗩙,𗛣,,1.19.2504,1,3,B04.A32,415,𗩙,𗛣,𗀱,𘙾,平
𗫟,U+17ADF,,4.561.2,2741/44,K3743,L3163,L3163,S3688,204-12q,448,07A48,Ⅰ,91,2,06A65,Ⅰ,78,3,1710,1.59.212,56,1,54,1,2,𗩙,𗛣,,1.19.2503,1,2,B04.A41,416,𗩙,𗛣,𗀱,𘙾,平
𗼘,U+17F18,,5.374.2,2881/24,K5167,L3749,L3749,S3324,204-07b,449,07A51,Ⅰ,91,3,06A64,Ⅰ,78,2,1712,1.59.222,56,1,54,1,4,𗩙,𗛣,,1.19.2505,1,4,C00.A23,417,𗩙,𗛣,𗀱,𘙾,平
𗮄,U+17B84,,3.441.1,8121/21,K5469,L5066,L5066,S2252,,450,07A52,Ⅰ,92,1,06A67,Ⅰ,78,5,3960,,56,2,47,,,,,,2.12.2110,1,1,C00.A24,1013,𘕰,𗰹,/,𗫫,
𗪣,U+17AA3,,4.515.1,2742/22,K0812,L3220,L3220,S3602,,451,07A53,Ⅰ,92,2,06A68,Ⅰ,78,6,3961,,56,2,47,,,,,,2.12.2111,1,2,C00.A25,1014,𘕰,𗰹,/,𗫫,
𘊘,U+18298,,7.124.4,2244/22,K2769,L2485,L2485,S5800,,452,07A54,Ⅰ,93,1,06A71,Ⅰ,79,1,4377,,76,2,65,,,,,,2.15.1601,1,1,C00.A26,1117,𘙓,𗽌,/,𗽌,
𘂇,U+18087,,6.173.1,9471/42,K3957,L5915,L5915,S1746,,453,07A55,Ⅰ,93,2,06A72,Ⅰ,79,2,4378,,76,2,65,,,,,,2.15.1602,1,2,C00.A31,1118,𘙓,𗽌,/,𗽌,
𗐄,U+17404,,2.192.1,2140/00,K5694,L2061,L2061,S5583,275-041,454,07A56,Ⅰ,93,3,06A73,Ⅰ,79,3,4379,,76,2,65,,,,,,2.15.1603,1,3,C00.A32,1119,𘙓,𗽌,/,𗽌,
𗐊,U+1740A,,2.195.3,2840/00,K5706,L3558,L3558,S5600,,455,07A57,Ⅰ,93,4,06A74,Ⅰ,79,4,4380,,76,2,65,,,,,,2.15.1604,1,4,C00.A33,1120,𘙓,𗽌,/,𗽌,
𗵿,U+17D7F,,5.086.2,1741/00,K4602,L1171,L1171,S0155,221-043,456,07A58,Ⅰ,94,1,06A78,Ⅰ,81,2,3045,,12,2,11,,,,,,2.05.2103,1,1,B04.B21,817,𗎹,𘎺,𗫉,𗵿,上
𗶓,U+17D93,,5.096.2,1144/00,K3367,L0348,L0348,S0137,221-092,457,07A61,Ⅰ,94,2,06B12,Ⅰ,81,4,3047,,12,2,11,,,,,,2.05.2105,1,3,B04.B22,818,𗎹,𘎺,𗫉,𗵿,上
𗶍,U+17D8D,,5.094.3,1741/00,K4913,L1172,L1172,S0154,220-071,458,07A62,Ⅰ,94,3,06B11,Ⅰ,81,3,3046,,12,2,11,,,,,,2.05.2104,1,2,B04.B31,819,𗎹,𘎺,𗫉,𗵿,上
𗰒,U+17C12,,3.521.2,1421/22,K3717,L0744,L0744,S4471,107-031,459,07A63,Ⅰ,95,1,06B13,Ⅰ,82,1,3964,,56,2,47,,,,,,2.12.2202,1,5,B04.B32,1016,𘈔,𗳽,𗫉,𗫫,上
𘅑,U+18151,,6.362.1,1844/20,K2281,L1758,L1758,S4744,,460,07A64,Ⅰ,95,2,06B14,Ⅰ,82,2,3963,,56,2,47,,,,,,2.12.2201,1,4,B04.B41,1017,𘈔,𗳽,𗫉,𗫫,上
𘙒,U+18652,,8.307.2,1244/70,K2941,L0601,L0601,S5053,297-094,461,07A65,Ⅰ,96,1,06B16,Ⅰ,83,1,2077,1.72.111,69,1,66,1,2,𗆃,𗥘,,1.23.1402,1,2,B04.B42,509,𗆃,𗥘,?,𗉁,平
𘙓,U+18653,,8.307.3,1441/40,K4075,L0810,L0810,S5031,297-071,462,07A66,Ⅰ,96,2,06B17,Ⅰ,83,2,2078,1.72.112,69,1,66,1,3,𗆃,𗥘,,,,,B02.A11,510,𗆃,𗥘,?,𗉁,平
𗡍,U+1784D,,3.287.3,7725/42,K0330,L4622,L4622,S0513,,463,07A67,Ⅰ,96,3,06B18,Ⅰ,83,3,2079,1.72.121,69,1,66,1,4,𗆃,𗥘,,1.23.1403,1,3,B02.A12,511,𗆃,𗥘,?,𗉁,平
𘜀,U+18700,,8.412.1,1254/00,K2671,L0611,L0611,S4404,,464,07A68,Ⅰ,97,1,06B21,Ⅰ,84,1,2515,1.88.211,92,1,86,1,1,𘀎,𗤵,,1.28.1105,1,1,B02.A21,622,𘀎,𗤵,𗫉,𗲆,平
𗔞,U+1751E,,2.381.2,8041/50,K4585,L4918,L4918,S1959,,465,07A71,Ⅰ,97,2,06B22,Ⅰ,84,2,2516,1.88.221,92,1,86,1,2,𘀎,𗤵,,1.28.1106,1,2,B02.A22,623,𘀎,𗤵,𗫉,𗲆,平
𘈑,U+18211,,7.004.1,1250/58,K0161,L0607,L0607,S0029,124-051,466,07A72,Ⅰ,97,3,06B23,Ⅰ,84,3,2517,1.88.222,92,1,86,1,3,𘀎,𗤵,,1.28.1107,1,3,B02.A31,624,𘀎,𗤵,𗫉,𗲆,平
𗓚,U+174DA,,2.332.3,8021/54,K4064,L4737,L4737,S1936,007-114,467,07A73,Ⅰ,98,1,06B24,Ⅰ,85,1,3098,,17,2,14,,,,,,2.06.1105,1,2,B02.A32,828,𘓩,𘄒,𗫉,𗊺,上
𗺄,U+17E84,,5.295.3,7121/52,K3863,L4526,L4526,S1630,,468,07A74,Ⅰ,98,2,08B72,Ⅰ,D,58,3099,,17,2,14,,,,,,2.06.1106,1,3,B02.A41,829,𘓩,𘄒,𗫉,𗊺,上
𘈼,U+1823C,,7.049.1,2704/52,K2313,L2976,L2976,S1319,138-061,469,07A75,Ⅰ,98,3,06B25,Ⅰ,85,2,3100,,17,2,14,,,,,,2.06.1107,1,4,B02.A42,830,𘓩,𘄒,𗫉,𗊺,上
𗔄,U+17504,,2.357.4,8025/27,K0474,L4851,L4851,S1945,007-121,470,07A76,Ⅰ,99,1,06B27,Ⅰ,86,1,3165,,18,2,15,,,,,,2.06.2301,1,2,B02.A51,848,𗧐,𘏫,𗫉,𗺩,上
𗶔,U+17D94,,5.096.3,1842/42,K0785,L1726,L1726,S1178,221-091,471,07A77,Ⅰ,99,2,06B28,Ⅰ,86,2,3166,,18,2,15,,,,,,2.06.2302,1,3,B02.A52,849,𗧐,𘏫,𗫉,𗺩,上
𗵾,U+17D7E,,5.086.1,1344/00,K2041,L0691,L0691,S0157,221-041,472,07A78,Ⅰ,99,3,06B31,Ⅰ,86,3,,,18,2,15,,,,,,,,,B03.B11,688,𗖵,𗨖,/,𗉺,
𗂤,U+170A4,,1.113.1,2104/40,?,L1971,L1971,S1606,039-11c,473,07B11,Ⅰ,99,4,06B32,Ⅰ,86,4,3167,,18,2,15,,,,,,2.06.2303,1,4,B03.B12,850,𗖵,𗨖,/,𗉺,
𗓙,U+174D9,,2.332.2,8022/40,K1700,L4776,L4776,S1874,008-112,474,07B12,Ⅰ,100,1,06B33,Ⅰ,87,1,2139,1.74.151,71,1,68,1,1,𗌰,𘐗,,1.24.1101,1,1,B03.B21,530,𗌰,𘐗,𗞡,𗨹,平
𗮸,U+17BB8,,3.466.3,8221/70,K5666,L5274,L5274,S2309,269-073,475,07B13,Ⅰ,100,2,06B34,Ⅰ,87,2,2140,1.74.152,71,1,68,1,2,𗌰,𘐗,,1.24.1102,1,2,B03.B22,531,𗌰,𘐗,𗞡,𗨹,平
𘚙,U+18699,,8.347.4,1841/20,K5105,L1681,L1681,S0402,,476,07B14,Ⅰ,100,3,06B36,Ⅰ,87,4,2141,1.74.161,71,1,68,1,3,𗌰,𘐗,,1.24.1103,1,3,B03.B31,532,𗌰,𘐗,𗞡,𗨹,平
𘚚,U+1869A,,8.348.1,1141/20,K5452,L0265,L0265,S0401,304-061,477,07B15,Ⅰ,100,4,06B35,Ⅰ,87,3,2142,1.74.162,71,1,68,1,4,𗌰,𘐗,,1.24.1104,1,4,B03.B32,533,𗌰,𘐗,𗞡,𗨹,平
𘆃,U+18183,,6.405.2,1754/00,K3400,L1454,L1454,S4824,,478,07B16,Ⅰ,101,1,06B37,Ⅰ,88,1,2191,1.76.141,72,1,69,7,1,𘞆,𗥄,,1.24.2106,7,1,B03.B41,538,𘞆,𗥄,𗫉,𗥇,平
𘞾,U+187BE,,8.561.1,1812/40,K1843,L1579,L1579,S0167,295-052,479,07B17,Ⅰ,101,2,06B41,Ⅰ,88,3,2192,1.76.142,72,1,69,7,2,𘞆,𗥄,,1.24.2107,7,2,B03.B42,539,𘞆,𗥄,𗫉,𗥇,平
𗊽,U+172BD,,1.602.2,2721/21,K5392,L3004,L3004,S4301,181-082,480,07B18,Ⅰ,101,3,06B38,Ⅰ,88,2,2193,1.76.151,72,1,69,7,3,𘞆,𗥄,,1.24.2201,7,3,B03.B51,540,𘞆,𗥄,𗫉,𗥇,平
𘌿,U+1833F,,7.248.2,8725/45,K1251,L5577,L5577,S2221,241-063,481,07B21,Ⅰ,102,1,06B42,Ⅰ,89,1,243,1.12.251,8,1,8,1,2,𗩙,𗬃,,1.06.2706,1,2,B03.B52,108,𗩙,𗬃,𗀱,𗬃,平
𘌻,U+1833B,,7.243.5,8121/45,K5336,L5096,L5096,S2199,,482,07B22,Ⅰ,102,2,06B44,Ⅰ,89,3,244,1.12.252,8,1,8,1,3,𗩙,𗬃,,1.06.2707,1,3,C00.B26,109,𗩙,𗬃,𗀱,𗬃,平
𘍍,U+1834D,,7.253.4,8721/47,K5581,L5506,L5506,S2229,,483,07B23,Ⅰ,102,3,06B46,Ⅰ,89,5,245,1.12.261,8,1,8,1,4,𗩙,𗬃,,1.06.2708,1,4,C00.B31,110,𗩙,𗬃,𗀱,𗬃,平
𘆸,U+181B8,,6.453.2,1824/52,K2079,L1656,L1656,S5221,080-061,484,07B24,Ⅰ,102,4,06B43,Ⅰ,89,2,246,1.12.262,8,1,8,1,5,𗩙,𗬃,,1.06.2709,1,5,C00.B32,111,𗩙,𗬃,𗀱,𗬃,平
𗬆,U+17B06,,4.614.2,2740/00,K5758,L2439,L2439,S3562,,485,07B25,Ⅰ,102,5,06B45,Ⅰ,89,4,247,1.12.263,8,1,8,1,6,𗩙,𗬃,,1.07.1101,1,6,C00.B33,112,𗩙,𗬃,𗀱,𗬃,平
𗗎,U+175CE,,2.531.2,4742/40,K1671,L4069,L4069,S5306,023-081,486,07B26,Ⅰ,103,1,06B47,Ⅰ,90,1,2611,1.92.132,100,1,92,4,2,𘎮,𘉷,,1.29.1205,3,2,C00.B34,639,𘎮,𘉷,/,𗂴,
𘉖,U+18256,,7.082.2,7822/44,K1795,L4646,L4646,S1639,259-073,487,07B27,Ⅰ,103,2,06B48,Ⅰ,90,2,2612,1.92.141,100,1,92,4,3,𘎮,𘉷,,1.29.1206,3,3,C00.B35,640,𘎮,𘉷,/,𗂴,
𘐩,U+18429,,7.439.4,8741/50,K5377,L5607,L5607,S2791,236-085,488,07B28,Ⅰ,104,1,06B51,Ⅰ,91,1,1018,1.37.212,31,1,30,2,1,𘁅,𗝚,,1.13.1608,2,1,C00.B36,297,𘁅,𗝚,/,𗝚,
𗿁,U+17FC1,,6.047.1,2241/27,K5590,L2454,L2454,S5723,211-08c,489,07B31,Ⅰ,104,2,06B54,Ⅰ,91,4,1019,1.37.213,31,1,30,2,2,𘁅,𗝚,,1.13.1701,2,2,C00.B41,298,𘁅,𗝚,/,𗝚,
𘑆,U+18446,,7.458.2,8744/00,K3532,L5649,L5649,S2794,236-103,490,07B32,Ⅰ,105,1,06B52,Ⅰ,91,2,3392,,31,2,28,,,,,,2.08.2102,1,1,C00.B42,897,𗨁,𗸹,/,𗸹,
𘐵,U+18435,,7.450.2,8744/00,K2228,L5648,L5648,S2790,,491,07B33,Ⅰ,105,2,06B53,Ⅰ,91,3,3393,,31,2,28,,,,,,2.08.2103,1,2,C00.B43,898,𗨁,𗸹,/,𗸹,
𗱧,U+17C67,,3.605.1,1742/42,K0953,L1282,L1282,S4862,026-08b,492,07B34,Ⅰ,106,1,06B56,Ⅰ,92,2,3645,,38,2,34,,,,,,2.10.1505,1,1,C00.B44,931,𘇚,𗞕,/,𗥉,
𗲧,U+17CA7,,3.646.2,1744/40,K3058,L1380,L1380,S4861,,493,07B35,Ⅰ,106,2,06B55,Ⅰ,92,1,3646,,38,2,34,,,,,,2.10.1507,1,3,C00.B45,932,𘇚,𗞕,/,𗥉,
𗱺,U+17C7A,,3.622.2,1744/40,K3422,L1379,L1379,S4863,,494,07B36,Ⅰ,106,3,06B57,Ⅰ,92,3,3647,,38,2,34,,,,,,2.10.1508,1,4,C00.B46,933,𘇚,𗞕,/,𗥉,
𗽊,U+17F4A,,5.436.2,2545/70,?,L2889,L2889,S4054,210-072,495,07B37,Ⅰ,106,4,06B58,Ⅰ,92,4,3648,,38,2,34,,,,,,2.10.1601,1,5,C00.B51,934,𘇚,𗞕,/,𗥉,
𘟁,U+187C1,,8.567.1,1122/24,K1902,L0210,L0210,S0196,018-116,496,07B38,Ⅰ,107,1,06B61,Ⅰ,93,1,2060,1.71.161,68,1,65,1,1,𘁨,𗶈,,1.23.1103,1,1,C00.B52,501,𘁨,𗶈,/,𗄩,
𗄩,U+17129,,1.206.3,2102/24,K1899,L1948,L1948,S1368,041-054,497,07B41,Ⅰ,107,2,06B62,Ⅰ,93,2,2061,1.71.171,68,1,65,1,2,𘁨,𗶈,,1.23.1104,1,2,C00.B53,502,𘁨,𗶈,/,𗄩,
𘔏,U+1850F,,8.037.1,1141/00,K4456,L0250,L0250,S1202,226-032,498,07B42,Ⅰ,107,3,06B66,Ⅰ,93,6,2062,1.71.172,68,1,65,1,3,𘁨,𗶈,,1.23.1105,1,3,C00.B54,503,𘁨,𗶈,/,𗄩,
𘖟,U+1859F,,8.188.2,8022/24,K1797,L4764,L4764,S2562,028-061,499,07B43,Ⅰ,108,1,06B64,Ⅰ,93,4,2063,1.71.211,68,1,65,2,1,𘁨,𗟞,,1.23.1106,1,4,C00.B55,504,𘁨,𗟞,/,𗄩,
𗳑,U+17CD1,,3.670.1,5172/24,K1901,L5859,L5859,S5340,157-051,500,07B44,Ⅰ,108,2,06B63,Ⅰ,93,3,,,68,1,65,,,,,,,,,C00.B56,44,𘁨,𗭩,/,𗄩,
𗇠,U+171E0,,1.437.1,1722/24,K1900,L1020,L1020,S2932,009-071,501,07B45,Ⅰ,109,1,06B65,Ⅰ,93,5,4242,,68,2,58,,,,,,2.14.1608,1,2,,,,,,,
𗡉,U+17849,,3.287.1,7122/44,K3649,L4535,L4535,S0483,255-105,502,07B46,Ⅰ,109,2,06B67,Ⅰ,93,7,4241,,68,2,58,,,,,,2.14.1607,1,1,,,,,,,
𗆂,U+17182,,1.369.2,2501/25,K4759,L2827,L2827,S1470,041-09b,503,07B47,Ⅰ,110,1,06B68,Ⅰ,94,1,1204,1.43.171,34,1,33,5,1,𗩙,𗄯,,1.15.1306,4,4,,,,,,,
𗴉,U+17D09,,3.711.2,1724/20,K2560,L1088,L1088,S5552,198-061,504,07B48,Ⅰ,110,2,06B71,Ⅰ,94,2,1205,1.43.172,34,1,33,5,2,𗩙,𗄯,,1.15.1307,4,5,,,,,,,
𗺼,U+17EBC,,5.322.1,2240/45,K0108,L2446,L2446,S3288,,505,07B51,Ⅰ,111,1,06B73,Ⅰ,95,1,4194,,66,2,56,,,,,,2.14.1204,1,3,,,,,,,
𗺿,U+17EBF,,5.322.3,2545/47,K1479,L2886,L2886,S3273,144-074,506,07B52,Ⅰ,111,2,06B74,Ⅰ,95,2,,,66,2,56,,,,,,,,,,,,,,,
𘇱,U+181F1,,6.489.1,1471/42,K3966,L0839,L0839,S5104,,507,07B53,Ⅰ,111,3,06B76,Ⅰ,95,4,4193,,66,2,56,,,,,,2.14.1203,1,2,,,,,,,
𗠵,U+17835,,3.274.4,7122/42,K1003,L4532,L4532,S0538,255-071,508,07B54,Ⅰ,111,4,06B77,Ⅰ,95,5,4192,,66,2,56,,,,,,2.14.1202,1,1,,,,,,,
𗩠,U+17A60,,4.514.3,2744/22,K2537,L3319,L3319,S3623,204-11g,509,07B55,Ⅰ,112,1,06B78,Ⅰ,96,1,4195,,66,2,56,,,,,,2.14.1205,1,4,,,,,,,
𗟛,U+177DB,,1.412.3,7250/00,K0028,L4567,L4567,S1622,,510,07B56,Ⅰ,112,2,07A11,Ⅰ,96,2,4196,,66,2,56,,,,,,2.14.1206,1,5,,,,,,,
𘉉,U+18249,,7.064.2,7250/00,K0097,L4566,L4566,S1623,,511,07B57,Ⅰ,112,3,07A12,Ⅰ,96,3,,,66,2,56,,,,,,,,,,,,,,,
𘉊,U+1824A,,7.064.3,7852/50,K1213,L4666,L4666,S1624,,512,07B58,Ⅰ,112,4,07A13,Ⅰ,96,4,,,66,2,56,,,,,,,,,,,,,,,
𘄑,U+18111,,6.293.1,1421/24,K4144,L0757,L0757,S4349,,513,07B61,Ⅰ,112,5,07A14,Ⅰ,96,5,4197,,66,2,56,,,,,,2.14.1207,1,6,,,,,,,
𗔸,U+17538,,2.392.4,8021/24,K4145,L4699,L4699,S2052,007-151,514,07B62,Ⅰ,112,6,07A15,Ⅰ,96,6,4198,,66,2,56,,,,,,2.14.1208,1,7,,,,,,,
𘚔,U+18694,,8.344.2,7725/45,K0609,L4625,L4625,S0288,,515,07B63,Ⅰ,113,1,07A16,Ⅰ,97,1,3663,,40,2,35,,,,,,2.10.1707,1,4,,,,,,,
𗦻,U+179BB,,4.317.2,2342/82,K0098,L2639,L2639,S3722,204-08h,516,07B64,Ⅰ,113,2,07A17,Ⅰ,97,2,3662,,40,2,35,,,,,,2.10.1706,1,3,,,,,,,
𗥠,U+17960,,4.224.1,2342/50,K0104,L2638,L2638,S3724,,517,07B65,Ⅰ,113,3,07A18,Ⅰ,97,3,,,40,2,35,,,,,,,,,,,,,,,
𗟷,U+177F7,,3.239.1,1191/20,K5449,L0168,L0168,S0438,154-064,518,07B66,Ⅰ,114,1,07A25,Ⅰ,100,1,1016,1.37.172,31,1,30,1,3,𗚜,𘂆,,1.13.1606,1,3,,,,,,,
𗟱,U+177F1,,3.230.3,1491/00,K3906,L0748,L0748,S0439,154-021,519,07B67,Ⅰ,114,2,07A26,Ⅰ,100,2,1015,1.37.171,31,1,30,1,2,𗚜,𘂆,,1.13.1605,1,2,,,,,,,
𗣤,U+178E4,,4.052.2,2344/00,K2058,L2642,L2642,S3932,204-05a,520,07B68,Ⅰ,114,3,07A27,Ⅰ,100,3,1017,1.37.211,31,1,30,1,4,𗚜,𘂆,,1.13.1607,1,4,,,,,,,
𗐎,U+1740E,,2.148.3,2750/00,K0384,L3391,L3391,S5568,032-061,521,07B71,Ⅰ,114,4,07A28,Ⅰ,100,4,1014,1.37.162,31,1,30,1,1,𗚜,𘂆,,1.13.1604,1,1,,,,,,,
𗧪,U+179EA,,4.373.2,2549/00,K0672,L2892,L2892,S3476,,522,07B72,Ⅰ,115,1,07A31,Ⅰ,101,1,1202,1.43.162,34,1,33,4,2,𘀏,𗄯,,1.15.1304,4,2,,,,,,,
𗬳,U+17B33,,3.388.3,2171/24,K4404,L2312,L2312,S5808,183-102,523,07B73,Ⅰ,115,2,07A32,Ⅰ,101,2,1201,1.43.161,34,1,33,4,1,𘀏,𗄯,,1.15.1303,4,1,,,,,,,
𗨐,U+17A10,,4.404.2,2842/20,K0884,L3624,L3624,S3628,,524,07B74,Ⅰ,115,3,07A33,Ⅰ,101,3,1203,1.43.163,34,1,33,4,3,𘀏,𗄯,,1.15.1305,4,3,,,,,,,
𗫒,U+17AD2,,4.551.2,2745/70,K0478,L3385,L3385,S5184,,525,07B75,Ⅰ,116,1,07A34,Ⅰ,102,1,777,1.29.272,22,1,22,1,2,𗵿,𗥷,,,,,,,,,,,
𘒛,U+1849B,,7.526.1,1772/52,K0977,L1512,L1512,S5188,019-111,526,07B76,Ⅰ,116,2,07A35,Ⅰ,102,2,778,1.29.273,22,1,22,1,3,𗵿,𗥷,,,,,,,,,,,
𗨩,U+17A29,,4.419.2,2742/22,K1536,L3219,L3219,S4286,204-11u,527,07B77,Ⅰ,117,1,07A36,Ⅰ,103,1,529,1.22.112,17,1,17,1,2,𘀏,𘍀,,1.09.2603,1,2,,,,,,,
𘜑,U+18711,,8.428.2,1722/20,K1535,L0999,L0999,S4921,287-031,528,07B78,Ⅰ,117,2,07A37,Ⅰ,103,2,528,1.22.111,17,1,17,1,1,𘀏,𘍀,,1.09.2602,1,1,,,,,,,
𗕅,U+17545,,2.409.1,9045/22,K1311,L5812,L5812,S2871,,529,08A11,Ⅰ,118,1,07A41,Ⅰ,104,2,1235,1.44.171,35,1,34,1,1,𗓁,𗒢,,1.15.1707,1,1,,,,,,,
𗂞,U+1709E,,1.110.1,2104/22,K3543,L1966,L1966,S1531,039-11a,530,08A12,Ⅰ,118,2,07A42,Ⅰ,104,3,1236,1.44.172,35,1,34,1,2,𗓁,𗒢,,1.15.1708,1,2,,,,,,,
𗂕,U+17095,,1.104.1,2805/42,K0617,L3518,L3518,S1583,,531,08A13,Ⅰ,118,3,07A43,Ⅰ,104,4,1237,1.44.211,35,1,34,1,3,𗓁,𗒢,,1.15.2101,1,3,,,,,,,
𘝯,U+1876F,,8.513.1,8741/20,K4996,L5593,L5593,S2857,303-032,532,08A14,Ⅰ,119,1,07A44,Ⅰ,105,1,1693,1.58.271,55,1,53,1,1,𘆳,𘃧,,1.19.2302,1,1,,,,,,,
𘁑,U+18051,,6.141.1,8044/00,K2002,L4964,L4964,S2167,025-071,533,08A15,Ⅰ,119,2,07A45,Ⅰ,105,2,1695,1.59.111,55,1,53,1,3,𘆳,𘃧,,1.19.2305,1,4,,,,,,,
𘝧,U+18767,,8.400.1,8741/20,K0077,L5594,L5594,S2542,,534,08A16,Ⅰ,119,3,07A46,Ⅰ,105,3,1694,1.58.272,55,1,53,1,2,𘆳,𘃧,,1.19.2303,1,2,,,,,,,
𗵙,U+17D59,,5.060.1,1044/22,K2424,L0129,L0129,S0182,018-098,535,08A17,Ⅰ,119,4,07A47,Ⅰ,105,4,1696,1.59.112,55,1,53,1,4,𘆳,𘃧,,1.19.2304,1,3,,,,,,,
𘂯,U+180AF,,6.205.2,8344/00,K2211,L5388,L5388,S2382,208-051,536,08A18,Ⅰ,120,1,07A51,Ⅰ,106,2,3936,,54,2,45,,,,,,2.12.1606,1,2,,,,,,,
𗜷,U+17737,,3.136.1,5044/00,K2212,L4325,L4325,S0798,,537,08A21,Ⅰ,120,2,07A52,Ⅰ,106,3,3937,,54,2,45,,,,,,2.12.1607,1,3,,,,,,,
𗦺,U+179BA,,4.317.1,2344/20,K2395,L2651,L2651,S3716,205-075,538,08A22,Ⅰ,121,1,07A53,Ⅰ,107,1,806,1.30.261,25,1,24,1,2,𗩙,𗱞,,1.11.2508,1,2,,,,,,,
𗙖,U+17656,,3.025.2,1324/22,K2394,L0659,L0659,S0110,102-089,539,08A23,Ⅰ,121,2,07A54,Ⅰ,107,2,807,1.30.262,25,1,24,1,3,𗩙,𗱞,,1.11.2601,1,3,,,,,,,
𘙂,U+18642,,8.296.1,1949/00,K0726,L1866,L1866,S5019,297-061,540,08A24,Ⅰ,122,1,07A55,Ⅰ,108,1,2102,1.72.271,70,1,67,4,2,𗖵,𗋭,,1.23.2203,3,2,,,,,,,
𗳃,U+17CC3,,3.662.2,1791/00,K4593,L1551,L1551,S5290,050-041,541,08A25,Ⅰ,122,2,07A56,Ⅰ,108,2,2103,1.72.272,70,1,67,4,3,𗖵,𗋭,,1.23.2204,3,3,,,,,,,
𘞇,U+18787,,8.526.1,1852/52,K0562,L1789,L1789,S5192,,542,08A26,Ⅰ,122,3,07A57,Ⅰ,108,3,,,70,1,67,,,,,,,,,,,,,,,
𗮚,U+17B9A,,3.455.2,8721/70,K5634,L5509,L5509,S2321,269-031,543,08A27,Ⅰ,122,4,07A58,Ⅰ,109,1,2104,1.73.111,70,1,67,4,4,𗖵,𗋭,,1.23.2205,3,4,,,,,,,
𘒘,U+18498,,7.523.2,1741/25,K3780,L1199,L1199,S5165,019-112,544,08A28,Ⅰ,123,1,07A62,Ⅰ,110,1,845,1.32.121,26,1,25,1,1,𘌜,𗄽,,,,,,,,,,,
𘒗,U+18497,,7.523.1,1724/22,?,L1095,L1095,S5153,019-095,545,08A31,Ⅰ,123,2,07A63,Ⅰ,110,2,846,1.32.122,26,1,25,1,2,𘌜,𗄽,,1.12.1301,1,1,,,,,,,
𗝰,U+17770,,3.167.3,5045/25,K1178,L4378,L4378,S0830,017-11u,546,08A32,Ⅰ,124,1,07A64,Ⅰ,111,1,2465,1.86.221,88,1,83,1,1,𘄇,𘙀,,1.27.2105,1,1,,,,,,,
𗯽,U+17BFD,,3.508.2,8345/25,K1177,L5406,L5406,S2820,,547,08A33,Ⅰ,124,2,07A65,Ⅰ,111,2,2466,1.86.231,88,1,83,1,2,𘄇,𘙀,,1.27.2106,1,2,,,,,,,
𗝃,U+17743,,3.141.1,5022/10,K1298,L4147,L4147,S0934,,548,08A34,Ⅰ,125,1,07A66,Ⅰ,112,1,3676,,42,2,36,,,,,,2.10.2201,1,1,,,,,,,
𘄔,U+18114,,1.440.2,1722/10,K1297,L0989,L0989,S4399,012-051,549,08A35,Ⅰ,125,2,07A67,Ⅰ,112,2,3677,,42,2,36,,,,,,2.10.2202,1,2,,,,,,,
𘄓,U+18113,,1.440.1,1740/00,K3110,L1149,L1149,S4400,015-052,550,08A36,Ⅰ,125,3,07A68,Ⅰ,112,3,,,42,2,36,,,,,,,,,,,,,,,
𗚜,U+1769C,,3.058.1,5074/00,K2935,L4413,L4413,S0993,017-081,551,08A37,Ⅰ,126,1,07A71,Ⅰ,113,1,2747,,3,2,3,,,,,,2.03.1305,1,1,,,,,,,
𗈼,U+1723C,,1.514.2,1274/00,K2934,L0625,L0625,S5502,184-041,552,08A38,Ⅰ,126,2,07A72,Ⅰ,113,2,2748,,3,2,3,,,,,,2.03.1306,1,2,,,,,,,
𗉌,U+1724C,,1.522.4,1741/00,K5235,L1168,L1168,S5553,199-001,553,08A41,Ⅰ,126,3,07A73,Ⅰ,113,3,2749,,3,2,3,,,,,,2.03.1307,1,3,,,,,,,
𗞢,U+177A2,,3.179.1,5044/00,K2515,L4322,L4322,S0876,017-12a,554,08A42,Ⅰ,127,1,07A74,Ⅰ,114,1,809,1.30.272,25,1,24,2,2,𘁨,𗱞,,1.11.2603,1,5,,,,,,,
𗿛,U+17FDB,,6.051.1,2844/00,K2516,L3672,L3672,S5709,211-091,555,08A43,Ⅰ,127,2,07A75,Ⅰ,114,2,810,1.31.111,25,1,24,2,3,𘁨,𗱞,,1.11.2604,1,6,,,,,,,
𗼬,U+17F2C,,5.389.3,2182/24,K3682,L2343,L2343,S3311,,556,08A44,Ⅰ,127,3,07A76,Ⅰ,114,3,808,1.30.271,25,1,24,2,1,𘁨,𗱞,,1.11.2602,1,4,,,,,,,
𗚪,U+176AA,,3.063.1,5042/40,K1782,L4302,L4302,S1016,,557,08A45,Ⅰ,128,1,07A77,Ⅰ,115,1,248,1.12.271,8,1,8,2,1,𗻍,𗬃,,1.07.1102,2,1,,,,,,,
𗾇,U+17F87,,6.002.1,2742/40,K1781,L3242,L3242,S5757,211-032,558,08A46,Ⅰ,128,2,07A78,Ⅰ,115,2,249,1.12.272,8,1,8,2,2,𗻍,𗬃,,1.07.1103,2,2,,,,,,,
𗾸,U+17FB8,,6.040.1,2541/42,K4797,L2868,L2868,S5758,,559,08A47,Ⅰ,128,3,07B11,Ⅰ,115,3,250,1.13.111,8,1,8,2,3,𗻍,𗬃,,1.07.1104,2,3,,,,,,,
𗞡,U+177A1,,3.192.4,5024/42,K2290,L4196,L4196,S0851,,560,08A48,Ⅰ,129,1,07B12,Ⅰ,116,1,1646,1.57.152,52,1,50,1,1,𘌜,𗆉,,1.19.1402,1,1,,,,,,,
𗠆,U+17806,,3.247.1,7122/42,K0511,L4530,L4530,S0474,,561,08A51,Ⅰ,129,2,07B13,Ⅰ,116,2,1647,1.57.161,52,1,50,1,2,𘌜,𗆉,,1.19.1403,1,2,,,,,,,
𗛤,U+176E4,,3.085.1,5021/24,K4242,L4110,L4110,S0688,,562,08A52,Ⅰ,130,1,07B14,Ⅰ,117,1,4528,,85,2,73,,,,,,2.16.1608,1,1,,,,,,,
𗍸,U+17378,,1.039.1,1221/24,K4241,L0486,L0486,S0262,001-086,563,08A53,Ⅰ,130,2,07B15,Ⅰ,117,2,4529,,85,2,73,,,,,,2.16.1609,1,2,,,,,,,
𗝽,U+1777D,,3.170.2,5042/00,K1631,L4284,L4284,S0696,017-134,564,08A54,Ⅰ,131,1,07B16,Ⅰ,118,1,3954,,55,2,46,,,,,,2.12.2103,1,3,,,,,,,
𘜼,U+1873C,,8.472.3,1742/00,K1630,L1223,L1223,S0422,305-041,565,08A55,Ⅰ,131,2,07B17,Ⅰ,118,2,3955,,55,2,46,,,,,,2.12.2104,1,4,,,,,,,
𘞔,U+18794,,8.532.3,5844/20,?,L4462,L4462,S0718,,566,08A56,Ⅰ,132,1,07B18,Ⅰ,119,1,2429,1.85.151,87,1,82,2,2,𘁅,𗩸,,1.27.1307,2,2,,,,,,,
𘊎,U+1828E,,7.119.1,2821/44,K4702,L3532,L3532,S3162,243-101,567,08A57,Ⅰ,132,2,07B21,Ⅰ,119,2,2428,1.85.142,87,1,82,2,1,𘁅,𗩸,,1.27.1306,2,1,,,,,,,
𗾡,U+17FA1,,6.026.2,2244/00,K3517,L2462,L2462,S5764,211-065,568,08A58,Ⅰ,133,1,07B22,Ⅰ,120,1,2591,1.91.171,97,1,91,1,2,𘞆,𗔶,,1.28.2605,1,2,,,,,,,
𗿴,U+17FF4,,6.087.1,2841/42,K5111,L3608,L3608,S5765,211-112,569,08A61,Ⅰ,133,2,07B23,Ⅰ,120,2,2592,1.91.172,97,1,91,1,3,𘞆,𗔶,,1.28.2606,1,3,,,,,,,
𗂖,U+17096,,1.104.2,2204/40,K3518,L2383,L2383,S1660,,570,08A62,Ⅰ,133,3,07B24,Ⅰ,120,3,2590,1.91.162,97,1,91,1,1,𘞆,𗔶,,1.28.2604,1,1,,,,,,,
𘏝,U+183DD,,7.376.1,8745/00,K0382,L5672,L5672,S2634,236-06e,571,08A63,Ⅰ,134,1,07B28,Ⅰ,122,2,1759,1.61.141,57,1,55,2,1,𗥻,𗒋,,1.20.1404,1,3,,,,,,,
𗴃,U+17D03,,3.708.1,1191/50,K5331,L0468,L0468,S5452,,572,08A64,Ⅰ,134,2,07B31,Ⅰ,122,3,1760,1.61.142,57,1,55,2,2,𗥻,𗒋,,1.20.1406,1,5,,,,,,,
𗴂,U+17D02,,3.703.1,1795/00,K0375,L1572,L1572,S5461,054-061,573,08A65,Ⅰ,134,3,07B32,Ⅰ,122,4,1761,1.61.151,57,1,55,2,3,𗥻,𗒋,,1.20.1405,1,4,,,,,,,
𗀱,U+17031,,1.040.3,2104/20,K3537,L1961,L1961,S1242,,574,08A66,Ⅰ,135,1,07B33,Ⅰ,123,1,3891,,52,2,43,,,,,,2.12.1203,1,2,,,,,,,
𗀋,U+1700B,,1.010.3,1041/22,K3703,L0080,L0080,S0075,001-083,575,08A67,Ⅰ,135,2,07B34,Ⅰ,123,2,3892,,52,2,43,,,,,,2.12.1204,1,3,,,,,,,
𗧫,U+179EB,,4.373.3,2842/24,K1831,L3634,L3634,S3428,204-101,576,08A68,Ⅰ,135,3,07B35,Ⅰ,124,1,3890,,52,2,43,,,,,,2.12.1202,1,1,,,,,,,
𘐐,U+18410,,7.425.1,8749/00,K0761,L5628,L5628,S2776,236-074,577,08A71,Ⅰ,136,1,07B37,Ⅰ,125,1,2036,1.70.221,67,1,64,5,1,𘄇,𘎸,,1.22.2408,5,1,,,,,,,
𘖷,U+185B7,,8.196.2,8091/00,K4528,L4688,L4688,S2588,,578,08A72,Ⅰ,136,2,07B38,Ⅰ,125,2,2037,1.70.222,67,1,64,5,2,𘄇,𘎸,,1.22.2501,5,2,,,,,,,
𘕝,U+1855D,,8.128.3,8821/42,K5104,L5696,L5696,S1886,248-051,579,08A73,Ⅰ,137,1,07B43,Ⅰ,126,3,1214,1.43.242,34,1,33,7,3,𗻍,𘅊,,1.15.1409,5,3,,,,,,,
𘌥,U+18325,,7.235.1,9844/40,K3236,L5979,L5979,S1661,142-061,580,08A74,Ⅰ,137,2,07B44,Ⅰ,126,4,1213,1.43.241,34,1,33,7,2,𗻍,𘅊,,1.15.1408,5,2,,,,,,,
𗟘,U+177D8,,1.522.3,1250/00,K0026,L0604,L0604,S5503,017b-071,581,08A75,Ⅰ,138,1,07B45,Ⅰ,127,1,1669,1.58.112,53,1,51,4,3,𗢪,𗔘,,1.19.1701,4,3,,,,,,,
𘊋,U+1828B,,7.117.1,2224/42,K2762,L2428,L2428,S3180,243-092,582,08A76,Ⅰ,138,2,07B46,Ⅰ,127,2,1668,1.58.111,53,1,51,4,2,𗢪,𗔘,,1.19.1609,4,2,,,,,,,
𗠁,U+17801,,3.243.2,1192/82,K0219,L0206,L0206,S0446,154-071,583,08A77,Ⅰ,139,1,07B51,Ⅰ,129,1,2814,,5,2,5,,,,,,2.03.2310,1,2,,,,,,,
𗻐,U+17ED0,,5.327.3,2744/44,K2417,L3347,L3347,S3287,,584,08A78,Ⅰ,139,2,07B48,Ⅰ,128,2,2815,,5,2,5,,,,,,2.03.2311,1,3,,,,,,,
𗽰,U+17F70,,5.461.2,2141/40,K4553,L2138,L2138,S4004,210-105,585,08B11,Ⅰ,139,3,07B52,Ⅰ,129,2,2816,,5,2,5,,,,,,2.03.2401,1,4,,,,,,,
𗌰,U+17330,,2.001.2,1824/20,K3160,L1633,L1633,S0078,095-072,586,08B12,Ⅰ,140,1,07B53,Ⅰ,130,1,4061,,61,2,51,,,,,,2.13.1308,1,1,,,,,,,
𗆃,U+17183,,1.385.2,2204/24,K2906,L2374,L2374,S1476,041-10b,587,08B13,Ⅰ,140,2,07B54,Ⅰ,130,2,4062,,61,2,51,,,,,,2.13.1309,1,2,,,,,,,
𘀙,U+18019,,6.117.1,3421/22,K3992,L3923,L3923,S2889,,588,08B14,Ⅰ,141,1,07B55,Ⅰ,131,1,3922,,53,2,44,,,,,,2.12.1503,5,1,,,,,,,
𘊆,U+18286,,7.111.2,2224/44,K2878,L2430,L2430,S3164,243-082,589,08B15,Ⅰ,141,2,07B56,Ⅰ,131,2,3923,,53,2,44,,,,,,2.12.1504,5,2,,,,,,,
𘁄,U+18044,,6.137.2,8942/74,K1392,L5798,L5798,S2153,,590,08B16,Ⅰ,142,1,07B57,Ⅰ,132,1,2143,1.74.171,71,1,68,2,1,𗡑,𘚚,,1.24.1105,1,5,,,,,,,
𗈐,U+17210,,1.461.4,1721/24,K4153,L0944,L0944,S4528,009-119,591,08B17,Ⅰ,142,2,07B58,Ⅰ,132,2,2144,1.74.172,71,1,68,2,2,𗡑,𘚚,,1.24.1106,1,6,,,,,,,
𗿟,U+17FDF,,6.068.1,2144/20,K2479,L2255,L2255,S5653,211-095,592,08B18,Ⅰ,143,1,07B61,Ⅰ,133,1,2835,,7,2,6,,,,,,2.03.2510,2,2,,,,,,,
𗵊,U+17D4A,,5.031.2,1044/20,K2124,L0125,L0125,S0183,018-081,593,08B21,Ⅰ,143,2,07B62,Ⅰ,133,2,2834,,7,2,6,,,,,,2.03.2509,2,1,,,,,,,
𗘴,U+17634,,3.002.1,5502/20,K0525,L4450,L4450,S0665,057-071,594,08B22,Ⅰ,143,3,07B63,Ⅰ,133,3,2836,,7,2,6,,,,,,2.03.2511,2,3,,,,,,,
𗃡,U+170E1,,1.163.2,2271/22,K4643,L2529,L2529,S4074,180-073,595,08B23,Ⅰ,144,1,07B64,Ⅰ,134,1,4099,,62,2,52,,,,,,2.13.1704,4,1,,,,,,,
𗃵,U+170F5,,1.176.1,2772/28,K0196,L3406,L3406,S4076,180-111,596,08B24,Ⅰ,144,2,07B65,Ⅰ,134,2,4100,,62,2,52,,,,,,2.13.1705,4,2,,,,,,,
𘉡,U+18261,,7.086.2,2394/00,K2028,L2596,L2596,S3114,175-041,597,08B25,Ⅰ,145,1,07B68,Ⅰ,135,3,1872,1.64.273,62,1,59,4,1,𘎮,𘄩,,1.21.1408,4,1,,,,,,,
𘉣,U+18263,,7.088.2,2594/40,K1126,L3777,L3777,S3117,,598,08B26,Ⅰ,145,2,07B66,Ⅰ,135,1,1873,1.65.111,62,1,59,4,2,𘎮,𘄩,,1.21.1501,4,2,,,,,,,
𘉟,U+1825F,,7.085.2,2090/00,K0700,L1884,L1884,S3113,175-001,599,08B27,Ⅰ,145,3,07B73,Ⅰ,135,6,1874,1.65.112,62,1,59,4,3,𘎮,𘄩,,,,,,,,,,,
𗆄,U+17184,,1.371.1,2705/25,K1202,L2984,L2984,S1448,041-09g,600,08B28,Ⅰ,145,4,07B67,Ⅰ,135,2,1875,1.65.121,62,1,59,4,4,𘎮,𘄩,,1.21.1502,4,3,,,,,,,
𗖻,U+175BB,,2.521.1,1874/22,K2084,L1830,L1830,S4645,182-103,601,08B31,Ⅰ,145,5,07B71,Ⅰ,135,4,1876,1.65.122,62,1,59,4,5,𘎮,𘄩,,1.21.1503,4,4,,,,,,,
𗭤,U+17B64,,3.419.2,3121/70,K5587,L3856,L3856,S3003,270-041,602,08B32,Ⅰ,145,6,07B72,Ⅰ,135,5,1877,1.65.131,62,1,59,4,6,𘎮,𘄩,,1.21.1504,4,5,,,,,,,
𗷆,U+17DC6,,5.124.1,6049/00,K0734,L4489,L4489,S1035,020-103,603,08B33,Ⅰ,146,1,07B74,Ⅰ,136,1,455,1.19.241,14,1,14,4,2,𘕶,𘎘,,1.09.1303,4,2,,,,,,,
𘝀,U+18740,,8.474.3,1744/00,K3439,L1327,L1327,S0428,305-053,604,08B34,Ⅰ,146,2,07B75,Ⅰ,136,2,456,1.19.242,14,1,14,4,3,𘕶,𘎘,,1.09.1304,4,3,,,,,,,
𗕝,U+1755D,,2.436.1,1741/24,K4086,L1194,L1194,S4416,,605,08B35,Ⅰ,147,1,08A12,Ⅰ,138,1,2190,1.76.132,72,1,69,6,3,𘉟,𗕐,,1.24.2105,6,3,,,,,,,
𘄤,U+18124,,6.309.2,1742/44,K1623,L1286,L1286,S4499,,606,08B36,Ⅰ,147,2,08A13,Ⅰ,138,2,2189,1.76.131,72,1,69,6,2,𘉟,𗕐,,1.24.2104,6,2,,,,,,,
𗓩,U+174E9,,2.340.1,8024/20,K2949,L4809,L4809,S1944,,607,08B37,Ⅰ,148,1,08A14,Ⅰ,139,1,1433,1.50.251,41,1,40,2,1,𘁨,𗣫,,1.17.1405,2,1,,,,,,,
𘍘,U+18358,,7.263.2,8124/50,K3053,L5145,L5145,S2332,,608,08B38,Ⅰ,148,2,08A15,Ⅰ,139,2,1434,1.50.252,41,1,40,2,2,𘁨,𗣫,,1.17.1406,2,2,,,,,,,
𘌜,U+1831C,,7.230.1,9821/24,K5230,L5970,L5970,S1693,139-101,609,08B41,Ⅰ,149,1,08A18,Ⅰ,141,1,283,1.14.121,9,1,9,1,1,𘔊,𗐨,,1.07.1702,1,1,,,,,,,
𗟒,U+177D2,,3.207.3,5021/24,K5231,L4119,L4119,S0759,017-161,610,08B42,Ⅰ,149,2,08A21,Ⅰ,141,2,284,1.14.122,9,1,9,1,2,𘔊,𗐨,,1.07.1703,1,2,,,,,,,
𘊳,U+182B3,,7.148.1,3224/21,K2720,L3890,L3890,S2968,005-083,611,08B43,Ⅰ,150,1,08A22,Ⅰ,142,1,1605,1.56.121,51,1,49,3,1,𗾇,𗏟,,1.18.2506,3,1,,,,,,,
𗓲,U+174F2,,2.346.2,8022/52,K0869,L4790,L4790,S2089,,612,08B44,Ⅰ,150,2,08A23,Ⅰ,142,2,1606,1.56.122,51,1,49,3,2,𗾇,𗏟,,1.18.2507,3,2,,,,,,,
𘎮,U+183AE,,7.334.1,8149/00,K0733,L5212,L5212,S2662,236-043,613,08B45,Ⅰ,151,1,08A24,Ⅰ,143,1,2098,1.72.251,70,1,67,3,3,𘉡,𘐏,,1.23.2104,2,3,,,,,,,
𘐧,U+18427,,7.439.2,8744/00,K2580,L5647,L5647,S2780,236-087,614,08B46,Ⅰ,151,2,08A25,Ⅰ,143,2,2099,1.72.252,70,1,67,3,4,𘉡,𘐏,,1.23.2105,2,4,,,,,,,
𘐎,U+1840E,,7.420.2,8441/44,K3913,L5456,L5456,S2771,,615,08B47,Ⅰ,151,3,08A26,Ⅰ,143,3,2100,1.72.261,70,1,67,3,5,𘉡,𘐏,,1.23.2201,2,5,,,,,,,
𗷇,U+17DC7,,5.129.1,6042/70,K0210,L4490,L4490,S1038,,616,08B48,Ⅰ,152,1,08A27,Ⅰ,144,1,3067,,14,2,12,,,,,,2.05.2402,3,2,,,,,,,
𗷑,U+17DD1,,5.133.3,6041/42,K4008,L4486,L4486,S1037,,617,08B51,Ⅰ,152,2,08A28,Ⅰ,144,2,3066,,14,2,12,,,,,,2.05.2401,3,1,,,,,,,
𗀠,U+17020,,1.032.2,1041/24,K4079,L0084,L0084,S0071,001-112,618,08B52,Ⅰ,153,1,08A31,Ⅰ,145,1,1123,1.40.232,32,1,31,1,1,𘀈,𗯏,,1.14.1701,1,1,,,,,,,
𗀙,U+17019,,1.026.1,1041/22,K3935,L0082,L0082,S0070,,619,08B53,Ⅰ,153,2,08A32,Ⅰ,145,2,1124,1.40.241,32,1,31,1,2,𘀈,𗯏,,1.14.1702,1,2,,,,,,,
𗻽,U+17EFD,,5.340.1,2141/50,K5338,L2174,L2174,S3956,206-061,620,08B54,Ⅰ,154,1,08A34,Ⅰ,146,2,535,1.22.142,17,1,17,4,2,𘁨,𗒉,,1.09.2609,4,2,,,,,,,
𗼂,U+17F02,,5.342.1,2142/22,K0542,L2200,L2200,S3961,,621,08B55,Ⅰ,154,2,08A35,Ⅰ,146,3,536,1.22.151,17,1,17,4,3,𘁨,𗒉,,1.09.2701,4,3,,,,,,,
𘈳,U+18233,,7.039.2,1192/20,K0985,L0469,L0469,S1125,171-051,622,08B56,Ⅰ,155,1,08A36,Ⅰ,147,1,4361,,75,2,64,,,,,,2.15.1403,1,3,,,,,,,
𗁐,U+17050,,1.060.2,2102/22,K1002,L1940,L1940,S1593,039-074,623,08B57,Ⅰ,155,2,08A37,Ⅰ,147,2,4360,,75,2,64,,,,,,2.15.1402,1,2,,,,,,,
𘙱,U+18671,,8.324.1,1824/52,K3528,L1660,L1660,S5088,,624,08B58,Ⅰ,156,1,08A42,Ⅰ,149,1,1397,1.49.231,39,1,38,3,3,𘈔,𘘅,上,1.16.2606,3,3,,,,,,,
𘙯,U+1866F,,8.321.1,1224/52,K3487,L0521,L0521,S5091,,625,08B61,Ⅰ,156,2,08A43,Ⅰ,149,2,1396,1.49.222,39,1,38,3,2,𘈔,𘘅,上,1.16.2605,3,2,,,,,,,
𗪽,U+17ABD,,4.532.1,2141/22,K4862,L2101,L2101,S3576,204-12b,626,08B62,Ⅰ,157,1,08A44,Ⅰ,150,1,2292,1.80.131,80,1,75,1,1,𗄛,𗻑,,1.25.2203,1,1,,,,,,,
𗭁,U+17B41,,3.396.2,8022/22,K5789,L4747,L4747,S3972,031-071,627,08B63,Ⅰ,157,2,08A45,Ⅰ,150,2,,,80,1,75,,,,,,,,,,,,,,,
𘏒,U+183D2,,7.364.2,8344/00,K2062,L5390,L5390,S2804,236-053,628,08B64,Ⅰ,158,1,08A46,Ⅰ,151,1,2909,,9,2,8,,,,,,2.04.1605,1,1,,,,,,,
𘐹,U+18439,,7.454.2,8142/80,K0186,L5229,L5229,S2685,,629,08B65,Ⅰ,158,2,08A47,Ⅰ,151,2,,,9,2,8,,,,,,,,,,,,,,,
𘓣,U+184E3,,7.643.1,2421/50,K3783,L2736,L2736,S4130,180-072,630,08B66,Ⅰ,159,1,08A48,Ⅰ,152,1,3243,,23,2,20,,,,,,2.07.1602,1,1,,,,,,,
𗛗,U+176D7,,3.080.1,5021/50,K3784,L4138,L4138,S0906,,631,08B67,Ⅰ,159,2,08A51,Ⅰ,152,2,3244,,23,2,20,,,,,,2.07.1603,1,2,,,,,,,
𗴢,U+17D22,,3.726.2,2774/42,K3000,L3419,L3419,S3086,159-092,632,08B68,Ⅰ,160,1,08A53,Ⅰ,153,1,222,1.12.112,7,1,7,2,4,𗪊,𗱫,,1.06.2406,2,4,,,,,,,
𗛕,U+176D5,,3.079.3,5040/00,K3002,L4211,L4211,S0961,017-09b,633,08B71,Ⅰ,160,2,08A54,Ⅰ,153,2,,,7,1,7,,,,,,,,,,,,,,,
𗂵,U+170B5,,1.135.1,2101/40,K4368,L1924,L1924,S1538,039-129,634,08B72,Ⅰ,161,1,08A55,Ⅰ,154,1,3253,,23,2,20,,,,,,2.07.1702,4,1,,,,,,,
𘊲,U+182B2,,7.144.1,3854/24,K3200,L4008,L4008,S2907,314-091,635,08B73,Ⅰ,161,2,08A56,Ⅰ,154,2,3254,,23,2,20,,,,,,2.07.1703,4,2,,,,,,,
𘓔,U+184D4,,7.629.1,2152/20,K0975,L2325,L2325,S4094,061-052,636,08B74,Ⅰ,162,1,08B18,Ⅰ,D,16,4323,,72,2,61,,,,,,2.14.2703,11,14,,,,,,,
𗯆,U+17BC6,,3.470.3,8721/70,K5650,L5520,L5520,S2324,,637,08B75,Ⅰ,162,2,03B17,Ⅰ,20,3,4324,,72,2,61,,,,,,2.14.2704,11,15,,,,,,,
𗞊,U+1778A,,3.179.4,5045/74,K1471,L4381,L4381,S1010,,638,08B76,Ⅰ,163,1,09A37,Ⅰ,D,87,191,1.11.111,5,1,5,1,1,𗢪,𗽠,,1.06.1702,1,1,,,,,,,
𘍚,U+1835A,,7.263.4,8122/58,K0181,L5132,L5132,S2334,,639,08B77,Ⅰ,163,2,09A12,Ⅰ,D,66,192,1.11.112,5,1,5,1,2,𗢪,𗽠,,1.06.1703,1,2,,,,,,,
𘙢,U+18662,,8.314.1,1744/40,K3039,L1391,L1391,S5037,297-111,640,08B78,Ⅰ,164,1,08B61,Ⅰ,D,49,534,1.22.141,17,1,17,4,1,𘞆,𘜑,,1.09.2608,4,1,,,,,,,
𗬠,U+17B20,,3.375.3,2141/40,K4432,L2126,L2126,S5644,203-092,641,09A11,Ⅰ,164,2,09A32,Ⅰ,D,82,,,17,1,17,,,,,,,,,Y01.011,25,?,?,?,?,
𗌦,U+17326,,1.679.1,2121/24,K4338,L1998,L1998,S4297,181-134,642,09A12,Ⅰ,165,1,06A56,Ⅰ,76,3,1602,1.55.273,51,1,49,2,1,𗉣,𗳩,,1.18.2503,2,1,Y01.012,389,𗉣,𗳩,?,?,
𗋬,U+172EC,,1.638.2,2724/40,K1096,L3056,L3056,S4288,,643,09A13,Ⅰ,165,2,06A57,Ⅰ,76,4,,,51,1,49,,,,,,,,,Y01.013,,𗉣,𗳩,?,?,
𗩁,U+17A41,,4.434.3,2544/40,K1948,L2878,L2878,S3469,204-10c,644,09A31,Ⅰ,D,1,08A71,Ⅰ,D,1,2080,1.72.122,69,1,66,2,1,𘞆,𗉁,,1.23.1501,2,1,Y01.021,513,𘞆,𗉁,𗫉,𗉁,平
𗪻,U+17ABB,,4.531.1,2741/40,K4922,L3151,L3151,S3938,204-12j,645,09A32,Ⅰ,D,2,08A72,Ⅰ,D,2,2388,1.83.241,85,1,80,1,1,𘀎,𘏺,,1.26.2401,1,1,Y01.022,587,?,?,?,?,
𗥻,U+1797B,,4.256.1,2441/25,K3786,L2771,L2771,S3914,204-08zo,646,09A33,Ⅰ,D,3,08A73,Ⅰ,D,3,285,1.14.131,9,1,9,2,1,𘁅,𗐨,,1.07.1704,2,1,Y01.023,,?,?,?,?,
𗨕,U+17A15,,4.406.1,2941/27,K5632,L3783,L3783,S3652,204-09zc,647,09A34,Ⅰ,D,4,08A74,Ⅰ,D,4,3952,,55,2,46,,,,,,2.12.2101,1,1,Y01.024,1010,𘆳,𘂰,𗫉,𘘁,上
𗚵,U+176B5,,3.066.4,5041/40,K5123,L4252,L4252,S0983,017-075,648,09A35,Ⅰ,D,5,08A75,Ⅰ,D,5,942,1.35.141,29,1,28,1,2,𗩁,𘇹,,1.12.2503,1,2,Y01.031,271,𗩁,𘇹,𗫉,𗙌,平
𗒨,U+174A8,,2.293.3,8021/24,K4129,L4696,L4696,S1831,008-091,649,09A36,Ⅰ,D,6,08A76,Ⅰ,D,6,1992,1.69.111,66,1,63,1,2,𘖟,𘟌,,1.22.1602,1,2,,,,,,,
𗑇,U+17447,,2.226.1,8024/22,K3573,L4820,L4820,S1846,,650,09A37,Ⅰ,D,7,08A77,Ⅰ,D,7,1993,1.69.112,66,1,63,1,3,𗓨,𗁿,,1.22.1603,1,3,,,,,,,
𗐺,U+1743A,,2.216.1,8022/55,K1134,L4794,L4794,S1932,007-08d,651,09A38,Ⅰ,D,8,08A78,Ⅰ,D,8,478,1.20.172,15,1,15,1,2,𘇻,𗢌,,1.09.1607,1,2,,,,,,,
𗒝,U+1749D,,2.289.1,8025/22,K1307,L4844,L4844,S1776,,652,09A41,Ⅰ,D,9,08B11,Ⅰ,D,9,501,1.21.132,16,1,16,1,4,𗓁,𗙃,,1.09.2205,1,4,,,,,,,
𘄇,U+18107,,6.285.1,1121/22,K5024,L0166,L0166,S4355,108-083,653,09A42,Ⅰ,D,10,08B12,Ⅰ,D,10,2105,1.73.112,70,1,67,5,1,𘐐,𗠇,,1.23.2301,4,1,,,,,,,
𘄒,U+18112,,6.293.2,1724/22,K2365,L0776,L0776,S4362,108-141,654,09A43,Ⅰ,D,11,08B13,Ⅰ,D,11,3097,,17,2,14,,,,,,2.06.1104,1,1,,,,,,,
𘏔,U+183D4,,7.367.2,8341/20,K5067,L5372,L5372,S2747,,655,09A44,Ⅰ,D,12,08B14,Ⅰ,D,12,2479,1.87.132,90,1,84,2,1,𗩙,𘒲,,1.27.2305,1,3,,,,,,,
𗺛,U+17E9B,,5.310.1,2742/41,K1133,L3244,L3244,S3218,,656,09A45,Ⅰ,D,13,08B15,Ⅰ,D,13,4750,,?,0,?,,,,,,3.01.2401,1,1,,,,,,,
𗻜,U+17EDC,,5.331.1,2842/42,K0913,L3648,L3648,S3241,144-084,657,09A46,Ⅰ,D,14,08B16,Ⅰ,D,14,3510,,35,2,31,,,,,,2.09.1601,1,2,,,,,,,
𗖈,U+17588,,2.471.1,1774/40,K1106,L1527,L1527,S4651,182-052,658,09A47,Ⅰ,D,15,08B17,Ⅰ,D,15,794,1.30.171,24,1,23,1,1,𘝀,𗺑,,1.11.2404,1,1,,,,,,,
𗊔,U+17294,,1.571.4,2725/00,K0381,L3071,L3071,S4299,181-06c,659,09A48,Ⅰ,D,16,08B21,Ⅰ,D,17,3164,,18,2,15,,,,,,2.06.2209,1,1,,,,,,,
𗅤,U+17164,,1.343.2,2802/22,K0911,L3475,L3475,S1407,,660,09A51,Ⅰ,D,17,08B22,Ⅰ,D,18,4531,,85,2,73,,,,,,2.16.1701,2,2,,,,,,,
𗟟,U+177DF,,5.278.1,2850/00,K0027,L3722,L3722,S1274,017b-131,661,09A52,Ⅰ,D,18,08B23,Ⅰ,D,19,2242,1.78.121,74,1,71,1,1,𗏜,𘇣,,1.25.1102,1,1,,,,,,,
𗠉,U+17809,,3.253.1,7124/42,K3563,L4543,L4543,S0484,255-041,662,09A53,Ⅰ,D,19,08B24,Ⅰ,D,20,2481,1.87.142,90,1,84,2,3,𘇚,𘎦,,1.27.2307,1,5,,,,,,,
𗠢,U+17822,,3.264.1,7821/40,K4701,L4636,L4636,S0512,255-065,663,09A54,Ⅰ,D,20,08B25,Ⅰ,D,21,1162,1.42.112,33,1,32,6,2,𘝀,𗑆,,1.14.2409,6,2,,,,,,,
𗎑,U+17391,,2.087.3,4171/22,K3857,L4032,L4032,S0599,085-081,664,09A55,Ⅰ,D,21,08B26,Ⅰ,D,22,4443,,80,2,69,,,,,,2.15.2506,1,1,,,,,,,
𗍰,U+17370,,2.066.2,4224/55,K2711,L4039,L4039,S0597,100-091,665,09A56,Ⅰ,D,22,08B27,Ⅰ,D,23,4362,,75,2,64,,,,,,2.15.1404,2,1,,,,,,,
𗭸,U+17B78,,3.428.3,9021/70,K5577,L5805,L5805,S1710,,666,09A57,Ⅰ,D,23,08B28,Ⅰ,D,24,3509,,35,2,31,,,,,,2.09.1510,1,1,,,,,,,
𘂨,U+180A8,,6.195.2,9771/42,K0050,L5961,L5961,S1757,157-121,667,09A58,Ⅰ,D,24,08B31,Ⅰ,D,25,1381,1.49.122,38,1,37,1,2,𗴢,𗥂,,1.16.2405,1,2,,,,,,,
𘔲,U+18532,,8.072.1,2142/20,K1015,L2192,L2192,S5776,216-052,668,09A61,Ⅰ,D,25,08B32,Ⅰ,D,26,1406,1.49.272,40,1,39,3,1,𘇚,𘅡,,1.16.2708,3,1,,,,,,,
𗫣,U+17AE3,,4.570.1,2741/52,K4789,L3172,L3172,S3808,,669,09A62,Ⅰ,D,26,08B33,Ⅰ,D,27,776,1.29.271,22,1,22,1,1,𘍚,𗥷,,,,,,,,,,,
𗀫,U+1702B,,1.036.2,1021/22,K3721,L0014,L0014,S1073,001-151,670,09A63,Ⅰ,D,27,08B34,Ⅰ,D,28,1682,1.58.212,54,1,52,1,1,𘞶,𗫕,,1.19.2107,1,1,,,,,,,
𘇻,U+181FB,,7.582.2,1144/00,K3064,L0355,L0355,S5135,239-051,671,09A64,Ⅰ,D,28,08B35,Ⅰ,D,29,102,1.08.151,3,1,3,2,1,𗓁,𗔠,,1.05.2207,2,1,,,,,,,
𗲓,U+17C93,,3.637.2,1744/20,K3619,L1340,L1340,S4950,,672,09A65,Ⅰ,D,29,08B36,Ⅰ,D,30,2243,1.78.122,74,1,71,1,2,𘖟,𗟟,,1.25.1103,1,2,,,,,,,
𘞶,U+187B6,,8.556.1,1945/45,K1264,L1876,L1876,S4846,,673,09A66,Ⅰ,D,30,08B37,Ⅰ,D,31,2813,,5,2,5,,,,,,2.03.2309,1,1,,,,,,,
𗲫,U+17CAB,,3.648.2,1754/52,K2272,L1471,L1471,S4935,026-123,674,09A67,Ⅰ,D,31,08B38,Ⅰ,D,32,,,28,0,?,,,,,,,,,,,,,,,
𘒓,U+18493,,7.521.2,1721/44,K3927,L0975,L0975,S5167,,675,09A68,Ⅰ,D,32,08B41,Ⅰ,D,33,2412,1.84.231,85,1,80,7,1,𗌰,𘆔,,1.27.1104,6,1,,,,,,,
𘆳,U+181B3,,6.448.1,1721/54,K3694,L0983,L0983,S5211,080-063,676,09A71,Ⅰ,D,33,08B42,Ⅰ,D,34,438,1.19.131,13,1,13,1,1,𗴢,𘎛,,1.09.1102,1,1,,,,,,,
𘅿,U+1817F,,6.404.2,1752/00,K1518,L1443,L1443,S4823,,677,09A72,Ⅰ,D,34,08B43,Ⅰ,D,35,1878,1.65.132,62,1,59,5,1,𗳃,𘄩,,1.21.1505,5,1,,,,,,,
𗈽,U+1723D,,1.514.3,1772/40,K1534,L1506,L1506,S5504,184-072,678,09A73,Ⅰ,D,35,08B44,Ⅰ,D,36,242,1.12.241,8,1,8,1,1,𘀏,𘍏,,1.06.2705,1,1,,,,,,,
𗯶,U+17BF6,,3.503.2,8345/25,K1179,L5405,L5405,S2831,194-064,679,09A74,Ⅰ,D,36,08B45,Ⅰ,D,37,5048,,77,2,73,,,,,,3.04.2601,1,1,,,,,,,
𗭺,U+17B7A,,3.432.2,8122/24,K1799,L5119,L5119,S2256,047-042,680,09A75,Ⅰ,D,37,08B46,Ⅰ,D,38,2523,1.88.261,92,1,86,2,6,𗢪,𗤵,,1.28.1205,2,6,,,,,,,
𗹍,U+17E4D,,5.224.3,1792/00,K1593,L1558,L1558,S1151,051-041,681,09A76,Ⅰ,D,38,08B47,Ⅰ,D,39,4274,,70,2,60,,,,,,2.14.2211,6,2,,,,,,,
𗭥,U+17B65,,3.419.3,3121/70,K5586,L3855,L3855,S3002,270-051,682,09A77,Ⅰ,D,39,08B48,Ⅰ,D,40,4574,,87,2,74,,,,,,2.16.2402,4,2,,,,,,,
𗎣,U+173A3,,2.100.3,1744/25,K1956,L1376,L1376,S1162,186-081,683,09A78,Ⅰ,D,40,08B51,Ⅰ,D,41,1757,1.61.131,57,1,55,1,1,𘌜,𘙠,,1.20.1402,1,1,,,,,,,
𘟞,U+187DE,,8.593.2,8072/40,K1440,L5037,L5037,S2570,028-051,684,09B11,Ⅰ,D,41,08B52,Ⅰ,D,42,2518,1.88.231,92,1,86,2,1,𗖵,𗂮,,1.28.1108,2,1,,,,,,,
𘄺,U+1813A,,6.325.4,1141/70,K4567,L0312,L0312,S4763,230-051,685,09B12,Ⅰ,D,42,08B53,Ⅰ,D,43,2038,1.70.231,67,1,64,6,1,𗮚,𘇬,,1.22.2502,6,1,,,,,,,
𗙚,U+1765A,,3.026.2,1721/25,K5375,L0962,L0962,S0129,102-08a,686,09B13,Ⅰ,D,43,08B54,Ⅰ,D,44,500,1.21.131,16,1,16,1,3,𗁡,𗙃,,1.09.2204,1,3,,,,,,,
𘙼,U+1867C,,8.333.4,1372/44,K1445,L0730,L0730,S5116,162-092,687,09B14,Ⅰ,D,44,08B55,Ⅰ,D,45,169,1.10.151,4,1,4,1,1,𗓨,𗾂,,1.06.1404,1,1,,,,,,,
𘓩,U+184E9,,8.002.1,1141/44,K4423,L0310,L0310,S0034,,688,09B15,Ⅰ,D,45,08B56,Ⅰ,D,46,,,4,2,4,,,,,,,,,,,,,,,
𘔊,U+1850A,,8.035.2,1742/29,K0112,L1266,L1266,S1077,224-111,689,09B16,Ⅰ,D,46,08B57,Ⅰ,D,47,941,1.35.132,29,1,28,1,1,𘌜,𗙌,,1.12.2502,1,1,,,,,,,
𗟽,U+177FD,,3.242.1,1194/00,K5698,L0227,L0227,S0445,,690,09B17,Ⅰ,D,47,08B58,Ⅰ,D,48,4679,,96,2,81,,,,,,2.17.2105,2,1,,,,,,,
𗉎,U+1724E,,1.524.2,1342/22,K0772,L0684,L0684,S5529,,691,09B18,Ⅰ,D,48,08B62,Ⅰ,D,50,1899,1.65.252,63,1,60,1,2,𘔏,𗪝,,1.21.2103,1,2,,,,,,,
𘂏,U+1808F,,6.176.2,9271/42,K4631,L5878,L5878,?,157-042,692,09B21,Ⅰ,D,49,08B63,Ⅰ,D,51,4125,,63,1,60,,,,,,2.13.2208,1,8,,,,,,,
𗺥,U+17EA5,,5.313.1,2942/44,K1402,L3795,L3795,S3234,,693,09B22,Ⅰ,D,50,08B64,Ⅰ,D,52,1903,1.65.272,63,1,60,1,6,𗩁,𘆬,,1.21.2107,1,6,,,,,,,
𗮶,U+17BB6,,3.466.1,8721/70,K5640,L5515,L5515,S2318,269-092,694,09B23,Ⅰ,D,51,08B65,Ⅰ,D,53,4714,,100,2,85,,,,,,2.17.2506,1,10,,,,,,,
𘝊,U+1874A,,8.481.1,1844/20,K2284,L1764,L1764,S0413,305-075,695,09B24,Ⅰ,D,52,08B66,Ⅰ,D,54,4470,,82,2,71,,,,,,2.16.1102,1,2,,,,,,,
𗙤,U+17664,,3.030.1,1725/22,K0622,L1123,L1123,S0130,102-102,696,09B25,Ⅰ,D,53,08B67,Ⅰ,D,55,499,1.21.122,16,1,16,1,2,𗢪,𗙃,,1.09.2203,1,2,,,,,,,
𗳧,U+17CE7,,3.686.1,1842/20,K0569,L1710,L1710,S5388,,697,09B26,Ⅰ,D,54,08B68,Ⅰ,D,56,4752,,69,1,66,,,,,,3.01.2404,1,4,,,,,,,
𘌾,U+1833E,,7.248.1,8421/42,K3831,L5426,L5426,S2213,,698,09B27,Ⅰ,D,55,08B71,Ⅰ,D,57,2420,1.84.271,86,1,81,1,2,𗆠,𗦰,,1.27.1206,1,2,,,,,,,
𘀯,U+1802F,,6.128.1,3744/22,K2340,L3978,L3978,S3049,,699,09B28,Ⅰ,D,56,08B73,Ⅰ,D,59,4199,,66,2,56,,,,,,2.14.1209,2,1,,,,,,,
𘕷,U+18577,,8.150.1,9754/54,K1950,L5954,L5954,S1670,146-101,700,09B31,Ⅰ,D,57,08B74,Ⅰ,D,60,4705,,98,2,83,,,,,,2.17.2404,1,1,,,,,,,
𘎇,U+18387,,7.305.1,8042/20,K1359,L4928,L4928,S2538,027-062,701,09B32,Ⅰ,D,58,08B75,Ⅰ,D,61,1709,1.59.211,56,1,54,1,1,𘀏,𗀈,,1.19.2502,1,1,,,,,,,
𗟺,U+177FA,,3.240.2,1894/00,K3229,L1645,L1645,S0442,154-063,702,09B33,Ⅰ,D,59,08B76,Ⅰ,D,62,2188,1.76.122,72,1,69,6,1,𘉟,𗕐,,1.24.2103,6,1,,,,,,,
𗴪,U+17D2A,,3.746.1,2755/00,K1200,L3396,L3396,S4135,,703,09B34,Ⅰ,D,60,08B77,Ⅰ,D,63,4618,,92,2,77,,,,,,2.17.1109,1,1,,,,,,,
𘇚,U+181DA,,6.480.1,1351/24,K4486,L0720,L0720,S5298,148-101,704,09B35,Ⅰ,D,61,08B78,Ⅰ,D,64,3068,,14,2,12,,,,,,2.05.2403,4,1,,,,,,,
𘘠,U+18620,,8.278.2,1722/28,K0194,L1033,L1033,S5058,289-082,705,09B36,Ⅰ,D,62,09A11,Ⅰ,D,65,3935,,54,2,45,,,,,,2.12.1605,1,1,,,,,,,
𗏜,U+173DC,,2.168.1,2141/21,K5474,L2081,L2081,S5586,,706,09B37,Ⅰ,D,63,09A13,Ⅰ,D,67,1898,1.65.251,63,1,60,1,1,𘉡,𗉎,,1.21.2102,1,1,,,,,,,
𘜜,U+1871C,,8.443.2,1344/00,K2960,L0699,L0699,S5292,,707,09B38,Ⅰ,D,64,09A14,Ⅰ,D,68,3512,,35,2,31,,,,,,2.09.1603,1,4,,,,,,,
𗃫,U+170EB,,1.169.3,2171/40,K4556,L2313,L2313,S4084,,708,09B41,Ⅰ,D,65,09A15,Ⅰ,D,69,1542,1.54.131,46,1,45,1,1,𗢪,𗦫,,1.18.1407,1,1,,,,,,,
𗩥,U+17A65,,4.455.3,2745/22,K0329,L3367,L3367,S3669,204-10zc,709,09B42,Ⅰ,D,66,09A16,Ⅰ,D,70,4751,,51,1,49,,,,,,3.01.2402,1,2,,,,,,,
𗴥,U+17D25,,3.736.1,2774/00,K2437,L3412,L3412,S4133,180-074,710,09B43,Ⅰ,D,67,09A17,Ⅰ,D,71,3773,,46,2,40,,,,,,2.11.1503,1,1,,,,,,,
𗑑,U+17451,,2.235.6,8024/00,K2958,L4798,L4798,S2039,,711,09B44,Ⅰ,D,68,09A18,Ⅰ,D,72,2580,1.91.112,96,1,90,1,1,𗓁,𗋋,,1.28.2403,1,1,,,,,,,
𘌠,U+18320,,3.429.1,9421/70,K5595,L5908,L5908,S1711,281-061,712,09B45,Ⅰ,D,69,09A21,Ⅰ,D,73,1473,1.52.111,43,1,42,7,2,𗉣,𗙶,,1.17.2203,5,8,A01.010,365,𗉣,𗙶,𗀱,𗵆,平
𗹁,U+17E41,,5.222.1,1824/20,K2256,L1635,L1635,S1103,109-051,713,09B46,Ⅰ,D,70,09A22,Ⅰ,D,74,,,87,2,74,,,,,,,,,A01.011,737,𗤋,𘋮,/,/,上雑
𗃁,U+170C1,,1.146.2,2804/55,K0427,L3515,L3515,S1616,,714,09B47,Ⅰ,D,71,09A23,Ⅰ,D,75,,,20,2,17,,,,,,,,,A01.012,689,𗁡,𘁂,𗀱,𗾥,上
𘜌,U+1870C,,8.418.3,1154/50,?,L0421,L0421,S4891,,715,09B48,Ⅰ,D,72,09A24,Ⅰ,D,76,,,57,2,48,,,,,,,,,A01.013,706,𘜉,𗦡,𗀱,𗽕,上
𘜋,U+1870B,,8.418.2,1154/50,K3455,L0420,L0420,S4892,,716,09B51,Ⅰ,D,73,09A25,Ⅰ,D,77,,,27,2,24,,,,,,,,,A01.014,697,𘜉,𗶕,𗀱,𗶕,上
𘉓,U+18253,,7.081.1,7824/42,K0438,L4655,L4655,S1637,259-054,717,09B52,Ⅰ,D,74,09A26,Ⅰ,D,78,,,20,2,17,,,,,,,,,A01.021,690,𘉍,𘁂,𗫉,𗾥,上
𗬡,U+17B21,,3.376.1,2745/20,K0624,L3364,L3364,S5646,203-112,718,09B53,Ⅰ,D,75,09A27,Ⅰ,D,79,,,16,1,16,,,,,,,,,A01.022,24,𘉍,𗙤,𗫉,𗑃,上
𘜊,U+1870A,,8.418.1,1854/50,K2257,L1802,L1802,S4893,,719,09B54,Ⅰ,D,76,09A28,Ⅰ,D,80,,,87,1,82,,,,,,,,,A01.023,57,𘜉,𘋮,/,/,平雑
𗓮,U+174EE,,2.342.1,8054/50,K0428,L5025,L5025,S2060,007-11j,720,09B55,Ⅰ,D,77,09A31,Ⅰ,D,81,,,20,2,17,,,,,,,,,A01.024,691,𗫉,𘁂,𗫉,𗾥,上
𗙧,U+17667,,3.031.1,1721/22,K4964,L0937,L0937,S0120,102-131,721,09B56,Ⅰ,D,78,09A33,Ⅰ,D,83,2276,1.79.162,79,1,74,1,2,𘀎,𘜪,,1.25.1604,1,2,A01.031,554,𘀎,𘜪,𗫉,𗙨,平
𗁶,U+17076,,1.084.2,2102/44,K1803,L1956,L1956,S1551,,722,09B57,Ⅰ,D,79,09A35,Ⅰ,D,85,1399,1.49.242,40,1,39,1,2,𘝀,𗦤,,1.16.2701,1,2,A01.032,351,𘝀,𗦤,𗀱,𘅡,平
𗁡,U+17061,,1.067.2,2701/50,K5374,L2923,L2923,S1614,039-081,723,09B58,Ⅰ,D,80,09A34,Ⅰ,D,84,353,1.16.162,11,1,11,3,1,𘐩,𗓁,,1.08.1305,2,7,A01.033,152,𘐩,𗓁,𗀱,𗣣,平
𗁉,U+17049,,1.057.1,2902/20,K0887,L3759,L3759,S1497,039-072,724,09B61,Ⅰ,D,81,09A36,Ⅰ,D,86,1931,1.66.262,64,1,61,5,3,𗁡,𗋒,,1.21.2505,4,3,A01.041,466,𗁡,𗋒,𗀱,𗖞,平
𗺑,U+17E91,,3.351.2,2122/22,K0969,L2027,L2027,S3191,045-062,725,09B62,Ⅰ,D,82,09A38,Ⅰ,D,88,795,1.30.211,24,1,23,1,2,𗴢,𗶮,,1.11.2405,1,2,A01.042,251,𗴢,𗶮,𗫉,𗫴,平
𗧑,U+179D1,,4.346.1,2244/22,K2768,L2475,L2475,S3822,204-08zc,726,09B63,Ⅰ,D,86,09A46,Ⅰ,D,94,639,1.25.211,18,1,18,3,1,𗥻,𗙒,,1.10.2406,3,1,A01.043,221,𗥻,𗙒,𗀱,𗚏,平
𗆿,U+171BF,,1.409.4,2701/24,K4108,L2916,L2916,S1478,,727,09B64,Ⅰ,D,83,09A42,Ⅰ,D,90,2419,1.84.261,86,1,81,1,1,𘀈,𗦰,,1.27.1205,1,1,A01.051,595,𘀈,𗦰,𗀱,𗉾,平
𗰝,U+17C1D,,3.551.1,1224/22,K3478,L0499,L0499,S4473,107-074,728,09B65,Ⅰ,D,84,09A43,Ⅰ,D,91,2076,1.71.272,69,1,66,1,1,𗌰,𗵒,,1.23.1401,1,1,A01.052,512,𗌰,𗵒,𗞡,𗉁,平
𗞽,U+177BD,,3.199.4,5042/74,K1419,L4314,L4314,S0811,017-147,729,09B66,Ⅰ,D,85,09A45,Ⅰ,D,93,640,1.25.212,18,1,18,3,2,𗮀,𗙒,,1.10.2407,3,2,A01.053,222,𗮀,𗙒,𗫉,𗚏,平
𗽯,U+17F6F,,5.461.1,2244/22,K2781,L2483,L2483,S4014,210-102,730,09B67,Ⅰ,D,87,09A47,Ⅰ,D,95,1430,1.50.232,41,1,40,1,1,𗩙,𗣫,,1.17.1402,1,1,A01.061,358,𗩙,𗣫,𗀱,𗣫,平
𗢧,U+178A7,,3.364.2,2125/25,K1145,L2057,L2057,S3196,,731,09B68,Ⅰ,D,88,09A48,Ⅰ,D,96,4710,,99,2,84,,,,,,2.17.2501,1,6,A01.062,1243,𘀎,𗁌,𗫉,𗁌,上
𘅖,U+18156,,6.356.2,1744/00,?,L1320,L1320,S4779,,732,09B71,Ⅰ,D,89,09A51,Ⅰ,D,97,1163,1.42.121,33,1,32,7,1,𗪊,𗑆,,1.14.2501,7,1,A01.063,323,𗪊,𗑆,𗫉,𘃔,平
𗌮,U+1732E,,3.740.2,2775/50,K1205,L1543,L1543,S4141,180-093,733,09B72,Ⅰ,D,90,09A52,Ⅰ,D,98,2584,1.91.132,96,1,90,2,2,𘀎,𗕡,,1.28.2503,2,2,A01.064,634,𘀎,𗕡,𗫉,𗑑,平
𗐉,U+17409,,2.196.1,2340/00,K5705,L2600,L2600,S5591,275-091,734,09B73,Ⅰ,D,91,09A53,Ⅰ,D,99,2430,1.85.152,87,1,82,3,1,𗌮,𘜡,,1.27.1401,3,1,A01.071,598,𗌮,𘜡,𗫉,𗸪,平
𗯸,U+17BF8,,3.504.1,8842/22,K1021,L5738,L5738,S2827,194-065,735,09B74,Ⅰ,D,92,09A54,Ⅰ,D,100,805,1.30.252,25,1,24,1,1,𘀏,𘕆,,1.11.2507,1,1,A01.072,253,𘀏,𘕆,𗞡,𘂦,平
𗒣,U+174A3,,2.292.1,8021/45,K5341,L4727,L4727,S1795,007-10d,736,09B75,Ⅰ,D,93,09A55,Ⅰ,D,101,4273,,70,2,60,,,,,,2.14.2210,6,1,A01.073,1093,𘞆,𗮩,𗫉,𗒣,上
𗭹,U+17B79,,3.430.1,8722/24,K1742,L5528,L5528,S2267,047-031,737,09B76,Ⅰ,D,94,09A56,Ⅰ,D,102,2389,1.83.251,85,1,80,1,2,𗪽,𘂜,,1.26.2402,1,2,A01.081,586,𗪽,𘂜,𗫉,𗴐,平
𘇠,U+181E0,,6.493.2,1224/50,K2719,L0518,L0518,S5441,,738,09B77,Ⅰ,D,95,09A57,Ⅰ,D,103,4530,,85,2,73,,,,,,2.16.1610,2,1,A01.082,1186,𗪽,𗀅,𗫉,𗐔,上
𗠙,U+17819,,3.259.3,7824/40,K2991,L4650,L4650,S0511,,739,09B78,Ⅰ,D,96,09A58,Ⅰ,D,104,2508,1.88.141,91,1,85,1,1,𘞆,𗱘,,1.27.2705,1,1,A01.083,619,𘞆,𗱘,𗫉,𗱘,平
𗭗,U+17B57,,3.415.3,3724/20,K3013,L3959,L3959,S2999,105-071,740,10A11,Ⅰ,D,97,09A61,Ⅰ,D,105,3359,,29,2,26,,,,,,2.08.1408,1,1,A01.091,886,𗥲,𗔨,𗞡,𗞨,上
𗨈,U+17A08,,4.396.3,2441/22,K3842,L2756,L2756,S3578,,741,10A12,Ⅰ,D,98,09A62,Ⅰ,D,106,2342,1.81.262,82,1,77,1,1,𗪽,𘙋,,1.26.1305,1,1,A01.092,568,𗪽,𘙋,𗫉,𗨈,平
𗄛,U+1711B,,1.198.3,1021/24,K4187,L0019,L0019,S0051,003-141,742,10A13,Ⅰ,D,99,09A63,Ⅰ,D,107,4469,,82,2,71,,,,,,2.16.1101,1,1,A01.093,1151,𗺥,𘌃,𗫉,𗄛,上
𗫉,U+17AC9,,4.537.1,2244/22,K2709,L2480,L2480,S3672,204-124,743,10A14,Ⅰ,D,100,09A64,Ⅰ,D,108,1387,1.49.152,39,1,38,1,1,𗪊,𗱒,,1.16.2504,1,1,A01.101,347,𗪊,𗱒,𗫉,𘘅,平
𗣵,U+178F5,,4.070.1,2745/20,K0627,L3366,L3366,S3913,204-06q,744,10A15,Ⅰ,D,101,09A65,Ⅰ,D,109,1238,1.44.212,35,1,34,2,1,𗪊,𗒢,,,,,A01.102,336,𗪊,𗒢,𗫉,𗷘,平
𗡆,U+17846,,3.286.1,7824/40,K2509,L4652,L4652,S0527,,745,10A16,Ⅰ,D,102,09A66,Ⅰ,D,110,,,90,1,84,,,,,,,,,A01.103,50,𗷑,𘎦,𗀱,𗙅,平
𘒥,U+184A5,,7.550.2,1220/57,K0209,L0483,L0483,S5249,,746,10A17,Ⅰ,D,103,09A67,Ⅰ,D,111,1161,1.42.111,33,1,32,6,1,𘝀,𗑆,,1.14.2408,6,1,A01.104,322,𘝀,𗑆,𗻜,𘃔,平
𘖒,U+18592,,8.179.2,8841/42,K4001,L5733,L5733,S2521,,747,10A18,Ⅰ,D,104,09A68,Ⅰ,D,112,,,72,2,61,,,,,,,,,A01.111,712,𘄇,𘌬,𗫉,𗲸,上
𗯏,U+17BCF,,3.472.3,8221/70,K5657,L5270,L5270,S2326,,748,10A21,Ⅰ,D,105,03A73,Ⅰ,18,15,1125,1.40.242,32,1,31,2,1,𗶟,𘚾,,1.14.1703,2,1,A01.112,315,𗶟,𘚾,𗫉,𘚾,平
𗥲,U+17972,,4.249.1,2141/22,K4278,L2095,L2095,S3816,,749,10A22,Ⅰ,D,106,07A21,Ⅰ,98,1,3087,,15,2,13,,,,,,2.05.2701,7,6,A01.113,827,𗚜,𗊙,𗞡,𗖗,上
𗣲,U+178F2,,4.065.1,2541/00,K0468,L3784,L3784,S3905,204-057,750,10A23,Ⅰ,D,107,07A23,Ⅰ,99,1,1648,1.57.162,52,1,50,2,1,𗪊,𗀚,,1.19.1404,2,1,A01.121,397,𗪊,𗀚,𗫉,𗆉,平
𗢌,U+1788C,,3.047.1,4101/12,K4736,L4019,L4019,S2964,069-091,751,10A24,Ⅰ,D,108,07A22,Ⅰ,98,2,477,1.20.171,15,1,15,1,1,𘀏,𗐺,,1.09.1606,1,1,A01.122,177,𘀏,𗐺,𗞡,𗗆,平
𘇪,U+181EA,,6.486.2,1151/40,K4559,L0401,L0401,S5066,,752,10A25,Ⅰ,D,109,07A24,Ⅰ,99,2,3893,,52,2,43,,,,,,2.12.1205,2,1,A01.123,1004,𗩤,𗡫,𗫉,𘋘,上
𗪨,U+17AA8,,4.517.2,2144/22,K3544,L2259,L2259,S3681,204-11t,753,10A26,Ⅰ,D,110,07A38,Ⅰ,104,1,3511,,35,2,31,,,,,,2.09.1602,1,3,A01.131,915,𗓁,𗵡,𗫉,𗷛,上
𘂱,U+180B1,,6.207.1,8741/40,K5176,L5599,L5599,S2389,,754,10A27,Ⅰ,D,111,07A48,Ⅰ,106,1,1683,1.58.221,54,1,52,1,2,𗵿,𗫕,,1.19.2108,1,2,A01.132,403,𗵿,𗫕,𗫉,𗫕,平
𗣪,U+178EA,,4.055.1,2741/27,K5635,L3142,L3142,S3654,204-07q,755,10A28,Ⅰ,D,112,07A61,Ⅰ,109,2,2101,1.72.262,70,1,67,4,1,𘅿,𘐏,,1.23.2202,3,1,A01.133,515,𘅿,𘐏,𗫉,𗳃,平
𗁊,U+1704A,,1.057.2,2804/20,K2269,L3487,L3487,S1511,039-076,756,10A31,Ⅰ,D,113,07B25,Ⅰ,121,1,2024,1.70.131,67,1,64,1,1,𗩁,𗖟,,1.22.2303,1,1,A01.134,493,𗩁,𗖟,𗫉,𗕹,平
𗺧,U+17EA7,,5.314.1,2745/40,K0380,L3373,L3373,S3275,,757,10A32,Ⅰ,D,114,07B27,Ⅰ,122,1,1758,1.61.132,57,1,55,1,2,𗉣,𘙠,,1.20.1403,1,2,A01.141,430,𗉣,𘙠,𗀱,𘙠,平
𗠓,U+17813,,3.257.4,7224/44,K1092,L4563,L4563,S0576,,758,10A33,Ⅰ,D,115,07B26,Ⅰ,121,2,4225,,67,2,57,,,,,,2.14.1501,1,1,A01.142,1086,𗩁,𘐉,𗫉,𘐓,上
𘇥,U+181E5,,6.484.1,1750/00,K0372,L1426,L1426,S5061,063-001,759,10A34,Ⅰ,D,116,07B36,Ⅰ,124,2,4353,,73,2,62,,,,,,2.15.1301,4,1,A01.143,1114,𘏒,𗾯,𗀱,𗥏,上
𘒚,U+1849A,,7.525.1,1772/42,K0483,L1508,L1508,S5161,019-122,760,10A35,Ⅰ,D,117,07B41,Ⅰ,126,1,1212,1.43.232,34,1,33,7,1,𘞆,𗧪,,1.15.1407,5,1,A01.151,326,𘞆,𗧪,𗫉,𗃰,平
𘏛,U+183DB,,7.375.1,8541/00,K4809,L5472,L5472,S2775,,761,10A36,Ⅰ,D,118,07B42,Ⅰ,126,2,3500,,34,2,30,,,,,,2.09.1409,5,1,A01.152,907,𗺿,𗯗,𗫉,𗨾,上
𗶟,U+17D9F,,3.588.2,1710/00,K0049,L0906,L0906,S4826,143-081,762,10A37,Ⅰ,D,119,07B47,Ⅰ,128,1,193,1.11.121,5,1,5,2,1,𗪊,𗽠,,1.06.1704,2,1,A01.161,99,𗪊,𗽠,𗫉,𘃠,平
𘋛,U+182DB,,7.170.1,8149/40,K0707,L5227,L5227,S1927,115-081,763,10A38,Ⅰ,D,120,08A17,Ⅰ,140,2,1474,1.52.112,43,1,42,7,3,𗪊,𗉖,,1.17.2204,5,9,A01.162,366,𗪊,𗉖,𗫉,𗵆,平
𘆔,U+18194,,6.418.2,1721/22,K4976,L0935,L0935,S5178,019-141,764,10A41,Ⅰ,D,121,08A33,Ⅰ,146,1,,,85,1,80,,,,,,,,,A01.163,26,𘁨,𗒉,𗫉,𗊡,平
𗌱,U+17331,,2.002.1,1825/50,K1188,L1664,L1664,S0079,095-071,765,10A42,Ⅰ,D,122,08A16,Ⅰ,140,1,3702,,43,2,37,,,,,,2.10.2502,5,1,A01.164,945,𗽰,𗂎,𗫉,𗼃,平
𗼡,U+17F21,,5.385.2,2784/20,K3325,L3439,L3439,S3337,,766,10A43,Ⅰ,D,123,08A41,Ⅰ,148,2,1930,1.66.261,64,1,61,5,2,𘉡,𗋒,,1.21.2504,4,2,A01.171,467,𘉡,𗋒,𗞡,𗖞,平
𗘰,U+17630,,1.161.1,2722/20,K0968,L3022,L3022,S4123,,767,10A44,Ⅰ,D,124,08A52,Ⅰ,152,3,,,23,2,20,,,,,,,,,A01.172,727,𗴢,𗓍,/,/,上雑
𗮼,U+17BBC,,3.468.1,8821/70,K5662,L5703,L5703,S2296,269-066,768,10A45,Ⅰ,D,125,08A38,Ⅰ,148,1,4143,,64,2,54,,,,,,2.13.2406,2,2,A01.173,1059,𗃵,𘊃,𗞡,𗿩,上
𗎝,U+1739D,,2.098.4,1844/20,K2260,L1753,L1753,S1156,,769,10A46,Ⅰ,D,126,05B18,Ⅰ,56,5,,,20,1,20,,,,,,,,,A01.181,54,𗟻,𗏭,/,/,平雑
𗦿,U+179BF,,4.326.2,2944/00,K2489,L3803,L3803,S3583,204-08e,770,10A47,Ⅰ,D,127,05B48,Ⅰ,62,2,1472,1.51.272,43,1,42,7,1,𗢪,𗙶,,1.17.2202,5,7,A01.182,364,𗢪,𗙶,𗞡,𗵆,平
𗽒,U+17F52,,5.440.2,2141/40,K4413,L2137,L2137,S4027,210-076,771,10A48,Ⅰ,D,128,06A66,Ⅰ,78,4,3962,,56,2,47,,,,,,2.12.2112,1,3,A01.191,1015,𗢪,𗙶,𗞡,𗵆,平
𗞕,U+17795,,3.183.1,5041/00,K4365,L4222,L4222,S0810,017-12e,772,10A51,Ⅰ,D,129,06A75,Ⅰ,80,1,3649,,38,2,34,,,,,,2.10.1602,2,1,A01.192,930,𘐣,𗥉,𗀱,𗥉,上
𗔋,U+1750B,,2.369.2,8044/20,K2282,L4979,L4979,S2069,007-125,773,10A52,Ⅰ,D,130,06B15,Ⅰ,82,3,1713,1.59.223,56,1,54,2,1,𘁨,𗛣,,1.19.2506,2,1,A01.193,418,𘁨,𗛣,𗫉,𘙾,平
𗟦,U+177E6,,3.219.1,1244/42,K2635,L0598,L0598,S0307,112-062,774,10A53,Ⅰ,D,131,06B26,Ⅰ,85,3,811,1.31.112,25,1,24,3,1,𗩔,𘕆,,1.11.2605,1,7,A01.194,254,𗩔,𘕆,𗫉,𘂦,平
𘀘,U+18018,,6.116.1,3321/24,K4576,L3904,L3904,S2881,,775,10A54,Ⅰ,D,132,06A76,Ⅰ,80,2,1380,1.49.121,38,1,37,1,1,𗀫,𘈧,,1.16.2404,1,1,A01.201,344,𗀫,𘈧,𗀱,𘈧,平
𘛢,U+186E2,,8.385.2,8121/42,K4237,L5264,L5264,S2354,,776,10A55,Ⅰ,D,133,02A78,Ⅰ,5,2,2275,1.79.161,79,1,74,1,1,𗪙,𗃎,,1.25.1603,1,1,A01.202,555,𗪙,𗃎,𗫉,𗃎,平
𘜉,U+18709,,8.417.2,1751/00,K5373,L1427,L1427,S4886,026-041,777,10A56,Ⅰ,D,134,04A18,Ⅰ,27,1,2964,,11,2,10,,,,,,2.04.2509,1,1,A01.203,811,𗨁,𗣊,𗀱,𘒇,上
𗸻,U+17E3B,,5.220.1,1122/24,K0131,L0208,L0208,S1097,109-052,778,10A57,Ⅰ,D,135,03B14,Ⅰ,19,2,2480,1.87.141,90,1,84,2,2,𗑉,𘒲,,1.27.2306,1,4,A02.011,606,𘝯,𘒲,𗫉,𗙅,平
𘈋,U+1820B,,7.001.2,1021/24,K5142,L0024,L0024,S0258,021-082,779,10A58,Ⅰ,D,136,04A45,Ⅰ,30,5,3539,,37,2,33,,,,,,2.09.2201,1,2,A02.012,925,𗻜,𘟀,𗀱,𗆎,上
𗐕,U+17415,,2.152.1,2795/00,K0377,L3448,L3448,S5571,,780,10A61,Ⅰ,D,137,04B51,Ⅰ,38,4,3538,,37,2,33,,,,,,2.09.2110,1,1,A02.021,924,𗭬,𗰐,𗞡,𗆎,上
𗎘,U+17398,,2.091.1,1441/20,K3979,L0785,L0785,S1160,186-021,781,10A62,Ⅰ,D,138,05A28,Ⅰ,46,2,2711,,2,2,2,,,,,,2.02.2602,1,1,A02.022,740,?,?,?,?,
𗷦,U+17DE6,,5.157.1,1121/52,K4931,L0190,L0190,S0336,122-051,782,10A63,Ⅰ,D,139,05A52,Ⅰ,49,3,1031,1.37.271,31,1,30,5,1,𗪊,𗈶,,1.13.2107,4,6,A02.023,299,𗪊,𗈶,𗫉,𗝚,平
𗨁,U+17A01,,4.388.1,2341/22,K4573,L2612,L2612,S3709,204-09j,783,10A64,Ⅰ,D,140,05A77,Ⅰ,54,1,2750,,3,2,3,,,,,,2.03.1308,2,1,A02.031,744,𘜉,𘆶,𗀱,𘆶,上
𗪙,U+17A99,,4.504.1,2441/24,K4061,L2764,L2764,S3703,204-114,784,10A65,Ⅰ,D,141,05B21,Ⅰ,57,1,2293,1.80.132,80,1,75,1,2,𘝊,𗨬,,1.25.2204,1,2,A02.032,563,𘝊,𗨬,𗫉,𗌈,平
𗏲,U+173F2,,2.180.1,2244/40,K2899,L2489,L2489,S5620,,785,10A66,Ⅰ,D,142,06B72,Ⅰ,94,3,3494,,34,2,30,,,,,,2.09.1403,4,1,A02.033,,?,?,?,?,
𘕶,U+18576,,8.149.1,9354/50,K3081,L5898,L5898,S1667,,786,10A67,Ⅰ,D,143,05A78,Ⅰ,54,2,221,1.12.111,7,1,7,2,3,𘝀,𘞩,,1.06.2405,2,3,A02.034,103,𘝀,𘞩,𗀱,𗴢,平
𘂙,U+18099,,6.180.3,9772/44,K1370,L5963,L5963,S1758,,787,10A68,Ⅰ,D,144,06B75,Ⅰ,95,3,1991,1.68.272,66,1,63,1,1,𗟟,𘟌,,1.22.1601,1,1,A02.041,482,𗟟,𘟌,𗞡,𘟫,平
𗘺,U+1763A,,3.003.4,1122/22,K0982,L0201,L0201,S0090,102-052,788,10A71,Ⅰ,D,145,03B67,Ⅰ,23,14,1294,,37,1,36,,,?,?,,1.16.1103,1,10,A02.042,60,𘘮,𗄱,𗫉,𘒋,平
𗛁,U+176C1,,3.072.2,5044/00,K2432,L4334,L4334,S0720,017-08b,789,10A72,Ⅰ,D,146,06A77,Ⅰ,81,1,431,1.18.271,12,1,12,1,1,𗶟,𘝑,,1.08.2703,1,1,A02.043,160,𗶟,𘝑,𗫉,𗛁,平
𗎚,U+1739A,,2.098.1,1344/20,K2038,L0708,L0708,S1164,186-041,790,10A73,Ⅰ,D,147,04A72,Ⅰ,32,3,,,82,2,71,,,,,,,,,A02.051,51,𗴻,𘇜,/,/,平雑
𗪳,U+17AB3,,4.523.1,2744/25,K2338,L3327,L3327,S3901,,791,10B21,Ⅱ,1,1,09B21,Ⅱ,1,1,2884,,8,2,7,,,,,,2.04.1309,8,1,A02.061,776,𗋚,𘇜,𘃝,𗙐,上
𗍁,U+17341,,2.014.4,1141/40,K4383,L0289,L0289,S0645,098-071,792,10B22,Ⅱ,1,2,09B22,Ⅱ,1,2,2885,,8,2,7,,,,,,2.04.1401,8,2,A02.062,777,𗋚,𘇜,𘃝,𗙐,上
𗿸,U+17FF8,,6.093.1,2844/44,K0433,L3703,L3703,S5661,211-132,793,10B23,Ⅱ,1,3,09B23,Ⅱ,1,3,2886,,8,2,7,,,,,,2.04.1402,8,3,A02.063,778,𗋚,𘇜,𘃝,𗙐,上
𗍗,U+17357,,2.040.4,1844/24,K0432,L1768,L1768,S0624,098-101,794,10B24,Ⅱ,1,4,09B24,Ⅱ,1,4,2887,,8,2,7,,,,,,2.04.1403,8,4,A02.064,779,𗋚,𘇜,𘃝,𗙐,上
𗌴,U+17334,,2.005.2,1742/20,K1530,L1230,L1230,S0631,098-041,795,10B25,Ⅱ,1,5,09B25,Ⅱ,1,5,,,8,2,7,,,,,,,,,A02.071,679,𗋚,𘇜,𘃝,𗙐,上
𗌺,U+1733A,,2.011.1,1844/20,K0418,L1748,L1748,S0627,098-065,796,10B26,Ⅱ,1,6,09B26,Ⅱ,1,6,2888,,8,2,7,,,,,,2.04.1404,8,5,A02.072,780,𗋚,𘇜,𘃝,𗙐,上
𗺮,U+17EAE,,5.315.4,2844/42,K0420,L3701,L3701,S3213,,797,10B27,Ⅱ,1,7,09B28,Ⅱ,1,8,2889,,8,2,7,,,,,,2.04.1405,8,6,A02.073,781,𗋚,𘇜,𘃝,𗙐,上
𗳅,U+17CC5,,3.663.2,1191/20,K5404,L0463,L0463,S5286,050-051,798,10B28,Ⅱ,1,8,09B31,Ⅱ,1,9,2891,,8,2,7,,,,,,2.04.1407,8,8,A02.074,782,𗋚,𘇜,𘃝,𗙐,上
𗍙,U+17359,,2.042.2,1744/40,K2382,L1381,L1381,S0662,,799,10B31,Ⅱ,1,9,09B27,Ⅱ,1,7,2890,,8,2,7,,,,,,2.04.1406,8,7,A02.081,783,𗋚,𘇜,𘃝,𗙐,上
𗬈,U+17B08,,4.614.4,2740/00,K5732,L3103,L3103,S3856,,800,10B32,Ⅱ,1,10,09B44,Ⅱ,1,20,2892,,8,2,7,,,,,,2.04.1408,8,9,A02.082,784,𗋚,𘇜,𘃝,𗙐,上
𗬗,U+17B17,,3.371.1,2122/44,K3661,L2039,L2039,S5628,250-111,801,10B33,Ⅱ,1,11,09B43,Ⅱ,1,19,2894,,8,2,7,,,,,,2.04.1410,8,11,A02.083,785,𗋚,𘇜,𘃝,𗙐,上
𗬖,U+17B16,,3.370.B,2224/41,K2674,L2425,L2425,S5629,250-081,802,10B34,Ⅱ,1,12,09B42,Ⅱ,1,18,2893,,8,2,7,,,,,,2.04.1409,8,10,A02.091,786,𗋚,𘇜,𘃝,𗙐,上
𘗺,U+185FA,,8.247.3,1342/22,K0831,L0686,L0686,S4527,,803,10B35,Ⅱ,1,13,09B33,Ⅱ,1,11,2895,,8,2,7,,,,,,2.04.1411,8,12,A02.092,787,𗋚,𘇜,𘃝,𗙐,上
𘌳,U+18333,,7.241.2,8124/40,K2142,L5141,L5141,S2201,,804,10B36,Ⅱ,1,14,09B57,Ⅱ,1,31,2896,,8,2,7,,,,,,2.04.1501,8,13,A02.093,788,𗋚,𘇜,𘃝,𗙐,上
𘈖,U+18216,,7.012.1,1344/20,K2243,L0706,L0706,S0050,,805,10B37,Ⅱ,2,1,09B65,Ⅱ,2,6,2878,,8,2,7,,,,,,2.04.1303,7,2,A02.101,789,𘔀,𗁸,𗵃,𗙐,上
𗨻,U+17A3B,,4.430.3,2142/80,K0185,L2226,L2226,S3384,204-10f,806,10B38,Ⅱ,2,2,09B66,Ⅱ,2,7,2879,,8,2,7,,,,,,2.04.1304,7,3,A02.102,790,𘔀,𗁸,𗵃,𗙐,上
𗔬,U+1752C,,2.389.1,8044/00,?,L4962,L4962,S2063,007-146,807,10B41,Ⅱ,2,3,09B36,Ⅱ,1,14,2880,,8,2,7,,,,,,2.04.1305,7,4,A02.103,791,𘔀,𗁸,𗵃,𗙐,上
𘟢,U+187E2,,8.603.1,1144/24,K2145,L0373,L0373,S4395,,808,10B42,Ⅱ,2,4,09B41,Ⅱ,1,17,2881,,8,2,7,,,,,,2.04.1306,7,5,A02.104,792,𘔀,𗁸,𗵃,𗙐,上
𗽜,U+17F5C,,5.446.4,2744/00,K5730,L3293,L3293,S4029,210-086,809,10B43,Ⅱ,2,5,09B32,Ⅱ,1,10,2882,,8,2,7,,,,,,2.04.1307,7,6,A02.105,793,𘔀,𗁸,𗵃,𗙐,上
𘗹,U+185F9,,8.247.2,1744/00,?,L1308,L1308,S4526,,810,10B44,Ⅱ,2,6,09B35,Ⅱ,1,13,2883,,8,2,7,,,,,,2.04.1308,7,7,A02.111,794,𘔀,𗁸,𗵃,𗙐,上
𘍵,U+18375,,7.291.1,8224/20,K2773,L5286,L5286,S2490,,811,10B45,Ⅱ,3,1,09B46,Ⅱ,1,22,256,1.13.141,8,1,8,4,2,𗋚,𗈽,,1.07.1202,4,2,A02.112,113,𗋚,𗈽,𗵃,𗈽,平
𘍺,U+1837A,,7.293.3,8721/24,K5240,L5499,L5499,S2496,111-062,812,10B46,Ⅱ,3,2,09B47,Ⅱ,1,23,257,1.13.142,8,1,8,4,3,𗋚,𗈽,,1.07.1203,4,3,A02.113,114,𗋚,𗈽,𗵃,𗈽,平
𘍹,U+18379,,7.293.2,8224/22,K3607,L5290,L5290,S2489,,813,10B47,Ⅱ,3,3,09B48,Ⅱ,1,24,258,1.13.151,8,1,8,4,4,𗋚,𗈽,,1.07.1204,4,4,A02.121,115,𗋚,𗈽,𗵃,𗈽,平
𘎃,U+18383,,7.297.2,8124/20,K3357,L5134,L5134,S2483,111-091,814,10B48,Ⅱ,3,4,09B51,Ⅱ,1,25,259,1.13.152,8,1,8,4,5,𗋚,𗈽,,1.07.1205,4,5,A02.122,116,𗋚,𗈽,𗵃,𗈽,平
𘍼,U+1837C,,7.294.2,8121/24,K4039,L5081,L5081,S2482,,815,10B51,Ⅱ,3,5,09B52,Ⅱ,1,26,260,1.13.153,8,1,8,4,6,𗋚,𗈽,,1.07.1206,4,6,A02.123,117,𗋚,𗈽,𗵃,𗈽,平
𘍽,U+1837D,,7.294.3,8121/24,K5255,L5082,L5082,S2484,111-072,816,10B52,Ⅱ,3,6,09B53,Ⅱ,1,27,261,1.13.161,8,1,8,4,7,𗋚,𗈽,,1.07.1207,4,7,A02.124,118,𗋚,𗈽,𗵃,𗈽,平
𗟋,U+177CB,,3.205.4,5024/20,K3358,L4183,L4183,S0802,,817,10B53,Ⅱ,3,7,09B55,Ⅱ,1,29,262,1.13.162,8,1,8,4,8,𗋚,𗈽,,1.07.1208,4,8,A02.125,119,𗋚,𗈽,𗵃,𗈽,平
𗞭,U+177AD,,3.196.1,5021/24,K4040,L4120,L4120,S0805,,818,10B54,Ⅱ,3,8,09B54,Ⅱ,1,28,263,1.13.171,8,1,8,4,9,𗋚,𗈽,,1.07.1301,4,9,A02.131,120,𗋚,𗈽,𗵃,𗈽,平
𘊚,U+1829A,,7.125.2,2842/42,K1020,L3649,L3649,S5630,,819,10B55,Ⅱ,3,9,09B56,Ⅱ,1,30,264,1.13.172,8,1,8,4,10,𗋚,𗈽,,1.07.1302,4,10,A02.132,121,𗋚,𗈽,𗵃,𗈽,平
𗸃,U+17E03,,5.186.2,1151/54,K5257,L0410,L0410,S0327,123-072,820,10B56,Ⅱ,3,10,09B45,Ⅱ,1,21,265,1.13.211,8,1,8,4,11,𗋚,𗈽,,1.07.1303,4,11,A02.133,122,𗋚,𗈽,𗵃,𗈽,平
𗵃,U+17D43,,5.023.2,1041/22,K3897,L0083,L0083,S0179,018-092,821,10B57,Ⅱ,3,11,09B37,Ⅱ,1,15,266,1.13.212,8,1,8,4,12,𗋚,𗈽,,1.07.1304,4,12,A02.134,123,𗋚,𗈽,𗵃,𗈽,平
𗛟,U+176DF,,3.083.3,5041/22,K3896,L4234,L4234,S0709,017-099,822,10B58,Ⅱ,3,12,09B38,Ⅱ,1,16,267,1.13.213,8,1,8,4,13,𗋚,𗈽,,1.07.1305,4,13,A02.141,124,𗋚,𗈽,𗵃,𗈽,平
𘃅,U+180C5,,6.223.1,8741/20,K4752,L5589,L5589,S2392,,823,10B61,Ⅱ,4,1,09B61,Ⅱ,2,2,268,1.13.221,8,1,8,5,1,𘔀,𘙡,,1.07.1306,5,1,A02.142,125,𘔀,𘙡,𘃝,𗬃,平
𘃆,U+180C6,,6.223.2,8744/00,K3302,L5642,L5642,S2393,,824,10B62,Ⅱ,4,2,09B58,Ⅱ,2,1,269,1.13.222,8,1,8,5,2,𘔀,𘙡,,1.07.1401,5,2,A02.143,126,𘔀,𘙡,𘃝,𗬃,平
𘖅,U+18585,,8.160.3,8224/20,K2752,L5287,L5287,S2473,,825,10B63,Ⅱ,4,3,09B67,Ⅱ,2,8,270,1.13.231,8,1,8,5,3,𘔀,𘙡,,1.07.1402,5,3,A02.151,127,𘔀,𘙡,𘃝,𗬃,平
𘗸,U+185F8,,8.247.1,1145/20,K1141,L0380,L0380,S4525,,826,10B64,Ⅱ,4,4,09B34,Ⅱ,1,12,271,1.13.232,8,1,8,5,4,𘔀,𘙡,,1.07.1403,5,4,A02.152,128,𘔀,𘙡,𘃝,𗬃,平
𘇲,U+181F2,,6.489.2,1274/42,K2848,L0632,L0632,S5103,161-041,827,10B65,Ⅱ,4,5,09B62,Ⅱ,2,3,272,1.13.233,8,1,8,5,5,𘔀,𘙡,,1.07.1404,5,5,A02.153,129,𘔀,𘙡,𘃝,𗬃,平
𘇴,U+181F4,,6.490.2,1172/42,K0255,L0449,L0449,S5098,,828,10B66,Ⅱ,4,6,09B63,Ⅱ,2,4,,,8,1,8,,,,,,,,,A02.154,20,𘔀,𘙡,𘃝,𗬃,平
𘇶,U+181F6,,6.491.1,1972/42,K0874,L1881,L1881,S5099,161-061,829,10B67,Ⅱ,4,7,09B64,Ⅱ,2,5,,,8,1,8,,,,,,,,,A02.161,,𘔀,𘙡,𘃝,𗬃,平
𗦹,U+179B9,,4.315.3,2342/20,K0915,L2625,L2625,S3715,204-08s,830,10B68,Ⅱ,5,1,09B74,Ⅱ,3,5,307,1.14.262,10,1,10,1,3,𘔀,𗪘,,1.07.2305,1,3,A02.162,140,𘔀,𗪘,𘃝,𗚋,平
𘃝,U+180DD,,6.235.1,8121/22,K5010,L5071,L5071,S2409,056-043,831,10B71,Ⅱ,5,2,11B55,Ⅱ,D,29,308,1.14.263,10,1,10,1,4,𘔀,𗪘,,1.07.2401,1,4,A02.163,141,𘔀,𗪘,𘃝,𗚋,平
𗂣,U+170A3,,1.112.2,2401/42,K3854,L2712,L2712,S1605,039-114,832,10B72,Ⅱ,5,3,09B75,Ⅱ,3,6,309,1.14.271,10,1,10,1,5,𘔀,𗪘,,1.07.2402,1,5,A02.164,142,𘔀,𗪘,𘃝,𗚋,平
𗧉,U+179C9,,4.338.3,2842/40,K0100,L3644,L3644,S3665,204-08a,833,10B73,Ⅱ,6,1,09B77,Ⅱ,3,8,2927,,10,2,9,,,,,,2.04.2106,1,1,A02.171,806,𗋚,𗶃,𘃝,𗄐,上
𘃣,U+180E3,,6.254.2,8725/25,K0593,L5574,L5574,S2426,056-052,834,10B74,Ⅱ,6,2,09B71,Ⅱ,3,2,2928,,10,2,9,,,,,,2.04.2107,1,2,A02.172,807,𗋚,𗶃,𘃝,𗄐,上
𗉵,U+17275,,1.556.1,1841/22,K4652,L1686,L1686,S5537,185-101,835,10B75,Ⅱ,6,3,09B72,Ⅱ,3,3,2929,,10,2,9,,,,,,2.04.2108,1,3,A02.173,808,𗋚,𗶃,𘃝,𗄐,上
𗩲,U+17A72,,4.468.1,2741/00,K0056,L3107,L3107,S3854,204-10n,836,10B76,Ⅱ,6,4,09B73,Ⅱ,3,4,2930,,10,2,9,,,,,,2.04.2109,1,4,A02.174,810,𗋚,𗶃,𘃝,𗄐,上
𘞱,U+187B1,,8.552.2,1710/00,K0053,L0900,L0900,S4782,009-081,837,10B77,Ⅱ,6,5,09B76,Ⅱ,3,7,2931,,10,2,9,,,,,,2.04.2110,1,5,A02.181,809,𗋚,𗶃,𘃝,𗄐,上
𘘭,U+1862D,,8.286.3,1145/50,K1168,L0385,L0385,S4996,301-051,838,10B78,Ⅱ,7,1,09B78,Ⅱ,4,1,4258,,70,2,60,,,,,,2.14.2105,1,1,A02.182,1094,𗢊,𗆈,𘃝,𗒣,上
𗱴,U+17C74,,3.618.2,1741/00,K4184,L1162,L1162,S4929,026-082,839,11A11,Ⅱ,7,2,10A11,Ⅱ,4,2,4259,,70,2,60,,,,,,2.14.2106,1,2,A02.183,1095,𗢊,𗆈,𘃝,𗒣,上
𗌯,U+1732F,,2.001.1,1824/00,K3180,L1628,L1628,S0080,,840,11A12,Ⅱ,7,3,10A12,Ⅱ,4,3,4260,,70,2,60,,,,,,2.14.2107,1,3,A02.184,1096,𗢊,𗆈,𘃝,𗒣,上
𗴧,U+17D27,,3.736.3,2772/24,K1793,L1498,L1498,S4138,180-094,841,11A13,Ⅱ,7,4,10A18,Ⅱ,4,9,4261,,70,2,60,,,,,,2.14.2108,1,4,A02.191,1097,𗢊,𗆈,𘃝,𗒣,上
𗣕,U+178D5,,4.044.1,2144/00,K3065,L2230,L2230,S3485,204-058,842,11A14,Ⅱ,8,1,10A13,Ⅱ,4,4,2085,1.72.152,70,1,67,1,1,𘐋,𘎮,,1.23.1602,1,1,A02.192,516,𘐋,𘎮,𘃝,𗳃,平
𘂶,U+180B6,,6.213.1,8240/50,K0109,L5303,L5303,S2394,208-061,843,11A15,Ⅱ,8,2,10A14,Ⅱ,4,5,2086,1.72.161,70,1,67,1,2,𘐋,𘎮,,1.23.1603,1,2,A02.193,517,𘐋,𘎮,𘃝,𗳃,平
𗎆,U+17386,,2.080.2,4874/00,K2973,L4091,L4091,S0606,085-051,844,11A16,Ⅱ,8,3,10A15,Ⅱ,4,6,2087,1.72.171,70,1,67,1,3,𘐋,𘎮,,1.23.1604,1,3,A02.194,518,𘐋,𘎮,𘃝,𗳃,平
𗑟,U+1745F,,2.249.2,8044/40,K1038,L4989,L4989,S2000,007-083,845,11A17,Ⅱ,8,4,10A17,Ⅱ,4,8,2088,1.72.172,70,1,67,1,4,𘐋,𘎮,,1.23.1605,1,4,A02.201,519,𘐋,𘎮,𘃝,𗳃,平
𘕉,U+18549,,8.088.1,3741/24,K5173,L3966,L3966,S3035,234-061,846,11A18,Ⅱ,8,5,10A21,Ⅱ,4,10,2089,1.72.173,70,1,67,1,5,𘐋,𘎮,,1.23.1701,1,5,A02.202,520,𘐋,𘎮,𘃝,𗳃,平
𗞎,U+1778E,,3.180.3,5041/24,K5174,L4243,L4243,S0837,017-126,847,11A21,Ⅱ,8,6,10A22,Ⅱ,4,11,,,70,1,67,,,,,,,,,A02.203,45,𘐋,𘎮,𘃝,𗳃,平
𗿾,U+17FFE,,6.101.1,2144/40,K2474,L2268,L2268,S5754,211-161,848,11A22,Ⅱ,8,7,10A24,Ⅱ,4,13,2090,1.72.211,70,1,67,1,6,𘐋,𘎮,,1.23.1702,1,6,A02.204,521,𘐋,𘎮,𘃝,𗳃,平
𘟬,U+187EC,,8.611.1,8141/42,K5021,L5203,L5203,S2600,028-132,849,11A23,Ⅱ,8,8,10A16,Ⅱ,4,7,2091,1.72.212,70,1,67,1,7,𘐋,𘎮,,1.23.1703,1,7,A02.211,522,𘐋,𘎮,𘃝,𗳃,平
𗯈,U+17BC8,,3.471.1,8721/70,K5651,L5516,L5516,S2317,269-103,850,11A24,Ⅱ,8,9,10A23,Ⅱ,4,12,2092,1.72.221,70,1,67,1,8,𘐋,𘎮,,1.23.1704,1,8,A02.212,523,𘐋,𘎮,𘃝,𗳃,平
𗩡,U+17A61,,4.454.1,2841/40,K4107,L3593,L3593,S3630,204-10zk,851,11A25,Ⅱ,9,1,10A25,Ⅱ,5,1,3525,,36,2,32,,,,,,2.09.1706,1,1,A02.213,917,𘃝,𗐕,𘃝,𗜙,上
𘛟,U+186DF,,8.384.3,8240/55,K0117,L5305,L5305,S1974,007-12d,852,11A26,Ⅱ,9,2,10A26,Ⅱ,5,2,3526,,36,2,32,,,,,,2.09.1707,1,2,A02.214,918,𘃝,𗐕,𘃝,𗜙,上
𗴖,U+17D16,,3.718.1,2374/42,K2202,L2694,L2694,S3079,159-051,853,11A27,Ⅱ,9,3,10A27,Ⅱ,5,3,3527,,36,2,32,,,,,,2.09.1708,1,3,A02.221,919,𘃝,𗐕,𘃝,𗜙,上
𗍼,U+1737C,,2.076.1,1421/24,K4117,L0753,L0753,S0301,103-072,854,11A28,Ⅱ,9,4,10A28,Ⅱ,5,4,3528,,36,2,32,,,,,,2.09.1709,1,4,A02.222,920,𘃝,𗐕,𘃝,𗜙,上
𗍾,U+1737E,,2.076.3,1421/22,K3720,L0745,L0745,S0302,103-092,855,11A31,Ⅱ,9,5,10A31,Ⅱ,5,5,,,36,2,32,,,,,,,,,A02.223,921,𘃝,𗐕,𘃝,𗜙,上
𗘯,U+1762F,,2.596.1,2274/40,K2647,L2536,L2536,S3070,090-041,856,11A32,Ⅱ,9,6,10A32,Ⅱ,5,6,3529,,36,2,32,,,,,,2.09.1710,1,5,A02.224,922,𘃝,𗐕,𘃝,𗜙,上
𗁁,U+17041,,1.049.1,2304/00,K2150,L2562,L2562,S1567,039-062,857,11A33,Ⅱ,9,7,10A33,Ⅱ,5,7,3530,,36,2,32,,,,,,2.09.2101,1,6,A02.225,923,𘃝,𗐕,𘃝,𗜙,上
𘞿,U+187BF,,8.561.2,1210/80,K0145,L0476,L0476,S0170,295-051,858,11A34,Ⅱ,10,1,10A34,Ⅱ,6,1,1264,1.45.161,36,1,35,1,1,𘃝,𗄱,,1.15.2401,1,1,A02.231,341,𘃝,𗄱,𗍼,𘟅,平
𘞓,U+18793,,1.202.1,1341/21,K5508,L0676,L0676,S0045,003-151,859,11A35,Ⅱ,10,2,10A35,Ⅱ,6,2,1265,1.45.162,36,1,35,1,2,𘃝,𗄱,,1.15.2402,1,2,A02.232,342,𘃝,𗄱,𗍼,𘟅,平
𗎯,U+173AF,,2.121.1,2505/17,K1480,L2835,L2835,S1261,068-122,860,11A36,Ⅱ,11,1,10A44,Ⅱ,7,7,,,2,2,2,,,,,,,,,A02.233,674,𘃝,𗬤,𘃝,𗲺,上
𗎨,U+173A8,,2.103.1,2702/14,K1761,L2926,L2926,S1263,068-081,861,11A37,Ⅱ,11,2,10A43,Ⅱ,7,6,2716,,2,2,2,,,,,,2.02.2607,1,6,A02.234,741,𘃝,𗬤,𘃝,𗲺,上
𗜅,U+17705,,3.099.2,5041/20,K5000,L4227,L4227,S0820,,862,11A38,Ⅱ,11,3,10A36,Ⅱ,7,1,2715,,2,2,2,,,,,,2.02.2606,1,5,A02.241,742,𘃝,𗬤,𘃝,𗲺,上
𗻾,U+17EFE,,5.340.2,2149/00,K0711,L2213,L2213,S3957,,863,11A41,Ⅱ,12,1,10A42,Ⅱ,7,5,71,1.07.151,2,1,2,4,2,𘃝,𘜲,,1.05.1505,4,2,A02.242,77,𘃝,𘜲,𘃝,𘜲,平
𗼁,U+17F01,,5.341.3,2743/22,K5562,L3269,L3269,S3960,206-111,864,11A42,Ⅱ,12,2,10A41,Ⅱ,7,4,72,1.07.152,2,1,2,4,3,𘃝,𘜲,,1.05.1601,4,3,A02.243,78,𘃝,𘜲,𘃝,𘜲,平
𗛸,U+176F8,,3.095.1,5042/74,K1371,L4311,L4311,S0892,,865,11A43,Ⅱ,12,3,10A37,Ⅱ,7,2,73,1.07.161,2,1,2,4,4,𘃝,𘜲,,1.05.1602,4,4,A02.244,79,𘃝,𘜲,𘃝,𘜲,平
𘔀,U+18500,,8.029.2,7744/40,K2353,L4631,L4631,S0577,256-052,866,11A44,Ⅱ,12,4,10A38,Ⅱ,7,3,74,1.07.162,2,1,2,4,5,𘃝,𘜲,,1.05.1603,4,5,A03.011,80,𘃝,𘜲,𘃝,𘜲,平
𘝺,U+1877A,,8.517.2,1814/00,K3155,L1580,L1580,S4520,266-061,867,11A45,Ⅱ,13,1,10A47,Ⅱ,9,1,4090,,62,2,52,,,,,,2.13.1607,1,1,A03.012,1044,𘂶,𗃡,𗵃,𘝍,上
𗎮,U+173AE,,2.120.1,2501/15,K4758,L2820,L2820,S1265,068-092,868,11A46,Ⅱ,13,2,10A45,Ⅱ,8,1,4091,,62,2,52,,,,,,2.13.1608,1,2,A03.013,1045,𘂶,𗃡,𗵃,𘝍,上
𗢊,U+1788A,,3.046.1,4301/12,K5037,L4044,L4044,S2965,069-051,869,11A47,Ⅱ,13,3,10A46,Ⅱ,8,2,,,62,2,52,,,,,,,,,A03.014,1046,𘂶,𗃡,𗵃,𘝍,上
𘐋,U+1840B,,7.419.1,8841/21,K5529,L5724,L5724,S2731,236-071,870,11A48,Ⅱ,14,1,10A48,Ⅱ,9,2,1852,1.64.161,62,1,59,1,4,𘂶,𘉡,,1.21.1203,1,4,A03.021,444,𘂶,𘉡,𗵃,𗤧,平
𘐥,U+18425,,7.438.2,8844/40,K1051,L5764,L5764,S2733,,871,11A51,Ⅱ,14,2,10A51,Ⅱ,9,3,1853,1.64.162,62,1,59,1,5,𘂶,𘉡,,1.21.1204,1,5,A03.022,445,𘂶,𘉡,𗵃,𗤧,平
𗈁,U+17201,,1.452.1,1742/20,K0241,L1225,L1225,S4544,,872,11A52,Ⅱ,15,1,10A53,Ⅱ,10,2,217,1.11.253,7,1,7,1,1,𘈊,𘞐,,1.06.2401,1,1,A03.023,104,𘈊,𘞐,𗵃,𗴢,平
𗛯,U+176EF,,3.091.1,5041/00,K4738,L4217,L4217,S0894,017-09h,873,11A53,Ⅱ,15,2,10A52,Ⅱ,10,1,218,1.11.261,7,1,7,1,2,𘈊,𘞐,,1.06.2402,1,2,A03.031,105,𘈊,𘞐,𗵃,𗴢,平
𗋥,U+172E5,,1.635.1,2722/42,K0775,L3033,L3033,S4260,,874,11A54,Ⅱ,16,1,10A54,Ⅱ,11,1,2355,1.82.162,82,1,77,4,2,𗂟,𗿀,,1.26.1504,2,5,A03.032,569,𗂟,𗿀,𗵃,𗨈,平
𘎄,U+18384,,7.299.1,8821/22,K3813,L5693,L5693,S2487,111-092,875,11A55,Ⅱ,16,2,10A55,Ⅱ,11,2,2356,1.82.171,82,1,77,4,3,𗂟,𗿀,,1.26.1505,2,6,A03.033,570,𗂟,𗿀,𗵃,𗨈,平
𘛬,U+186EC,,8.391.1,8749/00,K0647,L5687,L5687,S2516,318-051,876,11A56,Ⅱ,16,3,10A56,Ⅱ,11,3,2357,1.82.172,82,1,77,4,4,𗂟,𗿀,,1.26.1506,2,7,A03.034,571,𗂟,𗿀,𗵃,𗨈,平
𘉤,U+18264,,7.088.3,4701/40,K4611,L4056,L4056,S3107,,877,11A57,Ⅱ,16,4,10A57,Ⅱ,11,4,2358,1.82.211,82,1,77,4,5,𗂟,𗿀,,1.26.1507,2,8,A03.041,572,𗂟,𗿀,𗵃,𗨈,平
𗾏,U+17F8F,,6.009.2,2741/00,K4616,L3109,L3109,S5742,211-042,878,11A58,Ⅱ,16,5,10A58,Ⅱ,11,5,2359,1.82.212,82,1,77,4,6,𗂟,𗿀,,1.26.1601,2,9,A03.042,573,𗂟,𗿀,𗵃,𗨈,平
𗆬,U+171AC,,1.397.1,2101/22,K3723,L1902,L1902,S1345,041-116,879,11A61,Ⅱ,16,6,10A64,Ⅱ,11,9,2360,1.82.221,82,1,77,4,7,𗂟,𗿀,,1.26.1602,2,10,A03.043,574,𗂟,𗿀,𗵃,𗨈,平
𘘑,U+18611,,8.260.3,1244/00,K2667,L0540,L0540,S4844,296-041,880,11A62,Ⅱ,17,1,10A66,Ⅱ,11,11,2361,1.82.222,82,1,77,5,1,𗂟,𗇗,,1.26.1603,3,1,A03.044,575,𗂟,𗇗,𘃝,𗨈,平去
𘘒,U+18612,,8.261.1,1344/00,K2183,L0689,L0689,S4843,296-052,881,11A63,Ⅱ,17,2,10A65,Ⅱ,11,10,,,82,1,77,,,,,,,,,A03.051,48,𗂟,𗇗,𘃝,𗨈,平去
𗃅,U+170C5,,1.147.3,2801/44,K5198,L3468,L3468,S1241,039-153,882,11A64,Ⅱ,17,3,10A63,Ⅱ,11,8,2362,1.82.231,82,1,77,5,2,𗂟,𗇗,,1.26.1604,3,2,A03.052,576,𗂟,𗇗,𘃝,𗨈,平去
𗋩,U+172E9,,1.636.1,2721/40,K4211,L3012,L3012,S4279,181-094,883,11A65,Ⅱ,18,1,11B56,Ⅱ,D,30,,,82,2,71,,,,,,,,,A03.053,1152,𗂟,𗬟,𘃝,𗄛,上
𘝄,U+18744,,8.476.3,1841/40,K5197,L1697,L1697,S0416,,884,11A66,Ⅱ,18,2,10A61,Ⅱ,11,6,4490,,82,2,71,,,,,,2.16.1212,2,18,A03.054,713,𗂟,𗬟,𘃝,𗄛,上
𘝎,U+1874E,,8.483.1,1744/20,K2548,L1358,L1358,S0425,305-081,885,11A67,Ⅱ,18,3,10A62,Ⅱ,11,7,4491,,82,2,71,,,,,,2.16.1213,2,19,A03.061,1153,𗂟,𗬟,𘃝,𗄛,上
𗃋,U+170CB,,1.151.1,2701/42,K0014,L2921,L2921,S1563,039-154,886,11A68,Ⅱ,19,1,10A67,Ⅱ,12,1,4440,,79,2,68,,,,,,2.15.2502,2,2,A03.062,1125,𘝺,𗂅,𗵃,𗳭,上
𗲎,U+17C8E,,3.634.2,1721/42,?,L0973,L0973,S4869,,887,11A71,Ⅱ,19,2,10A68,Ⅱ,12,2,4441,,79,2,68,,,,,,2.15.2503,2,3,A03.063,1126,𘝺,𗂅,𗵃,𗳭,上
𗽡,U+17F61,,5.450.1,2344/40,K2205,L2674,L2674,S3986,,888,11A72,Ⅱ,19,3,10A71,Ⅱ,12,3,4442,,79,2,68,,,,,,2.15.2504,2,4,A03.071,1127,𘝺,𗂅,𗵃,𗳭,上
𘆀,U+18180,,6.404.3,1451/00,K3790,L0825,L0825,S4816,059-021,889,11A73,Ⅱ,20,1,10A72,Ⅱ,13,1,2290,1.80.111,79,1,74,6,2,𘝹,𗙧,,1.25.2105,4,2,A03.072,556,𘝹,𗙧,𗵃,𗙨,平
𗣟,U+178DF,,4.050.1,2842/24,K1844,L3630,L3630,S3514,205-053,890,11A74,Ⅱ,20,2,10A73,Ⅱ,13,2,2291,1.80.121,79,1,74,6,3,𘝹,𗙧,,1.25.2201,4,3,A03.073,557,𘝹,𗙧,𗵃,𗙨,平
𘕖,U+18556,,8.105.1,9824/20,K3227,L5974,L5974,S1717,140-062,891,11A75,Ⅱ,21,1,10A74,Ⅱ,14,1,4133,,64,2,54,,,,,,2.13.2305,1,1,A03.074,1060,𘘭,𗮲,𗵃,𗿩,上
𗇎,U+171CE,,1.423.1,3021/24,K5239,L3815,L3815,S2933,005-081,892,11A76,Ⅱ,21,2,10A75,Ⅱ,14,2,4134,,64,2,54,,,,,,2.13.2306,1,2,A03.081,1061,𘘭,𗮲,𗵃,𗿩,上
𗐤,U+17424,,2.199.1,3021/21,K5477,L3813,L3813,S2926,006-091,893,11A77,Ⅱ,21,3,10A76,Ⅱ,14,3,4136,,64,2,54,,,,,,2.13.2308,1,4,A03.082,1062,𘘭,𗮲,𗵃,𗿩,上
𗾊,U+17F8A,,6.007.4,2144/20,K3562,L2253,L2253,S5670,211-043,894,11A78,Ⅱ,21,4,10A77,Ⅱ,14,4,4137,,64,2,54,,,,,,2.13.2309,1,5,A03.083,1063,𘘭,𗮲,𗵃,𗿩,上
𗾘,U+17F98,,6.016.2,2842/20,K0787,L3625,L3625,S5685,211-057,895,11B11,Ⅱ,21,5,10B11,Ⅱ,14,6,4138,,64,2,54,,,,,,2.13.2401,1,6,A03.091,1064,𘘭,𗮲,𗵃,𗿩,上
𘎚,U+1839A,,7.316.3,8741/44,K3736,L5602,L5602,S2460,152-072,896,11B12,Ⅱ,21,6,11A52,Ⅱ,40,1,4135,,64,2,54,,,,,,2.13.2307,1,3,A03.092,1065,𘘭,𗮲,𗵃,𗿩,上
𗝉,U+17749,,3.142.3,5021/24,K5232,L4111,L4111,S0978,017-10m,897,11B13,Ⅱ,22,1,10B12,Ⅱ,15,1,4217,,66,2,56,,,,,,2.14.1403,7,1,A03.093,1073,𗭩,𗉳,𗵃,𗰗,上
𘚓,U+18693,,3.212.2,5151/20,K5398,L4432,L4432,S0946,,898,11B14,Ⅱ,22,2,10B15,Ⅱ,15,4,4218,,66,2,56,,,,,,2.14.1404,7,2,A03.094,1074,𗭩,𗉳,𗵃,𗰗,上
𗾟,U+17F9F,,6.024.1,2744/20,K3391,L3310,L3310,S5679,211-068,899,11B15,Ⅱ,22,3,10B13,Ⅱ,15,2,4219,,66,2,56,,,,,,2.14.1405,7,3,A03.101,1075,𗭩,𗉳,𗵃,𗰗,上
𘓹,U+184F9,,8.018.2,1822/42,K1019,L1623,L1623,S0456,261-092,900,11B16,Ⅱ,22,4,10B14,Ⅱ,15,3,4220,,66,2,56,,,,,,2.14.1406,7,4,A03.102,1076,𗭩,𗉳,𗵃,𗰗,上
𗒪,U+174AA,,2.294.2,8022/22,K0965,L4752,L4752,S1862,007-10b,901,11B17,Ⅱ,22,5,10B16,Ⅱ,15,5,4221,,66,2,56,,,,,,2.14.1407,7,5,A03.103,1077,𗭩,𗉳,𗵃,𗰗,上
𘖃,U+18583,,1.434.2,8124/22,K3581,L5139,L5139,S2359,,902,11B18,Ⅱ,22,6,10B17,Ⅱ,15,6,4222,,66,2,56,,,,,,2.14.1408,7,6,A03.104,1078,𗭩,𗉳,𗵃,𗰗,上
𘓤,U+184E4,,7.644.1,2121/52,K5403,L2021,L2021,S4129,180-105,903,11B21,Ⅱ,22,7,10B18,Ⅱ,15,7,4223,,66,2,56,,,,,,2.14.1409,7,7,A03.111,1079,𗭩,𗉳,𗵃,𗰗,上
𘚁,U+18681,,8.335.3,2722/42,K0266,L3032,L3032,S4126,,904,11B22,Ⅱ,23,1,10B21,Ⅱ,16,1,2071,1.71.251,68,1,65,3,4,𗝹,𗂷,,1.23.1208,2,4,A03.112,505,𗝹,𗂷,𘃝,𗄩,平
𗢡,U+178A1,,3.360.1,2321/22,K5070,L2578,L2578,S3146,,905,11B23,Ⅱ,23,2,10B22,Ⅱ,16,2,2072,1.71.252,68,1,65,3,5,𗝹,𗂷,,1.23.1301,2,5,A03.113,506,𗝹,𗂷,𘃝,𗄩,平
𘗃,U+185C3,,8.202.1,8044/00,K3038,L4966,L4966,S2585,028-115,906,11B24,Ⅱ,23,3,10B23,Ⅱ,16,3,2073,1.71.261,68,1,65,3,6,𗝹,𗂷,,1.23.1302,2,6,A03.114,507,𗝹,𗂷,𘃝,𗄩,平
𗭩,U+17B69,,3.420.2,3744/22,K1918,L3979,L3979,S3039,191-041,907,11B25,Ⅱ,23,4,10B24,Ⅱ,16,4,2074,1.71.262,68,1,65,3,7,𗝹,𗂷,,1.23.1303,2,7,A03.121,508,𗝹,𗂷,𘃝,𗄩,平
𗝱,U+17771,,3.167.4,5044/20,K3028,L4352,L4352,S0832,017-12m,908,11B26,Ⅱ,24,1,10B26,Ⅱ,17,2,4382,,77,2,66,,,,,,2.15.1607,1,1,A03.122,1121,𘘑,𗴴,𗵃,𗯬,上
𗓬,U+174EC,,2.341.3,8044/20,K3030,L4982,L4982,S1973,,909,11B27,Ⅱ,24,2,10B25,Ⅱ,17,1,4383,,77,2,66,,,,,,2.15.1608,1,2,A03.123,1122,𘘑,𗴴,𗵃,𗯬,上
𗯬,U+17BEC,,3.492.3,8244/20,K2860,L5325,L5325,S2833,194-043,910,11B28,Ⅱ,24,3,10B38,Ⅱ,19,1,4384,,77,2,66,,,,,,2.15.1609,1,3,A03.124,1123,𘘑,𗴴,𗵃,𗯬,上
𗴾,U+17D3E,,5.018.1,1022/50,K0111,L0040,L0040,S0204,018-085,911,11B31,Ⅱ,25,1,10B37,Ⅱ,18,9,3473,,34,2,30,,,,,,2.09.1201,1,1,A03.131,908,𗍗,𘜞,𘃝,𗨾,上
𗐫,U+1742B,,2.204.1,8024/00,K3566,L4795,L4795,S1794,,912,11B32,Ⅱ,25,2,10B33,Ⅱ,18,5,3474,,34,2,30,,,,,,2.09.1202,1,2,A03.132,909,𗍗,𘜞,𘃝,𗨾,上
𗝭,U+1776D,,3.166.3,5044/40,K1089,L4369,L4369,S0824,017-11o,913,11B33,Ⅱ,25,3,10B35,Ⅱ,18,7,3475,,34,2,30,,,,,,2.09.1203,1,3,A03.133,910,𗍗,𘜞,𘃝,𗨾,上
𗵬,U+17D6C,,5.077.1,1044/20,K3029,L0126,L0126,S0208,018-127,914,11B34,Ⅱ,25,4,10B27,Ⅱ,18,1,3476,,34,2,30,,,,,,2.09.1204,1,4,A03.141,911,𗍗,𘜞,𘃝,𗨾,上
𗓝,U+174DD,,2.334.2,8041/41,K5484,L4910,L4910,S1992,007-119,915,11B35,Ⅱ,25,5,10B32,Ⅱ,18,4,3477,,34,2,30,,,,,,2.09.1205,1,5,A03.142,912,𗍗,𘜞,𘃝,𗨾,上
𗺂,U+17E82,,5.294.1,2104/50,K3362,L1978,L1978,S1289,135-092,916,11B36,Ⅱ,25,6,10B36,Ⅱ,18,8,3478,,34,2,30,,,,,,2.09.1206,1,6,A03.143,913,𗍗,𘜞,𘃝,𗨾,上
𗳟,U+17CDF,,3.679.1,1842/40,K1868,L1720,L1720,S5392,222-054,917,11B37,Ⅱ,26,1,10B28,Ⅱ,18,2,1437,1.50.271,41,1,40,3,3,𘎃,𘆁,,1.17.1409,3,3,A03.144,359,𘎃,𘆁,𗵃,𗣫,平
𗚫,U+176AB,,3.064.1,5024/00,K3568,L4165,L4165,S0774,017-07b,918,11B38,Ⅱ,26,2,10B34,Ⅱ,18,6,1438,1.50.272,41,1,40,3,4,𘎃,𘆁,,1.17.1501,3,4,A03.151,360,𘎃,𘆁,𗵃,𗣫,平
𗯿,U+17BFF,,3.509.1,8744/20,K3027,L5659,L5659,S2840,194-071,919,11B41,Ⅱ,27,1,11B27,Ⅱ,D,7,2272,1.79.141,77,1,73,2,1,𘘑,𗎊,,1.25.1506,2,1,A03.152,552,𘘑,𗎊,𗵃,𗯿,平
𗾌,U+17F8C,,6.008.1,2842/40,K1873,L3645,L3645,S5713,211-059,920,11B42,Ⅱ,27,2,10B41,Ⅱ,19,2,2273,1.79.151,77,1,73,2,2,𘘑,𗎊,,1.25.1507,2,2,A03.153,553,𘘑,𗎊,𗵃,𗯿,平
𗋚,U+172DA,,1.630.3,2324/22,K2434,L2590,L2590,S4242,181-09a,921,11B43,Ⅱ,28,1,10B43,Ⅱ,20,2,3376,,30,2,27,,,,,,2.08.1605,1,1,A03.154,889,𗉵,𗮫,𗵃,𗶽,上
𘏰,U+183F0,,7.390.1,8344/00,K2160,L5392,L5392,S2744,236-061,922,11B44,Ⅱ,28,2,10B45,Ⅱ,20,4,3377,,30,2,27,,,,,,2.08.1606,1,2,A03.155,890,𗉵,𗮫,𗵃,𗶽,上
𗋙,U+172D9,,1.630.2,2121/21,K5468,L1989,L1989,S4241,181-09c,923,11B45,Ⅱ,28,3,10B44,Ⅱ,20,3,3378,,30,2,27,,,,,,2.08.1607,1,3,A03.161,891,𗉵,𗮫,𗵃,𗶽,上
𗡡,U+17861,,3.302.2,1142/20,K0244,L0320,L0320,S1185,219-051,924,11B46,Ⅱ,29,1,10B48,Ⅱ,21,3,1133,1.41.112,32,1,31,5,2,𗜶,𗪭,,1.14.2103,4,2,A03.162,316,𗜶,𗪭,𗵃,𘚾,平
𘓓,U+184D3,,7.624.1,2152/00,K0253,L2323,L2323,S4095,061-051,925,11B47,Ⅱ,29,2,10B51,Ⅱ,21,4,1134,1.41.121,32,1,31,5,3,𗜶,𗪭,,1.14.2104,4,3,A03.163,317,𗜶,𗪭,𗵃,𘚾,平
𗩍,U+17A4D,,4.443.2,2142/42,K0250,L2221,L2221,S3499,204-109,926,11B48,Ⅱ,30,1,10B46,Ⅱ,21,1,1135,1.41.122,32,1,31,6,1,𗂉,𘚾,,1.14.2105,5,1,A03.164,318,𗂉,𘚾,𘃝,𘚾,平去
𗦠,U+179A0,,4.291.2,2440/47,K0297,L2740,L2740,S3498,,927,11B51,Ⅱ,30,2,10B47,Ⅱ,21,2,1136,1.41.131,32,1,31,6,2,𗂉,𘚾,,1.14.2106,5,2,A03.171,319,𗂉,𘚾,𘃝,𘚾,平去
𗤻,U+1793B,,4.178.1,2244/20,K2639,L2467,L2467,S3352,204-076,928,11B52,Ⅱ,31,1,10B52,Ⅱ,22,1,2027,1.70.142,67,1,64,2,1,𗎆,𗌥,,1.22.2306,2,1,A03.172,494,𗎆,𗌥,𗵃,𗕹,平
𗌳,U+17333,,2.002.3,1724/22,K2829,L1096,L1096,S0081,095-101,929,11B53,Ⅱ,31,2,10B53,Ⅱ,22,2,2028,1.70.151,67,1,64,2,2,𗎆,𗌥,,1.22.2307,2,2,A03.173,495,𗎆,𗌥,𗵃,𗕹,平
𗌲,U+17332,,2.002.2,1724/00,K2301,L1063,L1063,S0082,095-091,930,11B54,Ⅱ,31,3,10B54,Ⅱ,22,3,,,67,1,64,,,,,,,,,A03.181,43,𗎆,𗌥,𗵃,𗕹,平
𗙈,U+17648,,3.013.2,1121/25,K5364,L0182,L0182,S0093,102-075,931,11B55,Ⅱ,31,4,10B55,Ⅱ,22,4,2029,1.70.152,67,1,64,2,3,𗎆,𗌥,,1.22.2401,2,3,A03.182,496,𗎆,𗌥,𗵃,𗕹,平
𘞴,U+187B4,,8.554.1,1244/40,K1090,L0595,L0595,S4582,317-051,932,11B56,Ⅱ,31,5,10B56,Ⅱ,22,5,2030,1.70.161,67,1,64,2,4,𗎆,𗌥,,1.22.2402,2,4,A03.183,497,𗎆,𗌥,𗵃,𗕹,平
𘞳,U+187B3,,8.553.2,1240/00,K3055,L0527,L0527,S4581,,933,11B57,Ⅱ,31,6,10B57,Ⅱ,22,6,2031,1.70.162,67,1,64,2,5,𗎆,𗌥,,1.22.2403,2,5,A03.184,498,𗎆,𗌥,𗵃,𗕹,平
𗿥,U+17FE5,,6.071.2,2141/40,K4733,L2140,L2140,S5699,211-106,934,11B58,Ⅱ,32,1,10B61,Ⅱ,23,2,2174,1.75.212,72,1,69,2,3,𘂶,𗎰,,1.24.1603,2,3,A03.191,541,𘂶,𗎰,𗵃,𗥇,平
𗄞,U+1711E,,1.203.2,7122/74,K1431,L4539,L4539,S0282,,935,11B61,Ⅱ,32,2,10B63,Ⅱ,23,4,2175,1.75.221,72,1,69,2,4,𘂶,𗎰,,1.24.1604,2,4,A03.192,542,𘂶,𗎰,𗵃,𗥇,平
𘃂,U+180C2,,6.219.1,8841/22,K4667,L5725,L5725,S2377,208-092,936,11B62,Ⅱ,33,1,10B58,Ⅱ,23,1,4313,,72,2,61,,,,,,2.14.2603,11,4,A03.193,1109,𘂶,𗎰,𗵃,𗲸,上借
𘌬,U+1832C,,7.239.1,8121/40,K4544,L5089,L5089,S2200,241-042,937,11B63,Ⅱ,33,2,10B62,Ⅱ,23,3,4314,,72,2,61,,,,,,2.14.2604,11,5,A03.194,1110,𘂶,𗎰,𗵃,𗲸,上借
𘂫,U+180AB,,6.196.2,8142/24,K1791,L5215,L5215,S2371,208-053,938,11B64,Ⅱ,34,1,10B64,Ⅱ,24,1,2176,1.75.231,72,1,69,3,1,𘃝,𘝢,,1.24.1605,3,1,A03.201,543,𘃝,𘝢,𘃝,𗥇,平去
𘂿,U+180BF,,6.218.1,8244/22,K2853,L5329,L5329,S2372,208-093,939,11B65,Ⅱ,34,2,10B65,Ⅱ,24,2,2177,1.75.232,72,1,69,3,2,𘃝,𘝢,,1.24.1606,3,2,A03.202,544,𘃝,𘝢,𘃝,𗥇,平去
𘎧,U+183A7,,7.323.1,8141/00,K4429,L5156,L5156,S2687,,940,11B66,Ⅱ,35,1,10B66,Ⅱ,25,1,604,1.24.171,17,1,17,18,1,𘃝,𘜑,,1.10.1709,15,1,A03.203,193,𘃝,𘜑,𗵃,𗦱,平
𗗾,U+175FE,,2.571.3,1141/40,K4431,L0294,L0294,S5360,218-091,941,11B67,Ⅱ,35,2,10B68,Ⅱ,25,3,605,1.24.172,17,1,17,18,2,𘃝,𘜑,,1.10.1710,15,2,A03.211,194,𘃝,𘜑,𗵃,𗦱,平
𗗸,U+175F8,,2.568.3,1742/40,K1563,L1276,L1276,S5361,218-092,942,11B68,Ⅱ,35,3,10B67,Ⅱ,25,2,606,1.24.173,17,1,17,18,3,𘃝,𘜑,,1.10.2101,15,3,A03.212,195,𘃝,𘜑,𗵃,𗦱,平
𗐌,U+1740C,,2.148.1,2872/00,K0191,L3432,L3432,S5563,,943,11B71,Ⅱ,35,4,10B71,Ⅱ,25,4,607,1.24.211,17,1,17,18,4,𘃝,𘜑,,1.10.2102,15,4,A03.213,196,𘃝,𘜑,𗵃,𗦱,平
𗼤,U+17F24,,5.386.3,2181/25,K4301,L2340,L2340,S3318,,944,11B72,Ⅱ,36,1,10B72,Ⅱ,26,1,1749,1.60.261,56,1,54,11,2,𗰘,𗉏,,1.20.1302,10,2,A03.214,419,𗰘,𗉏,𗵃,𘙾,平
𗵀,U+17D40,,5.021.1,1041/00,K4842,L0072,L0072,S0234,018-087,945,11B73,Ⅱ,36,2,10B73,Ⅱ,26,2,1750,1.60.262,56,1,54,11,3,𗰘,𗉏,,1.20.1303,10,3,A03.215,420,𗰘,𗉏,𗵃,𘙾,平
𗐛,U+1741B,,2.155.3,2710/00,K0063,L2994,L2994,S5564,319-112,946,11B74,Ⅱ,37,1,11A61,Ⅱ,42,2,4555,,85,2,73,,,,,,2.16.2202,5,1,A04.011,1187,𘇲,𗍸,𗵃,𗐔,上
𗛆,U+176C6,,3.074.2,5021/24,K3705,L4109,L4109,S0751,017-086,947,11B75,Ⅱ,37,2,10B74,Ⅱ,27,1,4556,,85,2,73,,,,,,2.16.2203,5,2,A04.012,1188,𘇲,𗍸,𗵃,𗐔,上
𗺾,U+17EBE,,5.323.1,2141/42,K4533,L2159,L2159,S3291,,948,11B76,Ⅱ,37,3,10B75,Ⅱ,27,2,4557,,85,2,73,,,,,,2.16.2204,5,3,A04.013,1189,𘇲,𗍸,𗵃,𗐔,上
𗼳,U+17F33,,5.400.1,2141/00,K4550,L2069,L2069,S3980,210-041,949,11B77,Ⅱ,37,4,10B76,Ⅱ,27,3,4558,,85,2,73,,,,,,2.16.2205,5,4,A04.014,1190,𘇲,𗍸,𗵃,𗐔,上
𘐉,U+18409,,7.412.1,8942/20,K0902,L5791,L5791,S2726,236-073,950,11B78,Ⅱ,38,1,10B77,Ⅱ,28,1,4227,,67,2,57,,,,,,2.14.1503,1,3,A04.021,1087,𗎆,𗥿,𗵃,𘐓,上
𗻺,U+17EFA,,5.338.4,2292/42,K0903,L3794,L3794,S3240,,951,12A11,Ⅱ,38,2,10B78,Ⅱ,28,2,4228,,67,2,57,,,,,,2.14.1504,1,4,A04.022,1088,𗎆,𗥿,𗵃,𘐓,上
𗺳,U+17EB3,,5.317.2,2344/40,K2155,L2677,L2677,S3244,,952,12A12,Ⅱ,38,3,11A11,Ⅱ,28,3,4229,,67,2,57,,,,,,2.14.1505,1,5,A04.023,1089,𗎆,𗥿,𗵃,𘐓,上
𗣴,U+178F4,,4.067.1,2544/00,K2586,L3804,L3804,S3906,,953,12A13,Ⅱ,39,1,11A12,Ⅱ,29,1,487,1.20.242,15,1,15,1,11,𘎃,𘄹,,1.09.1707,1,11,A04.024,178,𘎃,𘄹,𘃝,𗗆,平
𗏛,U+173DB,,2.167.1,2141/20,K4249,L2072,L2072,S5578,,954,12A14,Ⅱ,39,2,11A13,Ⅱ,29,2,488,1.20.251,15,1,15,1,12,𘎃,𘄹,,1.09.1708,1,12,A04.031,179,𘎃,𘄹,𘃝,𗗆,平
𗩇,U+17A47,,4.437.1,2542/22,K0958,L2872,L2872,S3475,204-10ze,955,12A15,Ⅱ,40,1,11A14,Ⅱ,29,3,489,1.20.252,15,1,15,2,1,𘃝,𘄹,,1.09.2101,2,1,A04.032,180,𘃝,𘄹,𘃝,𗗆,平去
𗿡,U+17FE1,,6.068.3,2542/22,K0960,L2873,L2873,S5659,211-108,956,12A16,Ⅱ,40,2,11A15,Ⅱ,29,4,490,1.20.253,15,1,15,2,2,𘃝,𘄹,,,,,A04.033,181,𘃝,𘄹,𘃝,𗗆,平去
𘎳,U+183B3,,7.339.1,8441/00,K0461,L5435,L5435,S2754,236-045,957,12A17,Ⅱ,41,1,11A17,Ⅱ,30,2,434,1.19.112,12,1,12,2,1,𗛯,𘝑,,1.08.2706,2,1,A04.034,161,𗛯,𘝑,𗵃,𗛁,平
𗜶,U+17736,,3.134.4,5045/20,K0320,L4375,L4375,S0796,017-10h,958,12A18,Ⅱ,41,2,11A16,Ⅱ,30,1,435,1.19.121,12,1,12,2,2,𗛯,𘝑,,1.08.2707,2,2,A04.035,162,𗛯,𘝑,𗵃,𗛁,平
𗁜,U+1705C,,1.062.5,2401/44,K3917,L2713,L2713,S1509,039-084,959,12A21,Ⅱ,42,1,11A21,Ⅱ,31,2,2585,1.91.141,96,1,90,2,3,𗣟,𗕡,,1.28.2504,2,3,A04.041,635,𗣟,𗕡,𗵃,𗑑,平
𗛩,U+176E9,,3.088.1,5021/44,K3918,L4136,L4136,S0732,017-097,960,12A22,Ⅱ,42,2,11A18,Ⅱ,31,1,2586,1.91.142,96,1,90,2,4,𗣟,𗕡,,1.28.2505,2,4,A04.042,636,𗣟,𗕡,𗵃,𗑑,平
𘗞,U+185DE,,8.223.1,8254/54,K1074,L5349,L5349,S2467,153-052,961,12A23,Ⅱ,43,1,11A22,Ⅱ,32,1,4680,,96,2,81,,,,,,2.17.2106,2,2,A04.043,1235,𗣟,𗄤,𗵃,𗟽,上
𗻫,U+17EEB,,5.334.5,2441/42,K3844,L2789,L2789,S3282,,962,12A24,Ⅱ,43,2,11A23,Ⅱ,32,2,4681,,96,2,81,,,,,,2.17.2107,2,3,A04.051,1236,𗣟,𗄤,𗵃,𗟽,上
𗔀,U+17500,,2.352.3,8081/24,K4102,L5049,L5049,S1999,007-123,963,12A25,Ⅱ,44,1,11A24,Ⅱ,33,1,672,1.26.212,19,1,19,1,1,𗋚,𗍺,,1.11.1103,1,1,A04.052,235,𗋚,𗍺,𗵃,𗰭,平
𘙐,U+18650,,8.306.2,1144/40,K2127,L0376,L0376,S5035,,964,12A26,Ⅱ,44,2,11A25,Ⅱ,33,2,673,1.26.221,19,1,19,1,2,𗋚,𗍺,,1.11.1104,1,2,A04.053,236,𗋚,𗍺,𗵃,𗰭,平
𗓺,U+174FA,,2.349.3,8044/00,K3045,L4957,L4957,S1799,,965,12A27,Ⅱ,45,1,11A27,Ⅱ,34,2,925,1.34.232,28,1,27,14,1,𘎃,𘁘,,1.12.2305,8,1,A04.061,263,𘎃,𘁘,𗵃,𗢂,平
𗔒,U+17512,,2.371.4,8042/80,K0200,L4945,L4945,S1802,007-12b,966,12A28,Ⅱ,45,2,11A26,Ⅱ,34,1,926,1.34.241,28,1,27,14,2,𘎃,𘁘,,1.12.2306,8,2,A04.062,264,𘎃,𘁘,𗵃,𗢂,平
𗸮,U+17E2E,,5.207.1,1742/80,K0199,L1293,L1293,S1091,222-081,967,12A31,Ⅱ,45,3,11A28,Ⅱ,34,3,927,1.34.242,28,1,27,14,3,𘎃,𘁘,,1.12.2307,8,3,A04.063,265,𘎃,𘁘,𗵃,𗢂,平
𗸭,U+17E2D,,5.206.3,1643/22,K5567,L0894,L0894,S1082,,968,12A32,Ⅱ,45,4,11A31,Ⅱ,34,4,,,28,1,27,,,,,,,,,A04.064,29,𘎃,𘁘,𗵃,𗢂,平
𗎄,U+17384,,2.079.3,4772/00,K1679,L4078,L4078,S0616,085-052,969,12A33,Ⅱ,46,1,11A34,Ⅱ,35,3,4603,,90,2,76,,,,,,2.16.2704,4,7,A04.071,1210,𗋥,𘔉,𘃝,𘟐,上
𗎇,U+17387,,2.081.1,4772/40,K1816,L4079,L4079,S0613,085-071,970,12A34,Ⅱ,46,2,11A32,Ⅱ,35,1,,,90,2,76,,,,,,,,,A04.072,1211,𗋥,𘔉,𘃝,𘟐,上
𗎋,U+1738B,,2.084.1,4772/70,K1525,L4080,L4080,S0615,085-091,971,12A35,Ⅱ,46,3,11A35,Ⅱ,35,4,4604,,90,2,76,,,,,,2.16.2705,4,8,A04.073,1212,𗋥,𘔉,𘃝,𘟐,上
𗑂,U+17442,,2.224.1,8072/40,K1680,L5038,L5038,S1820,007-082,972,12A36,Ⅱ,46,4,11A33,Ⅱ,35,2,4605,,90,2,76,,,,,,2.16.2706,4,9,A04.074,1213,𗋥,𘔉,𘃝,𘟐,上
𘎦,U+183A6,,7.322.2,8441/00,K4167,L5434,L5434,S2710,236-022,973,12A37,Ⅱ,47,1,11A37,Ⅱ,35,6,2488,1.87.211,90,1,84,3,4,𗋥,𘂗,,1.27.2406,2,4,A04.081,607,𗋥,𘂗,𗵃,𗙅,平
𗴣,U+17D23,,3.731.1,2571/44,K4806,L2899,L2899,S3083,159-093,974,12A38,Ⅱ,47,2,11A36,Ⅱ,35,5,2489,1.87.212,90,1,84,3,5,𗋥,𘂗,,1.27.2407,2,5,A04.082,608,𗋥,𘂗,𗵃,𗙅,平
𗰮,U+17C2E,,1.477.3,1721/24,K5162,L0947,L0947,S4672,011-151,975,12A41,Ⅱ,47,3,11A62,Ⅱ,43,1,2490,1.87.221,90,1,84,3,6,𗋥,𘂗,,1.27.2501,2,6,A04.083,609,𗋥,𘂗,𗵃,𗙅,平
𘈻,U+1823B,,7.048.4,2701/52,K4955,L2924,L2924,S1321,,976,12A42,Ⅱ,47,4,11A63,Ⅱ,43,2,2491,1.87.222,90,1,84,3,7,𗋥,𘂗,,1.27.2502,2,7,A04.084,610,𗋥,𘂗,𗵃,𗙅,平
𗂟,U+1709F,,1.110.2,2102/42,K1013,L1954,L1954,S1550,039-117,977,12A43,Ⅱ,48,1,11A42,Ⅱ,37,1,2426,1.85.131,87,1,82,1,1,𘝹,𘞔,,1.27.1304,1,1,A04.085,599,𘝹,𘞔,𗵃,𗸪,平
𘈀,U+18200,,7.584.3,1141/40,K4343,L0300,L0300,S5147,239-071,978,12A44,Ⅱ,48,2,11A43,Ⅱ,37,2,2427,1.85.141,87,1,82,1,2,𘝹,𘞔,,1.27.1305,1,2,A04.091,600,𘝹,𘞔,𗵃,𗸪,平
𘈊,U+1820A,,7.001.1,1054/00,K2653,L0141,L0141,S0260,021-071,979,12A45,Ⅱ,49,1,11A45,Ⅱ,38,2,446,1.19.171,14,1,14,1,1,𗈁,𗮦,,1.09.1202,1,1,A04.092,167,𗈁,𗮦,𗵃,𗎥,平
𗱣,U+17C63,,3.603.1,1742/21,K1288,L1243,L1243,S4976,,980,12A46,Ⅱ,49,2,11A44,Ⅱ,38,1,447,1.19.172,14,1,14,1,2,𗈁,𗮦,,1.09.1203,1,2,A04.093,168,𗈁,𗮦,𗵃,𗎥,平
𗲦,U+17CA6,,3.646.1,1744/14,K2811,L1331,L1331,S4962,,981,12A47,Ⅱ,49,3,11A46,Ⅱ,38,3,448,1.19.211,14,1,14,1,3,𗈁,𗮦,,1.09.1204,1,3,A04.101,169,𗈁,𗮦,𗵃,𗎥,平
𗲭,U+17CAD,,3.647.4,1722/25,K1217,L1032,L1032,S4910,026-122,982,12A48,Ⅱ,50,1,11A47,Ⅱ,39,1,2155,1.74.261,71,1,68,6,2,𗝹,𗅶,,1.24.1305,4,2,A04.102,534,𗝹,𗅶,𗵃,𗨹,平
𗲇,U+17C87,,3.628.2,1721/20,K4734,L0923,L0923,S4906,026-092,983,12A51,Ⅱ,50,2,11A48,Ⅱ,39,2,2156,1.74.262,71,1,68,6,3,𗝹,𗅶,,1.24.1306,4,3,A04.103,535,𗝹,𗅶,𗵃,𗨹,平
𗬧,U+17B27,,3.380.1,2772/22,K1520,L3405,L3405,S5809,,984,12A52,Ⅱ,50,3,11A51,Ⅱ,39,3,2157,1.74.263,71,1,68,6,4,𗝹,𗅶,,1.24.1307,4,4,A04.104,536,𗝹,𗅶,𗵃,𗨹,平
𘉾,U+1827E,,7.100.2,2725/45,K1257,L3081,L3081,S3172,243-062,985,12A53,Ⅱ,51,1,11A54,Ⅱ,40,3,1916,1.66.162,64,1,61,1,2,𘃝,𗁉,,1.21.2303,1,2,A04.105,468,𘃝,𗁉,𘃝,𗖞,平
𘙳,U+18673,,8.328.1,1174/44,K1032,L0459,L0459,S5107,162-031,986,12A54,Ⅱ,51,2,11A53,Ⅱ,40,2,1917,1.66.171,64,1,61,1,3,𘃝,𗁉,,1.21.2304,1,3,A04.111,469,𘃝,𗁉,𘃝,𗖞,平
𘃲,U+180F2,,6.267.3,1344/00,K3071,L0688,L0688,S4450,,987,12A55,Ⅱ,51,3,11A55,Ⅱ,40,4,1918,1.66.172,64,1,61,1,4,𘃝,𗁉,,1.21.2305,1,4,A04.112,470,𘃝,𗁉,𘃝,𗖞,平
𗵺,U+17D7A,,5.083.1,5792/20,K0546,L4451,L4451,S0669,174-081,988,12A56,Ⅱ,52,1,11A57,Ⅱ,41,2,2020,1.69.272,66,1,63,7,1,𗭩,𘄛,,1.22.2206,5,1,A04.113,483,𗭩,𘄛,𗵃,𘟫,平
𘏈,U+183C8,,7.355.2,8141/20,K5430,L5170,L5170,S2695,236-058,989,12A57,Ⅱ,52,2,11A56,Ⅱ,41,1,2021,1.70.111,66,1,63,7,2,𗭩,𘄛,,1.22.2207,5,2,A04.121,484,𗭩,𘄛,𗵃,𘟫,平
𗕜,U+1755C,,2.435.2,1744/22,K2017,L1360,L1360,S4407,,990,12A58,Ⅱ,53,1,11A64,Ⅱ,44,1,,,17,2,14,,,,,,,,,A04.122,725,𗧘,𗊺,/,/,上雑
𗎺,U+173BA,,2.126.1,7291/00,K0058,L4038,L4038,S1656,,991,12A61,Ⅱ,53,2,11A65,Ⅱ,44,2,,,17,2,14,,,,,,,,,A04.123,726,𗧘,𗊺,/,/,上雑
𗧘,U+179D8,,4.352.1,2742/00,K1705,L3183,L3183,S3878,204-09b,992,12A62,Ⅱ,54,1,11A66,Ⅱ,45,1,,,51,2,42,,,,,,,,,A04.124,732,𗱣,𘂬,/,/,上雑
𗟭,U+177ED,,3.227.3,1742/40,K1704,L1274,L1274,S0316,112-091,993,12A63,Ⅱ,54,2,11A67,Ⅱ,45,2,,,51,2,42,,,,,,,,,A04.131,733,𗱣,𘂬,/,/,上雑
𘇙,U+181D9,,6.479.2,1754/24,K3319,L1457,L1457,S5297,,994,12A64,Ⅱ,55,1,11B37,Ⅱ,D,15,3269,,25,2,22,,,,,,2.07.2203,1,1,A04.132,874,𘔀,𗇬,𗵃,𘟑,上
𗙢,U+17662,,3.029.1,1322/22,K0836,L0653,L0653,S0125,102-101,995,12A65,Ⅱ,55,2,11B36,Ⅱ,D,14,3270,,25,2,22,,,,,,2.07.2204,1,2,A04.133,875,𘔀,𗇬,𗵃,𘟑,上
𘞕,U+18795,,8.533.1,5141/22,?,L6051,?,?,,995.1,HB,Ⅱ,,,,,,,,,25,2,22,,,,,,,,,A04.134,1,𘔀,𗇬,𗵃,𘟑,上
𘑠,U+18460,,7.474.2,1742/20,K0802,L1237,L1237,S4435,240-051,996,12A66,Ⅱ,56,1,11A73,Ⅱ,47,1,4669,,95,2,80,,,,,,2.17.1703,2,1,A04.141,1234,𗋥,𗛫,𗵃,𘏴,上
𘑡,U+18461,,7.475.1,1145/50,K1207,L0387,L0387,S4429,240-062,997,12A67,Ⅱ,56,2,11A74,Ⅱ,47,2,,,95,2,80,,,,,,,,,A04.142,723,𗋥,𗛫,𗵃,𘏴,上
𘙆,U+18646,,8.298.2,1741/24,K5184,L1197,L1197,S5041,297-062,998,12A68,Ⅱ,57,1,11A75,Ⅱ,48,1,5049,,29,2,26,,,,,,3.04.2804,2,1,A04.143,1251,𘘷,𘔊,/,/,上雑
𘃹,U+180F9,,6.297.1,1721/24,K5180,L0957,L0957,S4356,,999,12A71,Ⅱ,57,2,11A76,Ⅱ,48,2,,,29,1,28,,,,,,,,,A04.144,729,𘘷,𘔊,/,/,上雑
𘒶,U+184B6,,7.563.2,1154/20,K2137,L0418,L0418,S5299,,1000,12A72,Ⅱ,58,1,11B62,Ⅱ,D,34,1012,1.37.152,30,1,29,11,1,𗦑,𘈘,,1.13.1601,8,1,A04.151,279,𗦑,𘈘,𘋇,𘎻,平
𘒸,U+184B8,,7.564.1,1854/20,K3243,L1798,L1798,S5300,,1001,12A73,Ⅱ,58,2,11B61,Ⅱ,D,33,1013,1.37.161,30,1,29,11,2,𗦑,𘈘,,1.13.1602,8,2,A04.152,280,𗦑,𘈘,𘋇,𘎻,平
𘒷,U+184B7,,7.563.3,1351/22,K5039,L0719,L0719,S5301,,1002,12A74,Ⅱ,58,3,,,,,,,30,1,29,,,,,,,,,A04.153,31,𗦑,𘈘,𘋇,𘎻,平
𗩩,U+17A69,,4.460.1,2741/24,K4100,L3135,L3135,S3796,204-10zd,1003,12A75,Ⅱ,59,1,11B22,Ⅱ,D,2,3281,,26,2,23,,,,,,2.07.2308,1,6,A04.154,876,𘃡,𘀒,𗵃,𗹺,上
𘖼,U+185BC,,8.197.5,8024/20,K3213,L4815,L4815,S2572,,1004,12A76,Ⅱ,59,2,11B45,Ⅱ,D,21,3282,,26,2,23,,,,,,2.07.2309,1,7,A04.161,877,𘃡,𘀒,𗵃,𗹺,上
𗎵,U+173B5,,2.124.3,7191/25,K5332,L4025,L4025,S1652,,1005,12B21,Ⅱ,D,1,11B21,Ⅱ,D,1,2828,,7,2,6,,,,,,2.03.2503,1,1,A04.171,769,𘈊,𗎹,𗵃,𗩈,上
𗀝,U+1701D,,1.031.3,1041/40,K4036,L0090,L0090,S1200,001-101,1006,12B22,Ⅱ,D,2,11B23,Ⅱ,D,3,2574,1.90.251,95,1,89,1,1,𗋥,𗚬,平,1.28.2302,1,1,A04.172,630,𗋥,𗚬,𗵃,𘈆,平
𗸌,U+17E0C,,5.193.1,1451/54,K4188,L0832,L0832,S0376,,1007,12B23,Ⅱ,D,3,11B24,Ⅱ,D,4,4359,,75,2,64,,,,,,2.15.1401,1,1,A04.173,1115,𘂶,𘈳,𗵃,𘈎,上
𘚇,U+18687,,8.337.2,1142/20,K1004,L0324,L0324,S0247,018-08c,1008,12B24,Ⅱ,D,4,11B25,Ⅱ,D,5,2255,1.78.221,75,1,72,1,1,𘂶,𗶱,,1.25.1302,1,1,A04.174,549,𘂶,𗶱,𗵃,𗅼,平
𘈌,U+1820C,,7.001.3,1044/00,K3144,L0122,L0122,S0259,021-081,1009,12B25,Ⅱ,D,5,11B26,Ⅱ,D,6,1701,1.59.141,55,1,53,2,5,𘈊,𗠟,,1.19.2402,2,5,A04.181,407,𘈊,𗠟,𗵃,𗠟,平
𗂉,U+17089,,1.096.2,2704/40,K3146,L2970,L2970,S1565,039-108,1010,12B26,Ⅱ,D,6,11B28,Ⅱ,D,8,436,1.19.122,12,1,12,3,1,𘈊,𘝑,,1.08.2708,3,1,A04.182,163,𘈊,𘝑,𘃝,𗛁,平
𘝹,U+18779,,8.517.1,1111/00,K4497,L0156,L0156,S4519,,1011,12B27,Ⅱ,D,7,11B31,Ⅱ,D,9,4526,,84,2,72,,,,,,2.16.1605,6,1,A04.191,1156,𘆂,𗰰,𗵃,𘊝,上
𗠌,U+1780C,,3.255.3,7421/45,K3796,L4585,L4585,S0559,255-051,1012,12B28,Ⅱ,D,8,11B32,Ⅱ,D,10,674,1.26.222,19,1,19,2,1,𘃝,𘋭,,1.11.1105,2,1,A04.192,237,𘃝,𘋭,𘃝,𗰭,平去
𗃽,U+170FD,,1.180.2,2972/42,K0892,L3811,L3811,S4085,180-133,1013,12B31,Ⅱ,D,9,11B33,Ⅱ,D,11,4753,,85,1,80,,,,,,3.01.2601,1,1,A04.193,68,𘃝,𗭹,/,/,平雑
𘏩,U+183E9,,7.385.1,8344/20,K2176,L5397,L5397,S2708,236-069,1014,12B32,Ⅱ,D,10,11B34,Ⅱ,D,12,4191,,65,2,55,,,,,,2.14.1113,3,10,A04.201,1071,𗞖,𗪼,𘋇,𗅲,上
𘕣,U+18563,,8.132.2,8754/50,K3314,L5688,L5688,S1933,147-062,1015,12B33,Ⅱ,D,11,11B38,Ⅱ,D,16,3152,,17,2,14,,,,,,2.06.2103,9,3,A04.202,831,𘃝,𘉔,𘃝,𗊺,上
𗷮,U+17DEE,,5.171.1,1151/50,K4300,L0403,L0403,S0324,123-031,1016,12B34,Ⅱ,D,12,11B41,Ⅱ,D,17,1751,1.60.271,56,1,54,12,1,𗢐,𗅩,,1.20.1304,11,1,A04.203,421,𗢐,𗅩,𘃝,𘙾,平
𘘕,U+18615,,8.265.1,1344/00,K3072,L0690,L0690,S4842,,1017,12B35,Ⅱ,D,13,11B42,Ⅱ,D,18,2303,1.80.211,80,1,75,3,2,𘘑,𘀎,,1.25.2403,3,2,A05.011,564,𘘑,𘀎,𗵃,𘀎,平
𘋇,U+182C7,,7.161.4,3124/00,K5769,L3859,L3859,S3016,286-081,1018,12B36,Ⅱ,D,14,11B43,Ⅱ,D,19,306,1.14.261,10,1,10,1,2,𘒶,𗢪,,1.07.2304,1,2,A05.012,144,𘒶,𗢪,𘋇,𗚋,平
𘓿,U+184FF,,8.029.1,7841/42,K5100,L4659,L4659,S0572,256-053,1019,12B37,Ⅱ,D,15,11B44,Ⅱ,D,20,,,9,2,8,,,,,,,,,A05.013,680,𘔀,𘏒,𗵃,𗎃,上
𘇓,U+181D3,,6.476.1,4724/22,K2836,L4064,L4064,S5316,029-101,1020,12B38,Ⅱ,D,16,11B46,Ⅱ,D,22,2583,1.91.131,96,1,90,2,1,𘇒,𗋋,,1.28.2502,2,1,A05.014,637,?,?,?,?,
𘏕,U+183D5,,7.367.3,8344/00,K2213,L5389,L5389,S2752,,1021,12B41,Ⅱ,D,17,11B35,Ⅱ,D,13,2366,1.82.252,83,1,78,1,3,𘆀,𗼄,,1.26.1703,1,3,A05.021,578,𘆀,𗼄,𘃝,𗈮,平上
𗶺,U+17DBA,,5.118.1,6021/42,K5069,L4471,L4471,S1022,,1022,12B42,Ⅱ,D,18,11B47,Ⅱ,D,23,70,1.07.142,2,1,2,4,1,𘋇,𘄀,,1.05.1504,4,1,A05.022,81,𘋇,𘄀,𘋇,𘜲,平
𗛮,U+176EE,,3.089.3,5042/00,K0257,L4279,L4279,S0862,017-09f,1023,12B43,Ⅱ,D,19,11B48,Ⅱ,D,24,1137,1.41.132,32,1,31,7,1,𗂉,𗀠,上,1.14.2107,6,1,A05.023,320,𗂉,𗀠,𘃝,𘚾,上平
𗞖,U+17796,,3.184.1,5044/00,K3276,L4329,L4329,S0822,017-12n,1024,12B44,Ⅱ,D,20,11B51,Ⅱ,D,25,519,1.21.242,16,1,16,5,3,𗥑,𗑪,,1.09.2407,5,3,A05.031,185,𗥑,𗑪,𘋇,𗑃,平
𗝹,U+17779,,3.169.2,5021/50,K4774,L4139,L4139,S0907,017-11c,1025,12B45,Ⅱ,D,21,11B52,Ⅱ,D,26,1828,1.63.172,61,1,58,2,7,𘟬,𗚽,,1.20.2602,2,7,A05.032,438,𘟬,𗚽,𘃝,𗚽,平
𗯂,U+17BC2,,3.469.3,8121/70,K5611,L5109,L5109,S2304,,1026,12B46,Ⅱ,D,22,11B53,Ⅱ,D,27,4754,,42,1,41,,,,,,3.01.2602,1,2,A05.033,67,𘇒,𘄓,/,/,平雑去
𗓕,U+174D5,,2.331.1,8044/25,K1957,L4987,L4987,S1806,,1027,12B47,Ⅱ,D,23,11B54,Ⅱ,D,28,1770,1.61.222,57,1,55,4,4,𗓢,𗎣,,1.20.1506,1,14,A05.041,431,𗓢,𗎣,𗵃,𘙠,平
𗁠,U+17060,,1.067.1,2204/50,K2655,L2389,L2389,S1609,039-08a,1028,12B48,Ⅱ,D,24,11B57,Ⅱ,D,31,3983,,56,2,47,,,,,,2.12.2308,4,2,A05.042,1018,𗃅,𗔊,𘃝,𗫫,上
𗢵,U+178B5,,4.015.1,2141/00,K4546,L2064,L2064,S3367,204-044,1029,12B51,Ⅱ,D,25,11B58,Ⅱ,D,32,2575,1.90.252,95,1,89,1,2,𘘑,𘂬,,1.28.2303,1,2,A05.043,631,𘘑,𘙴,𘃝,𘈆,平
𘃡,U+180E1,,6.240.1,8122/20,K1711,L5113,L5113,S2413,056-061,1030,12B52,Ⅱ,D,26,09B68,Ⅱ,3,1,305,1.14.251,10,1,10,1,1,𗋚,𗢪,,1.07.2303,1,1,A05.051,143,𗋚,𗢪,𗵃,𗚋,平
𘖎,U+1858E,,8.164.2,8344/20,K2239,L5395,L5395,S2525,238-061,1031,12B53,Ⅱ,D,27,10A78,Ⅱ,14,5,1915,1.66.161,64,1,61,1,1,𗎆,𗼡,,1.21.2302,1,1,A05.052,471,𗎆,𗼡,𗵃,𗖞,平
𗯭,U+17BED,,3.493.1,8842/24,K1863,L5739,L5739,S2829,194-053,1032,12B54,Ⅱ,D,28,10B31,Ⅱ,18,3,1187,1.42.261,34,1,33,1,1,𘎃,𗕛,,1.15.1102,1,1,A05.053,327,𘎃,𗕛,𗵃,𗃰,平
𗓢,U+174E2,,2.336.1,8041/22,K3904,L4893,L4893,S2030,,1033,12B55,Ⅱ,D,29,10B42,Ⅱ,20,1,968,1.36.112,30,1,29,1,1,𘃡,𗐠,,1.13.1102,1,1,A05.061,281,𘃡,𗐠,𗵃,𘎻,平
𗬂,U+17B02,,4.612.1,2840/00,K5722,L3561,L3561,S3626,,1034,12B56,Ⅱ,D,30,11A58,Ⅱ,42,1,2406,1.84.162,85,1,80,5,1,𗃅,𘖟,,1.26.2702,4,1,A05.062,588,𗃅,𘖟,𗵃,𗴐,平
𘘷,U+18637,,8.293.2,1742/20,K0808,L1239,L1239,S5040,297-054,1035,12B57,Ⅱ,D,31,11A41,Ⅱ,36,2,2364,1.82.241,83,1,78,1,1,𘆀,𗈮,清,1.26.1701,1,1,A05.063,579,𘇒,𗈮,𗵃,𗈮,平清
𘃤,U+180E4,,6.256.2,8121/21,K5470,L5067,L5067,S2411,056-063,1036,12B58,Ⅱ,D,32,11A68,Ⅱ,46,1,1657,1.57.232,53,1,51,1,2,𘃡,𗧏,,1.19.1506,1,2,A05.071,399,𘃡,𗧏,𘃝,𗔆,平
𘇒,U+181D2,,6.473.1,4724/20,K2363,L4063,L4063,S5312,029-091,1037,12B61,Ⅱ,D,33,11A38,Ⅱ,36,1,2365,1.82.251,83,1,78,1,2,𘆀,𗈮,,1.26.1702,1,2,A05.072,580,𘆀,𗈮,𗵃,𗈮,平
𘋆,U+182C6,,7.161.3,3724/00,?,L3958,L3958,S3018,,1038,12B62,Ⅷ,D,34,,,,,,,24,1,23,,,,,,,,,A05.073,21,𘋇,𗈽,𘋇,𗬃,平
𗣬,U+178EC,,4.062.1,2842/50,K0567,L3621,L3621,S3666,204-06c,1039,12B63,Ⅱ,D,35,11A71,Ⅱ,46,2,1656,1.57.231,53,1,51,1,1,𘃡,𗪂,,1.19.1505,1,1,A05.081,400,𘃡,𗪂,𗵃,𗔆,平
𘘶,U+18636,,8.293.1,1842/20,K0574,L1712,L1712,S5026,,1040,12B64,Ⅱ,D,36,11A72,Ⅱ,46,3,,,53,1,51,,,,,,,,,A05.082,37,𘃡,𘊋,𗵃,𗔆,上平去
𘗑,U+185D1,,8.214.1,8122/52,?,L6057,?,?,,1040.1,HB,Ⅱ,,,,,,,,,?,1,?,,,,,,,,,A05.083,2,𘚇,?,𘃝,?,平去
𗤼,U+1793C,,4.181.1,2244/40,K2661,L2491,L2491,S3456,204-077,1041,13A11,Ⅲ,1,1,12A21,Ⅲ,1,1,547,1.22.223,17,1,17,7,2,𗐴,𗢈,,1.10.1105,6,2,A06.011,197,𗐴,𗢈,𘅜,𗊡,平
𗦽,U+179BD,,4.327.1,2842/00,K0263,L3618,L3618,S3599,204-08zn,1042,13A12,Ⅲ,1,2,12A26,Ⅲ,1,6,546,1.22.222,17,1,17,7,1,𗐴,𗢈,,1.10.1104,6,1,A06.012,198,𗐴,𗢈,𘅜,𗊡,平
𗧣,U+179E3,,4.364.4,2844/42,K2072,L3696,L3696,S3453,204-095,1043,13A13,Ⅲ,1,3,12A22,Ⅲ,1,2,548,1.22.231,17,1,17,7,3,𗐴,𗢈,,1.10.1106,6,3,A06.013,199,𗐴,𗢈,𘅜,𗊡,平
𗢰,U+178B0,,4.012.1,2744/00,K2420,L3274,L3274,S3918,204-035,1044,13A14,Ⅲ,1,4,12A27,Ⅲ,1,7,549,1.22.232,17,1,17,7,4,𗐴,𗢈,,1.10.1107,6,4,A06.014,200,𗐴,𗢈,𘅜,𗊡,平
𗗻,U+175FB,,2.570.1,1244/22,K2767,L0573,L0573,S5365,218-082,1045,13A15,Ⅲ,1,5,12A23,Ⅲ,1,3,550,1.22.241,17,1,17,7,5,𗐴,𗢈,,1.10.1108,6,5,A06.021,201,𗐴,𗢈,𘅜,𗊡,平
𗗼,U+175FC,,2.571.1,1244/24,K1069,L0584,L0584,S5363,,1046,13A16,Ⅲ,1,6,12A24,Ⅲ,1,4,551,1.22.242,17,1,17,7,6,𗐴,𗢈,,1.10.1201,6,6,A06.022,202,𗐴,𗢈,𘅜,𗊡,平
𗘃,U+17603,,2.575.1,1141/27,K5619,L0286,L0286,S5354,,1047,13A17,Ⅲ,1,7,12A25,Ⅲ,1,5,552,1.22.251,17,1,17,7,7,𗐴,𗢈,,1.10.1202,6,7,A06.023,203,𗐴,𗢈,𘅜,𗊡,平
𗓰,U+174F0,,2.342.2,8021/24,K4398,L4693,L4693,S2055,007-116,1048,13A18,Ⅲ,2,1,12A28,Ⅲ,1,8,554,1.22.253,17,1,17,8,2,𗫌,𗖳,,1.10.1204,7,2,A06.024,204,𗫌,𗖳,𘅜,𗊡,平去
𗓳,U+174F3,,2.346.3,8021/54,K5179,L4736,L4736,S2092,007-11f,1049,13A21,Ⅲ,2,2,12A31,Ⅲ,1,9,555,1.22.261,17,1,17,8,3,𗫌,𗖳,,1.10.1205,7,3,A06.031,205,𗫌,𗖳,𘅜,𗊡,平去
𗽮,U+17F6E,,5.460.1,2844/00,K2997,L3669,L3669,S4012,210-106,1050,13A22,Ⅲ,2,3,19A51,Ⅲ,D,65,553,1.22.252,17,1,17,8,1,𗫌,𗖳,,1.10.1203,7,1,A06.032,206,𗫌,𗖳,𘅜,𗊡,平去
𗩴,U+17A74,,4.469.2,2342/42,K0837,L2636,L2636,S3849,204-10q,1051,13A23,Ⅲ,3,1,12A34,Ⅲ,2,3,3821,,48,2,41,,,,,,2.11.2208,3,1,A06.033,980,?,?,?,?,上
𗕎,U+1754E,,2.411.1,1752/20,K1544,L1444,L1444,S4402,,1052,13A24,Ⅲ,3,2,12A33,Ⅲ,2,2,3822,,48,2,41,,,,,,2.11.2209,3,2,A06.034,981,?,?,?,?,上
𗻪,U+17EEA,,5.334.3,2742/42,K1545,L3247,L3247,S3266,,1053,13A25,Ⅲ,3,3,12A32,Ⅲ,2,1,3823,,48,2,41,,,,,,2.11.2210,3,3,A06.041,982,?,?,?,?,上
𗟌,U+177CC,,3.206.1,5042/20,K0877,L4290,L4290,S0951,,1054,13A26,Ⅲ,4,1,12A35,Ⅲ,3,1,3841,,51,2,42,,,,,,2.11.2409,4,1,A06.042,991,𘇡,𗿋,𗟌,𗟌,上
𗟁,U+177C1,,3.202.1,5044/00,K2143,L4337,L4337,S0950,,1055,13A27,Ⅲ,4,2,12A37,Ⅲ,3,3,,,51,2,42,,,,,,,,,A06.043,704,𘇡,𗿋,𗟌,𗟌,上
𗚙,U+17699,,3.054.4,5022/00,K0861,L4145,L4145,S0758,017-069,1056,13A28,Ⅲ,4,3,12A36,Ⅲ,3,2,,,51,2,42,,,,,,,,,A06.044,705,𘇡,𗿋,𗟌,𗟌,上
𗣄,U+178C4,,4.031.1,2744/00,K1916,L3275,L3275,S3837,204-04e,1057,13A31,Ⅲ,4,4,12A42,Ⅲ,3,6,3842,,51,2,42,,,,,,2.11.2410,4,2,A06.045,992,𘇡,𗿋,𗟌,𗟌,上
𗡂,U+17842,,3.276.3,7724/44,K2378,L4618,L4618,S0534,,1058,13A32,Ⅲ,4,5,12A43,Ⅲ,3,7,3843,,51,2,42,,,,,,2.11.2411,4,3,A06.051,993,𘇡,𗿋,𗟌,𗟌,上
𗭝,U+17B5D,,3.416.3,3721/20,K0055,L3943,L3943,S2996,105-102,1059,13A33,Ⅲ,4,6,12A44,Ⅲ,3,8,3844,,51,2,42,,,,,,2.11.2501,4,4,A06.052,994,𘇡,𗿋,𗟌,𗟌,上
𘈜,U+1821C,,7.018.2,1344/22,K2240,L0711,L0711,S0039,,1060,13A34,Ⅲ,5,1,12A38,Ⅲ,3,4,1637,1.57.112,51,1,49,13,1,𗠰,𗸁,平,1.19.1207,11,1,A06.053,390,𗠰,𗸁,𗟌,𘀁,平
𘈛,U+1821B,,7.018.1,1441/20,K4027,L0786,L0786,S0040,195-021,1061,13A35,Ⅲ,5,2,12A41,Ⅲ,3,5,1638,1.57.121,51,1,49,13,2,𗠰,𗸁,平,1.19.1301,11,2,A06.054,391,𗠰,𗸁,𗟌,𘀁,平
𗧺,U+179FA,,4.385.1,2141/82,K4500,L2182,L2182,S3738,204-09zh,1062,13A36,Ⅲ,6,1,19B68,Ⅲ,D,136,1719,1.59.251,56,1,54,3,1,𘇡,𘔞,,1.19.2604,3,1,A06.061,422,𘇡,𘔞,𗟌,𘙾,平
𗁬,U+1706C,,1.077.2,2302/42,K0840,L2559,L2559,S1584,039-098,1063,13A37,Ⅲ,6,2,12A46,Ⅲ,4,1,1720,1.59.252,56,1,54,3,2,𘇡,𘔞,,1.19.2605,3,2,A06.062,423,𘇡,𘔞,𗟌,𘙾,平
𗀶,U+17036,,1.042.4,2704/00,K3384,L2954,L2954,S1659,,1064,13A38,Ⅲ,6,3,12A47,Ⅲ,4,2,,,56,1,54,,,,,,,,,A06.063,39,𘇡,𘔞,𗟌,𘙾,平
𗩚,U+17A5A,,4.450.1,2244/40,K2889,L2495,L2495,S3705,204-10a,1065,13A41,Ⅲ,7,1,12A48,Ⅲ,5,1,170,1.10.152,4,1,4,1,2,𗆕,𗩚,,1.06.1405,1,2,A06.071,86,𗆕,𗩚,𘅜,𘙼,平
𗪚,U+17A9A,,4.506.1,2541/40,K4801,L2865,L2865,S3706,204-11e,1066,13A42,Ⅲ,7,2,12A51,Ⅲ,5,2,171,1.10.161,4,1,4,1,3,𗆕,𗩚,,1.06.1406,1,3,A06.072,87,𗆕,𗩚,𘅜,𘙼,平
𗖷,U+175B7,,2.518.1,1274/40,K2892,L0629,L0629,S4631,,1067,13A43,Ⅲ,7,3,12A54,Ⅲ,6,1,172,1.10.162,4,1,4,1,4,𗆕,𗩚,,1.06.1407,1,4,A06.073,88,𗆕,𗩚,𘅜,𘙼,平
𗹶,U+17E76,,5.289.3,2501/50,K4795,L2829,L2829,S1300,135-052,1068,13A44,Ⅲ,7,4,12A52,Ⅲ,5,3,173,1.10.171,4,1,4,1,5,𗆕,𗩚,,1.06.1408,1,5,A06.074,89,𗆕,𗩚,𘅜,𘙼,平
𗱶,U+17C76,,3.619.2,1721/50,K3792,L0979,L0979,S4961,026-08a,1069,13A45,Ⅲ,7,5,12A53,Ⅲ,5,4,175,1.10.211,4,1,4,1,7,𗆕,𗩚,,1.06.1502,1,7,A06.081,90,𗆕,𗩚,𘅜,𘙼,平
𘑄,U+18444,,7.457.3,8244/40,K2891,L5336,L5336,S2745,236-106,1070,13A46,Ⅲ,7,6,12A55,Ⅲ,6,2,174,1.10.172,4,1,4,1,6,𗆕,𗩚,,1.06.1501,1,6,A06.082,91,𗆕,𗩚,𘅜,𘙼,平
𗷳,U+17DF3,,5.175.1,1754/50,K3136,L1463,L1463,S0378,123-043,1071,13A47,Ⅲ,8,1,12A56,Ⅲ,6,3,2798,,4,2,4,,,,,,2.03.2203,1,1,A06.083,757,𗆕,𗎛,𘅜,𘓩,上
𗣑,U+178D1,,4.039.1,2145/20,K1159,L2284,L2284,S3399,,1072,13A48,Ⅲ,8,2,12A57,Ⅲ,6,4,2799,,4,2,4,,,,,,2.03.2204,1,2,A06.091,758,𗆕,𗎛,𘅜,𘓩,上
𗛬,U+176EC,,3.089.1,5045/20,K1161,L4373,L4373,S0854,,1073,13A51,Ⅲ,8,3,12A58,Ⅲ,6,5,2800,,4,2,4,,,,,,2.03.2205,1,3,A06.092,759,𗆕,𗎛,𘅜,𘓩,上
𘗣,U+185E3,,8.235.2,8354/00,?,L5407,L5407,S2546,064-051,1074,13A52,Ⅲ,8,4,12A61,Ⅲ,6,6,2801,,4,2,4,,,,,,2.03.2206,1,4,A06.093,760,𗆕,𗎛,𘅜,𘓩,上
𘄚,U+1811A,,6.299.2,1344/25,K2032,L0712,L0712,S4423,192-091,1075,13A53,Ⅲ,8,5,12A62,Ⅲ,6,7,2802,,4,2,4,,,,,,2.03.2207,1,5,A06.101,761,𗆕,𗎛,𘅜,𘓩,上
𘄖,U+18116,,6.297.3,1344/20,K2039,L0710,L0710,S4428,,1076,13A54,Ⅲ,8,6,12A63,Ⅲ,6,8,,,4,2,4,,,,,,,,,A06.102,677,𗆕,𗎛,𘅜,𘓩,上
𗡕,U+17855,,3.291.1,7724/42,K2626,L4614,L4614,S0473,255-122,1077,13A55,Ⅲ,9,1,12A68,Ⅲ,7,5,2763,,3,2,3,,,,,,2.03.1505,4,3,A06.103,748,𗫌,𗅥,𘅜,𘆶,上
𗨱,U+17A31,,4.426.2,2842/74,K0101,L3656,L3656,S3765,,1078,13A56,Ⅲ,9,2,12A66,Ⅲ,7,3,2764,,3,2,3,,,,,,2.03.1506,4,4,A06.104,749,𗫌,𗅥,𘅜,𘆶,上
𗞼,U+177BC,,3.199.3,5024/42,K3280,L4197,L4197,S0791,,1079,13A57,Ⅲ,9,3,12A71,Ⅲ,7,6,2765,,3,2,3,,,,,,2.03.1507,4,5,A06.111,750,𗫌,𗅥,𘅜,𘆶,上
𗾛,U+17F9B,,6.017.3,2541/00,K4812,L2855,L2855,S5744,211-054,1080,13A58,Ⅲ,9,4,12A67,Ⅲ,7,4,2766,,3,2,3,,,,,,2.03.1508,4,6,A06.112,751,𗫌,𗅥,𘅜,𘆶,上
𗫑,U+17AD1,,4.551.1,2441/42,K3875,L2786,L2786,S3850,204-12k,1081,13A61,Ⅲ,9,5,12A64,Ⅲ,7,1,2767,,3,2,3,,,,,,2.03.1509,4,7,A06.113,752,𗫌,𗅥,𘅜,𘆶,上
𗫤,U+17AE4,,4.571.1,2742/42,K0547,L3252,L3252,S3852,204-135,1082,13A62,Ⅲ,9,6,12A65,Ⅲ,7,2,2768,,3,2,3,,,,,,2.03.1601,4,8,A06.114,753,𗫌,𗅥,𘅜,𘆶,上
𗤶,U+17936,,4.160.3,2545/70,K0475,L2518,L2518,S3769,204-06e,1083,13A63,Ⅲ,10,1,12A75,Ⅲ,9,1,1407,1.50.111,40,1,39,3,2,𗃻,𗧡,,1.17.1101,3,2,A06.121,352,𗃻,𗧡,𘅜,𘅡,平
𗣸,U+178F8,,4.070.2,2240/72,K0126,L2448,L2448,S3771,,1084,13A64,Ⅲ,10,2,12A76,Ⅲ,9,2,1408,1.50.112,40,1,39,3,3,𗃻,𗧡,,1.17.1102,3,3,A06.122,353,𗃻,𗧡,𘅜,𘅡,平
𘁝,U+1805D,,6.147.2,8724/27,K3150,L5555,L5555,S1916,106-052,1085,13A65,Ⅲ,10,3,12A78,Ⅲ,9,4,1409,1.50.121,40,1,39,3,4,𗃻,𗧡,,1.17.1103,3,4,A06.123,354,𗃻,𗧡,𘅜,𘅡,平
𘁫,U+1806B,,6.156.2,8124/24,K1116,L5140,L5140,S1913,106-074,1086,13A66,Ⅲ,10,4,12A77,Ⅲ,9,3,1410,1.50.122,40,1,39,3,5,𗃻,𗧡,,1.17.1104,3,5,A06.124,355,𗃻,𗧡,𘅜,𘅡,平
𘗟,U+185DF,,8.223.2,8852/54,K1914,L5776,L5776,S2465,153-061,1087,13A67,Ⅲ,11,1,12B12,Ⅲ,10,2,1411,1.50.123,40,1,39,4,1,𗀟,𘅡,,1.17.1105,4,1,A06.125,356,𗀟,𘅡,𘅜,𘅡,平去
𗞰,U+177B0,,3.196.5,5054/20,K3113,L4420,L4420,S0904,017-139,1088,13A68,Ⅲ,11,2,12B11,Ⅲ,10,1,1412,1.50.131,40,1,39,4,2,𗀟,𘅡,,1.17.1106,4,2,A06.131,357,𗀟,𘅡,𘅜,𘅡,平去
𘌽,U+1833D,,7.244.2,8321/42,K5342,L5354,L5354,S2214,241-061,1089,13A71,Ⅲ,12,1,12B14,Ⅲ,11,2,3402,,31,2,28,,,,,,2.08.2201,2,9,A06.132,899,𗣜,𘝳,𘄱,𗶽,上
𘝠,U+18760,,2.407.1,8321/42,K5514,L5355,L5355,S2196,245-061,1090,13A72,Ⅲ,12,2,12B13,Ⅲ,11,1,3403,,31,2,28,,,,,,2.08.2202,2,10,A06.133,900,𗣜,𘝳,𘄱,𗶽,上
𗧾,U+179FE,,4.387.1,2741/40,K4617,L3150,L3150,S3754,,1091,13A73,Ⅲ,12,3,12B15,Ⅲ,11,3,3404,,31,2,28,,,,,,2.08.2203,2,11,A06.141,901,𗣜,𘝳,𘄱,𗶽,上
𗣡,U+178E1,,4.051.1,2741/20,K4583,L3115,L3115,S3547,,1092,13A74,Ⅲ,12,4,12B16,Ⅲ,11,4,,,31,2,28,,,,,,,,,A06.142,902,𗣜,𘝳,𘄱,𗶽,上
𗲊,U+17C8A,,3.632.1,1721/70,K5645,L0986,L0986,S4898,,1093,13A75,Ⅲ,12,5,12B17,Ⅲ,11,5,3405,,31,2,28,,,,,,2.08.2204,2,12,A06.143,903,𗣜,𘝳,𘄱,𗶽,上
𘎼,U+183BC,,7.347.1,8745/00,K0345,L5671,L5671,S2795,236-044,1094,13A76,Ⅲ,13,1,12B23,Ⅲ,12,4,1036,1.38.113,31,1,30,6,1,𘊩,𗷦,,1.13.2202,6,1,A06.144,300,𘊩,𗷦,𘄱,𗝚,平
𗱃,U+17C43,,3.580.1,1451/40,K4165,L0827,L0827,S4801,058-072,1095,13A77,Ⅲ,13,2,12B21,Ⅲ,12,2,1037,1.38.121,31,1,30,6,2,𘊩,𗷦,,1.13.2203,6,2,A06.151,301,𘊩,𗷦,𘄱,𗝚,平
𗱁,U+17C41,,3.579.1,1451/40,K4198,L0826,L0826,S4812,058-071,1096,13A78,Ⅲ,13,3,12B18,Ⅲ,12,1,1038,1.38.122,31,1,30,6,3,𘊩,𗷦,,1.13.2204,6,3,A06.152,302,𘊩,𗷦,𘄱,𗝚,平
𘁎,U+1804E,,6.140.3,8724/20,K2330,L5548,L5548,S2146,101-051,1097,13B11,Ⅲ,14,1,12B24,Ⅲ,12,5,1033,1.37.273,31,1,30,5,3,𘒦,𘙌,,1.13.2109,5,2,A06.153,303,𘒦,𘙌,𘄱,𗝚,平
𘅬,U+1816C,,6.396.1,1441/22,K3848,L0792,L0792,S4778,230-094,1098,13B12,Ⅲ,14,2,12B25,Ⅲ,12,6,1034,1.38.111,31,1,30,5,4,𘒦,𘙌,,,,,A06.154,304,𘒦,𘙌,𘄱,𗝚,平
𗕦,U+17566,,2.440.3,1745/00,K0349,L1400,L1400,S4379,,1099,13B13,Ⅲ,14,3,12B22,Ⅲ,12,3,1035,1.38.112,31,1,30,5,5,𘒦,𘙌,,1.13.2201,5,3,A06.161,305,𘒦,𘙌,𘄱,𗝚,平
𗵧,U+17D67,,5.069.2,1045/50,K1173,L0136,L0136,S0252,018-113,1100,13B14,Ⅲ,15,1,12B26,Ⅲ,13,1,3664,,40,2,35,,,,,,2.10.1708,2,1,A06.162,938,𘛻,𗾫,𘅜,𗾫,上
𗽑,U+17F51,,5.440.1,2744/20,K3311,L3309,L3309,S3999,210-073,1101,13B15,Ⅲ,15,2,12B27,Ⅲ,13,2,3665,,40,2,35,,,,,,2.10.1709,2,2,A06.163,939,𘛻,𗾫,𘅜,𗾫,上
𘈬,U+1822C,,7.037.1,1842/40,K1874,L1722,L1722,S1195,225-051,1102,13B16,Ⅲ,15,3,12B28,Ⅲ,13,3,3666,,40,2,35,,,,,,2.10.2101,2,3,A06.164,940,𘛻,𗾫,𘅜,𗾫,上
𗀧,U+17027,,1.034.3,1041/44,K3931,L0097,L0097,S1079,001-122,1103,13B17,Ⅲ,15,4,12B33,Ⅲ,13,6,3667,,40,2,35,,,,,,2.10.2102,2,4,A06.171,941,𘛻,𗾫,𘅜,𗾫,上
𗻂,U+17EC2,,5.323.4,2141/44,K5256,L2166,L2166,S3203,,1104,13B18,Ⅲ,15,5,12B31,Ⅲ,13,4,3668,,40,2,35,,,,,,2.10.2103,2,5,A06.172,942,𘛻,𗾫,𘅜,𗾫,上
𗀩,U+17029,,1.035.2,1041/21,K4234,L0077,L0077,S1078,001-121,1105,13B21,Ⅲ,15,6,12B32,Ⅲ,13,5,3669,,40,2,35,,,,,,2.10.2104,2,6,A06.173,943,𘛻,𗾫,𘅜,𗾫,上
𗳉,U+17CC9,,2.539.2,1724/22,K2308,L1564,L1564,S5270,,1106,13B22,Ⅲ,16,1,12B37,Ⅲ,15,2,1304,,37,1,36,,,?,?,,1.16.1203,4,1,A06.174,61,𘒦,𘒢,𗟌,𘒋,平
𘒜,U+1849C,,7.527.1,1721/24,K4564,L0954,L0954,S0181,,1107,13B23,Ⅲ,16,2,12B42,Ⅲ,15,5,1305,,37,1,36,,,?,?,,1.16.1204,4,2,A06.181,62,𘒦,𘒢,𗟌,𘒋,平
𗠱,U+17831,,3.273.1,7825/42,K0618,L4657,L4657,S0521,255-078,1108,13B24,Ⅲ,16,3,12B44,Ⅲ,15,7,1306,,37,1,36,,,?,?,,1.16.1205,4,3,A06.182,63,𘒦,𘒢,𗟌,𘒋,平
𗗢,U+175E2,,2.547.3,1821/24,K3725,L1593,L1593,S5276,,1109,13B25,Ⅲ,16,4,12B38,Ⅲ,15,3,1307,,37,1,36,,,?,?,,1.16.1206,4,4,A06.183,64,𘒦,𘒢,𗟌,𘒋,平
𗣨,U+178E8,,4.053.3,2842/20,K0784,L3620,L3620,S3613,,1110,13B26,Ⅲ,16,5,12B36,Ⅲ,15,1,1308,,37,1,36,,,?,?,,1.16.1207,4,5,A06.191,65,𘒦,𘒢,𗟌,𘒋,平
𘝶,U+18776,,2.450.3,1244/22,K2753,L0582,L0582,S4414,010-112,1111,13B27,Ⅲ,17,1,19B47,Ⅲ,D,119,3569,,37,2,33,,,,,,2.09.2502,3,1,A06.192,926,𘒦,𗀑,𗟌,𗥤,上
𗺈,U+17E88,,5.296.3,2854/52,K2077,L3728,L3728,S3128,,1112,13B28,Ⅲ,17,2,12B41,Ⅲ,15,4,3570,,37,2,33,,,,,,2.09.2503,3,2,A06.193,927,𘒦,𗀑,𗟌,𗥤,上
𘉙,U+18259,,7.083.3,7322/45,K0107,L4570,L4570,S1641,259-074,1113,13B31,Ⅲ,17,3,12B43,Ⅲ,15,6,3571,,37,2,33,,,,,,2.09.2504,3,3,A06.194,928,𘒦,𗀑,𗟌,𗥤,上
𗇊,U+171CA,,1.415.2,3052/00,K0105,L3836,L3836,S2897,005-051,1114,13B32,Ⅲ,17,4,12B45,Ⅲ,15,8,3572,,37,2,33,,,,,,2.09.2505,3,4,A06.201,929,𘒦,𗀑,𗟌,𗥤,上
𗤬,U+1792C,,4.149.1,2841/40,K5196,L3591,L3591,S3683,204-06h,1115,13B33,Ⅲ,18,1,12B46,Ⅲ,16,1,3077,,14,2,12,,,,,,2.05.2505,6,1,A06.202,820,𗾞,𗮉,𘅜,𘏗,上
𗮮,U+17BAE,,3.461.2,8821/70,K5624,L5700,L5700,S2297,269-065,1116,13B34,Ⅲ,18,2,12B51,Ⅲ,16,4,3078,,14,2,12,,,,,,2.05.2506,6,2,A06.203,821,𗾞,𗮉,𘅜,𘏗,上
𗦸,U+179B8,,4.315.2,2342/22,K0116,L2631,L2631,S3704,204-08zm,1117,13B35,Ⅲ,18,3,12B47,Ⅲ,16,2,3079,,14,2,12,,,,,,2.05.2507,6,3,A06.204,822,𗾞,𗮉,𘅜,𘏗,上
𘇯,U+181EF,,6.488.2,1795/00,K0458,L1573,L1573,S5082,,1118,13B36,Ⅲ,18,4,12B52,Ⅲ,16,5,3080,,14,2,12,,,,,,2.05.2508,6,4,A06.211,823,𗾞,𗮉,𘅜,𘏗,上
𗗷,U+175F7,,2.568.2,1841/40,K5195,L1691,L1691,S5359,,1119,13B37,Ⅲ,18,5,12B48,Ⅲ,16,3,3081,,14,2,12,,,,,,2.05.2601,6,5,A06.212,824,𗾞,𗮉,𘅜,𘏗,上
𗺝,U+17E9D,,5.310.3,2744/40,K3133,L3336,L3336,S3278,,1120,13B38,Ⅲ,19,1,12B53,Ⅲ,17,1,1714,1.59.231,56,1,54,2,2,𗣔,𘔞,,1.19.2507,2,2,A06.213,424,?,?,?,?,
𗸰,U+17E30,,5.211.1,1742/24,K3678,L1258,L1258,S1088,223-091,1121,13B41,Ⅲ,19,2,12B55,Ⅲ,17,3,1715,1.59.232,56,1,54,2,3,𗣔,𘔞,,1.19.2508,2,3,A06.214,425,?,?,?,?,
𘘪,U+1862A,,8.285.2,1744/00,K3148,L1325,L1325,S5049,297-043,1122,13B42,Ⅲ,19,3,12B54,Ⅲ,17,2,1716,1.59.241,56,1,54,2,4,𗣔,𘔞,,1.19.2601,2,4,A06.215,426,?,?,?,?,
𗴍,U+17D0D,,3.692.2,1773/40,K5554,L1513,L1513,S5096,167-001,1123,13B43,Ⅲ,19,4,12B56,Ⅲ,17,4,1717,1.59.242,56,1,54,2,5,𗣔,𘔞,,1.19.2602,2,5,A06.221,427,?,?,?,?,
𗴎,U+17D0E,,3.693.1,1774/44,K1068,L1533,L1533,S5095,034-073,1124,13B44,Ⅲ,19,5,12B57,Ⅲ,17,5,,,56,1,54,,,,,,,,,A06.222,38,?,?,?,?,
𘙬,U+1866C,,8.320.1,1722/50,K0684,L1043,L1043,S5086,170-001,1125,13B45,Ⅲ,19,6,12B58,Ⅲ,17,6,1718,1.59.243,56,1,54,2,6,𗣔,𘔞,,1.19.2603,2,6,A06.223,428,?,?,?,?,
𗧊,U+179CA,,4.339.1,2844/20,K2416,L3678,L3678,S3667,204-08j,1126,13B46,Ⅲ,20,1,12B61,Ⅲ,18,1,3836,,51,2,42,,,,,,2.11.2404,3,1,A06.224,986,𗣔,𗥹,𘛵,𗟌,上
𘛵,U+186F5,,8.400.2,8040/00,K3332,L4859,L4859,S2850,302-001,1127,13B47,Ⅲ,20,2,12B63,Ⅲ,18,3,3837,,51,2,42,,,,,,2.11.2405,3,2,A06.231,987,𗣔,𗥹,𘛵,𗟌,上
𗨶,U+17A36,,4.428.3,2741/21,K5393,L3117,L3117,S3789,204-09za,1128,13B48,Ⅲ,20,3,12B62,Ⅲ,18,2,3838,,51,2,42,,,,,,2.11.2406,3,3,A06.232,988,𗣔,𗥹,𘛵,𗟌,上
𗜃,U+17703,,3.098.3,5045/00,K0341,L4372,L4372,S0800,,1129,13B51,Ⅲ,20,4,12B65,Ⅲ,18,5,3839,,51,2,42,,,,,,2.11.2407,3,4,A06.233,989,𗣔,𗥹,𘛵,𗟌,上
𗑷,U+17477,,2.266.4,8021/22,K4794,L4683,L4683,S1842,008-084,1130,13B52,Ⅲ,20,5,12B64,Ⅲ,18,4,3840,,51,2,42,,,,,,2.11.2408,3,5,A06.234,990,𗣔,𗥹,𘛵,𗟌,上
𗰫,U+17C2B,,3.561.2,1742/20,K1026,L1233,L1233,S4580,231-071,1131,13B53,Ⅲ,21,1,12B66,Ⅲ,18,6,1607,1.56.131,51,1,49,4,1,𗣔,𗏟,,1.18.2601,4,1,,,,,,,
𗰬,U+17C2C,,3.561.3,1742/80,K0197,L1292,L1292,S4579,231-072,1132,13B54,Ⅲ,21,2,12B67,Ⅲ,18,7,1608,1.56.132,51,1,49,4,2,𗣔,𗏟,,1.18.2602,4,2,,,,,,,
𗶪,U+17DAA,,7.563.1,5210/00,K0059,L5862,L5862,S5326,197-091,1133,13B55,Ⅲ,22,1,12B72,Ⅲ,19,3,2244,1.78.131,74,1,71,1,3,𗡞,𘇣,,1.25.1104,1,3,,,,,,,
𘒳,U+184B3,,7.562.1,5744/20,K2542,L5939,L5939,S5328,197-061,1134,13B56,Ⅲ,22,2,12B71,Ⅲ,19,2,,,74,1,71,,,,,,,,,,,,,,,
𗨌,U+17A0C,,4.400.2,2741/24,K5175,L3129,L3129,S3601,204-09z,1135,13B57,Ⅲ,23,1,12B74,Ⅲ,20,2,1112,1.40.152,31,1,30,25,1,𗦣,𘞗,,1.14.1503,22,1,,,,,,,
𗼅,U+17F05,,5.349.1,2782/20,K1580,L3434,L3434,S3516,205-041,1136,13B58,Ⅲ,23,2,12B73,Ⅲ,20,1,1113,1.40.161,31,1,30,25,2,𗦣,𘞗,,1.14.1504,22,2,,,,,,,
𗫧,U+17AE7,,4.575.1,2844/72,K2763,L3715,L3715,S3634,,1137,13B61,Ⅲ,23,3,12B75,Ⅲ,20,3,1114,1.40.162,31,1,30,25,3,𗦣,𘞗,,1.14.1505,22,3,,,,,,,
𗏼,U+173FC,,2.190.2,2141/41,K5505,L2143,L2143,S5599,,1138,13B62,Ⅲ,23,4,12B76,Ⅲ,20,4,1115,1.40.171,31,1,30,25,4,𗦣,𘞗,,1.14.1506,22,4,,,,,,,
𗑭,U+1746D,,2.263.2,8025/75,K1486,L4854,L4854,S2042,,1139,13B63,Ⅲ,24,1,12B77,Ⅲ,20,5,3450,,31,2,28,,,,,,2.08.2606,11,1,,,,,,,
𗸴,U+17E34,,5.214.3,1121/40,K4044,L0185,L0185,S1224,252-101,1140,13B64,Ⅲ,24,2,12B78,Ⅲ,20,6,3451,,31,2,28,,,,,,2.08.2607,11,2,,,,,,,
𗦈,U+17988,,4.272.1,2244/50,K2683,L2510,L2510,S3466,204-08zd,1141,13B65,Ⅲ,25,1,13A11,Ⅲ,21,1,1501,1.52.261,44,1,43,2,1,𘇡,𘈩,,1.17.2507,2,1,,,,,,,
𗣙,U+178D9,,4.046.2,2149/00,K0641,L2294,L2294,S3495,,1142,13B66,Ⅲ,25,2,13A12,Ⅲ,21,2,1502,1.52.262,44,1,43,2,2,𘇡,𘈩,,1.17.2508,2,2,,,,,,,
𘊨,U+182A8,,7.140.1,3745/20,K0600,L3981,L3981,S2921,,1143,13B67,Ⅲ,26,1,13A13,Ⅲ,21,3,3723,,44,2,38,,,,,,2.10.2708,1,1,,,,,,,
𗁪,U+1706A,,1.075.1,2105/45,K1163,L1982,L1982,S1581,039-097,1144,13B68,Ⅲ,26,2,13A14,Ⅲ,21,4,3724,,44,2,38,,,,,,2.10.2709,1,2,,,,,,,
𘁢,U+18062,,6.152.2,8324/20,K3079,L5363,L5363,S1908,101-061,1145,13B71,Ⅲ,26,3,13A15,Ⅲ,21,5,3725,,44,2,38,,,,,,2.11.1101,1,3,,,,,,,
𗣩,U+178E9,,4.054.1,2842/40,K1813,L3640,L3640,S3637,204-06x,1146,13B72,Ⅲ,27,1,13A16,Ⅲ,22,1,3105,,17,2,14,,,,,,2.06.1203,2,1,,,,,,,
𗑏,U+1744F,,2.235.5,8044/22,K2604,L4985,L4985,S2105,,1147,13B73,Ⅲ,27,2,13A22,Ⅲ,22,5,3106,,17,2,14,,,,,,2.06.1204,2,2,,,,,,,
𗆱,U+171B1,,1.403.2,2804/24,K3267,L3503,L3503,S1398,041-126,1148,13B74,Ⅲ,27,3,13A17,Ⅲ,22,2,3107,,17,2,14,,,,,,2.06.1205,2,3,,,,,,,
𘜳,U+18733,,8.453.1,5792/40,K1744,L4455,L4455,S0969,017c-031,1149,13B75,Ⅲ,27,4,13A18,Ⅲ,22,3,3108,,17,2,14,,,,,,2.06.1206,2,4,,,,,,,
𗘭,U+1762D,,2.594.1,1744/00,K2914,L1299,L1299,S5133,034-091,1150,13B76,Ⅲ,27,5,13A23,Ⅲ,23,1,3109,,17,2,14,,,,,,2.06.1207,2,5,,,,,,,
𘜶,U+18D08,,8.456.2,5794/00,K3410,L4456,L4456,S0972,017c-051,1151,13B77,Ⅲ,27,6,13A21,Ⅲ,22,4,,,17,2,14,,,,,,,,,,,,,,,
𘀢,U+18022,,6.123.1,3742/24,K1733,L3973,L3973,S2900,192-072,1152,13B78,Ⅲ,28,1,13A25,Ⅲ,23,3,545,1.22.221,17,1,17,6,2,𗪃,𗖳,,1.10.1103,5,9,,,,,,,
𗢳,U+178B3,,4.013.1,2540/00,K0456,L2852,L2852,S3464,204-042,1153,14A11,Ⅲ,28,2,13A24,Ⅲ,23,2,544,1.22.212,17,1,17,6,1,𗪃,𗖳,,1.10.1102,5,8,,,,,,,
𘄌,U+1810C,,6.289.3,1721/22,K5093,L0939,L0939,S4345,,1154,14A12,Ⅲ,29,1,13A26,Ⅲ,24,1,4146,,64,2,54,,,,,,2.13.2409,3,1,,,,,,,
𗏰,U+173F0,,2.178.3,2741/42,K5001,L3155,L3155,S5602,202-098,1155,14A13,Ⅲ,29,2,13A27,Ⅲ,24,2,4147,,64,2,54,,,,,,2.13.2501,3,2,,,,,,,
𗤖,U+17916,,4.123.2,2142/40,K0222,L2216,L2216,S3751,,1156,14A14,Ⅲ,30,1,13A28,Ⅲ,25,1,1945,1.67.162,64,1,61,8,1,𗥇,𗧛,,1.21.2703,6,4,,,,,,,
𘞪,U+187AA,,8.545.1,8321/42,K4491,L5356,L5356,S2507,265-041,1157,14A15,Ⅲ,30,2,13A31,Ⅲ,25,2,1946,1.67.171,64,1,61,8,2,𗥇,𗧛,,1.21.2704,6,5,,,,,,,
𗟥,U+177E5,,3.216.1,1942/44,K1400,L1868,L1868,S0310,112-051,1158,14A16,Ⅲ,31,1,13A33,Ⅲ,26,2,1942,1.67.151,64,1,61,7,1,𗠃,𗵫,,1.21.2607,6,1,,,,,,,
𗳌,U+17CCC,,2.544.1,1824/22,K2080,L1840,L1840,S5269,049-071,1159,14A17,Ⅲ,31,2,13A32,Ⅲ,26,1,1943,1.67.152,64,1,61,7,2,𗠃,𗵫,,1.21.2701,6,2,,,,,,,
𘍷,U+18377,,7.292.2,8121/22,K4322,L5074,L5074,S2495,,1160,14A18,Ⅲ,31,3,13A34,Ⅲ,26,3,1944,1.67.161,64,1,61,7,3,𗠃,𗵫,,1.21.2702,6,3,,,,,,,
𗝾,U+1777E,,3.170.3,5054/50,K3022,L4398,L4398,S0691,017-12h,1161,14A21,Ⅲ,32,1,13A35,Ⅲ,27,1,1985,1.68.242,65,1,62,2,1,𗠃,𗩝,,1.22.1501,2,1,,,,,,,
𗱮,U+17C6E,,3.609.1,1744/00,K2421,L1301,L1301,S4946,,1162,14A22,Ⅲ,32,2,13A36,Ⅲ,27,2,1986,1.68.251,65,1,62,2,2,𗠃,𗩝,,1.22.1502,2,2,,,,,,,
𗭄,U+17B44,,3.397.1,8022/24,K5798,L4757,L4757,S3976,031-091,1163,14A23,Ⅲ,32,3,13A37,Ⅲ,27,3,1987,1.68.252,65,1,62,2,3,𗠃,𗩝,,1.22.1504,2,4,,,,,,,
𗤮,U+1792E,,4.151.1,2745/00,K0360,L3360,L3360,S3842,204-065,1164,14A24,Ⅲ,33,1,13A38,Ⅲ,28,1,4742,,56,4,47,,,,,,2.18.1305,1,4,,,,,,,
𘗀,U+185C0,,8.199.1,8054/00,K2689,L5047,L5047,S2608,028-103,1165,14A25,Ⅲ,33,2,13A41,Ⅲ,28,2,4743,,56,4,47,,,,,,2.18.1306,1,5,,,,,,,
𘛔,U+186D4,,2.402.1,8725/45,K1250,L5578,L5578,S1837,,1166,14A26,Ⅲ,33,3,13A42,Ⅲ,28,3,4744,,56,4,47,,,,,,2.18.1307,1,6,,,,,,,
𗫂,U+17AC2,,4.534.2,2841/24,K4436,L3583,L3583,S3612,204-125,1167,14A27,Ⅲ,34,1,13A45,Ⅲ,29,1,735,1.28.212,20,1,20,4,1,𘎤,𗡝,,1.11.2104,4,1,,,,,,,
𗧆,U+179C6,,4.337.2,2844/00,K2223,L3659,L3659,S3631,,1168,14A28,Ⅲ,34,2,13A46,Ⅲ,29,2,,,20,1,20,,,,,,,,,,,,,,,
𘈪,U+1822A,,7.035.1,1942/24,K1386,L1863,L1863,S1076,,1169,14A31,Ⅲ,34,3,13A47,Ⅲ,29,3,736,1.28.221,20,1,20,4,2,𘎤,𗡝,,1.11.2105,4,2,,,,,,,
𗺨,U+17EA8,,5.322.4,2744/40,K2539,L3338,L3338,S3277,,1170,14A32,Ⅲ,35,1,13A51,Ⅲ,30,2,4471,,82,2,71,,,,,,2.16.1103,1,3,,,,,,,
𗮾,U+17BBE,,3.468.3,8221/70,K5655,L5275,L5275,S2283,269-101,1171,14A33,Ⅲ,35,2,13A48,Ⅲ,30,1,4472,,82,2,71,,,,,,2.16.1104,1,4,,,,,,,
𗝛,U+1775B,,3.152.1,5044/40,K2540,L4366,L4366,S0848,017-11l,1172,14A34,Ⅲ,35,3,13A52,Ⅲ,30,3,,,82,2,71,,,,,,,,,,,,,,,
𗬿,U+17B3F,,3.395.2,8022/40,K5797,L4771,L4771,S3975,031-061,1173,14A35,Ⅲ,35,4,13A53,Ⅲ,30,4,,,82,2,71,,,,,,,,,,,,,,,
𗥉,U+17949,,4.196.2,2441/22,K3937,L2747,L2747,S3404,204-07l,1174,14A36,Ⅲ,36,1,13A54,Ⅲ,31,1,3650,,38,2,34,,,,,,2.10.1603,2,2,,,,,,,
𗝞,U+1775E,,3.152.4,5041/22,K3938,L4238,L4238,S0855,,1175,14A37,Ⅲ,36,2,13A55,Ⅲ,31,2,3651,,38,2,34,,,,,,2.10.1604,2,3,,,,,,,
𗻁,U+17EC1,,5.323.3,2441/42,K3936,L2788,L2788,S3200,,1176,14A38,Ⅲ,36,3,13A56,Ⅲ,31,3,3652,,38,2,34,,,,,,2.10.1605,2,4,,,,,,,
𗤤,U+17924,,4.135.2,2841/00,K4681,L3565,L3565,S3632,204-063,1177,14A41,Ⅲ,37,1,13A58,Ⅲ,32,2,19,1.05.232,1,1,1,5,1,𘎼,𗒿,,1.04.2505,5,1,,,,,,,
𗪃,U+17A83,,4.482.1,2141/00,K0007,L2078,L2078,S3377,204-11c,1178,14A42,Ⅲ,37,2,13A57,Ⅲ,32,1,20,1.05.233,1,1,1,5,2,𘎼,𗒿,,1.04.2506,5,2,,,,,,,
𘇡,U+181E1,,6.493.3,1821/40,K4679,L1600,L1600,S5442,,1179,14A43,Ⅲ,37,3,13A61,Ⅲ,32,3,21,1.05.241,1,1,1,5,3,𘎼,𗒿,,1.04.2507,5,3,,,,,,,
𘇢,U+181E2,,6.496.1,1725/45,K1253,L1133,L1133,S5444,,1180,14A44,Ⅲ,37,4,13A62,Ⅲ,32,4,22,1.05.242,1,1,1,5,4,𘎼,𗒿,,1.04.2508,5,4,,,,,,,
𘊵,U+182B5,,7.152.1,3721/45,K5281,L3949,L3949,S2954,246-042,1181,14A45,Ⅲ,37,5,13A65,Ⅲ,32,7,23,1.05.251,1,1,1,5,5,𘎼,𗒿,,1.04.2509,5,5,,,,,,,
𘊴,U+182B4,,7.150.1,3722/40,K1619,L3951,L3951,S2960,246-041,1182,14A46,Ⅲ,37,6,13A64,Ⅲ,32,6,24,1.05.252,1,1,1,5,6,𘎼,𗒿,,1.04.2601,5,6,,,,,,,
𗵥,U+17D65,,5.068.2,1044/22,K2734,L0130,L0130,S0210,018-118,1183,14A47,Ⅲ,38,1,13A66,Ⅲ,33,1,2644,,1,2,1,,,,,,2.02.1305,2,2,,,,,,,
𗱌,U+17C4C,,3.587.3,1854/40,K3278,L1799,L1799,S4813,,1184,14A48,Ⅲ,38,2,13A63,Ⅲ,32,5,2645,,1,2,1,,,,,,2.02.1306,2,3,,,,,,,
𗭳,U+17B73,,3.424.3,8824/40,K2445,L5716,L5716,S2136,096-091,1185,14A51,Ⅲ,38,3,13A67,Ⅲ,33,2,2646,,1,2,1,,,,,,2.02.1307,2,4,,,,,,,
𗻷,U+17EF7,,5.338.1,2844/44,K2446,L3705,L3705,S3222,144-121,1186,14A52,Ⅲ,38,4,13A68,Ⅲ,33,3,2647,,1,2,1,,,,,,2.02.1401,2,5,,,,,,,
𗭲,U+17B72,,3.424.2,8224/40,K3102,L5295,L5295,S2138,,1187,14A53,Ⅲ,38,5,13A71,Ⅲ,33,4,,,1,2,1,,,,,,,,,,,,,,,
𗮤,U+17BA4,,3.458.3,8221/70,K5656,L5268,L5268,S2306,269-052,1188,14A54,Ⅲ,38,6,13A72,Ⅲ,33,5,2648,,1,2,1,,,,,,2.02.1402,2,6,,,,,,,
𗱍,U+17C4D,,3.588.1,1154/42,K3593,L0419,L0419,S4805,,1189,14A55,Ⅲ,39,1,13A73,Ⅲ,34,1,195,1.11.131,5,1,5,2,3,𘑵,𗽠,,1.06.1707,2,4,,,,,,,
𗮐,U+17B90,,3.453.1,8122/21,K1515,L5150,?,S2255,,1190,14A56,Ⅲ,39,2,13A74,Ⅲ,34,2,196,1.11.132,5,1,5,2,4,𘑵,𗽠,,1.06.1708,2,5,,,,,,,
𘞺,U+187BA,,8.558.1,1149/00,K0712,L0337,L0337,S4927,026-134,1191,14A57,Ⅲ,40,1,13A76,Ⅲ,35,2,3408,,31,2,28,,,,,,2.08.2207,4,1,,,,,,,
𘞻,U+187BB,,8.558.2,1741/20,K5370,L1185,L1185,S4930,,1192,14A58,Ⅲ,40,2,13A77,Ⅲ,35,3,,,31,2,28,,,,,,,,,,,,,,,
𘞹,U+187B9,,8.557.1,1740/00,K3301,L1156,L1156,S4925,026-062,1193,14A61,Ⅲ,40,3,13A75,Ⅲ,35,1,3409,,31,2,28,,,,,,2.08.2208,4,2,,,,,,,
𗍟,U+1735F,,2.045.2,1844/40,K2397,L1769,L1769,S0655,098-121,1194,14A62,Ⅲ,40,4,13B15,Ⅲ,36,1,3410,,31,2,28,,,,,,2.08.2209,4,3,,,,,,,
𗌽,U+1733D,,2.012.2,1441/40,K4050,L0804,L0804,S0653,098-062,1195,14A63,Ⅲ,40,5,13B16,Ⅲ,36,2,3411,,31,2,28,,,,,,2.08.2210,4,4,,,,,,,
𗧢,U+179E2,,4.364.3,2441/44,K4053,L2790,L2790,S3458,,1196,14A64,Ⅲ,40,6,13B22,Ⅲ,36,6,3412,,31,2,28,,,,,,2.08.2211,4,5,,,,,,,
𗪷,U+17AB7,,4.525.2,2744/44,K3431,L3345,L3345,S3459,,1197,14A65,Ⅲ,40,7,13B21,Ⅲ,36,5,3413,,31,2,28,,,,,,2.08.2301,4,6,,,,,,,
𗛞,U+176DE,,3.083.2,5041/40,K4052,L4245,L4245,S0716,,1198,14A66,Ⅲ,40,8,13B18,Ⅲ,36,4,3414,,31,2,28,,,,,,2.08.2302,4,7,,,,,,,
𗑮,U+1746E,,2.263.3,8041/40,K4051,L4901,L4901,S1819,007-093,1199,14A67,Ⅲ,40,9,13B17,Ⅲ,36,3,3415,,31,2,28,,,,,,2.08.2303,4,8,,,,,,,
𘀤,U+18024,,6.123.3,3841/22,K4644,L3996,L3996,S2901,192-071,1200,14A68,Ⅲ,40,10,13B23,Ⅲ,36,7,3416,,31,2,28,,,,,,2.08.2304,4,9,,,,,,,
𘀡,U+18021,,6.122.2,3244/24,K1082,L3901,L3901,S2902,,1201,14A71,Ⅲ,40,11,13B24,Ⅲ,36,8,,,31,2,28,,,,,,,,,,,,,,,
𗃦,U+170E6,,1.167.3,2775/22,K0387,L3422,L3422,S4117,180-098,1202,14A72,Ⅲ,41,1,13A78,Ⅲ,35,4,1045,1.38.152,31,1,30,9,1,𘟣,𗈶,,1.13.2305,8,3,,,,,,,
𘟚,U+187DA,,8.591.1,3722/90,K1595,L3957,L3957,S2931,006-141,1203,14A73,Ⅲ,41,2,13B13,Ⅲ,35,7,1046,1.38.161,31,1,30,9,2,𘟣,𗈶,,1.13.2306,8,4,,,,,,,
𗃯,U+170EF,,1.173.1,2571/22,K4782,L2898,L2898,S4116,180-097,1204,14A74,Ⅲ,41,3,13B11,Ⅲ,35,5,1047,1.38.162,31,1,30,9,3,𘟣,𗈶,,1.13.2307,8,5,,,,,,,
𗹮,U+17E6E,,5.284.1,2101/50,K4308,L1931,L1931,S1291,135-031,1205,14A75,Ⅲ,42,1,13B12,Ⅲ,35,6,1043,1.38.143,31,1,30,8,1,𘟣,𗅻,,1.13.2303,8,1,,,,,,,
𗦓,U+17993,,4.284.1,2544/00,K3061,L2876,L2876,S3473,,1206,14A76,Ⅲ,42,2,13B14,Ⅲ,35,8,1044,1.38.151,31,1,30,8,2,𘟣,𗅻,,1.13.2304,8,2,,,,,,,
𗱐,U+17C50,,3.589.3,1721/00,K5372,L0913,L0913,S4887,026-043,1207,14A77,Ⅲ,43,1,13B26,Ⅲ,37,2,3939,,54,2,45,,,,,,2.12.1609,2,2,,,,,,,
𘜩,U+18729,,5.080.2,1141/00,K4866,L0253,L0253,S0184,291-052,1208,14A78,Ⅲ,43,2,13B28,Ⅲ,37,4,3940,,54,2,45,,,,,,2.12.1610,2,3,,,,,,,
𘉼,U+1827C,,7.099.1,2821/40,K4694,L3528,L3528,S3181,,1209,14B11,Ⅲ,43,3,13B27,Ⅲ,37,3,3941,,54,2,45,,,,,,2.12.1611,2,4,,,,,,,
𗥌,U+1794C,,4.198.1,2144/00,K2576,L2231,L2231,S3506,204-07u,1210,14B12,Ⅲ,44,1,13B48,Ⅲ,38,16,1310,,37,1,36,,,?,?,,1.16.1209,5,2,,,,,,,
𘔚,U+1851A,,8.042.1,1841/00,K4696,L1671,L1671,S1205,226-061,1211,14B13,Ⅲ,44,2,13B32,Ⅲ,38,2,1311,,37,1,36,,,?,?,,1.16.1301,5,3,,,,,,,
𗌸,U+17338,,2.007.2,1844/00,K2444,L1732,L1732,S0641,,1212,14B14,Ⅲ,44,3,13B42,Ⅲ,38,10,1312,,37,1,36,,,?,?,,1.16.1302,5,4,,,,,,,
𘔑,U+18511,,8.038.2,1240/20,K0127,L0529,L0529,S1209,,1213,14B15,Ⅲ,44,4,13B41,Ⅲ,38,9,1313,,37,1,36,,,?,?,,1.16.1303,5,5,,,,,,,
𘔠,U+18520,,8.047.1,1844/42,K0419,L1774,L1774,S1201,226-092,1214,14B16,Ⅲ,44,5,13B38,Ⅲ,38,8,1314,,37,1,36,,,?,?,,1.16.1304,5,6,,,,,,,
𗾚,U+17F9A,,6.017.2,2844/00,K2466,L3671,L3671,S5710,,1215,14B17,Ⅲ,44,6,13B52,Ⅲ,38,18,1315,,37,1,36,,,?,?,,1.16.1305,5,7,,,,,,,
𘔡,U+18521,,8.047.2,1842/40,K0240,L1723,L1723,S1211,226-091,1216,14B18,Ⅲ,45,1,13B31,Ⅲ,38,1,3573,,37,2,33,,,,,,2.09.2506,4,1,,,,,,,
𘔒,U+18512,,8.038.3,1244/00,K2917,L0547,L0547,S1212,226-042,1217,14B21,Ⅲ,45,2,13B33,Ⅲ,38,3,3574,,37,2,33,,,,,,2.09.2507,4,2,,,,,,,
𘔝,U+1851D,,8.045.1,1942/20,K0905,L1858,L1858,S1206,226-072,1218,14B22,Ⅲ,45,3,13B34,Ⅲ,38,4,3575,,37,2,33,,,,,,2.09.2508,4,3,,,,,,,
𗂥,U+170A5,,1.113.2,2101/42,K5450,L1926,L1926,S1607,039-115,1219,14B23,Ⅲ,45,4,13B46,Ⅲ,38,14,3576,,37,2,33,,,,,,2.09.2509,4,4,,,,,,,
𗖝,U+1759D,,2.491.1,1871/20,K4646,L1809,L1809,S4608,182-075,1220,14B24,Ⅲ,45,5,13B45,Ⅲ,38,13,3577,,37,2,33,,,,,,2.09.2510,4,5,,,,,,,
𗶊,U+17D8A,,5.094.1,1841/20,K4645,L1674,L1674,S0141,221-072,1221,14B25,Ⅲ,45,6,13B44,Ⅲ,38,12,3578,,37,2,33,,,,,,2.09.2511,4,6,,,,,,,
𗍄,U+17344,,2.025.2,1441/40,K4103,L0806,L0806,S0642,,1222,14B26,Ⅲ,45,7,13B43,Ⅲ,38,11,3579,,37,2,33,,,,,,2.09.2512,4,7,,,,,,,
𗾭,U+17FAD,,6.035.2,2144/00,K2578,L2239,L2239,S5673,211-073,1223,14B27,Ⅲ,45,8,13B51,Ⅲ,38,17,3580,,37,2,33,,,,,,2.09.2601,4,8,,,,,,,
𘔕,U+18515,,8.039.3,1244/40,K1091,L0593,L0593,S1210,226-051,1224,14B28,Ⅲ,45,9,13B35,Ⅲ,38,5,3581,,37,2,33,,,,,,2.09.2602,4,9,,,,,,,
𗐧,U+17427,,2.201.2,3021/41,K5497,L3817,L3817,S2938,,1225,14B31,Ⅲ,45,10,13B55,Ⅲ,39,3,3582,,37,2,33,,,,,,2.09.2603,4,10,,,,,,,
𘔨,U+18528,,8.051.1,1294/00,K2798,L0638,L0638,S1122,,1226,14B32,Ⅲ,45,11,13B56,Ⅲ,39,4,3583,,37,2,33,,,,,,2.09.2604,4,11,,,,,,,
𘔖,U+18516,,8.039.4,1841/20,K5110,L1678,L1678,S1207,226-052,1227,14B33,Ⅲ,45,12,13B37,Ⅲ,38,7,3584,,37,2,33,,,,,,2.09.2605,4,12,,,,,,,
𘋿,U+182FF,,7.211.1,8124/54,K0398,L5147,L5147,S2240,078-062,1228,14B34,Ⅲ,45,13,13B53,Ⅲ,39,1,3585,,37,2,33,,,,,,2.09.2606,4,13,,,,,,,
𘀆,U+18006,,6.106.2,3121/25,K5407,L3846,L3846,S2875,,1229,14B35,Ⅲ,45,14,13B54,Ⅲ,39,2,3586,,37,2,33,,,,,,2.09.2607,4,14,,,,,,,
𗟹,U+177F9,,3.240.1,1891/00,K4659,L1591,L1591,S0441,154-062,1230,14B36,Ⅲ,45,15,16A35,Ⅲ,98,6,3587,,37,2,33,,,,,,2.09.2608,4,15,,,,,,,
𗾱,U+17FB1,,6.036.2,2441/40,K4090,L2781,L2781,S5725,211-072,1231,14B37,Ⅲ,45,16,16A36,Ⅲ,98,7,3588,,37,2,33,,,,,,2.09.2609,4,16,,,,,,,
𗞶,U+177B6,,3.198.2,5044/40,K2875,L4363,L4363,S0861,017-132,1232,14B38,Ⅲ,45,17,16A33,Ⅲ,98,4,3589,,37,2,33,,,,,,2.09.2610,4,17,,,,,,,
𘔙,U+18519,,8.041.1,1244/00,K3521,L0548,L0548,S1219,226-062,1233,14B41,Ⅲ,45,18,13B36,Ⅲ,38,6,,,37,2,33,,,,,,,,,,,,,,,
𗣜,U+178DC,,4.048.1,2141/50,K5423,L2173,L2173,S3554,204-054,1234,14B42,Ⅲ,46,1,13B57,Ⅲ,40,1,2762,,3,2,3,,,,,,2.03.1504,4,2,,,,,,,
𗧴,U+179F4,,4.378.2,2745/55,K0334,L3383,L3383,S3556,,1235,14B43,Ⅲ,46,2,13B58,Ⅲ,40,2,,,3,2,3,,,,,,,,,,,,,,,
𘒦,U+184A6,,7.551.1,1722/55,K1284,L1054,L1054,S5252,081-051,1236,14B44,Ⅲ,47,1,13B64,Ⅲ,41,4,112,1.08.221,3,1,3,4,1,𗠰,𗔠,,1.05.2402,4,1,,,,,,,
𗉚,U+1725A,,1.534.2,1749/20,K0656,L1424,L1424,S5545,185-061,1237,14B45,Ⅲ,47,2,13B66,Ⅲ,41,6,113,1.08.222,3,1,3,4,2,𗠰,𗔠,,1.05.2403,4,2,,,,,,,
𗒽,U+174BD,,2.308.1,8045/20,K0321,L5005,L5005,S2011,,1238,14B46,Ⅲ,47,3,13B65,Ⅲ,41,5,114,1.08.231,3,1,3,4,3,𗠰,𗔠,,1.05.2404,4,3,,,,,,,
𘊤,U+182A4,,7.139.1,3145/20,K1153,L3881,L3881,S2915,,1239,14B47,Ⅲ,47,4,13B63,Ⅲ,41,3,115,1.08.232,3,1,3,4,4,𗠰,𗔠,,1.05.2405,4,4,,,,,,,
𘊦,U+182A6,,7.139.3,3344/00,K2207,L3918,L3918,S2919,,1240,14B48,Ⅲ,47,5,13B62,Ⅲ,41,2,116,1.08.241,3,1,3,4,5,𗠰,𗔠,,1.05.2406,4,5,,,,,,,
𘊩,U+182A9,,7.140.2,3844/00,K3261,L4001,L4001,S2917,,1241,14B51,Ⅲ,47,6,13B61,Ⅲ,41,1,117,1.08.242,3,1,3,4,6,𗠰,𗔠,,1.05.2407,4,6,,,,,,,
𗪭,U+17AAD,,4.519.2,2141/42,K5451,L2151,L2151,S3847,204-116,1242,14B52,Ⅲ,48,1,13B68,Ⅲ,42,2,1130,1.40.271,32,1,31,4,1,𘎺,𗀠,,1.14.1708,3,1,,,,,,,
𗞃,U+17783,,3.177.2,5041/40,K4904,L4259,L4259,S0847,017-124,1243,14B53,Ⅲ,48,2,19A44,Ⅲ,D,60,1131,1.40.272,32,1,31,4,2,𘎺,𗀠,,1.14.2101,3,2,,,,,,,
𗣯,U+178EF,,4.064.1,2749/00,K0743,L3208,L3208,S3830,204-055,1244,14B54,Ⅲ,49,1,13B71,Ⅲ,43,1,1947,1.67.211,64,1,61,9,1,𗋭,𗋒,,1.21.2705,7,1,,,,,,,
𗨡,U+17A21,,4.415.3,2741/21,K5539,L3116,L3116,S3834,,1245,14B55,Ⅲ,49,2,13B73,Ⅲ,43,3,,,64,1,61,,,,,,,,,,,,,,,
𗴮,U+17D2E,,3.749.1,2721/52,K4663,L3017,L3017,S4143,180-171,1246,14B56,Ⅲ,49,3,13B76,Ⅲ,43,6,1948,1.67.212,64,1,61,9,2,𗋭,𗋒,,1.21.2706,7,2,,,,,,,
𘏀,U+183C0,,7.352.3,8240/52,K0481,L5304,L5304,S2667,236-056,1247,14B57,Ⅲ,49,4,13B77,Ⅲ,43,7,1949,1.67.221,64,1,61,9,3,𗋭,𗋒,,1.21.2707,7,3,,,,,,,
𗓠,U+174E0,,2.335.2,8089/20,K0643,L5052,L5052,?,,1248,14B58,Ⅲ,49,5,13B78,Ⅲ,43,8,1950,1.67.222,64,1,61,9,4,𗋭,𗋒,,1.21.2708,7,4,,,,,,,
𗣠,U+178E0,,4.051.2,2141/20,K4939,L2073,L2073,S3569,,1249,14B61,Ⅲ,49,6,13B72,Ⅲ,43,2,1951,1.67.231,64,1,61,9,5,𗋭,𗋒,,1.22.1101,7,5,,,,,,,
𗸇,U+17E07,,5.190.1,1751/52,K4989,L1438,L1438,S0366,123-081,1250,14B62,Ⅲ,49,7,13B75,Ⅲ,43,5,1952,1.67.232,64,1,61,9,6,𗋭,𗋒,,1.22.1102,7,6,,,,,,,
𗙥,U+17665,,3.030.2,1121/21,K5312,L0161,L0161,S0131,,1251,14B63,Ⅲ,49,8,13B74,Ⅲ,43,4,1953,1.67.233,64,1,61,9,7,𗋭,𗋒,,1.22.1103,7,7,,,,,,,
𗹻,U+17E7B,,5.291.3,2804/50,K3245,L3512,L3512,S1297,133-062,1252,14B64,Ⅲ,50,1,14A11,Ⅲ,44,1,1505,1.53.111,44,1,43,4,1,𗪚,𘈩,,1.17.2603,4,1,,,,,,,
𘂟,U+1809F,,6.188.1,9874/42,K3247,L5989,L5989,S1744,,1253,14B65,Ⅲ,50,2,14A14,Ⅲ,44,4,1506,1.53.112,44,1,43,4,2,𗪚,𘈩,,1.17.2604,4,2,,,,,,,
𗪴,U+17AB4,,4.524.1,2741/24,?,L3134,L3134,S3788,,1254,14B66,Ⅲ,51,1,14A18,Ⅲ,45,3,3726,,44,2,38,,,,,,2.11.1102,2,1,,,,,,,
𗤇,U+17907,,4.097.2,2441/40,K4073,L2775,L2775,S3501,204-06l,1255,14B67,Ⅲ,51,2,14A12,Ⅲ,44,2,3727,,44,2,38,,,,,,2.11.1103,2,2,,,,,,,
𘐱,U+18431,,7.448.2,8244/40,K2894,L5335,L5335,S2753,236-094,1256,14B68,Ⅲ,51,3,14A13,Ⅲ,44,3,3728,,44,2,38,,,,,,2.11.1104,2,3,,,,,,,
𘗱,U+185F1,,8.243.2,1341/17,K5648,L0674,L0674,S4365,132-091,1257,14B71,Ⅲ,51,4,14A15,Ⅲ,44,5,3729,,44,2,38,,,,,,2.11.1105,2,4,,,,,,,
𘗰,U+185F0,,8.243.1,1541/14,K4623,L0864,L0864,S4366,132-071,1258,14B72,Ⅲ,51,5,14A16,Ⅲ,45,1,,,44,2,38,,,,,,,,,,,,,,,
𘋥,U+182E5,,7.182.3,8742/00,K1615,L5609,L5609,S2128,235-042,1259,14B73,Ⅲ,51,6,14A17,Ⅲ,45,2,3730,,44,2,38,,,,,,2.11.1106,2,5,,,,,,,
𗬬,U+17B2C,,3.386.1,2171/40,K4420,L2316,L2316,S5817,183-072,1260,14B74,Ⅲ,52,1,14A31,Ⅲ,47,1,3590,,37,2,33,,,,,,2.09.2701,4,18,,,,,,,
𗫶,U+17AF6,,4.590.1,2740/00,K5745,L3092,L3092,S3945,276-051,1261,14B75,Ⅲ,52,2,14A21,Ⅲ,46,1,3591,,37,2,33,,,,,,2.09.2702,4,19,,,,,,,
𗫷,U+17AF7,,4.591.1,2740/00,K5746,L3093,L3093,S3943,276-063,1262,14B76,Ⅲ,52,3,14A22,Ⅲ,46,2,3592,,37,2,33,,,,,,2.09.2703,4,20,,,,,,,
𗋁,U+172C1,,1.604.2,2121/24,K4565,L1996,L1996,S4154,181-08a,1263,14B77,Ⅲ,52,4,14A32,Ⅲ,47,2,3593,,37,2,33,,,,,,2.09.2704,4,21,,,,,,,
𘗐,U+185D0,,8.213.1,8025/00,K0615,L4841,L4841,S2431,083-001,1264,14B78,Ⅲ,52,5,14A33,Ⅲ,47,3,3594,,37,2,33,,,,,,2.09.2705,4,22,,,,,,,
𗈏,U+1720F,,1.461.3,1741/20,K5358,L1177,L1177,S4708,,1265,15A11,Ⅲ,52,6,14A34,Ⅲ,47,4,3595,,37,2,33,,,,,,2.09.2706,4,23,,,,,,,
𗈌,U+1720C,,1.460.1,1754/52,K2078,L1469,L1469,S4545,,1266,15A12,Ⅲ,52,7,14A26,Ⅲ,46,6,3596,,37,2,33,,,,,,2.09.2707,4,24,,,,,,,
𗺇,U+17E87,,5.296.2,2751/50,K4588,L3393,L3393,S3129,,1267,15A13,Ⅲ,52,8,14A27,Ⅲ,46,7,3597,,37,2,33,,,,,,2.09.2708,4,25,,,,,,,
𗬥,U+17B25,,3.378.3,2274/00,K2940,L2532,L2532,S5816,183-041,1268,15A14,Ⅲ,53,1,14A23,Ⅲ,46,3,1316,,37,1,36,,,?,?,,1.16.1306,6,1,,,,,,,
𗿿,U+17FFF,,2.159.4,2244/20,K2607,L2463,L2463,S5648,202-074,1269,15A15,Ⅲ,53,2,14A24,Ⅲ,46,4,1317,,37,1,36,,,?,?,,1.16.1307,6,2,,,,,,,
𘈙,U+18219,,1.199.2,1121/20,K5397,L0160,L0160,S0033,097-051,1270,15A16,Ⅲ,53,3,14A28,Ⅲ,46,8,1318,,37,1,36,,,?,?,,1.16.1308,6,3,,,,,,,
𗇿,U+171FF,,1.451.2,1751/50,K4767,L1432,L1432,S4546,,1271,15A17,Ⅲ,53,4,14A25,Ⅲ,46,5,1319,,37,1,36,,,?,?,,1.16.1309,6,4,,,,,,,
𗢅,U+17885,,3.347.1,7121/50,K4863,L4525,L4525,S1626,,1272,15A18,Ⅲ,54,1,14A37,Ⅲ,48,3,2981,,11,2,10,,,,,,2.04.2708,4,1,,,,,,,
𗐱,U+17431,,2.208.2,8041/20,K4323,L4884,L4884,S2104,007-065,1273,15A21,Ⅲ,54,2,14A41,Ⅲ,48,5,2982,,11,2,10,,,,,,2.04.2709,4,2,,,,,,,
𗍳,U+17373,,2.069.1,4121/51,K5485,L4028,L4028,S0591,100-121,1274,15A22,Ⅲ,54,3,14A38,Ⅲ,48,4,2983,,11,2,10,,,,,,2.05.1101,4,3,,,,,,,
𗨉,U+17A09,,4.398.1,2841/22,K3814,L3575,L3575,S3605,204-09e,1275,15A23,Ⅲ,54,4,18A26,Ⅲ,167,2,2984,,11,2,10,,,,,,2.05.1102,4,4,,,,,,,
𗢍,U+1788D,,3.047.2,4101/12,K5454,L4020,L4020,S2966,,1276,15A24,Ⅲ,54,5,18A25,Ⅲ,167,1,2985,,11,2,10,,,,,,2.05.1103,4,5,,,,,,,
𗧶,U+179F6,,4.402.2,2842/21,K1296,L3627,L3627,S3608,205-082,1277,15A25,Ⅲ,54,6,14A35,Ⅲ,48,1,2986,,11,2,10,,,,,,2.05.1104,4,6,,,,,,,
𗪎,U+17A8E,,4.489.2,2641/21,K5518,L2905,L2905,S3481,,1278,15A26,Ⅲ,54,7,14A36,Ⅲ,48,2,2987,,11,2,10,,,,,,2.05.1105,4,7,,,,,,,
𗩄,U+17A44,,4.436.1,2541/22,K3702,L2860,L2860,S3470,204-10zl,1279,15A27,Ⅲ,55,1,14A42,Ⅲ,49,1,1612,1.56.151,51,1,49,6,1,𗃦,𗏟,,1.18.2606,6,1,,,,,,,
𗚑,U+17691,,3.052.2,5021/20,K3701,L4099,L4099,S0721,017-066,1280,15A28,Ⅲ,55,2,14A43,Ⅲ,49,2,1613,1.56.152,51,1,49,6,2,𗃦,𗏟,,1.18.2607,6,2,,,,,,,
𗚄,U+17684,,3.048.2,2022/00,K0524,L4144,L4144,S0975,017-041,1281,15A31,Ⅲ,55,3,14A44,Ⅲ,49,3,,,51,1,49,,,,,,,,,,,,,,,
𗀀,U+17000,,1.001.1,1021/20,K3698,L0008,L0008,S1100,001-052,1282,15A32,Ⅲ,55,4,14A45,Ⅲ,49,4,1614,1.56.161,51,1,49,6,3,𗃦,𗏟,,1.18.2701,6,3,,,,,,,
𗗈,U+175C8,,2.528.1,1871/41,K5553,L1814,L1814,S4628,182-124,1283,15A33,Ⅲ,55,5,14A47,Ⅲ,49,6,1615,1.56.162,51,1,49,6,4,𗃦,𗏟,,1.18.2702,6,4,,,,,,,
𘁟,U+1805F,,6.149.1,8421/24,K4096,L5419,L5419,S1899,106-062,1284,15A34,Ⅲ,56,1,14A51,Ⅲ,50,2,3859,,51,2,42,,,,,,2.11.2604,6,1,,,,,,,
𗻊,U+17ECA,,5.325.2,2844/42,K2276,L3699,L3699,S3225,144-072,1285,15A35,Ⅲ,56,2,14A48,Ⅲ,50,1,,,51,2,42,,,,,,,,,,,,,,,
𘋩,U+182E9,,7.195.1,8441/40,K4072,L5447,L5447,S2114,235-064,1286,15A36,Ⅲ,56,3,14A52,Ⅲ,50,3,3860,,51,2,42,,,,,,2.11.2605,6,2,,,,,,,
𗞲,U+177B2,,3.197.2,5021/22,K4975,L4105,L4105,S0744,,1287,15A37,Ⅲ,56,4,14A46,Ⅲ,49,5,3861,,51,2,42,,,,,,2.11.2606,6,3,,,,,,,
𗵉,U+17D49,,5.031.1,1025/25,K1242,L0060,L0060,S0175,,1288,15A38,Ⅲ,57,1,14A53,Ⅲ,51,1,1721,1.59.261,56,1,54,4,1,𗚽,𘔞,,1.19.2606,4,1,,,,,,,
𗹕,U+17E55,,5.239.1,1795/94,K1375,L1574,L1574,S1150,,1289,15A41,Ⅲ,57,2,14A56,Ⅲ,51,4,1722,1.59.262,56,1,54,4,2,𗚽,𘔞,,1.19.2607,4,2,,,,,,,
𗹏,U+17E4F,,5.225.2,1195/50,K1149,L0473,L0473,S1141,051-052,1290,15A42,Ⅲ,57,3,14A54,Ⅲ,51,2,1723,1.59.271,56,1,54,4,3,𗚽,𘔞,,1.19.2608,4,3,,,,,,,
𗹘,U+17E58,,5.241.1,1891/42,K4000,L1834,L1834,S1145,051-092,1291,15A43,Ⅲ,57,4,14A55,Ⅲ,51,3,1724,1.59.272,56,1,54,4,4,𗚽,𘔞,,1.19.2701,4,4,,,,,,,
𗭌,U+17B4C,,3.399.2,3121/20,K4877,L3843,L3843,S2973,,1292,15A44,Ⅲ,58,1,14A57,Ⅲ,52,1,3966,,56,2,47,,,,,,2.12.2204,2,2,,,,,,,
𗴈,U+17D08,,3.711.1,1724/22,K3386,L1099,L1099,S5550,,1293,15A45,Ⅲ,58,2,14A58,Ⅲ,52,2,3967,,56,2,47,,,,,,2.12.2205,2,3,,,,,,,
𗇾,U+171FE,,1.451.1,1724/20,K1965,L1069,L1069,S4326,,1294,15A46,Ⅲ,58,3,14A61,Ⅲ,52,3,3968,,56,2,47,,,,,,2.12.2206,2,4,,,,,,,
𗫡,U+17AE1,,4.563.1,2344/42,K2234,L2679,L2679,S3671,204-133,1295,15A47,Ⅲ,59,1,14A62,Ⅲ,53,1,3406,,31,2,28,,,,,,2.08.2205,3,1,,,,,,,
𘆄,U+18184,,6.405.3,1354/20,K2231,L0724,L0724,S4820,059-061,1296,15A48,Ⅲ,59,2,14A63,Ⅲ,53,2,3407,,31,2,28,,,,,,2.08.2206,3,2,,,,,,,
𗙽,U+1767D,,3.043.1,1441/22,K3835,L0799,L0799,S0059,187-071,1297,15A51,Ⅲ,60,1,14A66,Ⅲ,54,3,1039,1.38.131,31,1,30,7,1,𗐴,𗝚,,1.13.2205,7,1,,,,,,,
𘇫,U+181EB,,6.487.1,1294/00,K2726,L0635,L0635,S5081,,1298,15A52,Ⅲ,60,2,14A67,Ⅲ,54,4,1040,1.38.132,31,1,30,7,2,𗐴,𗝚,,1.13.2206,7,2,,,,,,,
𘊶,U+182B6,,7.152.2,3224/40,K2904,L3894,L3894,S2959,246-043,1299,15A53,Ⅲ,60,3,14A64,Ⅲ,54,1,1041,1.38.141,31,1,30,7,3,𗐴,𗝚,,1.13.2301,7,3,,,,,,,
𘊻,U+182BB,,7.156.2,3822/42,K0925,L3986,L3986,S2957,246-083,1300,15A54,Ⅲ,60,4,14A65,Ⅲ,54,2,1042,1.38.142,31,1,30,7,4,𗐴,𗝚,,1.13.2302,7,4,,,,,,,
𘇮,U+181EE,,6.488.1,1394/00,K3451,L0738,L0738,S5085,,1301,15A55,Ⅲ,61,1,14A72,Ⅲ,55,3,3110,,17,2,14,,,,,,2.06.1208,2,6,,,,,,,
𗤙,U+17919,,4.124.2,2344/00,?,L2645,L2645,S3934,,1302,15A56,Ⅲ,61,2,14A68,Ⅲ,55,1,3111,,17,2,14,,,,,,2.06.1301,2,7,,,,,,,
𗬒,U+17B12,,3.368.2,2344/00,K3452,L2646,L2646,S3935,210-063,1303,15A57,Ⅲ,61,3,14A71,Ⅲ,55,2,3112,,17,2,14,,,,,,2.06.1302,2,8,,,,,,,
𗍤,U+17364,,2.003.1,1271/00,K5774,L0620,L0620,S0083,282-041,1304,15A58,Ⅲ,61,4,14A73,Ⅲ,55,4,3113,,17,2,14,,,,,,2.06.1303,2,9,,,,,,,
𗇯,U+171EF,,1.446.1,1721/50,K3793,L0978,L0978,S4578,009-082,1305,15A61,Ⅲ,61,5,14A74,Ⅲ,55,5,3114,,17,2,14,,,,,,2.06.1304,2,10,,,,,,,
𗽱,U+17F71,,5.462.1,2749/00,K0649,L3390,L3390,S4040,210-113,1306,15A62,Ⅲ,62,1,14A75,Ⅲ,56,1,818,1.31.141,25,1,24,4,2,𗪚,𗱞,,1.11.2702,2,2,,,,,,,
𗽴,U+17F74,,5.463.2,2744/00,K2398,L3292,L3292,S4039,,1307,15A63,Ⅲ,62,2,14A76,Ⅲ,56,2,819,1.31.142,25,1,24,4,3,𗪚,𗱞,,1.11.2703,2,3,,,,,,,
𘔎,U+1850E,,8.036.4,1145/22,K1176,L0381,L0381,S1221,,1308,15A64,Ⅲ,62,3,14A77,Ⅲ,56,3,820,1.31.151,25,1,24,4,4,𗪚,𗱞,,1.11.2704,2,4,,,,,,,
𗫮,U+17AEE,,4.579.1,2745/45,K1278,L3378,L3378,S3707,204-152,1309,15A65,Ⅲ,62,4,19B42,Ⅲ,D,114,,,25,1,24,,,,,,,,,,,,,,,
𗯺,U+17BFA,,3.507.1,8744/20,K3316,L5658,L5658,S2837,,1310,15A66,Ⅲ,63,1,14A78,Ⅲ,57,1,2461,1.86.171,87,1,82,10,1,𘒁,𗨿,,1.27.1807,8,1,,,,,,,
𘘾,U+1863E,,8.294.3,1244/20,K3624,L0564,L0564,S5034,297-063,1311,15A67,Ⅲ,63,2,14B11,Ⅲ,57,2,2462,1.86.172,87,1,82,10,2,𘒁,𗨿,,1.27.2101,9,1,,,,,,,
𗥝,U+1795D,,4.220.2,2342/50,K0106,L2637,L2637,S3696,204-07za,1312,15A68,Ⅲ,64,1,14B12,Ⅲ,58,1,197,1.11.141,5,1,5,3,1,𘛻,𗽠,,1.06.1709,3,1,,,,,,,
𘃠,U+180E0,,6.238.1,8125/22,K1146,L5149,L5150,S2410,056-051,1313,15A71,Ⅲ,64,2,14B13,Ⅲ,58,2,198,1.11.142,5,1,5,3,2,𘛻,𗽠,,1.06.2101,3,2,,,,,,,
𘎹,U+183B9,,7.346.1,8842/00,K0285,L5735,L5735,S2720,,1314,15A72,Ⅲ,64,3,14B14,Ⅲ,58,3,199,1.11.151,5,1,5,3,3,𘛻,𗽠,,1.06.2102,3,3,,,,,,,
𘜖,U+18716,,8.436.1,1125/22,K1148,L0235,L0235,S4901,,1315,15A73,Ⅲ,65,1,14B15,Ⅲ,59,1,2817,,5,2,5,,,,,,2.03.2402,2,1,,,,,,,
𗠐,U+17810,,3.257.1,7125/42,?,L4551,L4551,S0481,,1316,15A74,Ⅲ,65,2,14B16,Ⅲ,59,2,2818,,5,2,5,,,,,,2.03.2403,2,2,,,,,,,
𗷧,U+17DE7,,5.158.1,1722/54,K3651,L1051,L1051,S0337,122-063,1317,15A75,Ⅲ,65,3,14B17,Ⅲ,59,3,2819,,5,2,5,,,,,,2.03.2404,2,3,,,,,,,
𗷤,U+17DE4,,5.155.3,1421/50,?,L0767,L0767,S0358,,1318,15A76,Ⅲ,65,4,14B18,Ⅲ,59,4,2820,,5,2,5,,,,,,2.03.2405,2,4,,,,,,,
𗷪,U+17DEA,,5.159.1,1724/50,K3312,L1112,L1112,S0368,,1319,15A77,Ⅲ,65,5,14B22,Ⅲ,59,6,2821,,5,2,5,,,,,,2.03.2406,2,5,,,,,,,
𗷥,U+17DE5,,5.156.1,1224/50,?,L0513,L0513,S0359,122-041,1320,15A78,Ⅲ,65,6,14B21,Ⅲ,59,5,,,5,2,5,,,,,,,,,,,,,,,
𗐙,U+17419,,2.155.1,2721/52,K4023,L3016,L3016,S5556,,1321,15B11,Ⅲ,65,7,14B23,Ⅲ,59,7,,,5,2,5,,,,,,,,,,,,,,,
𗤃,U+17903,,4.087.1,2142/20,?,L2189,L2189,S3395,,1322,15B12,Ⅲ,66,1,14B24,Ⅲ,60,1,3257,,23,2,20,,,,,,2.07.1706,5,3,,,,,,,
𗦦,U+179A6,,4.289.1,2144/20,K2480,L2249,L2249,S3391,,1323,15B13,Ⅲ,66,2,14B25,Ⅲ,60,2,3258,,23,2,20,,,,,,2.07.1707,5,4,,,,,,,
𗌠,U+17320,,1.676.4,2825/42,K1319,L3556,L3556,S4257,181-136,1324,15B14,Ⅲ,66,3,14B26,Ⅲ,60,3,3259,,23,2,20,,,,,,2.07.1708,5,5,,,,,,,
𗋡,U+172E1,,1.633.2,2421/22,K3985,L2726,L2726,S4216,181-105,1325,15B15,Ⅲ,66,4,14B27,Ⅲ,60,4,3260,,23,2,20,,,,,,2.07.2101,5,6,,,,,,,
𗊫,U+172AB,,1.589.3,2122/74,K1820,L2040,L2040,S4170,,1326,15B16,Ⅲ,66,5,14B28,Ⅲ,60,5,,,23,2,20,,,,,,,,,,,,,,,
𗊁,U+17281,,1.560.3,2322/40,K1809,L2582,L2582,S4239,,1327,15B17,Ⅲ,66,6,14B31,Ⅲ,60,6,,,23,2,20,,,,,,,,,,,,,,,
𗬸,U+17B38,,3.390.3,8022/25,K5792,L4765,L4765,S3970,,1328,15B18,Ⅲ,66,7,14B32,Ⅲ,60,7,,,23,2,20,,,,,,,,,,,,,,,
𗈺,U+1723A,,1.513.1,5704/22,K2350,L5952,L5952,S5486,087-131,1329,15B21,Ⅲ,66,8,14B33,Ⅲ,60,8,3261,,23,2,20,,,,,,2.07.2102,5,7,,,,,,,
𗔢,U+17522,,2.383.1,8041/40,K4124,L4907,L4907,S1981,,1330,15B22,Ⅲ,67,1,14B36,Ⅲ,61,3,2106,1.73.121,70,1,67,5,2,𗠃,𘎮,,1.23.2302,4,2,,,,,,,
𘐏,U+1840F,,7.420.3,8441/40,K4123,L5449,L5449,S2779,236-079,1331,15B23,Ⅲ,67,2,14B35,Ⅲ,61,2,2107,1.73.122,70,1,67,5,3,𗠃,𘎮,,1.23.2303,4,3,,,,,,,
𗨳,U+17A33,,4.426.3,2741/72,K4980,L3175,L3175,S3776,204-09l,1332,15B24,Ⅲ,67,3,14B42,Ⅲ,61,7,2108,1.73.131,70,1,67,5,4,𗠃,𘎮,,1.23.2304,4,4,,,,,,,
𗽉,U+17F49,,5.436.1,2742/00,K1575,L3185,L3185,S4045,,1333,15B25,Ⅲ,67,4,14B48,Ⅲ,62,6,2109,1.73.132,70,1,67,5,5,𗠃,𘎮,,1.23.2305,4,5,,,,,,,
𘓞,U+184DE,,7.635.1,2851/22,K5088,L3735,L3735,S4098,061-073,1334,15B26,Ⅲ,68,1,14B43,Ⅲ,62,1,2110,1.73.141,70,1,67,6,1,𗠃,𘅗,,1.23.2306,5,1,,,,,,,
𗠇,U+17807,,3.247.2,7121/40,K4561,L4508,L4508,S0476,255-042,1335,15B27,Ⅲ,68,2,14B44,Ⅲ,62,2,2111,1.73.142,70,1,67,6,2,𗠃,𘅗,,1.23.2401,5,2,,,,,,,
𗠦,U+17826,,3.265.1,7421/42,K3892,L4582,L4582,S0542,255-066,1336,15B28,Ⅲ,68,3,14B45,Ⅲ,62,3,2112,1.73.143,70,1,67,6,3,𗠃,𘅗,,1.23.2402,5,3,,,,,,,
𗵰,U+17D70,,5.078.2,1041/21,K5521,L0078,L0078,S0235,018-125,1337,15B31,Ⅲ,68,4,14B46,Ⅲ,62,4,2113,1.73.151,70,1,67,6,4,𗠃,𘅗,,1.23.2403,5,4,,,,,,,
𘏄,U+183C4,,7.353.2,8141/41,K5307,L5199,L5199,S2655,236-059,1338,15B32,Ⅲ,68,5,14B47,Ⅲ,62,5,2114,1.73.152,70,1,67,6,5,𗠃,𘅗,,1.23.2404,5,5,,,,,,,
𘏚,U+183DA,,7.369.3,8744/00,K2380,L5645,L5645,S2778,236-057,1339,15B33,Ⅲ,69,1,14B34,Ⅲ,61,1,4275,,70,2,60,,,,,,2.14.2212,6,3,,,,,,,
𗽩,U+17F69,,5.453.4,2741/00,K0090,L3108,L3108,S4049,210-095,1340,15B34,Ⅲ,69,2,14B37,Ⅲ,61,4,4276,,70,2,60,,,,,,2.14.2301,6,4,,,,,,,
𘃌,U+180CC,,6.225.2,8824/20,K3214,L5711,L5711,S2445,151-061,1341,15B35,Ⅲ,69,3,14B41,Ⅲ,61,6,4277,,70,2,60,,,,,,2.14.2302,6,5,,,,,,,
𗐁,U+17401,,2.191.2,2741/40,K0015,L3156,L3156,S5603,202-151,1342,15B36,Ⅲ,69,4,14B38,Ⅲ,61,5,4278,,70,2,60,,,,,,2.14.2303,6,6,,,,,,,
𗅈,U+17148,,1.257.2,2101/24,K5217,L0016,L0016,S1361,,1343,15B37,Ⅲ,70,1,14B53,Ⅲ,63,3,4177,,65,2,55,,,,,,2.13.2711,2,1,,,,,,,
𗅲,U+17172,,1.350.3,2101/24,K4178,L1910,L1910,S1365,041-099,1344,15B38,Ⅲ,70,2,14B51,Ⅲ,63,1,4178,,65,2,55,,,,,,2.13.2712,2,2,,,,,,,
𗅇,U+17147,,1.257.1,2104/20,K2265,L1962,L1962,S1363,041-075,1345,15B41,Ⅲ,70,3,14B52,Ⅲ,63,2,,,65,2,55,,,,,,,,,,,,,,,
𗅱,U+17171,,1.350.2,2101/22,K4005,L1904,L1904,S1362,041-119,1346,15B42,Ⅲ,70,4,14B54,Ⅲ,63,4,,,65,2,55,,,,,,,,,,,,,,,
𗪼,U+17ABC,,4.531.2,2841/42,K4668,L3607,L3607,S3597,204-139,1347,15B43,Ⅲ,70,5,14B57,Ⅲ,63,7,4179,,65,2,55,,,,,,2.14.1101,2,3,,,,,,,
𘟩,U+187E9,,8.210.3,8874/52,K3115,L5779,L5779,S2609,028-136,1348,15B44,Ⅲ,70,6,14B55,Ⅲ,63,5,4180,,65,2,55,,,,,,2.14.1102,2,4,,,,,,,
𗴠,U+17D20,,3.725.2,2270/42,K0489,L2528,L2528,S3077,163-071,1349,15B45,Ⅲ,70,7,14B56,Ⅲ,63,6,4181,,65,2,55,,,,,,2.14.1103,2,5,,,,,,,
𗣔,U+178D4,,4.043.1,2144/20,K3591,L2247,L2247,S3392,,1350,15B46,Ⅲ,71,1,14B61,Ⅲ,64,2,15,1.05.213,1,1,1,4,1,𘎤,𗒿,,1.04.2501,4,1,,,,,,,
𗤌,U+1790C,,4.094.1,2142/22,K0921,L2196,L2196,S3393,205-061,1351,15B47,Ⅲ,71,2,14B58,Ⅲ,64,1,16,1.05.221,1,1,1,4,2,𘎤,𗒿,,1.04.2502,4,2,,,,,,,
𗺠,U+17EA0,,5.311.3,2144/42,K3583,L2277,L2277,S3204,,1352,15B48,Ⅲ,71,3,14B63,Ⅲ,64,4,17,1.05.222,1,1,1,4,3,𘎤,𗒿,,1.04.2503,4,3,,,,,,,
𗛭,U+176ED,,3.089.2,5044/20,K3592,L4345,L4345,S0857,,1353,15B51,Ⅲ,71,4,14B62,Ⅲ,64,3,18,1.05.231,1,1,1,4,4,𘎤,𗒿,,1.04.2504,4,4,,,,,,,
𗲤,U+17CA4,,3.645.3,1721/42,K4938,L0971,L0971,S4900,026-117,1354,15B52,Ⅲ,72,1,14B65,Ⅲ,65,2,897,1.33.261,28,1,27,7,2,𘊵,𘈟,,1.12.1803,3,10,,,,,,,
𗥈,U+17948,,4.196.1,2742/54,K1764,L3258,L3258,S3410,,1355,15B53,Ⅲ,72,2,14B64,Ⅲ,65,1,898,1.33.262,28,1,27,7,3,𘊵,𘈟,,1.12.1804,3,11,,,,,,,
𘏜,U+183DC,,7.375.2,8742/50,K1291,L5638,L5638,S2798,236-05f,1356,15B54,Ⅲ,73,1,14B68,Ⅲ,66,3,3814,,48,2,41,,,,,,2.11.2201,1,1,,,,,,,
𘍊,U+1834A,,7.253.2,8121/44,K4834,L5092,L5092,S2211,,1357,15B55,Ⅲ,73,2,14B67,Ⅲ,66,2,3816,,48,2,41,,,,,,2.11.2203,1,3,,,,,,,
𗩎,U+17A4E,,4.445.1,2441/42,K4024,L2785,L2785,S3500,,1358,15B56,Ⅲ,73,3,14B66,Ⅲ,66,1,3815,,48,2,41,,,,,,2.11.2202,1,2,,,,,,,
𗫨,U+17AE8,,4.576.1,2841/71,K5552,L3613,L3613,S3766,204-134,1359,15B57,Ⅲ,74,1,14B71,Ⅲ,67,1,4657,,93,2,78,,,,,,2.17.1509,5,1,,,,,,,
𘑬,U+1846C,,7.482.1,1254/50,K2816,L0615,L0615,S4508,128-041,1360,15B58,Ⅲ,74,2,14B72,Ⅲ,67,2,4658,,93,2,78,,,,,,2.17.1510,5,2,,,,,,,
𘑰,U+18470,,7.485.3,1854/52,K2277,L1806,L1806,S4506,,1361,15B61,Ⅲ,74,3,14B73,Ⅲ,67,3,4659,,93,2,78,,,,,,2.17.1511,5,3,,,,,,,
𗩛,U+17A5B,,4.452.1,2842/42,K0782,L3646,L3646,S3727,204-10p,1362,15B62,Ⅲ,75,1,14B74,Ⅲ,68,1,3845,,51,2,42,,,,,,2.11.2502,5,1,,,,,,,
𗣚,U+178DA,,4.046.3,2141/00,K4867,L2066,L2066,S3390,204-05h,1363,15B63,Ⅲ,75,2,14B75,Ⅲ,68,2,3846,,51,2,42,,,,,,2.11.2503,5,2,,,,,,,
𗧌,U+179CC,,4.343.3,2744/00,K2435,L3285,L3285,S3790,204-07t,1364,15B64,Ⅲ,75,3,14B76,Ⅲ,68,3,,,51,2,42,,,,,,,,,,,,,,,
𗾒,U+17F92,,6.010.1,2141/00,K4871,L2070,L2070,S5665,,1365,15B65,Ⅲ,75,4,14B77,Ⅲ,68,4,3847,,51,2,42,,,,,,2.11.2504,5,3,,,,,,,
𗴹,U+17D39,,5.010.2,1044/22,K1969,L0127,L0127,S0240,018-08b,1366,15B66,Ⅲ,75,5,14B78,Ⅲ,68,5,3848,,51,2,42,,,,,,2.11.2505,5,4,,,,,,,
𘎡,U+183A1,,7.319.2,8744/42,K2617,L5668,L5668,S2459,152-121,1367,15B67,Ⅲ,75,6,15A17,Ⅲ,68,12,3849,,51,2,42,,,,,,2.11.2506,5,5,,,,,,,
𘟃,U+187C3,,8.571.1,1044/00,K1996,L0118,L0118,S0243,,1368,15B68,Ⅲ,75,7,15A11,Ⅲ,68,6,3850,,51,2,42,,,,,,2.11.2507,5,6,,,,,,,
𘗲,U+185F2,,8.244.1,1141/00,K4869,L0248,L0248,S4390,,1369,15B71,Ⅲ,75,8,15A12,Ⅲ,68,7,3851,,51,2,42,,,,,,2.11.2508,5,7,,,,,,,
𘄜,U+1811C,,6.300.1,1121/20,K4865,L0159,L0159,S4462,,1370,15B72,Ⅲ,75,9,15A15,Ⅲ,68,10,3852,,51,2,42,,,,,,2.11.2509,5,8,,,,,,,
𘖙,U+18599,,8.186.1,8151/00,K4856,L5249,L5249,S2469,062-051,1371,15B73,Ⅲ,75,10,15A13,Ⅲ,68,8,3853,,51,2,42,,,,,,2.11.2510,5,9,,,,,,,
𗸱,U+17E31,,5.211.2,1141/22,K4858,L0276,L0276,S1086,223-101,1372,15B74,Ⅲ,75,11,15A14,Ⅲ,68,9,3854,,51,2,42,,,,,,2.11.2511,5,10,,,,,,,
𗊸,U+172B8,,1.600.3,2121/22,K4277,L1991,L1991,S4264,,1373,15B75,Ⅲ,75,12,15A22,Ⅲ,68,15,3855,,51,2,42,,,,,,2.11.2512,5,11,,,,,,,
𗡾,U+1787E,,3.341.2,2704/22,K2619,L2963,L2963,S1315,137-121,1374,15B76,Ⅲ,75,13,15A21,Ⅲ,68,14,3856,,51,2,42,,,,,,2.11.2601,5,12,,,,,,,
𘊑,U+18291,,7.123.1,2141/00,K4870,L2071,L2071,S5795,,1375,15B77,Ⅲ,75,14,15A16,Ⅲ,68,11,3857,,51,2,42,,,,,,2.11.2602,5,13,,,,,,,
𘖚,U+1859A,,8.187.1,8354/00,K2945,L5408,L5408,S2470,,1376,15B78,Ⅲ,75,15,15A18,Ⅲ,68,13,3858,,51,2,42,,,,,,2.11.2603,5,14,,,,,,,
𘎥,U+183A5,,7.322.1,8742/40,K1778,L5633,L5633,S2802,,1377,16A11,Ⅲ,76,1,15A27,Ⅲ,70,1,2260,1.78.242,75,1,72,2,1,𘏚,𘙏,,1.25.1401,1,6,,,,,,,
𗑧,U+17467,,2.254.3,8042/40,K1779,L4941,L4941,S1982,,1378,16A12,Ⅲ,76,2,15A26,Ⅲ,69,4,2261,1.78.251,75,1,72,2,2,𘏚,𘙏,,1.25.1402,1,7,,,,,,,
𗵦,U+17D66,,5.069.1,1041/40,K4089,L0093,L0093,S0213,018-117,1379,16A13,Ⅲ,76,3,15A24,Ⅲ,69,2,2262,1.78.252,75,1,72,2,3,𘏚,𘙏,,1.25.1403,1,8,,,,,,,
𗅼,U+1717C,,1.366.1,2804/20,K0415,L3492,L3492,S1382,,1380,16A14,Ⅲ,76,4,15A25,Ⅲ,69,3,2263,1.78.261,75,1,72,2,4,𘏚,𘙏,,1.25.1404,1,9,,,,,,,
𗏒,U+173D2,,2.159.1,2241/22,K3902,L2744,L2744,S5626,,1381,16A15,Ⅲ,77,1,15A31,Ⅲ,71,1,4063,,61,2,51,,,,,,2.13.1310,1,3,,,,,,,
𗛅,U+176C5,,3.074.1,5024/20,K3218,L4177,L4177,S0749,017-083,1382,16A16,Ⅲ,77,2,15A33,Ⅲ,71,3,4064,,61,2,51,,,,,,2.13.1401,1,4,,,,,,,
𗝏,U+1774F,,3.144.1,5041/22,K3859,L4237,L4237,S0706,017-11a,1383,16A17,Ⅲ,77,3,15A32,Ⅲ,71,2,4065,,61,2,51,,,,,,2.13.1402,1,5,,,,,,,
𗚗,U+17697,,3.054.2,5042/00,K1613,L4277,L4277,S1004,017-07a,1384,16A18,Ⅲ,78,1,15A34,Ⅲ,72,1,1997,1.69.132,66,1,63,2,1,𗂢,𘟌,,1.22.1607,2,1,,,,,,,
𗛻,U+176FB,,3.096.2,5044/00,K2543,L4316,L4316,S1006,,1385,16A21,Ⅲ,78,2,15A35,Ⅲ,72,2,1998,1.69.141,66,1,63,2,2,𗂢,𘟌,,1.22.1701,2,2,,,,,,,
𗝣,U+17763,,3.162.1,5042/54,K1767,L4309,L4309,S1001,,1386,16A22,Ⅲ,78,3,15A36,Ⅲ,72,3,1999,1.69.142,66,1,63,2,3,𗂢,𘟌,,1.22.1702,2,3,,,,,,,
𗞧,U+177A7,,3.194.3,5044/22,K3212,L4358,L4358,S0998,,1387,16A23,Ⅲ,78,4,15A37,Ⅲ,72,4,2000,1.69.151,66,1,63,2,4,𗂢,𘟌,,1.22.1703,2,4,,,,,,,
𗜭,U+1772D,,3.131.2,5044/74,K1346,L4371,L4371,S1002,,1388,16A24,Ⅲ,78,5,15A38,Ⅲ,72,5,2001,1.69.152,66,1,63,2,5,𗂢,𘟌,,1.22.1704,2,5,,,,,,,
𘂼,U+180BC,,6.217.2,8741/40,K5233,L5600,L5600,S2391,,1389,16A25,Ⅲ,78,6,15A44,Ⅲ,72,9,2002,1.69.161,66,1,63,2,6,𗂢,𘟌,,1.22.1705,2,6,,,,,,,
𗝍,U+1774D,,3.143.3,5025/24,K0457,L4202,L4202,S0912,,1390,16A26,Ⅲ,79,1,15A46,Ⅲ,73,2,2003,1.69.162,66,1,63,3,1,𗂢,𗁅,,1.22.1706,2,7,,,,,,,
𗛍,U+176CD,,3.077.3,5045/22,K0309,L4376,L4376,S0995,,1391,16A27,Ⅲ,79,2,15A45,Ⅲ,73,1,2004,1.69.171,66,1,63,3,2,𗂢,𗁅,,1.22.1707,2,8,,,,,,,
𗊼,U+172BC,,1.602.1,2520/22,K0453,L2843,L2843,S4308,,1392,16A28,Ⅲ,80,1,15A47,Ⅲ,73,3,,,66,2,56,,,,,,,,,,,,,,,
𗙗,U+17657,,3.025.3,1121/22,K4276,L0164,L0164,S0100,102-084,1393,16A31,Ⅲ,80,2,15A48,Ⅲ,73,4,,,66,2,56,,,,,,,,,,,,,,,
𘒣,U+184A3,,7.534.1,1722/50,K1590,L1045,L1045,S5251,081-041,1394,16A32,Ⅲ,81,1,15A41,Ⅲ,72,6,4201,,66,2,56,,,,,,2.14.1211,2,3,,,,,,,
𘅣,U+18163,,6.372.3,1741/20,K4973,L1183,L1183,S4777,230-083,1395,16A33,Ⅲ,81,2,15A43,Ⅲ,72,8,4202,,66,2,56,,,,,,2.14.1212,2,4,,,,,,,
𗕽,U+1757D,,2.463.1,1872/20,K0539,L1817,L1817,S4622,182-041,1396,16A34,Ⅲ,81,3,15A42,Ⅲ,72,7,4203,,66,2,56,,,,,,2.14.1301,2,5,,,,,,,
𗖒,U+17592,,2.480.1,1274/22,K2699,L0628,L0628,S4607,,1397,16A35,Ⅲ,81,4,,,,,,,66,2,56,,,,,,,,,,,,,,,
𗎒,U+17392,,2.088.1,4471/40,K4215,L4052,L4052,S0617,085-082,1398,16A36,Ⅲ,81,5,19A37,Ⅲ,D,55,4204,,66,2,56,,,,,,2.14.1302,2,6,,,,,,,
𗚓,U+17693,,3.053.2,5024/20,K2728,L4175,L4175,S0750,017-06b,1399,16A37,Ⅲ,82,1,15A51,Ⅲ,74,1,108,1.08.172,3,1,3,3,1,𘅇,𗕾,,1.05.2306,3,1,,,,,,,
𗚦,U+176A6,,3.062.2,5024/20,K3414,L4176,L4176,S0753,017-077,1400,16A38,Ⅲ,82,2,15A52,Ⅲ,74,2,109,1.08.211,3,1,3,3,2,𘅇,𗕾,,1.05.2307,3,2,,,,,,,
𗂿,U+170BF,,1.145.2,2101/44,K5263,L1930,L1930,S1548,,1401,16A41,Ⅲ,82,3,15A54,Ⅲ,74,4,110,1.08.212,3,1,3,3,3,𘅇,𗕾,,1.05.2308,3,3,,,,,,,
𗯪,U+17BEA,,3.492.1,8141/20,K4534,L5166,L5166,S2814,,1402,16A42,Ⅲ,82,4,15A55,Ⅲ,74,5,111,1.08.213,3,1,3,3,4,𘅇,𗕾,,1.05.2401,3,4,,,,,,,
𗀞,U+1701E,,1.032.1,1075/42,K1312,L0148,L0148,S1055,001-103,1403,16A43,Ⅲ,83,1,15A58,Ⅲ,75,3,2229,1.77.221,73,1,70,1,1,𗾋,𗊊,,1.24.2602,1,1,,,,,,,
𘌸,U+18338,,7.243.2,8724/40,K2372,L5558,L5558,S2226,241-054,1404,16A44,Ⅲ,83,2,15A57,Ⅲ,75,2,2230,1.77.231,73,1,70,1,2,𗾋,𗊊,,1.24.2603,1,2,,,,,,,
𗝨,U+17768,,3.163.4,5024/40,K2373,L4193,L4193,S0782,,1405,16A45,Ⅲ,83,3,15A56,Ⅲ,75,1,2231,1.77.232,73,1,70,1,3,𗾋,𗊊,,1.24.2604,1,3,,,,,,,
𗞓,U+17793,,3.182.1,5041/41,K5506,L4263,L4263,S0787,017-12c,1406,16A46,Ⅲ,84,1,15A61,Ⅲ,76,1,1089,1.39.222,31,1,30,17,3,𗨉,𗮷,,1.14.1204,16,3,,,,,,,
𘂂,U+18082,,6.168.1,8141/41,K5503,L5200,L5200,S2328,,1407,16A47,Ⅲ,84,2,15A62,Ⅲ,76,2,1090,1.39.231,31,1,30,17,4,𗨉,𗮷,,1.14.1205,16,4,,,,,,,
𗌘,U+17318,,1.673.1,2121/41,K5504,L2009,L2009,S4220,181-126,1408,16A48,Ⅲ,84,3,15A63,Ⅲ,76,3,1091,1.39.232,31,1,30,17,5,𗨉,𗮷,,1.14.1206,16,5,,,,,,,
𗯳,U+17BF3,,3.498.1,8744/20,K2370,L5657,L5657,S2838,194-051,1409,16A51,Ⅲ,84,4,15A64,Ⅲ,76,4,1092,1.39.241,31,1,30,17,6,𗨉,𗮷,,1.14.1207,16,6,,,,,,,
𗌊,U+1730A,,1.669.1,2221/27,K5667,L2405,L2405,S4217,181-113,1410,16A52,Ⅲ,84,5,15A65,Ⅲ,76,5,1093,1.39.242,31,1,30,17,7,𗨉,𗮷,,1.14.1208,16,7,,,,,,,
𗌁,U+17301,,1.666.2,2721/20,K5368,L3001,L3001,S4294,,1411,16A53,Ⅲ,85,1,15A72,Ⅲ,77,4,2117,1.73.171,70,1,67,8,1,𘅅,𗦙,,1.23.2407,5,8,,,,,,,
𗋭,U+172ED,,1.638.3,2721/00,K0086,L2997,L2997,S4289,181-095,1412,16A54,Ⅲ,85,2,15A71,Ⅲ,77,3,2118,1.73.172,70,1,67,8,2,𘅅,𗦙,,1.23.2408,5,9,,,,,,,
𗌎,U+1730E,,1.670.1,2724/22,K2828,L3050,L3050,S4284,,1413,16A55,Ⅲ,85,3,15A73,Ⅲ,77,5,2119,1.73.211,70,1,67,8,3,𘅅,𗦙,,1.23.2501,5,10,,,,,,,
𗿯,U+17FEF,,6.078.1,2744/00,K2584,L3298,L3298,S5755,211-104,1414,16A56,Ⅲ,85,4,15A75,Ⅲ,77,7,2120,1.73.212,70,1,67,8,4,𘅅,𗦙,,1.23.2502,5,11,,,,,,,
𗿞,U+17FDE,,6.067.2,2744/20,K3600,L3312,L3312,S5751,211-094,1415,16A57,Ⅲ,85,5,15A74,Ⅲ,77,6,2121,1.73.221,70,1,67,8,5,𘅅,𗦙,,1.23.2503,5,12,,,,,,,
𗉙,U+17259,,1.534.1,1747/24,K1786,L1261,L1261,S5543,,1416,16A58,Ⅲ,86,1,15A76,Ⅲ,77,8,2115,1.73.161,70,1,67,7,1,𗔫,𘐏,,1.23.2405,5,6,,,,,,,
𘘍,U+1860D,,8.259.2,1371/00,K5783,L0726,L0726,S4468,285-051,1417,16A61,Ⅲ,86,2,15A77,Ⅲ,77,9,2116,1.73.162,70,1,67,7,2,𗔫,𘐏,,1.23.2406,5,7,,,,,,,
𗝼,U+1777C,,3.170.1,5021/00,K0087,L4097,L4097,S0925,017-113,1418,16A62,Ⅲ,87,1,15A67,Ⅲ,77,1,4279,,70,2,60,,,,,,2.14.2304,7,1,,,,,,,
𗼪,U+17F2A,,5.389.1,2781/20,K0081,L3430,L3430,S3338,205-091,1419,16A63,Ⅲ,87,2,15A68,Ⅲ,77,2,4280,,70,2,60,,,,,,2.14.2305,7,2,,,,,,,
𗇫,U+171EB,,1.441.1,1740/00,K5741,L1147,L1147,S4561,005-102,1420,16A64,Ⅲ,87,3,15B12,Ⅲ,78,3,4281,,70,2,60,,,,,,2.14.2306,7,3,,,,,,,
𗷜,U+17DDC,,5.138.2,1721/12,K4905,L0917,L0917,S0365,,1421,16A65,Ⅲ,87,4,15B14,Ⅲ,78,5,4282,,70,2,60,,,,,,2.14.2307,7,4,,,,,,,
𘑻,U+1847B,,7.491.2,1744/40,K1122,L1389,L1389,S4574,,1422,16A66,Ⅲ,87,5,15A78,Ⅲ,78,1,4283,,70,2,60,,,,,,2.14.2308,7,5,,,,,,,
𘑺,U+1847A,,7.491.1,1141/40,K4414,L0299,L0299,S4571,,1423,16A67,Ⅲ,87,6,15B11,Ⅲ,78,2,4284,,70,2,60,,,,,,2.14.2309,7,6,,,,,,,
𗇪,U+171EA,,1.440.3,1740/00,K5735,L1144,L1144,S4556,009-083,1424,16A68,Ⅲ,87,7,15B13,Ⅲ,78,4,4285,,70,2,60,,,,,,2.14.2310,8,1,,,,,,,
𗝗,U+17757,,3.150.1,5021/24,K4610,L4108,L4108,S0742,017-116,1425,16A71,Ⅲ,88,1,15B15,Ⅲ,79,1,1610,1.56.141,51,1,49,5,2,𗄪,𗏟,,1.18.2604,5,2,,,,,,,
𗅾,U+1717E,,1.367.1,2701/24,K4609,L2915,L2915,S1403,041-102,1426,16A72,Ⅲ,88,2,15B16,Ⅲ,79,2,1611,1.56.142,51,1,49,5,3,𗄪,𗏟,,1.18.2605,5,3,,,,,,,
𘅜,U+1815C,,6.366.2,1744/00,K3348,L1323,L1323,S4730,230-081,1427,16A73,Ⅲ,89,1,15B21,Ⅲ,81,1,3074,,14,2,12,,,,,,2.05.2502,5,1,,,,,,,
𗞮,U+177AE,,3.196.2,5044/20,K3169,L4355,L4355,S0819,,1428,16A74,Ⅲ,89,2,15B17,Ⅲ,80,1,3075,,14,2,12,,,,,,2.05.2503,5,2,,,,,,,
𗋱,U+172F1,,1.640.2,2821/50,K4648,L3533,L3533,S4169,,1429,16A75,Ⅲ,89,3,15B22,Ⅲ,81,2,3076,,14,2,12,,,,,,2.05.2504,5,3,,,,,,,
𘌙,U+18319,,7.228.1,9125/25,K1165,L5829,L5829,S1699,139-091,1430,16A76,Ⅲ,90,1,15B23,Ⅲ,82,1,2689,,1,2,1,,,,,,2.02.2303,8,4,,,,,,,
𗕧,U+17567,,2.441.1,1721/20,K4654,L0920,L0920,S4401,010-105,1431,16A77,Ⅲ,90,2,15B25,Ⅲ,82,3,2690,,1,2,1,,,,,,2.02.2304,8,5,,,,,,,
𗜻,U+1773B,,3.137.2,5044/40,K1044,L4368,L4368,S0816,017-10a,1432,16A78,Ⅲ,90,3,15B24,Ⅲ,82,2,2691,,1,2,1,,,,,,2.02.2305,8,6,,,,,,,
𗬫,U+17B2B,,3.384.2,2274/22,K2827,L2533,L2533,S5807,183-071,1433,16B11,Ⅲ,91,1,15B26,Ⅲ,83,1,4624,,92,2,77,,,,,,2.17.1205,2,2,,,,,,,
𘉸,U+18278,,7.097.4,2821/42,K5108,L3530,L3530,S3182,243-051,1434,16B12,Ⅲ,91,2,15B31,Ⅲ,83,4,4625,,92,2,77,,,,,,2.17.1206,2,3,,,,,,,
𗝜,U+1775C,,3.152.2,5021/42,K5109,L4133,L4133,S0852,,1435,16B13,Ⅲ,91,3,15B28,Ⅲ,83,3,4626,,92,2,77,,,,,,2.17.1207,2,4,,,,,,,
𘁬,U+1806C,,6.156.3,8722/27,K0274,L5535,L5535,S1917,,1436,16B14,Ⅲ,92,1,15B32,Ⅲ,84,1,3561,,37,2,33,,,,,,2.09.2405,2,10,,,,,,,
𘁥,U+18065,,6.153.1,8724/27,?,L5556,L5556,S1918,,1437,16B15,Ⅲ,92,2,15B33,Ⅲ,84,2,3562,,37,2,33,,,,,,2.09.2406,2,11,,,,,,,
𘁦,U+18066,,6.153.2,8725/22,K0611,L5573,L5573,S1915,106-061,1438,16B16,Ⅲ,92,3,15B34,Ⅲ,84,3,3563,,37,2,33,,,,,,2.09.2407,2,12,,,,,,,
𗈟,U+1721F,,1.472.1,1724/40,K3047,L1104,L1104,S4461,009-124,1439,16B17,Ⅲ,92,4,15B35,Ⅲ,84,4,3564,,37,2,33,,,,,,2.09.2408,2,13,,,,,,,
𗷻,U+17DFB,,5.180.2,1155/55,K1136,L0424,L0424,S0329,123-061,1440,16B18,Ⅲ,92,5,15B38,Ⅲ,85,3,3565,,37,2,33,,,,,,2.09.2409,2,14,,,,,,,
𗹫,U+17E6B,,5.275.1,2704/52,K2413,L2978,L2978,S1278,075-112,1441,16B21,Ⅲ,92,6,15B43,Ⅲ,85,6,3566,,37,2,33,,,,,,2.09.2410,2,15,,,,,,,
𗇛,U+171DB,,1.433.2,8040/00,K3533,L4856,L4856,S2864,,1442,16B22,Ⅲ,92,7,15B41,Ⅲ,85,4,3567,,37,2,33,,,,,,2.09.2411,2,16,,,,,,,
𗯯,U+17BEF,,3.496.1,8741/20,K4601,L5588,L5588,S2836,,1443,16B23,Ⅲ,92,8,15B44,Ⅲ,85,7,3568,,37,2,33,,,,,,2.09.2501,2,17,,,,,,,
𘄿,U+1813F,,6.334.1,1744/20,K2318,L1355,L1355,S4729,230-063,1444,16B24,Ⅲ,93,1,15B36,Ⅲ,85,1,1302,,37,1,36,,,?,?,,1.16.1201,3,1,,,,,,,
𗓱,U+174F1,,2.344.1,8044/20,K2319,L4978,L4978,S2071,007-117,1445,16B25,Ⅲ,93,2,15B37,Ⅲ,85,2,1303,,37,1,36,,,?,?,,1.16.1202,3,2,,,,,,,
𘅇,U+18147,,6.346.1,1844/00,K3262,L1734,L1734,S4743,230-062,1446,16B26,Ⅲ,94,1,15B45,Ⅲ,86,1,367,1.16.262,11,1,11,7,1,𘎤,𗫔,,1.08.1505,6,1,,,,,,,
𗎴,U+173B4,,2.124.2,2801/20,K4665,L3450,L3450,S1283,133-061,1447,16B27,Ⅲ,94,2,15B48,Ⅲ,86,4,368,1.16.263,11,1,11,7,2,𘎤,𗫔,,1.08.1506,6,2,,,,,,,
𘌧,U+18327,,7.237.2,8722/40,K1551,L5537,L5537,S2232,241-032,1448,16B28,Ⅲ,94,3,15B47,Ⅲ,86,3,369,1.16.271,11,1,11,7,3,𘎤,𗫔,,1.08.1507,6,3,,,,,,,
𘕅,U+18545,,8.086.3,3922/44,K1424,L4014,L4014,S2944,,1449,16B31,Ⅲ,95,1,15B55,Ⅲ,87,5,812,1.31.113,25,1,24,3,2,𗣔,𗱞,,1.11.2607,1,9,,,,,,,
𘕆,U+18546,,8.087.1,3824/40,K3272,L3992,L3992,S2945,,1450,16B32,Ⅲ,95,2,15B54,Ⅲ,87,4,813,1.31.121,25,1,24,3,3,𗣔,𗱞,,1.11.2606,1,8,,,,,,,
𘕄,U+18544,,8.086.2,3722/40,K1696,L3952,L3952,S2946,,1451,16B33,Ⅲ,95,3,15B53,Ⅲ,87,3,814,1.31.122,25,1,24,3,4,𗣔,𗱞,,1.11.2608,1,10,,,,,,,
𘞈,U+18788,,8.526.2,1751/54,K3738,L1439,L1439,S5193,294-071,1452,16B34,Ⅲ,95,4,15B52,Ⅲ,87,2,815,1.31.131,25,1,24,3,5,𗣔,𗱞,,1.11.2609,1,11,,,,,,,
𗟓,U+177D3,,3.208.1,5051/54,K3739,L4389,L4389,S0952,017-164,1453,16B35,Ⅲ,95,5,15B51,Ⅲ,87,1,816,1.31.132,25,1,24,3,6,𗣔,𗱞,,1.11.2610,1,12,,,,,,,
𗛴,U+176F4,,3.093.1,5042/40,K1905,L4301,L4301,S0860,017-102,1454,16B36,Ⅲ,96,1,15B56,Ⅲ,88,1,4119,,63,2,53,,,,,,2.13.2202,1,2,,,,,,,
𘛚,U+186DA,,8.382.4,8141/42,K5014,L5202,L5202,S1991,,1455,16B37,Ⅲ,96,2,15B57,Ⅲ,88,2,4120,,63,2,53,,,,,,2.13.2203,1,3,,,,,,,
𗸞,U+17E1E,,5.162.2,1142/12,K0983,L0317,L0317,S0341,,1456,16B38,Ⅲ,96,3,15B58,Ⅲ,88,3,4121,,63,2,53,,,,,,2.13.2204,1,4,,,,,,,
𗼿,U+17F3F,,5.427.2,2742/21,K1290,L3206,L3206,S4035,,1457,16B41,Ⅲ,96,4,15B61,Ⅲ,88,4,4122,,63,2,53,,,,,,2.13.2205,1,5,,,,,,,
𗺓,U+17E93,,3.352.1,2824/22,K2439,L3756,L3756,S3192,045-061,1458,16B42,Ⅲ,97,1,15B63,Ⅲ,89,2,4250,,68,2,58,,,,,,2.14.1706,2,3,,,,,,,
𗜢,U+17722,,3.126.2,5024/22,K2440,L4429,L4429,S0843,017-107,1459,16B43,Ⅲ,97,2,15B62,Ⅲ,89,1,4251,,68,2,58,,,,,,2.14.1707,2,4,,,,,,,
𘄱,U+18131,,6.317.2,1742/20,K0518,L1234,L1234,S4775,230-031,1460,16B44,Ⅲ,98,1,19A22,Ⅲ,D,42,1479,1.52.132,43,1,42,8,1,𘎼,𘙉,,1.17.2209,6,1,,,,,,,
𗎢,U+173A2,,2.100.2,1844/20,K3337,L1755,L1755,S1158,,1461,16B45,Ⅲ,98,2,15B65,Ⅲ,90,2,1480,1.52.133,43,1,42,8,2,𘎼,𘙉,,1.17.2301,6,2,,,,,,,
𗽞,U+17F5E,,5.448.1,2844/00,K3340,L3666,L3666,S4006,,1462,16B46,Ⅲ,98,3,15B64,Ⅲ,90,1,1481,1.52.141,43,1,42,8,3,𘎼,𘙉,,1.17.2302,6,3,,,,,,,
𗳏,U+17CCF,,2.545.2,1724/22,K3006,L1565,L1565,S5272,049-082,1463,16B47,Ⅲ,98,4,19B43,Ⅲ,D,115,,,43,1,42,,,,,,,,,,,,,,,
𗖫,U+175AB,,2.503.3,1471/40,K4223,L0838,L0838,S4664,182-082,1464,16B48,Ⅲ,99,1,15B66,Ⅲ,91,1,4232,,67,2,57,,,,,,2.14.1508,2,3,,,,,,,
𘐟,U+1841F,,7.432.2,8441/40,K4220,L5450,L5450,S2812,236-082,1465,16B51,Ⅲ,99,2,15B67,Ⅲ,91,2,,,67,2,57,,,,,,,,,,,,,,,
𗲏,U+17C8F,,3.635.1,1721/20,K4896,L0924,L0924,S4851,,1466,16B52,Ⅲ,99,3,15B68,Ⅲ,91,3,4233,,67,2,57,,,,,,2.14.1509,2,4,,,,,,,
𗖘,U+17598,,2.487.2,1874/00,K3285,L1824,L1824,S4630,182-066,1467,16B53,Ⅲ,100,1,15B71,Ⅲ,92,1,3926,,53,2,44,,,,,,2.12.1507,6,3,,,,,,,
𗖏,U+1758F,,2.478.1,1171/20,K5456,L0429,L0429,S4612,182-067,1468,16B54,Ⅲ,100,2,15B72,Ⅲ,92,2,3927,,53,2,44,,,,,,2.12.1508,6,4,,,,,,,
𘂮,U+180AE,,6.205.1,8744/20,K3123,L5652,L5652,S2376,,1469,16B55,Ⅲ,100,3,15B74,Ⅲ,92,4,3928,,53,2,44,,,,,,2.12.1509,6,5,,,,,,,
𘉪,U+1826A,,7.092.1,2722/40,K1637,L3030,L3030,S3174,243-046,1470,16B56,Ⅲ,100,4,15B73,Ⅲ,92,3,3929,,53,2,44,,,,,,2.12.1510,6,6,,,,,,,
𗖢,U+175A2,,2.498.2,1871/22,K5091,L1810,L1810,S4617,182-074,1471,16B57,Ⅲ,101,1,15B75,Ⅲ,93,1,3653,,38,2,34,,,,,,2.10.1606,3,1,,,,,,,
𘕚,U+1855A,,8.110.1,9321/24,K4481,L5887,L5887,S1721,140-091,1472,16B58,Ⅲ,101,2,15B77,Ⅲ,93,3,3654,,38,2,34,,,,,,2.10.1607,3,2,,,,,,,
𘏮,U+183EE,,7.389.2,8244/20,K3621,L5321,L5321,S2759,,1473,16B61,Ⅲ,101,3,15B76,Ⅲ,93,2,3655,,38,2,34,,,,,,2.10.1608,3,3,,,,,,,
𗁿,U+1707F,,1.089.2,2704/00,K5716,L2957,L2957,S1589,039-102,1474,16B62,Ⅲ,102,1,16A11,Ⅲ,94,2,1994,1.69.121,66,1,63,1,4,𗾋,𗁅,,1.22.1604,1,4,,,,,,,
𗁕,U+17055,,1.061.2,2104/00,K5721,L1960,L1960,S1580,,1475,16B63,Ⅲ,102,2,16A12,Ⅲ,94,3,1995,1.69.122,66,1,63,1,5,𗾋,𗁅,,1.22.1605,1,5,,,,,,,
𗭆,U+17B46,,3.397.4,3121/20,K4270,L3842,L3842,S2979,,1476,16B64,Ⅲ,102,3,15B78,Ⅲ,94,1,1996,1.69.131,66,1,63,1,6,𗾋,𗁅,,1.22.1606,1,6,,,,,,,
𗻴,U+17EF4,,5.337.1,2544/47,K2939,L2881,L2881,S3211,,1477,16B65,Ⅲ,103,1,16A13,Ⅲ,95,1,2232,1.77.241,73,1,70,2,1,𗶈,𗊊,,1.24.2605,1,4,,,,,,,
𗺴,U+17EB4,,5.317.3,2841/40,K4657,L3603,L3603,S3228,,1478,16B66,Ⅲ,103,2,16A15,Ⅲ,95,3,2233,1.77.242,73,1,70,2,2,𗶈,𗊊,,1.24.2606,1,5,,,,,,,
𗖉,U+17589,,2.472.1,1772/42,K1611,L1509,L1509,S4661,,1479,16B67,Ⅲ,103,3,16A14,Ⅲ,95,2,2234,1.77.243,73,1,70,2,3,𗶈,𗊊,,1.24.2607,1,6,,,,,,,
𗝆,U+17746,,3.141.3,5071/40,K4419,L4407,L4407,S0939,017-11i,1480,16B68,Ⅲ,103,4,16A16,Ⅲ,95,4,2235,1.77.251,73,1,70,2,4,𗶈,𗊊,,1.24.2701,1,7,,,,,,,
𗖡,U+175A1,,2.498.1,1879/00,K0699,L1820,L1820,S4620,182-078,1481,16B71,Ⅲ,104,1,16A24,Ⅲ,96,6,2039,1.70.232,67,1,64,6,2,𗠃,𘇬,,1.22.2503,6,2,,,,,,,
𗕹,U+17579,,2.456.1,1174/40,K1047,L0456,L0456,S4592,182-045,1482,16B72,Ⅲ,104,2,16A23,Ⅲ,96,5,2040,1.70.241,67,1,64,6,3,𗠃,𘇬,,1.22.2504,6,3,,,,,,,
𗖜,U+1759C,,2.490.2,1179/00,K0751,L0462,L0462,S4602,,1483,16B73,Ⅲ,104,3,16A22,Ⅲ,96,4,2041,1.70.242,67,1,64,6,4,𗠃,𘇬,,,,,,,,,,,
𘎸,U+183B8,,7.345.2,8341/00,K4489,L5371,L5371,S2748,236-046,1484,16B74,Ⅲ,104,4,16A21,Ⅲ,96,3,2042,1.70.243,67,1,64,6,5,𗠃,𘇬,,1.22.2505,6,4,,,,,,,
𘑏,U+1844F,,7.461.3,8845/50,K1186,L5772,L5772,S2736,236-112,1485,16B75,Ⅲ,104,5,16A18,Ⅲ,96,2,2043,1.70.251,67,1,64,6,6,𗠃,𘇬,,,6,5,,,,,,,
𗼯,U+17F2F,,5.397.3,2240/00,K0204,L2433,L2433,S3990,,1486,16B76,Ⅲ,104,6,16A25,Ⅲ,96,7,2044,1.70.252,67,1,64,6,7,𗠃,𘇬,,1.22.2507,6,6,,,,,,,
𘆢,U+181A2,,6.433.1,1722/54,K1886,L1052,L1052,S5238,080-055,1487,16B77,Ⅲ,104,7,16A26,Ⅲ,97,1,2045,1.70.261,67,1,64,6,8,𗠃,𘇬,,1.22.2601,6,7,,,,,,,
𘕸,U+18578,,8.150.2,8421/40,K4162,L5423,L5423,S2190,242-021,1488,16B78,Ⅲ,104,8,16A27,Ⅲ,97,2,2046,1.70.262,67,1,64,6,9,𗠃,𘇬,,1.22.2602,6,8,,,,,,,
𘟙,U+187D9,,8.580.2,3029/00,K0676,L3830,L3830,S2930,006-101,1489,17A11,Ⅲ,105,1,16A28,Ⅲ,98,1,3638,,37,2,33,,,,,,2.10.1405,12,2,,,,,,,
𘂹,U+180B9,,6.215.3,8141/52,?,L5207,L5207,S2380,208-071,1490,17A12,Ⅲ,105,2,16A31,Ⅲ,98,2,3639,,37,2,33,,,,,,2.10.1406,12,3,,,,,,,
𘂽,U+180BD,,6.217.3,8841/52,K5096,L5734,L5734,S2370,208-081,1491,17A13,Ⅲ,105,3,16A32,Ⅲ,98,3,3640,,37,2,33,,,,,,2.10.1407,12,4,,,,,,,
𗅓,U+17153,,1.332.3,2701/25,K4591,L2917,L2917,S1353,041-08g,1492,17A14,Ⅲ,105,4,16A34,Ⅲ,98,5,3641,,37,2,33,,,,,,2.10.1408,12,5,,,,,,,
𘕎,U+1854E,,8.127.2,8724/22,K3463,L5554,L5554,S1835,,1493,17A15,Ⅲ,105,5,16A37,Ⅲ,98,8,3642,,37,2,33,,,,,,2.10.1501,12,6,,,,,,,
𗶰,U+17DB0,,4.584.1,2810/00,?,L3520,L3520,S3820,,1494,17A16,Ⅲ,105,6,16A38,Ⅲ,98,9,3643,,37,2,33,,,,,,2.10.1502,12,7,,,,,,,
𗕿,U+1757F,,2.465.1,1771/00,K4620,L1483,L1483,S4652,182-043,1495,17A17,Ⅲ,105,7,16A41,Ⅲ,98,10,3644,,37,2,33,,,,,,2.10.1503,12,8,,,,,,,
𘒁,U+18481,,7.492.4,1740/00,K5764,L1152,L1152,S4573,277-052,1496,17A18,Ⅲ,106,1,16A44,Ⅲ,99,2,1881,1.65.143,62,1,59,6,1,𘑻,𘄩,,1.21.1508,6,1,,,,,,,
𘒀,U+18480,,7.492.3,1140/00,K5766,L0241,L0241,S4566,,1497,17A21,Ⅲ,106,2,16A43,Ⅲ,99,1,1882,1.65.151,62,1,59,6,2,𘑻,𘄩,,1.21.1601,6,2,,,,,,,
𘑾,U+1847E,,7.492.1,1140/00,K5765,L0240,L0240,S4564,277-051,1498,17A22,Ⅲ,106,3,16A45,Ⅲ,99,3,1883,1.65.152,62,1,59,6,3,𘑻,𘄩,,1.21.1602,6,3,,,,,,,
𗔫,U+1752B,,2.388.1,8021/24,K4186,L4700,L4700,S2053,,1499,17A23,Ⅲ,106,4,16A47,Ⅲ,99,5,1884,1.65.161,62,1,59,6,4,𘑻,𘄩,,1.21.1603,6,4,,,,,,,
𘚃,U+18683,,8.336.2,1822/24,K1860,L1618,L1618,S0194,,1500,17A24,Ⅲ,106,5,16A51,Ⅲ,99,7,1885,1.65.162,62,1,59,6,5,𘑻,𘄩,,1.21.1604,6,5,,,,,,,
𗱲,U+17C72,,3.612.1,1724/20,K2706,L1072,L1072,S4917,026-088,1501,17A25,Ⅲ,106,6,16A48,Ⅲ,99,6,1886,1.65.171,62,1,59,6,6,𘑻,𘄩,,1.21.1605,6,6,,,,,,,
𘅅,U+18145,,6.344.3,1949/00,K0721,L1865,L1865,S4742,230-069,1502,17A26,Ⅲ,106,7,16A46,Ⅲ,99,4,1887,1.65.172,62,1,59,6,7,𘑻,𘄩,,1.21.1606,6,7,,,,,,,
𗊌,U+1728C,,1.568.1,2724/00,K3428,L3040,L3040,S4314,,1503,17A27,Ⅲ,107,1,12A72,Ⅲ,7,7,118,1.08.243,3,1,3,5,1,𗫌,𗚦,,1.05.2408,5,1,,,,,,,
𗐴,U+17434,,2.212.2,8021/22,K3811,L4681,L4681,S1832,008-051,1504,17A28,Ⅲ,107,2,16A52,Ⅲ,100,1,119,1.08.251,3,1,3,5,2,𗫌,𗚦,,1.05.2501,5,2,,,,,,,
𘃷,U+180F7,,6.270.1,1151/40,K4442,L0399,L0399,S4455,,1505,17A31,Ⅲ,107,3,16A55,Ⅲ,100,4,120,1.08.252,3,1,3,5,3,𗫌,𗚦,,1.05.2502,5,3,,,,,,,
𗑺,U+1747A,,2.267.3,8022/50,K1228,L4789,L4789,S1865,,1506,17A32,Ⅲ,107,4,16A54,Ⅲ,100,3,121,1.08.261,3,1,3,5,4,𗫌,𗚦,,1.05.2503,5,4,,,,,,,
𗒩,U+174A9,,2.294.1,8025/25,K1474,L4849,L4849,S1834,008-102,1507,17A33,Ⅲ,107,5,16A53,Ⅲ,100,2,122,1.08.262,3,1,3,5,5,𗫌,𗚦,,1.05.2504,5,5,,,,,,,
𘄦,U+18126,,6.309.4,1844/40,K3469,L1772,L1772,S4495,116-081,1508,17A34,Ⅲ,108,1,16A56,Ⅲ,101,1,1475,1.52.121,43,1,42,7,4,𘎤,𘙉,,1.17.2205,5,10,,,,,,,
𘛛,U+186DB,,8.382.5,8244/00,K2916,L5319,L5319,S2134,237-041,1509,17A35,Ⅲ,108,2,16A57,Ⅲ,101,2,1476,1.52.122,43,1,42,7,5,𘎤,𘙉,,1.17.2206,5,11,,,,,,,
𘆫,U+181AB,,6.444.2,1724/50,K2337,L1113,L1113,S5239,080-058,1510,17A36,Ⅲ,108,3,16A58,Ⅲ,101,3,1477,1.52.123,43,1,42,7,6,𘎤,𘙉,,1.17.2207,5,12,,,,,,,
𗊄,U+17284,,1.563.2,2724/20,K1926,L3046,L3046,S4159,,1511,17A37,Ⅲ,108,4,16A61,Ⅲ,101,4,1478,1.52.131,43,1,42,7,7,𘎤,𘙉,,1.17.2208,5,13,,,,,,,
𗉃,U+17243,,1.517.2,1874/00,K3535,L1826,L1826,S5500,184-081,1512,17A38,Ⅲ,108,5,15B42,Ⅲ,85,5,1368,1.48.232,43,1,42,7,7,𘊯,𘒻,,1.16.2208,14,7,,,,,,,
𗳱,U+17CF1,,3.693.2,1151/00,K4501,L0388,L0388,S5423,074-041,1513,17A41,Ⅲ,109,1,16A63,Ⅲ,102,2,3198,,20,2,17,,,,,,2.06.2706,2,1,,,,,,,
𗳺,U+17CFA,,3.697.2,1151/40,K4535,L0396,L0396,S5432,074-071,1514,17A42,Ⅲ,109,2,16A64,Ⅲ,103,1,3199,,20,2,17,,,,,,2.06.2707,2,2,,,,,,,
𗳸,U+17CF8,,3.697.1,1854/00,K3192,L1792,L1792,S5430,,1515,17A43,Ⅲ,109,3,16A65,Ⅲ,103,2,3200,,20,2,17,,,,,,2.07.1101,2,3,,,,,,,
𗊏,U+1728F,,1.569.2,2324/00,K2204,L2583,L2583,S4240,181-052,1516,17A44,Ⅲ,110,1,16A66,Ⅲ,104,1,4308,,70,2,60,,,,,,2.14.2507,10,3,,,,,,,
𗊚,U+1729A,,1.578.2,2224/20,K3099,L2410,L2410,S4183,,1517,17A45,Ⅲ,110,2,16A67,Ⅲ,104,2,,,70,2,60,,,,,,,,,,,,,,,
𗰾,U+17C3E,,3.573.1,1151/21,K5466,L0393,L0393,S4794,,1518,17A46,Ⅲ,110,3,16A68,Ⅲ,104,3,4309,,70,2,60,,,,,,2.14.2508,10,4,,,,,,,
𘌇,U+18307,,7.217.1,9922/24,K1399,L5990,L5990,S1704,139-051,1519,17A47,Ⅲ,111,1,16A72,Ⅲ,105,2,4356,,74,2,63,,,,,,2.15.1305,1,3,,,,,,,
𗋹,U+172F9,,1.645.1,2821/42,K5361,L3529,L3529,S4252,,1520,17A48,Ⅲ,111,2,16A71,Ⅲ,105,1,4357,,74,2,63,,,,,,2.15.1306,1,4,,,,,,,
𘋈,U+182C8,,7.163.1,3324/00,K5770,L3907,L3907,S3017,,1521,17A51,Ⅲ,111,3,16A73,Ⅲ,105,3,4358,,74,2,63,,,,,,2.15.1307,1,5,,,,,,,
𗊆,U+17286,,1.565.2,2122/00,?,L2022,L2022,S4166,,1522,17A52,Ⅲ,111,4,16A74,Ⅲ,105,4,,,74,2,63,,,,,,,,,,,,,,,
𗊦,U+172A6,,1.587.3,2121/50,K4251,L2018,L2018,S4168,,1523,17A53,Ⅲ,112,1,16A75,Ⅲ,106,1,3462,,33,2,29,,,,,,2.08.2709,4,4,,,,,,,
𗠸,U+17838,,3.276.2,7724/40,K3350,L4612,L4612,S0496,,1524,17A54,Ⅲ,112,2,16A76,Ⅲ,106,2,3463,,33,2,29,,,,,,2.09.1101,4,5,,,,,,,
𗊨,U+172A8,,1.588.1,2124/40,K1097,L2054,L2054,S4148,181-078,1525,17A55,Ⅲ,113,1,16A78,Ⅲ,107,1,2145,1.74.173,71,1,68,3,1,𗡞,𗒸,,1.24.1201,2,1,,,,,,,
𘐗,U+18417,,7.429.1,8545/00,K0357,L5486,L5486,S2681,236-089,1526,17A56,Ⅲ,113,2,16B11,Ⅲ,107,2,2146,1.74.211,71,1,68,3,2,𗡞,𗒸,,1.24.1202,2,2,,,,,,,
𗵮,U+17D6E,,5.077.3,1044/00,K3338,L0121,L0121,S0216,018-131,1527,17A57,Ⅲ,114,1,16B14,Ⅲ,108,3,2065,1.71.221,68,1,65,2,3,𗈉,𗾋,,1.23.1202,1,6,,,,,,,
𗶈,U+17D88,,5.092.1,1844/20,K2101,L1757,L1757,S0148,221-063,1528,17A58,Ⅲ,114,2,16B15,Ⅲ,108,4,2066,1.71.222,68,1,65,2,4,𗈉,𗾋,,1.23.1203,1,7,,,,,,,
𗶇,U+17D87,,5.091.2,1949/00,K0720,L1864,L1864,S0146,221-065,1529,17A61,Ⅲ,114,3,16B16,Ⅲ,108,5,,,68,1,65,,,,,,,,,,,,,,,
𗽏,U+17F4F,,5.439.1,2144/00,K2577,L2237,L2237,S3987,210-079,1530,17A62,Ⅲ,114,4,16B13,Ⅲ,108,2,2067,1.71.231,68,1,65,2,5,𗈉,𗾋,,1.23.1204,1,8,,,,,,,
𗍮,U+1736E,,2.066.1,4825/20,K0613,L4087,L4087,S0593,,1531,17A63,Ⅲ,115,1,16B21,Ⅲ,109,3,2568,1.90.211,93,1,87,5,1,𘒧,𗅊,,1.28.2201,5,1,,,,,,,
𘍥,U+18365,,7.278.2,8722/28,K0202,L5536,L5536,S2353,,1532,17A64,Ⅲ,115,2,16B17,Ⅲ,109,1,2569,1.90.221,93,1,87,5,2,𘒧,𗅊,,1.28.2202,5,2,,,,,,,
𘍠,U+18360,,7.277.2,8725/22,K0352,L5571,L5571,S2351,,1533,17A65,Ⅲ,115,3,16B18,Ⅲ,109,2,,,93,1,87,,,,,,,,,,,,,,,
𗘄,U+17604,,2.576.1,1744/00,K3530,L1313,L1313,S5371,,1534,17A66,Ⅲ,116,1,16B25,Ⅲ,111,2,537,1.22.152,17,1,17,5,1,𗣔,𘍀,,1.09.2702,5,1,,,,,,,
𘎢,U+183A2,,7.319.3,8240/00,K0205,L5299,L5299,S2700,236-011,1535,17A67,Ⅲ,116,2,16B24,Ⅲ,111,1,538,1.22.153,17,1,17,5,2,𗣔,𘍀,,1.09.2703,5,2,,,,,,,
𗗿,U+175FF,,2.572.1,1744/00,K2404,L1312,L1312,S5369,218-093,1536,17A68,Ⅲ,116,3,16B27,Ⅲ,111,4,539,1.22.161,17,1,17,5,3,𗣔,𘍀,,1.09.2704,5,3,,,,,,,
𘴁,U+18D01,,2.568.1,1841/00,?,L1667,L1667,S5352,,1537,17A71,Ⅲ,116,4,16B26,Ⅲ,111,3,540,1.22.162,17,1,17,5,4,𗣔,𘍀,,1.09.2705,5,4,,,,,,,
𘒴,U+184B4,,7.562.2,5742/28,K0195,L5936,L5936,S5329,,1538,17A72,Ⅲ,116,5,16B32,Ⅲ,112,1,541,1.22.171,17,1,17,5,5,𗣔,𘍀,,1.09.2706,5,5,,,,,,,
𘒱,U+184B1,,7.561.3,5941/24,K5214,L5991,L5991,S5321,,1539,17A73,Ⅲ,116,6,16B33,Ⅲ,112,2,,,17,1,17,,,,,,,,,,,,,,,
𘂕,U+18095,,6.179.2,9374/42,K3426,L5966,L5966,S1759,157-052,1540,17A74,Ⅲ,116,7,16B28,Ⅲ,111,5,542,1.22.172,17,1,17,5,6,𗣔,𘍀,,1.09.2707,5,6,,,,,,,
𗶲,U+17DB2,,5.105.3,6040/00,K2399,L4478,L4478,S1046,020-051,1541,17A75,Ⅲ,116,8,16B31,Ⅲ,111,6,543,1.22.211,17,1,17,5,7,𗣔,𘍀,,1.10.1101,5,7,,,,,,,
𗠥,U+17825,,3.264.4,7824/40,K3279,L4651,L4651,S0522,255-06a,1542,17A76,Ⅲ,117,1,16B35,Ⅲ,113,2,1706,1.59.162,55,1,53,2,10,𘛻,𗡢,,1.19.2407,2,10,,,,,,,
𘎰,U+183B0,,7.337.2,8142/40,?,L5220,L5220,S2693,,1543,17A77,Ⅲ,117,2,16B34,Ⅲ,113,1,1707,1.59.171,55,1,53,2,11,𘛻,𗡢,,1.19.2408,2,11,,,,,,,
𘎺,U+183BA,,7.346.2,8945/00,K0445,L5802,L5802,S2728,,1544,17A78,Ⅲ,118,1,16B36,Ⅲ,114,1,3056,,12,2,11,,,,,,2.05.2207,3,1,,,,,,,
𗈗,U+17217,,1.466.2,1722/22,K0123,L1001,L1001,S4553,009-123,1545,17B11,Ⅲ,118,2,16B37,Ⅲ,114,2,3057,,12,2,11,,,,,,2.05.2208,3,2,,,,,,,
𗥄,U+17944,,4.194.2,2342/22,K0830,L2630,L2630,S3440,205-056,1546,17B12,Ⅲ,119,1,16B43,Ⅲ,115,4,2195,1.76.161,72,1,69,8,2,𗠃,𗕐,,1.24.2203,8,2,,,,,,,
𗥇,U+17947,,4.195.2,2742/22,K0792,L3212,L3212,S3443,,1547,17B13,Ⅲ,119,2,16B44,Ⅲ,115,5,2196,1.76.162,72,1,69,8,3,𗠃,𗕐,,1.24.2204,8,3,,,,,,,
𗣐,U+178D0,,4.038.2,2441/22,K4983,L2746,L2746,S3430,204-05i,1548,17B14,Ⅲ,119,3,16B41,Ⅲ,115,2,2197,1.76.171,72,1,69,8,4,𗠃,𗕐,,1.24.2205,8,4,,,,,,,
𘑀,U+18440,,7.456.2,8341/52,K5043,L5378,L5378,S2656,236-105,1549,17B15,Ⅲ,120,1,16B38,Ⅲ,115,1,4325,,72,2,61,,,,,,2.14.2705,11,16,,,,,,,
𗲸,U+17CB8,,3.652.2,1721/24,K5146,L0952,L0952,S4970,026-141,1550,17B16,Ⅲ,120,2,16B42,Ⅲ,115,3,4326,,72,2,61,,,,,,2.14.2706,11,17,,,,,,,
𗕟,U+1755F,,2.436.3,1751/52,K5044,L1436,L1436,S4319,010-109,1551,17B17,Ⅲ,121,1,16B45,Ⅲ,116,1,4330,,72,2,61,,,,,,2.14.2710,12,4,,,,,,,
𗷵,U+17DF5,,5.176.2,1152/52,K0990,L0412,L0412,S0325,123-053,1552,17B18,Ⅲ,121,2,16B46,Ⅲ,116,2,4331,,72,2,61,,,,,,2.14.2711,12,5,,,,,,,
𘌤,U+18324,,7.234.4,9744/40,K3425,L5941,L5941,S1713,142-051,1553,17B21,Ⅲ,122,1,16B47,Ⅲ,117,1,2200,1.76.212,72,1,69,9,3,𘒁,𗴩,,1.24.2208,9,3,,,,,,,
𗭭,U+17B6D,,1.432.4,3824/00,K3254,L3988,L3988,S3037,,1554,17B22,Ⅲ,122,2,16B48,Ⅲ,117,2,2201,1.76.221,72,1,69,9,4,𘒁,𗴩,,1.24.2301,9,4,,,,,,,
𗹢,U+17E62,,5.254.1,2109/50,K0705,L1986,L1986,S1270,075-081,1555,17B23,Ⅲ,123,1,16B51,Ⅲ,118,1,4368,,75,2,64,,,,,,2.15.1410,3,3,,,,,,,
𗁖,U+17056,,1.061.3,2704/00,K5742,L2956,L2956,S1588,,1556,17B24,Ⅲ,123,2,16B52,Ⅲ,118,2,4369,,75,2,64,,,,,,2.15.1501,3,4,,,,,,,
𗘩,U+17629,,2.590.3,1724/40,K2001,L1103,L1103,S5079,034-072,1557,17B25,Ⅲ,124,1,16B54,Ⅲ,119,2,4585,,90,2,76,,,,,,2.16.2506,1,1,,,,,,,
𗀺,U+1703A,,1.044.2,2804/00,K2438,L3484,L3484,S1539,039-051,1558,17B26,Ⅲ,124,2,16B53,Ⅲ,119,1,4586,,90,2,76,,,,,,2.16.2507,1,2,,,,,,,
𗀽,U+1703D,,1.047.2,2702/50,K1280,L2948,L2948,S1617,040-051,1559,17B27,Ⅲ,125,1,16B57,Ⅲ,120,3,1493,1.52.231,44,1,43,1,1,𗼞,𘈩,,1.17.2407,1,1,,,,,,,
𗁧,U+17067,,1.074.1,2101/44,K4522,L1929,L1929,S1237,,1560,17B28,Ⅲ,125,2,16B55,Ⅲ,120,1,1494,1.52.232,44,1,43,1,2,𗼞,𘈩,,1.17.2408,1,2,,,,,,,
𗃑,U+170D1,,1.155.2,1824/00,K3176,L1627,L1627,S4318,040-061,1561,17B31,Ⅲ,125,3,16B58,Ⅲ,120,4,1495,1.52.233,44,1,43,1,3,𗼞,𘈩,,1.17.2501,1,3,,,,,,,
𗋫,U+172EB,,1.638.1,2725/20,K1323,L3074,L3074,S4285,,1562,17B32,Ⅲ,125,4,16B63,Ⅲ,120,7,1496,1.52.241,44,1,43,1,4,𗼞,𘈩,,1.17.2502,1,4,,,,,,,
𗂓,U+17093,,1.103.3,2505/47,K1482,L2838,L2838,S1240,039-127,1563,17B33,Ⅲ,125,5,16B56,Ⅲ,120,2,1497,1.52.242,44,1,43,1,5,𗼞,𘈩,,1.17.2503,1,5,,,,,,,
𗅽,U+1717D,,1.366.2,2500/22,K0363,L2817,L2817,S1395,041-10d,1564,17B34,Ⅲ,125,6,16B62,Ⅲ,120,6,1498,1.52.243,44,1,43,1,6,𗼞,𘈩,,1.17.2504,1,6,,,,,,,
𘙔,U+18654,,8.308.1,1141/40,K4261,L0296,L0296,S5015,297-082,1565,17B35,Ⅲ,125,7,16B64,Ⅲ,120,8,1499,1.52.251,44,1,43,1,7,𗼞,𘈩,,1.17.2505,1,7,,,,,,,
𗀥,U+17025,,1.034.2,1041/40,K3726,L0088,L0088,S1062,001-102,1566,17B36,Ⅲ,125,8,16B65,Ⅲ,120,9,1500,1.52.252,44,1,43,1,8,𗼞,𘈩,,1.17.2506,1,8,,,,,,,
𗃓,U+170D3,,1.157.1,1821/00,K0094,L1584,L1584,S4317,,1567,17B37,Ⅲ,125,9,16B61,Ⅲ,120,5,,,44,1,43,,,,,,,,,,,,,,,
𘜏,U+1870F,,8.427.1,1871/42,K4004,L1815,L1815,S4982,,1568,17B38,Ⅲ,126,1,16B71,Ⅲ,121,4,2454,1.86.132,87,1,82,7,3,𗸈,𘊮,,1.27.1708,5,14,,,,,,,
𗂋,U+1708B,,1.097.2,2709/40,K0742,L2944,L2944,S1544,039-109,1569,17B41,Ⅲ,126,2,16B67,Ⅲ,121,2,2455,1.86.141,87,1,82,7,4,𗸈,𘊮,,1.27.1801,5,15,,,,,,,
𗢙,U+17899,,3.356.2,2520/21,K0440,L3778,L3778,S3138,,1570,17B42,Ⅲ,127,1,16B66,Ⅲ,121,1,4571,,87,2,74,,,,,,2.16.2309,3,1,,,,,,,
𗈰,U+17230,,1.498.2,5804/00,K3182,L5982,L5982,S5478,087-064,1571,17B43,Ⅲ,127,2,16B68,Ⅲ,121,3,4572,,87,2,74,,,,,,2.16.2310,3,2,,,,,,,
𗲻,U+17CBB,,3.655.2,1744/55,K2805,L1394,L1394,S4926,,1572,17B44,Ⅲ,128,1,16B72,Ⅲ,122,1,779,1.30.111,22,1,22,2,1,𗸸,𗼍,,1.11.2207,1,1,,,,,,,
𘔣,U+18523,,8.049.1,1721/00,K4981,L0915,L0915,S1227,253-071,1573,17B45,Ⅲ,128,2,16B73,Ⅲ,122,2,780,1.30.112,22,1,22,2,2,𗸸,𗼍,,1.11.2208,1,2,,,,,,,
𘀍,U+1800D,,6.110.1,3421/24,K4152,L3926,L3926,S2882,,1574,17B46,Ⅲ,129,1,16B75,Ⅲ,123,2,3202,,20,2,17,,,,,,2.07.1103,2,5,,,,,,,
𘉞,U+1825E,,7.085.1,7721/47,K5692,L4601,L4601,S1651,274-021,1575,17B47,Ⅲ,129,2,16B77,Ⅲ,123,4,3203,,20,2,17,,,,,,2.07.1104,2,6,,,,,,,
𘉝,U+1825D,,7.084.2,7721/40,K3692,L4595,L4595,S1650,,1576,17B48,Ⅲ,129,3,16B76,Ⅲ,123,3,3204,,20,2,17,,,,,,2.07.1105,2,7,,,,,,,
𘃥,U+180E5,,6.257.1,8421/22,K3828,L5418,L5418,S2418,056-064,1577,17B51,Ⅲ,130,1,17A11,Ⅲ,124,2,227,1.12.141,7,1,7,3,1,𘛻,𘂲,,1.06.2502,3,1,,,,,,,
𘒪,U+184AA,,7.556.1,1724/50,K5743,L1117,L1117,S5248,081-101,1578,17B52,Ⅲ,130,2,16B78,Ⅲ,124,1,228,1.12.142,7,1,7,3,2,𘛻,𘂲,,1.06.2503,3,2,,,,,,,
𘑮,U+1846E,,7.485.1,1354/52,K2235,L0725,L0725,S4507,,1579,17B53,Ⅲ,131,1,17A13,Ⅲ,125,1,150,1.09.241,3,1,3,12,2,𗮆,𗚓,,1.06.1108,12,2,,,,,,,
𘒧,U+184A7,,7.551.2,1121/55,K5365,L0196,L0196,S5246,,1580,17B54,Ⅲ,131,2,17A14,Ⅲ,125,2,151,1.09.242,3,1,3,12,3,𗮆,𗚓,,1.06.1109,12,3,,,,,,,
𗸈,U+17E08,,5.191.2,1151/52,K5297,L0407,L0407,S0381,123-091,1581,17B55,Ⅲ,131,3,17A15,Ⅲ,125,3,152,1.09.243,3,1,3,12,4,𗮆,𗚓,,1.06.1201,12,4,,,,,,,
𘝲,U+18772,,8.515.3,8441/40,K4066,L5451,L5451,S2861,303-062,1582,17B56,Ⅲ,131,4,17A16,Ⅲ,125,4,153,1.09.251,3,1,3,12,5,𗮆,𗚓,,1.06.1202,12,5,,,,,,,
𘋋,U+182CB,,7.164.3,3741/40,K3747,L3969,L3969,S3031,234-081,1583,17B57,Ⅲ,132,1,17A17,Ⅲ,125,5,2794,,3,2,3,,,,,,2.03.2107,9,1,,,,,,,
𗳬,U+17CEC,,3.689.1,1745/50,K1254,L1416,L1416,S5396,222-061,1584,17B58,Ⅲ,132,2,17A18,Ⅲ,125,6,2795,,3,2,3,,,,,,2.03.2108,9,2,,,,,,,
𘒍,U+1848D,,7.501.3,1721/22,K4948,L0934,L0934,S5156,,1585,17B61,Ⅲ,133,1,17A21,Ⅲ,126,1,273,1.13.241,8,1,8,6,1,𗥖,𘙡,,1.07.1405,6,1,,,,,,,
𘒙,U+18499,,7.524.1,1744/00,K2381,L1305,L1305,S5159,,1586,17B62,Ⅲ,133,2,17A22,Ⅲ,126,2,274,1.13.242,8,1,8,6,2,𗥖,𘙡,,1.07.1406,6,2,,,,,,,
𗬁,U+17B01,,4.610.1,2740/00,K5715,L3098,L3098,S3940,204-067,1587,17B63,Ⅲ,134,1,17A24,Ⅲ,127,2,3703,,43,2,37,,,,,,2.10.2503,5,2,,,,,,,
𗅆,U+17146,,1.255.1,2504/20,K2482,L2833,L2833,S1355,041-064,1588,17B64,Ⅲ,134,2,17A23,Ⅲ,127,1,3704,,43,2,37,,,,,,2.10.2504,5,3,,,,,,,
𘀿,U+1803F,,6.134.2,3844/40,K2988,L4004,L4004,S3052,233-102,1589,17B65,Ⅲ,135,1,17A25,Ⅲ,128,1,3943,,54,2,45,,,,,,2.12.1702,3,2,,,,,,,
𘕓,U+18553,,8.091.2,9724/20,K2352,L5931,L5931,S1720,140-051,1590,17B66,Ⅲ,135,2,17A26,Ⅲ,128,2,3944,,54,2,45,,,,,,2.12.1703,3,3,,,,,,,
𘇽,U+181FD,,7.583.2,1344/00,K2208,L0695,L0695,S5138,239-052,1591,17B67,Ⅲ,135,3,17A27,Ⅲ,128,3,3945,,54,2,45,,,,,,2.12.1704,3,4,,,,,,,
𘈅,U+18205,,7.587.2,1744/22,?,L1371,L1371,S5144,239-101,1592,17B68,Ⅲ,135,4,17A28,Ⅲ,128,4,,,54,2,45,,,,,,,,,,,,,,,
𗹐,U+17E50,,5.228.1,1794/00,K3412,L1569,L1569,S1152,051-051,1593,17B71,Ⅲ,136,1,17A34,Ⅲ,129,4,1829,1.63.211,61,1,58,2,8,𗾋,𗓎,,1.20.2603,3,1,,,,,,,
𗯩,U+17BE9,,3.487.1,8141/20,K4326,L5165,L5165,S2816,194-031,1594,17B72,Ⅲ,136,2,17A33,Ⅲ,129,3,1830,1.63.212,61,1,58,2,9,𗾋,𗓎,,1.20.2604,3,2,,,,,,,
𘛐,U+186D0,,8.121.4,8122/44,?,L5128,L5128,S1827,,1595,17B73,Ⅲ,136,3,17A31,Ⅲ,129,1,1831,1.63.221,61,1,58,2,10,𗾋,𗓎,,1.20.2605,3,3,,,,,,,
𗏑,U+173D1,,2.158.2,2240/40,K0141,L2442,L2442,S5601,202-062,1596,17B74,Ⅲ,137,1,19B58,Ⅲ,D,128,1686,1.58.232,54,1,52,1,5,𗍫,𗊟,,1.19.2202,1,5,,,,,,,
𘃍,U+180CD,,6.225.3,8240/00,K0139,L5298,L5298,S2622,235-011,1597,17B75,Ⅲ,137,2,19B57,Ⅲ,D,127,1687,1.58.241,54,1,52,1,6,𗍫,𗊟,,1.19.2203,1,6,,,,,,,
𗺞,U+17E9E,,5.311.1,2441/42,K3974,L2787,L2787,S3292,144-052,1598,17B76,Ⅲ,138,1,17A35,Ⅲ,130,1,1820,1.63.141,61,1,58,1,1,𘏄,𗚽,,1.20.2501,1,1,,,,,,,
𗡞,U+1785E,,3.299.2,1144/20,K3586,L0359,L0359,S1183,219-052,1599,17B77,Ⅲ,138,2,17A36,Ⅲ,130,2,1821,1.63.142,61,1,58,1,2,𘏄,𗚽,,1.20.2502,1,2,,,,,,,
𗯰,U+17BF0,,3.497.1,8244/22,K2606,L5327,L5327,S2822,,1600,17B78,Ⅲ,139,1,17A41,Ⅲ,131,3,2980,,11,2,10,,,,,,2.04.2707,3,3,,,,,,,
𗶩,U+17DA9,,5.469.1,2310/00,K0043,L2574,L2574,S4024,210-104,1601,18A11,Ⅲ,139,2,17A38,Ⅲ,131,2,2979,,11,2,10,,,,,,2.04.2706,3,2,,,,,,,
𘔉,U+18509,,8.034.2,7741/42,K4949,L4628,L4628,S0580,256-141,1602,18A12,Ⅲ,140,1,17A42,Ⅲ,132,1,4606,,90,2,76,,,,,,2.16.2707,4,10,,,,,,,
𗷴,U+17DF4,,5.176.1,1155/55,K1150,L0423,L0423,S0323,123-054,1603,18A13,Ⅲ,140,2,17A43,Ⅲ,132,2,4607,,90,2,76,,,,,,2.16.2708,4,11,,,,,,,
𘀀,U+18000,,6.101.2,2679/20,K0702,L2906,L2906,S5633,,1604,18A14,Ⅲ,141,1,17A45,Ⅲ,132,4,2494,1.87.241,90,1,84,4,3,𗩚,𘓷,,1.27.2505,3,3,,,,,,,
𘔈,U+18508,,8.034.1,7744/42,K2299,L4632,L4632,S0579,256-131,1605,18A15,Ⅲ,141,2,17A44,Ⅲ,132,3,,,90,1,84,,,,,,,,,,,,,,,
𗾞,U+17F9E,,6.018.3,2240/28,K0146,L2440,L2440,S5678,211-063,1606,18A16,Ⅲ,142,1,17A48,Ⅲ,134,1,5054,,33,2,29,,,,,,3.05.1205,1,5,,,,,,,
𗚡,U+176A1,,3.077.5,5022/20,K1663,L4148,L4148,S0685,,1607,18A17,Ⅲ,142,2,17A51,Ⅲ,134,2,5055,,33,2,29,,,,,,3.05.1206,1,6,,,,,,,
𗷫,U+17DEB,,5.159.2,1724/54,K2376,L1120,L1120,S0360,122-092,1608,18A18,Ⅲ,143,1,17A52,Ⅲ,134,3,3464,,33,2,29,,,,,,2.09.1102,5,1,,,,,,,
𗈄,U+17204,,1.454.1,1774/20,K2294,L1517,L1517,S4688,009-114,1609,18A21,Ⅲ,143,2,17A53,Ⅲ,134,4,3465,,33,2,29,,,,,,2.09.1103,5,2,,,,,,,
𘟨,U+187E8,,8.210.2,8942/24,K5585,L5787,L5787,S2610,028-114,1610,18A22,Ⅲ,144,1,17A54,Ⅲ,135,1,4707,,98,2,83,,,,,,2.17.2406,1,3,,,,,,,
𘄾,U+1813E,,6.333.1,1844/20,K2970,L1759,L1759,S4728,,1611,18A23,Ⅲ,144,2,17A55,Ⅲ,135,2,4708,,98,2,83,,,,,,2.17.2407,1,4,,,,,,,
𘊈,U+18288,,7.115.1,2421/44,K4176,L2735,L2735,S3184,243-081,1612,18A24,Ⅲ,144,3,17A56,Ⅲ,135,3,4709,,98,2,83,,,,,,2.17.2408,1,5,,,,,,,
𗬷,U+17B37,,3.390.2,8022/40,K5794,L4770,L4770,S3979,031-031,1613,18A25,Ⅲ,144,4,17A57,Ⅲ,135,4,,,98,2,83,,,,,,,,,,,,,,,
𗑳,U+17473,,2.265.3,8044/20,K3587,L4974,L4974,S1810,007-086,1614,18A26,Ⅲ,145,1,17A65,Ⅲ,137,4,3236,,22,2,19,,,,,,2.07.1503,1,2,,,,,,,
𗒦,U+174A6,,2.293.1,8044/20,K2167,L4975,L4975,S1812,,1615,18A27,Ⅲ,145,2,17A64,Ⅲ,137,3,3237,,22,2,19,,,,,,2.07.1504,1,3,,,,,,,
𗒞,U+1749E,,2.289.2,8051/24,K3724,L5018,L5018,S1790,007-104,1616,18A28,Ⅲ,145,3,17A62,Ⅲ,137,1,3238,,22,2,19,,,,,,2.07.1505,1,4,,,,,,,
𗓸,U+174F8,,2.349.1,8051/20,K4906,L5016,L5016,S1793,,1617,18A31,Ⅲ,145,4,17A63,Ⅲ,137,2,3239,,22,2,19,,,,,,2.07.1506,1,5,,,,,,,
𗌞,U+1731E,,1.676.2,2521/27,K4467,L2846,L2846,S4175,181-143,1618,18A32,Ⅲ,145,5,17A66,Ⅲ,137,5,3240,,22,2,19,,,,,,2.07.1507,1,6,,,,,,,
𗑓,U+17453,,2.236.2,8021/42,K3709,L4723,L4723,S1779,007-084,1619,18A33,Ⅲ,146,1,17A67,Ⅲ,138,1,373,1.17.122,11,1,11,9,1,𘟣,𗝠,,1.08.1604,8,1,,,,,,,
𗆕,U+17195,,1.384.1,2204/25,K2818,L2378,L2378,S1460,041-10c,1620,18A34,Ⅲ,146,2,17A68,Ⅲ,138,2,374,1.17.123,11,1,11,9,2,𘟣,𗝠,,1.08.1605,8,2,,,,,,,
𗆦,U+171A6,,1.391.1,2205/25,K0587,L2395,L2395,S1459,,1621,18A35,Ⅲ,146,3,17A71,Ⅲ,138,3,375,1.17.131,11,1,11,9,3,𘟣,𗝠,,1.08.1606,8,3,,,,,,,
𗟼,U+177FC,,3.241.1,1191/50,K5366,L0180,L0180,S0436,,1622,18A36,Ⅲ,146,4,17A72,Ⅲ,138,4,376,1.17.132,11,1,11,9,4,𘟣,𗝠,,1.08.1607,8,4,,,,,,,
𘓭,U+184ED,,8.003.2,1221/42,K3706,L0489,L0489,S0461,261-042,1623,18A37,Ⅲ,147,1,17A75,Ⅲ,139,3,2988,,11,2,10,,,,,,2.05.1106,5,1,,,,,,,
𗊅,U+17285,,1.565.1,2221/24,K3710,L2404,L2404,S4155,,1624,18A38,Ⅲ,147,2,17A77,Ⅲ,139,5,2989,,11,2,10,,,,,,2.05.1107,5,2,,,,,,,
𗏇,U+173C7,,2.143.1,2221/22,K3708,L2403,L2403,S3309,201-081,1625,18A41,Ⅲ,147,3,17A76,Ⅲ,139,4,2990,,11,2,10,,,,,,2.05.1108,5,3,,,,,,,
𗤂,U+17902,,4.098.2,2742/20,K1651,L3201,L3201,S3488,,1626,18A42,Ⅲ,147,4,17A74,Ⅲ,139,2,2991,,11,2,10,,,,,,2.05.1109,5,4,,,,,,,
𘂉,U+18089,,6.174.2,9372/42,K1572,L5900,L5900,S1753,,1627,18A43,Ⅲ,147,5,17A78,Ⅲ,139,6,2992,,11,2,10,,,,,,2.05.1110,5,5,,,,,,,
𗧮,U+179EE,,4.374.3,2744/20,K2485,L3308,L3308,S3487,,1628,18A44,Ⅲ,147,6,17A73,Ⅲ,139,1,2993,,11,2,10,,,,,,2.05.1111,5,6,,,,,,,
𗒂,U+17482,,2.271.2,8084/20,?,L5051,L5051,S1997,,1629,18A45,Ⅲ,148,1,17B12,Ⅲ,140,2,2048,1.70.272,67,1,64,7,2,𗮮,𘎸,,,,,,,,,,,
𘆛,U+1819B,,6.423.1,5802/18,K0235,L5975,L5975,S5332,,1630,18A46,Ⅲ,148,2,17B13,Ⅲ,140,3,2049,1.71.111,67,1,64,7,3,𗮮,𘎸,,1.22.2604,7,2,,,,,,,
𗌌,U+1730C,,1.669.3,2121/24,K4394,L1997,L1997,S4269,181-115,1631,18A47,Ⅲ,149,1,17B15,Ⅲ,141,2,769,1.29.232,21,1,21,3,3,𗐴,𘄢,,,,,,,,,,,
𗰞,U+17C1E,,3.551.2,1121/24,K4393,L0176,L0176,S4479,107-073,1632,18A48,Ⅲ,149,2,17B14,Ⅲ,141,1,770,1.29.241,21,1,21,3,4,𗐴,𘄢,,,,,,,,,,,
𗝳,U+17773,,3.168.1,5021/24,?,L4116,L4116,S0936,,1633,18A51,Ⅲ,149,3,17B16,Ⅲ,141,3,771,1.29.242,24,2,21,3,5,𗐴,𘄢,,,,,,,,,,,
𗵐,U+17D50,,5.035.4,1051/22,K5016,L0139,L0139,S0230,018-095,1634,18A52,Ⅲ,150,1,17B18,Ⅲ,142,2,3479,,34,2,30,,,,,,2.09.1207,2,1,,,,,,,
𘝕,U+18755,,8.485.2,3024/00,K3289,L3823,L3823,S2937,006-061,1635,18A53,Ⅲ,150,2,17B17,Ⅲ,142,1,3480,,34,2,30,,,,,,2.09.1208,2,2,,,,,,,
𘋏,U+182CF,,7.165.3,8240/22,K0484,L5301,L5301,S2175,189-021,1636,18A54,Ⅲ,150,3,17B21,Ⅲ,142,3,3481,,34,2,30,,,,,,2.09.1209,2,3,,,,,,,
𗋌,U+172CC,,1.613.1,2220/42,K0486,L2401,L2401,S4209,181-091,1637,18A55,Ⅲ,150,4,17B22,Ⅲ,142,4,3482,,34,2,30,,,,,,2.09.1210,2,4,,,,,,,
𗦋,U+1798B,,4.275.1,2744/20,K3394,L3307,L3307,S3353,,1638,18A56,Ⅲ,150,5,17B23,Ⅲ,142,5,3483,,34,2,30,,,,,,2.09.1301,2,5,,,,,,,
𘟣,U+187E3,,3.612.2,1721/22,K4944,L0930,L0930,S4918,026-081,1639,18A57,Ⅲ,151,1,17B25,Ⅲ,143,2,124,1.08.271,3,1,3,6,2,𗆕,𗔠,,1.05.2506,6,2,,,,,,,
𘏥,U+183E5,,7.379.3,8244/22,K2697,L5330,L5330,S2707,236-06n,1640,18A58,Ⅲ,151,2,17B24,Ⅲ,143,1,125,1.08.272,3,1,3,6,3,𗆕,𗔠,,1.05.2507,6,3,,,,,,,
𗅮,U+1716E,,1.348.1,2502/20,K0265,L2830,L2830,S1354,041-091,1641,18A61,Ⅲ,151,3,17B27,Ⅲ,143,4,126,1.09.111,3,1,3,6,4,𗆕,𗔠,,1.05.2508,6,4,,,,,,,
𗚁,U+17681,,3.044.4,1144/22,K1986,L0368,L0368,S0056,187-111,1642,18A62,Ⅲ,152,1,17B28,Ⅲ,144,1,,,3,2,3,,,,,,,,,,,,,,,
𘔴,U+18534,,8.074.1,2744/00,K2570,L3300,L3300,S5786,216-061,1643,18A63,Ⅲ,152,2,17B31,Ⅲ,144,2,,,3,2,3,,,,,,,,,,,,,,,
𗍂,U+17342,,2.024.1,1144/42,K3555,L0377,L0377,S0651,098-072,1644,18A64,Ⅲ,153,1,17B33,Ⅲ,145,2,1369,1.48.241,37,1,36,8,1,𗖄,𗤦,,1.16.2301,15,1,,,,,,,
𗱩,U+17C69,,3.606.1,1724/22,K2075,L1091,L1091,S4878,,1645,18A65,Ⅲ,153,2,17B32,Ⅲ,145,1,1370,1.48.242,37,1,36,8,2,𗖄,𗤦,,1.16.2302,15,2,,,,,,,
𘋪,U+182EA,,7.197.1,8141/22,K4926,L5182,L5182,S2116,235-075,1646,18A66,Ⅲ,154,1,17B35,Ⅲ,146,2,2531,1.89.131,92,1,86,4,2,𘅇,𗲗,,1.28.1305,3,5,,,,,,,
𗰑,U+17C11,,3.521.1,5701/00,K0083,L5945,L5945,S4792,092-091,1647,18A67,Ⅲ,154,2,17B34,Ⅲ,146,1,2532,1.89.132,92,1,86,4,3,𘅇,𗲗,,1.28.1306,3,6,,,,,,,
𗅉,U+17149,,1.257.3,2101/24,K4386,L1906,L1906,S1427,041-071,1648,18A68,Ⅲ,155,1,17B36,Ⅲ,147,1,1817,1.63.121,59,1,57,4,1,𗫌,𗨇,,1.20.2404,4,1,,,,,,,
𘔼,U+1853C,,7.127.2,2244/22,K2698,L2484,L2484,S5635,215-061,1649,18A71,Ⅲ,155,2,17B37,Ⅲ,147,2,1818,1.63.122,59,1,57,4,2,𗫌,𗨇,,1.20.2405,4,2,,,,,,,
𘔽,U+1853D,,7.134.1,2741/22,K0079,L3125,L3125,S5636,215-073,1650,18A72,Ⅲ,155,3,17B38,Ⅲ,147,3,,,59,1,57,,,,,,,,,,,,,,,
𗄪,U+1712A,,1.207.1,2204/20,K2691,L2361,L2361,S1425,044-041,1651,18A73,Ⅲ,156,1,17B42,Ⅲ,148,2,27,1.05.271,1,1,1,7,1,𗍫,𗣔,,1.04.2604,7,1,,,,,,,
𘖺,U+185BA,,8.197.3,8041/40,K3740,L4909,L4909,S2603,,1652,18A74,Ⅲ,156,2,17B43,Ⅲ,148,3,28,1.05.272,1,1,1,7,2,𗍫,𗣔,,1.04.2605,7,2,,,,,,,
𘖬,U+185AC,,8.192.4,8074/42,K1994,L5046,L5046,S2571,,1653,18A75,Ⅲ,157,1,17B44,Ⅲ,149,1,25,1.05.261,1,1,1,6,1,𗬚,𗸍,,1.04.2602,6,1,,,,,,,
𗕈,U+17548,,2.410.1,9021/24,K4400,L5804,L5804,S2869,037-111,1654,18A76,Ⅲ,157,2,17B45,Ⅲ,149,2,26,1.05.262,1,1,1,6,2,𗬚,𗸍,,1.04.2603,6,2,,,,,,,
𗎟,U+1739F,,2.099.2,1744/20,K3315,L1350,L1350,S1163,186-063,1655,18A77,Ⅲ,158,1,17B47,Ⅲ,150,2,2468,1.86.241,88,1,83,2,2,𗱌,𘃕,,1.27.2107,2,1,,,,,,,
𗵔,U+17D54,,5.048.1,1024/22,K2733,L0051,L0051,S0217,018-099,1656,18A78,Ⅲ,158,2,17B48,Ⅲ,150,3,2469,1.86.242,88,1,83,2,3,𗱌,𘃕,,1.27.2201,2,2,,,,,,,
𘚈,U+18688,,8.339.1,1141/20,K5419,L0263,L0263,S0248,,1657,18B11,Ⅲ,159,1,17B51,Ⅲ,151,1,4101,,62,2,52,,,,,,2.13.1706,5,1,,,,,,,
𘚆,U+18686,,8.337.1,1144/20,K3557,L0362,L0362,S0246,,1658,18B12,Ⅲ,159,2,17B53,Ⅲ,151,3,4102,,62,2,52,,,,,,2.13.1707,5,2,,,,,,,
𗸥,U+17E25,,5.201.2,1822/48,K0237,L1625,L1625,S0586,,1659,18B13,Ⅲ,159,3,17B52,Ⅲ,151,2,4103,,62,2,52,,,,,,2.13.1708,5,3,,,,,,,
𗠍,U+1780D,,3.256.1,7421/42,K3977,L4580,L4580,S0558,255-054,1660,18B14,Ⅲ,160,1,17B55,Ⅲ,152,2,1879,1.65.141,62,1,59,5,2,𘓞,𘄩,,1.21.1506,5,2,,,,,,,
𗠃,U+17803,,3.245.2,7722/40,K1569,L4603,L4603,S0555,255-031,1661,18B15,Ⅲ,160,2,17B54,Ⅲ,152,1,1880,1.65.142,62,1,59,5,3,𘓞,𘄩,,1.21.1507,5,3,,,,,,,
𗏤,U+173E4,,2.174.1,2141/50,K4503,L2171,L2171,S5625,202-094,1662,18B16,Ⅲ,161,1,17B56,Ⅲ,153,1,4745,,17,4,14,,,,,,2.18.1401,1,7,,,,,,,
𗁹,U+17079,,1.087.1,2704/55,K1976,L2977,L2977,S1603,,1663,18B17,Ⅲ,161,2,17B57,Ⅲ,153,2,4746,,17,4,14,,,,,,2.18.1402,1,8,,,,,,,
𗀘,U+17018,,1.025.1,1041/00,K4190,L0070,L0070,S1138,001-084,1664,18B18,Ⅲ,162,1,17B58,Ⅲ,154,1,1110,1.40.142,31,1,30,24,1,𗠰,𘞗,,1.14.1501,21,3,,,,,,,
𗀯,U+1702F,,1.038.2,1041/70,K5771,L0099,L0099,S1137,001-161,1665,18B21,Ⅲ,162,2,17B61,Ⅲ,154,2,1111,1.40.151,31,1,30,24,2,𗠰,𘞗,,1.14.1502,21,4,,,,,,,
𗀮,U+1702E,,1.038.1,1041/40,K4191,L0091,L0091,S1140,001-163,1666,18B22,Ⅲ,163,1,17B62,Ⅲ,155,1,3762,,44,2,38,,,,,,2.11.1402,10,1,,,,,,,
𗀬,U+1702C,,1.037.1,1044/00,K3341,L0117,L0117,S1139,,1667,18B23,Ⅲ,163,2,17B63,Ⅲ,155,2,3763,,44,2,38,,,,,,2.11.1403,10,2,,,,,,,
𗀨,U+17028,,1.035.1,1021/24,K4042,L0018,L0018,S0003,001-132,1668,18B24,Ⅲ,164,1,17B64,Ⅲ,156,1,2792,,3,2,3,,,,,,2.03.2105,8,2,,,,,,,
𗀭,U+1702D,,1.037.2,1024/20,K3336,L0048,L0048,S0002,001-162,1669,18B25,Ⅲ,164,2,17B65,Ⅲ,156,2,2793,,3,2,3,,,,,,2.03.2106,8,3,,,,,,,
𗁌,U+1704C,,1.058.2,2401/40,K4101,L2710,L2710,S1541,,1670,18B26,Ⅲ,165,1,17B66,Ⅲ,157,1,4711,,99,2,84,,,,,,2.17.2502,1,7,,,,,,,
𗦄,U+17984,,4.265.1,2844/70,K3283,L3710,L3710,S3768,204-07n,1671,18B27,Ⅲ,165,2,17B68,Ⅲ,157,3,4712,,99,2,84,,,,,,2.17.2503,1,8,,,,,,,
𗍴,U+17374,,2.070.1,4525/40,K0356,L4055,L4055,S0596,100-141,1672,18B28,Ⅲ,165,3,17B67,Ⅲ,157,2,4713,,99,2,84,,,,,,2.17.2504,1,9,,,,,,,
𗖾,U+175BE,,2.525.3,1171/00,K0011,L0430,L0430,S4587,,1673,18B31,Ⅲ,166,1,17B71,Ⅲ,158,1,2147,1.74.212,71,1,68,4,1,𗮐,𗨹,,1.24.1203,2,3,,,,,,,
𘁸,U+18078,,6.161.1,8175/25,K1140,L5254,L5254,S2147,,1674,18B32,Ⅲ,166,2,17B72,Ⅲ,158,2,2148,1.74.221,71,1,68,4,2,𗮐,𗨹,,1.24.1204,2,4,,,,,,,
𘜱,U+18731,,8.452.2,5941/44,K5208,L4468,L4468,S0929,017d-071,1675,18B33,Ⅲ,167,1,17B73,Ⅲ,159,1,4327,,72,2,61,,,,,,2.14.2707,12,1,,,,,,,
𗱄,U+17C44,,3.580.2,1451/40,K4168,L0828,L0828,S4806,058-081,1676,18B34,Ⅲ,167,2,17B74,Ⅲ,159,2,4328,,72,2,61,,,,,,2.14.2708,12,2,,,,,,,
𗱋,U+17C4B,,3.587.1,1951/27,K5578,L1878,L1878,S4807,058-102,1677,18B35,Ⅲ,167,3,17B76,Ⅲ,159,4,4329,,72,2,61,,,,,,2.14.2709,12,3,,,,,,,
𘞭,U+187AD,,8.550.1,8824/42,K2111,L5717,L5717,S2504,,1678,18B36,Ⅲ,168,1,17B77,Ⅲ,160,1,2459,1.86.161,87,1,82,9,2,𗠇,𗭥,平,1.27.1805,7,2,,,,,,,
𗨿,U+17A3F,,4.434.1,2742/22,K0270,L3218,L3218,S3361,,1679,18B37,Ⅲ,168,2,17B78,Ⅲ,160,2,2460,1.86.162,87,1,82,9,3,𗠇,𗭥,平,1.27.1806,7,3,,,,,,,
𘅚,U+1815A,,6.365.1,1544/00,K3060,L0874,L0874,S4721,,1680,18B38,Ⅲ,169,1,18A13,Ⅲ,162,1,1431,1.50.241,41,1,40,1,2,𗩚,𗣫,,1.17.1403,1,2,,,,,,,
𘅺,U+1817A,,6.401.2,1244/44,K1086,L0600,L0600,S4722,,1681,18B41,Ⅲ,169,2,18A14,Ⅲ,162,2,1432,1.50.242,41,1,40,1,3,𗩚,𗣫,,1.17.1404,1,3,,,,,,,
𘁳,U+18073,,6.159.2,8922/24,K1422,L5783,L5783,S1911,106-092,1682,18B42,Ⅲ,170,1,18A21,Ⅲ,165,1,3817,,48,2,41,,,,,,2.11.2204,2,1,,,,,,,
𗱾,U+17C7E,,3.625.1,1751/50,K4786,L1433,L1433,S4888,,1683,18B43,Ⅲ,170,2,18A17,Ⅲ,164,1,3818,,48,2,41,,,,,,2.11.2205,2,2,,,,,,,
𗲑,U+17C91,,3.636.1,1759/50,K0701,L1450,L1450,S4889,,1684,18B44,Ⅲ,170,3,18A18,Ⅲ,164,2,3819,,48,2,41,,,,,,2.11.2206,2,3,,,,,,,
𗱯,U+17C6F,,3.610.1,1740/00,K5750,L1157,L1157,S4953,,1685,18B45,Ⅲ,170,4,18A22,Ⅲ,165,2,3820,,48,2,41,,,,,,2.11.2207,2,4,,,,,,,
𗃻,U+170FB,,1.179.4,2871/41,K5551,L3734,L3734,S4088,180-112,1686,18B46,Ⅲ,171,1,18A23,Ⅲ,166,1,,,72,2,61,,,,,,,,,,,,,,,
𗃾,U+170FE,,1.181.1,2871/40,K5204,L3733,L3733,S4089,,1687,18B47,Ⅲ,171,2,18A24,Ⅲ,166,2,,,72,2,61,,,,,,,,,,,,,,,
𗼗,U+17F17,,5.374.1,2782/20,K0268,L3433,L3433,S3341,205-065,1688,18B48,Ⅲ,172,1,18A27,Ⅲ,168,1,1482,1.52.142,43,1,42,9,1,𘟣,𘙉,,1.17.2303,7,1,,,,,,,
𗧚,U+179DA,,4.615.1,2740/00,K5573,L3270,L3270,S3875,,1689,18B51,Ⅲ,172,2,18A28,Ⅲ,168,2,1483,1.52.151,43,1,42,9,2,𘟣,𘙉,,1.17.2304,7,2,,,,,,,
𗨔,U+17A14,,4.405.2,2141/27,K5646,L2123,L2123,S3649,204-09y,1690,18B52,Ⅲ,173,1,18A31,Ⅲ,169,1,1503,1.52.271,44,1,43,3,1,𗄪,𘈩,,1.17.2601,3,1,,,,,,,
𗫅,U+17AC5,,4.535.3,2841/27,K5627,L3588,L3588,S3655,204-12l,1691,18B53,Ⅲ,173,2,18A32,Ⅲ,169,2,1504,1.52.272,44,1,43,3,2,𗄪,𘈩,,1.17.2602,3,2,,,,,,,
𗔰,U+17530,,2.391.1,8024/42,K2622,L4834,L4834,S2040,007-145,1692,18B54,Ⅲ,174,1,18A33,Ⅲ,170,1,4104,,62,2,52,,,,,,2.13.1709,6,1,,,,,,,
𗔐,U+17510,,2.371.2,8022/42,K0835,L4785,L4785,S2041,,1693,18B55,Ⅲ,174,2,18A34,Ⅲ,170,2,4105,,62,2,52,,,,,,2.13.1710,6,2,,,,,,,
𗌉,U+17309,,1.668.3,2220/22,K0491,L2399,L2399,S4172,181-112,1694,18B56,Ⅲ,175,1,18A36,Ⅲ,171,2,2270,1.79.131,77,1,73,1,1,𗭷,𗯿,,1.25.1505,1,1,,,,,,,
𗋞,U+172DE,,1.632.2,2324/20,K3291,L2587,L2587,S4235,181-098,1695,18B57,Ⅲ,175,2,18A35,Ⅲ,171,1,2271,1.79.132,77,1,73,1,2,𗭷,𗯿,,,,,,,,,,,
𘉎,U+1824E,,7.073.1,7822/42,K0538,L4640,L4640,S1640,,1696,18B58,Ⅲ,176,1,18A38,Ⅲ,172,2,3153,,17,2,14,,,,,,2.06.2104,10,1,,,,,,,
𘉔,U+18254,,7.081.2,7729/42,K0661,L4626,L4626,S1645,,1697,18B61,Ⅲ,176,2,18A37,Ⅲ,172,1,3154,,17,2,14,,,,,,2.06.2105,10,2,,,,,,,
𘉚,U+1825A,,7.083.4,7922/42,K1018,L4641,L4641,S1635,,1698,18B62,Ⅲ,176,3,18A41,Ⅲ,172,3,3155,,17,2,14,,,,,,2.06.2106,10,3,,,,,,,
𘒆,U+18486,,7.496.3,1724/00,K2117,L1061,L1061,S5157,019-062,1699,18B63,Ⅲ,177,1,18A42,Ⅲ,173,1,1215,1.43.243,34,1,33,8,1,𗣔,𗓭,,1.15.1501,6,1,,,,,,,
𘒔,U+18494,,7.521.3,1741/00,K4635,L1167,L1167,S5158,,1700,18B64,Ⅲ,177,2,18A43,Ⅲ,173,2,1216,1.43.251,34,1,33,8,2,𗣔,𗓭,,1.15.1502,6,2,,,,,,,
𗩱,U+17A71,,4.466.2,2341/40,K4488,L2620,L2620,S3838,204-10i,1701,18B65,Ⅲ,178,1,18A44,Ⅲ,174,1,3037,,11,2,10,,,,,,2.05.1701,14,1,,,,,,,
𗠞,U+1781E,,3.262.2,7324/42,K2178,L4572,L4572,S0493,255-06c,1702,18B66,Ⅲ,178,2,18A47,Ⅲ,174,4,3038,,11,2,10,,,,,,2.05.1702,14,2,,,,,,,
𗫌,U+17ACC,,4.541.1,2541/25,K4772,L2862,L2862,S3682,204-129,1703,18B67,Ⅲ,179,1,18A48,Ⅲ,175,1,371,1.17.111,11,1,11,8,2,𗙽,𗝠,,1.08.1602,7,2,,,,,,,
𗕒,U+17552,,2.430.1,1724/22,K3574,L1089,L1089,S4335,,1704,18B68,Ⅲ,179,2,18A51,Ⅲ,175,2,372,1.17.121,11,1,11,8,3,𗙽,𗝠,,1.08.1603,7,3,,,,,,,
𗾧,U+17FA7,,6.030.3,2744/00,K3320,L3296,L3296,S5745,,1705,18B71,Ⅲ,180,1,18A54,Ⅲ,176,3,3231,,21,2,18,,,,,,2.07.1406,2,3,,,,,,,
𗾪,U+17FAA,,6.031.1,2245/70,K0479,L2519,L2519,S5732,211-06a,1706,18B72,Ⅲ,180,2,18A53,Ⅲ,176,2,3232,,21,2,18,,,,,,2.07.1407,2,4,,,,,,,
𗅔,U+17154,,1.333.1,2102/22,K1338,L1943,L1943,S1348,041-08c,1707,18B73,Ⅲ,180,3,18A52,Ⅲ,176,1,3233,,21,2,18,,,,,,2.07.1408,2,5,,,,,,,
𘅞,U+1815E,,6.367.1,1741/40,K4608,L1204,L1204,S4760,230-084,1708,18B74,Ⅲ,181,1,18A56,Ⅲ,177,2,4412,,79,2,68,,,,,,2.15.2209,1,11,,,,,,,
𘅹,U+18179,,6.401.1,1544/42,K0284,L0877,L0877,S4709,230-131,1709,18B75,Ⅲ,181,2,18A61,Ⅲ,177,5,4413,,79,2,68,,,,,,2.15.2210,1,12,,,,,,,
𘅷,U+18177,,6.400.3,1542/44,K1879,L0873,L0873,S4754,230-132,1710,18B76,Ⅲ,181,3,18A55,Ⅲ,177,1,4414,,79,2,68,,,,,,2.15.2211,1,13,,,,,,,
𘕾,U+1857E,,8.154.4,9171/42,K5420,L5851,L5851,S1683,165-051,1711,18B77,Ⅲ,181,4,18A62,Ⅲ,177,6,4415,,79,2,68,,,,,,2.15.2212,1,14,,,,,,,
𗶢,U+17DA2,,3.669.3,1710/00,K0039,L0908,L0908,S5291,,1712,18B78,Ⅲ,181,5,18A63,Ⅲ,177,7,4416,,79,2,68,,,,,,2.15.2301,1,15,,,,,,,
𘄸,U+18138,,6.325.1,1842/20,K0565,L1708,L1708,S4741,,1713,19A11,Ⅲ,181,6,18A57,Ⅲ,177,3,,,79,2,68,,,,,,,,,,,,,,,
𘅘,U+18158,,6.364.1,1745/74,K1511,L1419,L1419,S4774,,1714,19A12,Ⅲ,181,7,18A58,Ⅲ,177,4,,,79,2,68,,,,,,,,,,,,,,,
𗦣,U+179A3,,4.296.1,2141/21,K5537,L2083,L2083,S3482,204-08zg,1715,19A13,Ⅲ,182,1,18A45,Ⅲ,174,2,423,1.18.232,11,1,11,19,7,𗸴,𘌛,,1.08.2601,18,8,,,,,,,
𗖄,U+17584,,2.468.2,1270/80,K0175,L0619,L0619,S4637,,1716,19A14,Ⅲ,182,2,18A46,Ⅲ,174,3,424,1.18.241,11,1,11,19,8,𗸴,𘌛,,1.08.2602,18,9,,,,,,,
𗌹,U+17339,,2.008.1,1244/20,K3098,L0558,L0558,S0625,098-064,1717,19A15,Ⅲ,183,1,18A64,Ⅲ,178,1,2277,1.79.171,79,1,74,1,3,𗨉,𘜪,,1.25.1605,1,3,,,,,,,
𗌶,U+17336,,2.006.1,1441/20,K0459,L0784,L0784,S0629,,1718,19A16,Ⅲ,183,2,18A65,Ⅲ,178,2,,,79,1,74,,,,,,,,,,,,,,,
𗹚,U+17E5A,,1.039.2,1274/40,K2879,L0631,L0631,S1093,,1719,19A17,Ⅲ,183,3,18A66,Ⅲ,178,3,2278,1.79.211,79,1,74,1,4,𗨉,𘜪,,1.25.1606,1,4,,,,,,,
𗔕,U+17515,,2.374.1,8022/42,K0964,L4783,L4783,S1867,008-121,1720,19A18,Ⅲ,184,1,18A67,Ⅲ,179,1,4493,,84,2,72,,,,,,2.16.1305,1,1,,,,,,,
𗟫,U+177EB,,3.225.3,1141/42,K3861,L0306,L0306,S0306,112-081,1721,19A21,Ⅲ,184,2,18A68,Ⅲ,179,2,4494,,84,2,72,,,,,,2.16.1306,1,2,,,,,,,
𗪜,U+17A9C,,4.509.1,2244/22,K2788,L2479,L2479,S3579,,1722,19A22,Ⅲ,185,1,18A71,Ⅲ,180,1,2630,1.92.271,103,1,95,1,1,𗐱,𗓜,,1.29.1604,1,1,,,,,,,
𗌜,U+1731C,,1.675.3,2724/22,K3417,L3052,L3052,S4298,181-131,1723,19A23,Ⅲ,185,2,18A72,Ⅲ,180,2,2631,1.93.111,103,1,95,1,2,𗐱,𗓜,,1.29.1701,1,2,,,,,,,
𗥐,U+17950,,4.199.1,2341/22,K4478,L2611,L2611,S3551,,1724,19A24,Ⅲ,185,3,18A73,Ⅲ,180,3,2632,1.93.112,103,1,95,1,3,𗐱,𗓜,,1.29.1702,1,3,,,,,,,
𗫀,U+17AC0,,4.534.1,2742/22,K0929,L3221,L3221,S3581,,1725,19A25,Ⅲ,185,4,18A74,Ⅲ,180,4,2634,,103,1,95,,,,,,1.29.1703,1,4,,,,,,,
𘎤,U+183A4,,7.321.1,8240/20,K0490,L5300,L5300,S2704,236-021,1726,19A26,Ⅲ,186,1,18A75,Ⅲ,181,1,1032,1.37.272,31,1,30,5,2,𗅥,𘙌,,1.13.2108,5,1,,,,,,,
𘏏,U+183CF,,7.361.2,8244/00,K3109,L5317,L5317,S2762,,1727,19A27,Ⅲ,186,2,18A76,Ⅲ,181,2,,,31,1,30,,,,,,,,,,,,,,,
𗟙,U+177D9,,3.297.1,7750/00,K0024,L4633,L4633,S0554,017b-081,1728,19A28,Ⅲ,187,1,18B11,Ⅲ,183,1,2493,1.87.232,90,1,84,4,2,𗪃,𘓷,,1.27.2504,3,2,,,,,,,
𘚤,U+186A4,,3.299.1,7952/20,K0886,L4671,L4671,S0565,,1729,19A31,Ⅲ,187,2,18B12,Ⅲ,183,2,,,90,1,84,,,,,,,,,,,,,,,
𗷼,U+17DFC,,5.181.1,1254/52,K2693,L0616,L0616,S0331,123-062,1730,19A32,Ⅲ,188,1,18B13,Ⅲ,184,1,,,?,0,?,,,,,,,,,,,,,,,
𗸄,U+17E04,,5.187.1,1854/52,K2453,L1804,L1804,S0332,,1731,19A33,Ⅲ,188,2,18B14,Ⅲ,184,2,,,?,0,?,,,,,,,,,,,,,,,
𘐂,U+18402,,7.407.1,8141/40,K5262,L5192,L5192,S2647,236-077,1732,19A34,Ⅲ,189,1,18B15,Ⅲ,185,1,,,72,2,61,,,,,,,,,,,,,,,
𘎷,U+183B7,,7.345.1,8342/40,K1810,L5384,L5384,S2750,236-052,1733,19A35,Ⅲ,189,2,18B18,Ⅲ,185,4,,,72,2,61,,,,,,,,,,,,,,,
𗯮,U+17BEE,,3.493.2,8742/22,K0956,L5625,L5625,S2834,194-041,1734,19A36,Ⅲ,190,1,18B22,Ⅲ,186,2,207,1.11.211,5,1,5,5,2,𘑵,𗑾,,1.06.2203,5,2,,,,,,,
𗰀,U+17C00,,3.512.1,8244/25,K2682,L5332,L5332,S2817,194-083,1735,19A37,Ⅲ,190,2,18B21,Ⅲ,186,1,,,5,1,5,,,,,,,,,,,,,,,
𘃔,U+180D4,,6.229.4,8844/20,K3167,L5756,L5756,S2624,235-072,1736,19A38,Ⅲ,191,1,18B23,Ⅲ,187,1,1170,1.42.151,33,1,32,8,4,𘃥,𘞄,,1.14.2508,8,4,,,,,,,
𘃗,U+180D7,,6.230.2,8745/50,K1203,L5681,L5681,S2632,,1737,19A41,Ⅲ,191,2,18B24,Ⅲ,187,2,,,33,1,32,,,,,,,,,,,,,,,
𘖦,U+185A6,,8.190.3,8041/20,K5020,L4891,L4891,S2598,028-071,1738,19A42,Ⅲ,192,1,18B55,Ⅲ,D,13,4205,,66,2,56,,,,,,2.14.1303,3,1,,,,,,,
𘎜,U+1839C,,7.317.1,8141/44,K4259,L5204,L5204,S2454,,1739,19A43,Ⅲ,192,2,18B65,Ⅲ,D,21,4206,,66,2,56,,,,,,2.14.1304,3,2,,,,,,,
𘉛,U+1825B,,7.083.5,7524/44,K1093,L4588,L4588,S1634,259-091,1740,19A61,Ⅲ,D,1,18B41,Ⅲ,D,1,838,1.31.261,25,1,24,9,2,𗪚,𗹎,,1.12.1203,5,7,,,,,,,
𘞜,U+1879C,,8.538.3,1814/50,K3185,L1583,L1583,S0393,306-091,1741,19A62,Ⅲ,D,2,18B42,Ⅲ,D,2,3274,,25,2,22,,,,,,2.07.2208,2,4,,,,,,,
𘊽,U+182BD,,7.157.2,3722/42,K0855,L3955,L3955,S2961,246-082,1742,19A63,Ⅲ,D,3,18B43,Ⅲ,D,3,3088,,15,2,13,,,,,,2.05.2702,1,1,,,,,,,
𗌔,U+17314,,1.672.1,2822/74,K1443,L3537,L3537,S4205,181-125,1743,19A64,Ⅲ,D,4,18B44,Ⅲ,D,4,3273,,25,2,22,,,,,,2.07.2207,2,3,,,,,,,
𗑆,U+17446,,2.225.3,8024/22,K1925,L4819,L4819,S1847,,1744,19A65,Ⅲ,D,5,18B45,Ⅲ,D,5,1167,1.42.141,33,1,32,8,1,𗖤,𘆖,,1.14.2505,8,1,,,,,,,
𘂓,U+18093,,6.178.3,9270/48,K0166,L5877,L5877,S1750,,1745,19A66,Ⅲ,D,6,18B46,Ⅲ,D,6,869,1.32.261,27,1,26,2,11,𗆕,𘓾,,1.12.1504,2,11,,,,,,,
𗻚,U+17EDA,,5.330.4,2844/42,K3567,L3700,L3700,S3224,,1746,19A67,Ⅲ,D,7,18B47,Ⅲ,D,7,4355,,74,2,63,,,,,,2.15.1304,1,2,,,,,,,
𘚻,U+186BB,,8.362.4,7744/00,K3349,L4630,L4630,S1629,,1747,19A68,Ⅲ,D,8,18B48,Ⅲ,D,8,2908,,8,2,7,,,,,,2.04.1603,9,6,,,,,,,
𗶨,U+17DA8,,5.392.1,2710/00,K0064,L2995,L2995,S3340,319-102,1748,19A71,Ⅲ,D,9,18B51,Ⅲ,D,9,2391,1.83.261,85,1,80,1,4,𗩚,𗴐,,1.26.2404,1,4,,,,,,,
𗞞,U+1779E,,3.191.1,5044/14,K3024,L4342,L4342,S0693,017-136,1749,19A72,Ⅲ,D,10,18B52,Ⅲ,D,10,3201,,20,2,17,,,,,,2.07.1102,2,4,,,,,,,
𘒺,U+184BA,,7.588.2,1121/50,K4735,L0187,L0187,S5438,052-091,1750,19A73,Ⅲ,D,11,18B53,Ⅲ,D,11,4532,,85,2,73,,,,,,2.16.1702,2,3,,,,,,,
𘛍,U+186CD,,8.380.1,8020/00,K0262,L4674,L4674,S1814,007-052,1751,19A74,Ⅲ,D,12,18B54,Ⅲ,D,12,56,1.06.251,1,1,1,14,2,𗫌,𗟳,,1.05.1303,15,2,,,,,,,
𘎞,U+1839E,,7.317.3,8841/40,K0095,L5731,L5731,S2461,152-091,1752,19A75,Ⅲ,D,13,18B56,Ⅲ,D,14,2005,1.69.172,66,1,63,4,1,𘀼,𘟫,,1.22.1708,2,9,,,,,,,
𗽫,U+17F6B,,5.454.2,2441/24,K3925,L2765,L2765,S4032,210-096,1753,19A76,Ⅲ,D,14,18B57,Ⅲ,D,15,1371,1.48.243,37,1,36,9,1,𗦣,𘒻,,1.16.2303,16,1,,,,,,,
𗱻,U+17C7B,,3.623.1,1721/24,K4055,L0948,L0948,S4854,026-093,1754,19A77,Ⅲ,D,15,18B58,Ⅲ,D,16,626,1.25.121,17,1,17,26,1,𗦣,𘐆,,1.10.2301,23,1,,,,,,,
𗊉,U+17289,,1.566.1,2725/20,K1316,L3073,L3073,S4203,181-054,1755,19A78,Ⅲ,D,16,18B61,Ⅲ,D,17,2266,1.79.111,75,1,72,3,3,𗀟,𗦩,,1.25.1407,1,12,,,,,,,
𗵳,U+17D73,,5.080.1,1024/42,K2621,L0053,L0053,S0219,018-142,1756,19B11,Ⅲ,D,17,18B62,Ⅲ,D,18,4370,,75,2,64,,,,,,2.15.1502,4,1,,,,,,,
𗸤,U+17E24,,5.201.1,1725/45,K0610,L1134,L1134,S0588,,1757,19B12,Ⅲ,D,18,18B63,Ⅲ,D,19,479,1.20.211,15,1,15,1,3,𗣔,𗼾,,1.09.1608,1,3,,,,,,,
𗸣,U+17E23,,5.200.3,1321/40,K4579,L0644,L0644,S0587,,1758,19B13,Ⅲ,D,19,18B64,Ⅲ,D,20,896,1.33.252,28,1,27,7,1,𗣔,𘈟,,1.12.1802,3,9,,,,,,,
𘒲,U+184B2,,7.561.4,5844/20,K3259,L5978,L5978,S5322,,1759,19B14,Ⅲ,D,20,18B66,Ⅲ,D,22,2482,1.87.151,90,1,84,2,4,𗣔,𗂶,,1.27.2308,1,6,,,,,,,
𗽍,U+17F4D,,5.438.2,2441/25,K3939,L2799,?,S3982,,1760,19B15,Ⅲ,D,21,18B67,Ⅲ,D,23,1138,1.41.141,32,1,31,7,2,𘃠,𗛮,,1.14.2108,6,2,,,,,,,
𘊢,U+182A2,,7.138.1,2224/00,K2646,L2409,L2409,S5766,251-041,1761,19B16,Ⅲ,D,22,18B68,Ⅲ,D,24,3924,,53,2,44,,,,,,2.12.1505,6,1,,,,,,,
𗡢,U+17862,,3.303.1,1344/20,K2166,L0702,L0702,S1186,219-061,1762,19B17,Ⅲ,D,23,18B71,Ⅲ,D,25,1704,1.59.152,55,1,53,2,8,𘅇,𗤓,,1.19.2405,2,8,,,,,,,
𗼾,U+17F3E,,5.427.1,2745/50,K0605,L3382,L3382,S4033,210-051,1763,19B18,Ⅲ,D,24,18B72,Ⅲ,D,26,480,1.20.212,15,1,15,1,4,𗅉,𗺀,,1.09.1609,1,4,,,,,,,
𗄻,U+1713B,,1.217.4,2401/22,K3825,L2699,L2699,S1420,041-066,1764,19B21,Ⅲ,D,25,18B73,Ⅲ,D,27,928,1.34.243,28,1,27,15,1,𗄪,𘁘,,1.12.2308,9,1,,,,,,,
𗅶,U+17176,,1.363.1,2304/22,K3290,L2565,L2565,S1422,041-09c,1765,19B22,Ⅲ,D,26,18B74,Ⅲ,D,28,2158,1.74.271,71,1,68,7,1,𗠃,𗻲,,1.24.1308,4,5,,,,,,,
𗄴,U+17134,,1.214.1,2804/20,K2977,L3488,L3488,S1402,,1766,19B23,Ⅲ,D,27,18B75,Ⅲ,D,29,3058,,12,2,11,,,,,,2.05.2209,4,1,,,,,,,
𘀼,U+1803C,,6.132.2,3244/22,K2759,L3898,L3898,S3051,233-091,1767,19B24,Ⅲ,D,28,18B76,Ⅲ,D,30,2069,1.71.241,68,1,65,3,2,𘊷,𗾋,,1.23.1206,2,2,,,,,,,
𘊷,U+182B7,,7.153.1,3124/42,K3590,L3864,L3864,S2953,246-051,1768,19B25,Ⅲ,D,29,18B77,Ⅲ,D,31,1823,1.63.151,61,1,58,2,2,𗀟,𗡞,,1.20.2504,2,2,,,,,,,
𗡊,U+1784A,,3.298.2,7124/00,K2248,L4540,L4540,S0492,255-106,1769,19B26,Ⅲ,D,30,18B78,Ⅲ,D,32,,,?,0,?,,,,,,,,,,,,,,,
𗭣,U+17B63,,3.419.1,3724/21,K3005,L3961,L3961,S2998,105-171,1770,19B27,Ⅲ,D,31,19A11,Ⅲ,D,33,1639,1.57.122,51,1,49,14,1,𗠰,𘊟,平,1.19.1302,12,1,,,,,,,
𘝁,U+18741,,8.475.1,1341/00,K4578,L0673,L0673,S0417,,1771,19B28,Ⅲ,D,32,19A12,Ⅲ,D,34,3331,,28,2,25,,,,,,2.08.1111,2,31,,,,,,,
𗌡,U+17321,,1.677.1,2121/44,K4294,L2014,L2014,S4204,181-133,1772,19B31,Ⅲ,D,33,19A13,Ⅲ,D,35,817,1.31.133,25,1,24,4,1,𗪃,𗱞,,1.11.2701,2,1,,,,,,,
𗌃,U+17303,,1.666.4,2121/42,K4275,L2012,L2012,S4171,181-114,1773,19B32,Ⅲ,D,34,19A14,Ⅲ,D,36,2635,1.93.131,104,1,96,1,1,𗷌,𘔘,,1.29.1705,1,1,,,,,,,
𗂢,U+170A2,,1.112.1,2304/40,K2215,L2566,L2566,S1558,,1774,19B33,Ⅲ,D,35,19A15,Ⅲ,D,37,2068,1.71.232,68,1,65,3,1,𗚽,𗟞,,1.23.1205,2,1,,,,,,,
𗯎,U+17BCE,,3.472.2,8721/70,K5654,L5518,L5518,S2311,269-121,1775,19B34,Ⅲ,D,36,19A16,Ⅲ,D,38,2204,1.76.232,72,1,69,10,3,𗡞,𘚽,,1.24.2304,10,3,,,,,,,
𘙜,U+1865C,,8.310.2,1941/27,K5633,L1854,L1854,S5022,297-092,1776,19B35,Ⅲ,D,37,19A17,Ⅲ,D,39,2150,1.74.232,71,1,68,5,2,𗷼,𘐗,,1.24.1206,3,2,,,,,,,
𗖕,U+17595,,2.483.1,1274/20,K3629,L0626,L0626,S4634,182-063,1777,19B36,Ⅲ,D,38,19A18,Ⅲ,D,40,4200,,66,2,56,,,,,,2.14.1210,2,2,,,,,,,
𘄹,U+18139,,6.325.2,1744/00,K2374,L1317,L1317,S4766,,1778,19B37,Ⅲ,D,39,19A21,Ⅲ,D,41,491,1.20.261,15,1,15,3,1,𗣔,𗲾,,1.09.2102,2,2,,,,,,,
𗡵,U+17875,,3.320.1,1744/00,K3346,L1316,L1316,S1173,,1779,19B38,Ⅲ,D,40,19A23,Ⅲ,D,43,1413,1.50.132,40,1,39,5,1,𘛻,𗦤,,1.17.1107,4,3,,,,,,,
𗌕,U+17315,,1.672.2,2321/22,?,L3007A,?,S4213,,1780,19B41,Ⅲ,D,41,19A24,Ⅲ,D,44,4575,,87,2,74,,,,,,2.16.2403,4,3,,,,,,,
𗍫,U+1736B,,2.049.3,4121/50,K5330,L4027,L4027,S0590,100-062,1781,19B42,Ⅲ,D,42,19A25,Ⅲ,D,45,1172,1.42.161,33,1,32,8,6,𗷼,𗍋,,1.14.2602,8,6,,,,,,,
𘔋,U+1850B,,8.036.1,1844/00,K3196,L1739,L1739,S1223,,1782,19B43,Ⅲ,D,43,19A26,Ⅲ,D,46,2791,,3,2,3,,,,,,2.03.2104,8,1,,,,,,,
𗓦,U+174E6,,2.337.5,8042/20,K0895,L4922,L4922,S2111,007-115,1783,19B44,Ⅲ,D,44,19A27,Ⅲ,D,47,2825,,5,2,5,,,,,,2.03.2410,3,4,,,,,,,
𗛼,U+176FC,,3.096.3,5071/00,K4718,L4405,L4405,S1019,,1784,19B45,Ⅲ,D,45,19A28,Ⅲ,D,48,2492,1.87.231,90,1,84,4,1,𗣔,𘎦,,1.27.2503,3,1,,,,,,,
𗞩,U+177A9,,3.195.1,5044/20,K3309,L4353,L4353,S0776,017-135,1785,19B46,Ⅲ,D,46,19A31,Ⅲ,D,49,5050,,11,2,10,,,,,,3.05.1201,1,1,,,,,,,
𗂷,U+170B7,,1.135.3,2901/44,K5216,L3758,L3758,S1552,039-128,1786,19B47,Ⅲ,D,47,19A32,Ⅲ,D,50,2075,1.71.271,68,1,65,4,1,𗡞,𘙊,平,1.23.1304,3,1,,,,,,,
𗖖,U+17596,,2.483.2,1374/20,K2247,L0733,L0733,S4632,,1787,19B48,Ⅲ,D,48,19A33,Ⅲ,D,51,2199,1.76.211,72,1,69,9,2,𗀟,𗦪,,1.24.2207,9,2,,,,,,,
𗖤,U+175A4,,2.501.1,1875/50,K1198,L1831,L1831,S4621,182-077,1788,19B51,Ⅲ,D,49,19A34,Ⅲ,D,52,194,1.11.122,5,1,5,2,2,𗑆,𗽠,,1.06.1706,2,3,,,,,,,
𗚽,U+176BD,,3.070.2,5024/20,K2745,L4171,L4171,S0680,017-08f,1789,19B52,Ⅲ,D,50,19A35,Ⅲ,D,53,1822,1.63.143,61,1,58,2,1,𗿯,𗝹,,1.20.2503,2,1,,,,,,,
𗈉,U+17209,,1.458.2,1754/52,K2694,L1470,L1470,S4373,009-11a,1790,19B53,Ⅲ,D,51,19A36,Ⅲ,D,54,5051,,?,0,?,,,,,,3.05.1202,1,2,,,,,,,
𘏺,U+183FA,,7.402.1,8542/40,K1890,L5796,L5796,S2799,,1791,19B54,Ⅲ,D,52,19A38,Ⅲ,D,56,2390,1.83.252,85,1,80,1,3,𗣔,𗠖,,1.26.2403,1,3,,,,,,,
𘅀,U+18140,,6.341.1,1244/20,K3613,L0563,L0563,S4753,230-067,1792,19B55,Ⅲ,D,53,19A41,Ⅲ,D,57,,,17,0,?,,,,,,,,,,,,,,,
𘈧,U+18227,,7.023.2,1744/14,K2566,L1332,L1332,S0433,123B-061,1793,19B56,Ⅲ,D,54,19A42,Ⅲ,D,58,1383,1.49.132,38,1,37,1,4,𘒪,𗀸,,1.16.2407,1,4,,,,,,,
𗸸,U+17E38,,5.217.3,1144/22,K1988,L0369,L0369,S1067,,1794,19B57,Ⅲ,D,55,19A43,Ⅲ,D,59,223,1.12.121,7,1,7,2,5,𘑵,𘞩,,1.06.2407,2,5,,,,,,,
𗋑,U+172D1,,1.619.1,2421/52,K3948,L2738,L2738,S4274,181-084,1795,19B58,Ⅲ,D,56,19A45,Ⅲ,D,61,4182,,65,2,55,,,,,,2.14.1104,3,1,,,,,,,
𘑚,U+1845A,,7.472.2,1722/22,K1537,L1016,L1016,S4458,,1796,19B61,Ⅲ,D,57,19A46,Ⅲ,D,62,5052,,?,0,?,,,,,,3.05.1203,1,3,,,,,,,
𗒇,U+17487,,2.274.2,8042/20,K0934,L4925,L4925,S2026,,1797,19B62,Ⅲ,D,58,19A47,Ⅲ,D,63,1525,1.53.221,44,1,43,8,3,𗦣,𘔳,,1.18.1203,7,3,,,,,,,
𗀸,U+17038,,1.043.2,2802/20,K0779,L3472,L3472,S1508,039-055,1798,19B63,Ⅲ,D,59,19A48,Ⅲ,D,64,1382,1.49.131,38,1,37,1,3,𗯮,𘈧,,1.16.2406,1,3,,,,,,,
𗤓,U+17913,,4.120.1,2742/24,K3657,L3228,L3228,S3565,204-06b,1799,19B64,Ⅲ,D,60,19A52,Ⅲ,D,66,1705,1.59.161,55,1,53,2,9,𗠰,𗡢,,1.19.2406,2,9,,,,,,,
𗒟,U+1749F,,2.291.1,8044/40,K3232,L4992,L4992,S1786,,1800,19B65,Ⅲ,D,61,19A53,Ⅲ,D,67,3925,,53,2,44,,,,,,2.12.1506,6,2,,,,,,,
𗧬,U+179EC,,4.374.1,2244/22,K2803,L2477,L2477,S3405,204-09h,1801,19B66,Ⅲ,D,62,19A54,Ⅲ,D,68,4338,,73,2,62,,,,,,2.15.1107,1,1,,,,,,,
𗫏,U+17ACF,,4.549.1,2745/22,K0365,L3368,L3368,S3794,204-122,1802,19B67,Ⅲ,D,63,19A55,Ⅲ,D,69,2133,1.74.112,70,1,67,11,3,𗮐,𗜦,,1.23.2607,8,3,,,,,,,
𗋔,U+172D4,,1.621.2,2724/22,K2332,L3051,L3051,S4309,181-086,1803,19B68,Ⅲ,D,64,19A56,Ⅲ,D,70,412,1.18.153,11,1,11,18,1,𘇡,𗜠,,1.08.2405,17,1,,,,,,,
𘏶,U+183F6,,7.395.1,8841/40,K5200,L5728,L5728,S2739,236-06j,1804,19B71,Ⅲ,D,65,19A57,Ⅲ,D,71,1524,1.53.212,44,1,43,8,2,𘊯,𗮔,,1.18.1202,7,2,,,,,,,
𗁋,U+1704B,,1.058.1,2702/24,?,L2936,L2936,S1526,,1805,19B72,Ⅲ,D,66,19A58,Ⅲ,D,72,768,1.29.231,21,1,21,3,2,𗱲,𘄢,,,,,,,,,,,
𗕔,U+17554,,2.430.3,1724/25,K3955,L0959,L0959,S4334,010-081,1806,19B73,Ⅲ,D,67,19A61,Ⅲ,D,73,1189,1.42.271,34,1,33,1,3,𘇡,𘅊,,1.15.1104,1,3,,,,,,,
𗭷,U+17B77,,3.428.2,8121/44,K4515,L5095,L5095,S2140,,1807,19B74,Ⅲ,D,68,19A62,Ⅲ,D,74,2343,1.81.271,82,1,77,1,2,𗋞,𗿀,,1.26.1306,1,2,,,,,,,
𗛨,U+176E8,,3.087.1,5021/27,K4465,L4123,L4123,S0747,017-101,1808,19B75,Ⅲ,D,69,19A63,Ⅲ,D,75,4533,,85,2,73,,,,,,2.16.1703,2,4,,,,,,,
𗥖,U+17956,,4.212.1,2844/20,K3168,L3679,L3679,S3537,205-069,1809,19B76,Ⅲ,D,70,19A64,Ⅲ,D,76,1087,1.39.213,31,1,30,17,1,𘅇,𗯤,,1.14.1202,16,1,,,,,,,
𗕓,U+17553,,2.430.2,1742/21,K1286,L1244,L1244,S4420,010-082,1810,19B77,Ⅲ,D,71,19A65,Ⅲ,D,77,4286,,70,2,60,,,,,,2.14.2311,8,2,,,,,,,
𗸾,U+17E3E,,5.221.2,1324/20,K2194,L0656,L0656,S1106,,1811,19B78,Ⅲ,D,72,19A67,Ⅲ,D,79,,,70,2,60,,,,,,,,,,,,,,,
𘒕,U+18495,,7.522.1,1772/40,K1628,L1503,L1503,S5169,019-121,1812,20A11,Ⅲ,D,73,19A66,Ⅲ,D,78,3938,,54,2,45,,,,,,2.12.1608,2,1,,,,,,,
𘚋,U+1868B,,1.200.1,1244/00,K2918,L0549,L0549,S0068,228-041,1813,20A12,Ⅲ,D,74,19A68,Ⅲ,D,80,2245,1.78.132,57,2,48,1,4,𗀟,𗶪,,1.25.1105,1,4,,,,,,,
𗘮,U+1762E,,2.594.2,1781/24,K4034,L1545,L1545,S5093,034-101,1814,20A13,Ⅲ,D,75,19A71,Ⅲ,D,81,2487,1.87.172,90,1,84,3,3,𘈨,𘒲,,1.27.2405,2,3,,,,,,,
𘞍,U+1878D,,8.530.1,1411/00,K3714,L0739,L0739,S4973,,1815,20A14,Ⅲ,D,76,19A72,Ⅲ,D,82,2551,1.89.261,93,1,87,1,1,𘐏,𘕡,,1.28.1602,1,1,,,,,,,
𗗜,U+175DC,,2.544.2,1224/25,K2681,L0509,L0509,S5264,049-081,1816,20A15,Ⅲ,D,77,19A73,Ⅲ,D,83,4706,,98,2,83,,,,,,2.17.2405,1,2,,,,,,,
𗗶,U+175F6,,2.567.3,1841/00,K4680,L1666,L1666,S5351,218-061,1817,20A16,Ⅲ,D,78,19A74,Ⅲ,D,84,,,28,0,?,,,,,,,,,,,,,,,
𗾋,U+17F8B,,6.007.5,2441/00,K0464,L2742,L2742,S5726,,1818,20A17,Ⅲ,D,79,19A75,Ⅲ,D,85,2064,1.71.212,68,1,65,2,2,𗡞,𗟞,,1.23.1201,1,5,,,,,,,
𗷌,U+17DCC,,5.130.2,6044/20,K2103,L4494,L4494,S1048,020-111,1819,20A18,Ⅲ,D,80,19A76,Ⅲ,D,86,251,1.13.112,8,1,8,3,1,𘎤,𗬃,,1.07.1105,3,1,,,,,,,
𘈨,U+18228,,7.026.1,1844/14,K3242,L1747,L1747,S0431,123B-071,1820,20A21,Ⅲ,D,81,19A77,Ⅲ,D,87,2313,1.80.253,80,1,75,5,2,𗘮,𘜭,,1.25.2506,3,12,,,,,,,
𗕛,U+1755B,,2.435.1,1745/50,K1160,L1413,L1413,S4383,,1821,20A22,Ⅲ,D,82,19A78,Ⅲ,D,88,1188,1.42.262,34,1,33,1,2,𗣔,𘏾,,1.15.1103,1,2,,,,,,,
𘊂,U+18282,,7.102.1,2121/44,K4417,L2015,L2015,S3186,243-071,1822,20A23,Ⅲ,D,83,19B11,Ⅲ,D,89,3225,,21,2,18,,,,,,2.07.1309,1,4,,,,,,,
𗹎,U+17E4E,,5.225.1,1294/00,K2721,L0637,L0637,S1147,051-042,1823,20A24,Ⅲ,D,84,19B12,Ⅲ,D,90,837,1.31.253,25,1,24,9,1,𗣔,𗑴,,1.12.1202,5,6,,,,,,,
𘊯,U+182AF,,7.142.1,3959/00,K0715,L4016,L4016,S2909,,1824,20A25,Ⅲ,D,85,19B13,Ⅲ,D,91,422,1.18.231,11,1,11,19,6,𘎤,𘇭,,1.08.2507,18,6,,,,,,,
𗞏,U+1778F,,3.181.1,5044/22,K2341,L4360,L4360,S0839,,1825,20A26,Ⅲ,D,86,19B14,Ⅲ,D,92,1832,1.63.222,61,1,58,3,1,𗍫,𗓎,,1.20.2606,4,1,,,,,,,
𗌬,U+1732C,,1.680.2,2724/42,K2401,L3066,L3066,S4208,,1826,20A27,Ⅲ,D,87,19B15,Ⅲ,D,93,4580,,89,2,75,,,,,,2.16.2409,2,3,,,,,,,
𗽨,U+17F68,,5.453.3,2742/20,K1017,L3203,L3203,S4044,,1827,20A28,Ⅲ,D,88,19B16,Ⅲ,D,94,3256,,23,2,20,,,,,,2.07.1705,5,2,,,,,,,
𘉢,U+18262,,7.088.1,2792/50,K1285,L3037,L3037,S3116,,1828,20A31,Ⅲ,D,89,19B17,Ⅲ,D,95,1972,1.68.152,64,1,61,15,1,𗆕,𘂭,,1.22.1303,12,1,,,,,,,
𗮇,U+17B87,,3.447.1,8122/22,K0503,L5115,L5115,S2268,,1829,20A32,Ⅲ,D,90,19B18,Ⅲ,D,96,2373,1.83.122,84,1,79,1,1,𘅅,𗧹,,1.26.2103,1,1,,,,,,,
𗙂,U+17642,,3.011.1,1722/24,K1743,L1027,L1027,S0103,102-077,1830,20A33,Ⅲ,D,91,19B21,Ⅲ,D,97,2552,1.89.271,93,1,87,1,2,𗋭,𘕡,,1.28.1603,1,2,,,,,,,
𗷰,U+17DF0,,5.171.3,1254/50,K2800,L0613,L0613,S0356,123-042,1831,20A34,Ⅲ,D,92,19B22,Ⅲ,D,98,5053,,?,2,?,,,,,,3.05.1204,1,4,,,,,,,
𘅪,U+1816A,,6.385.1,1244/72,?,L0603,L0603,S4740,230-096,1832,20A35,Ⅲ,D,93,19B23,Ⅲ,D,99,,,17,1,17,,,,,,,,,,,,,,,
𘙀,U+18640,,8.295.1,1344/00,K2159,L0697,L0697,S5030,297-064,1833,20A36,Ⅲ,D,94,19B24,Ⅲ,D,100,2467,1.86.232,88,1,83,2,1,𗑆,𗧵,,,,,,,,,,,
𘑵,U+18475,,7.487.4,1842/20,K0573,L1711,L1711,S4569,,1834,20A37,Ⅲ,D,95,19B25,Ⅲ,D,101,1168,1.42.142,33,1,32,8,2,𗸸,𗑆,,1.14.2506,8,2,,,,,,,
𗂻,U+170BB,,1.143.1,2105/45,K1271,L1983,L1983,S1572,,1835,20A38,Ⅲ,D,96,19B26,Ⅲ,D,102,1217,1.43.252,34,1,33,9,1,𗩚,𘏁,,1.15.1503,7,1,,,,,,,
𗷈,U+17DC8,,5.129.3,6041/20,K4935,L4483,L4483,S1047,020-107,1836,20A41,Ⅲ,D,97,19B27,Ⅲ,D,103,940,1.35.131,28,1,27,19,2,𗷌,𗷈,,1.12.2409,11,2,,,,,,,
𗸢,U+17E22,,5.200.2,1121/40,K4462,L0184,L0184,S0584,,1837,20A42,Ⅲ,D,98,19B28,Ⅲ,D,104,608,1.24.212,17,1,17,19,1,𗣔,𘎧,,1.10.2103,16,1,,,,,,,
𘃕,U+180D5,,6.230.1,8942/22,K0890,L5792,L5792,S2623,,1838,20A43,Ⅲ,D,99,19B31,Ⅲ,D,105,802,1.30.241,24,1,23,2,1,𘃔,𗖍,,1.11.2503,2,1,,,,,,,
𘊮,U+182AE,,7.141.4,3759/00,K0739,L3983,L3983,S2914,,1839,20A44,Ⅲ,D,100,19B32,Ⅲ,D,106,2453,1.86.131,87,1,82,7,2,𘊯,𗂋,,1.27.1707,5,13,,,,,,,
𘞲,U+187B2,,8.553.1,1714/00,K3004,L0910,L0910,S4783,,1840,20A45,Ⅲ,D,101,19B33,Ⅲ,D,107,1232,1.44.152,34,1,33,12,1,𘇡,𗑘,,1.15.1703,10,1,,,,,,,
𘛏,U+186CF,,8.381.2,8824/00,K3198,L5709,L5709,S1816,,1841,20A46,Ⅲ,D,102,19B35,Ⅲ,D,109,,,17,1,17,,,,,,,,,,,,,,,
𗬲,U+17B32,,3.388.2,2571/20,K4757,L2897,L2897,S5811,183-091,1842,20A47,Ⅲ,D,103,19B36,Ⅲ,D,110,,,23,2,20,,,,,,,,,,,,,,,
𘇈,U+181C8,,6.468.2,1521/52,K4754,L0848,L0848,S5215,080-092,1843,20A48,Ⅲ,D,104,19B37,Ⅲ,D,111,,,23,2,20,,,,,,,,,,,,,,,
𘗘,U+185D8,,8.219.2,8824/50,K2253,L5718,L5718,S2436,083-063,1844,20A51,Ⅲ,D,105,19B38,Ⅲ,D,112,,,87,1,82,,,,,,,,,,,,,,,
𘗔,U+185D4,,8.217.2,8824/50,K0424,L5719,L5719,S2435,083-053,1845,20A52,Ⅲ,D,106,19B41,Ⅲ,D,113,,,20,2,17,,,,,,,,,,,,,,,
𘗚,U+185DA,,8.220.1,8324/52,?,L5369,L5369,S2434,,1846,20A53,Ⅲ,D,107,,,,,,,36,2,32,,,,,,,,,,,,,,,
𘛎,U+186CE,,8.381.1,8124/21,K1324,L5135,L5135,S1815,,1847,20A54,Ⅲ,D,108,19B44,Ⅲ,D,116,,,44,1,43,,,,,,,,,,,,,,,
𘆪,U+181AA,,6.444.1,1824/50,K0423,L1652,L1652,S5216,080-059,1848,20A55,Ⅲ,D,109,19B45,Ⅲ,D,117,,,20,2,17,,,,,,,,,,,,,,,
𘆷,U+181B7,,6.453.1,1824/50,K2252,L1653,L1653,S5217,080-069,1849,20A56,Ⅲ,D,110,19B46,Ⅲ,D,118,,,87,1,82,,,,,,,,,,,,,,,
𗊎,U+1728E,,1.569.1,2321/20,K5050,L2577,L2577,S4236,181-058,1850,20A57,Ⅲ,D,111,19B48,Ⅲ,D,120,3965,,56,2,47,,,,,,2.12.2203,2,1,,,,,,,
𘛻,U+186FB,,8.404.1,8141/21,K5494,L5179,L5179,S2852,302-061,1851,20A58,Ⅲ,D,112,19B51,Ⅲ,D,121,462,1.19.271,14,1,14,6,2,𘃥,𘎘,,1.09.1404,6,2,,,,,,,
𗞙,U+17799,,3.186.3,5041/21,K5528,L4231,L4231,S0942,017-129,1852,20A61,Ⅲ,D,113,19B52,Ⅲ,D,122,1367,1.48.231,37,1,36,7,6,𘊯,𘒻,,1.16.2207,14,6,,,,,,,
𘕧,U+18567,,8.140.2,8151/54,K4549,L5250,L5250,S2170,147-081,1853,20A62,Ⅲ,D,114,19B53,Ⅲ,D,123,3235,,22,2,19,,,,,,2.07.1502,1,1,,,,,,,
𗢥,U+178A5,,3.363.1,2221/27,K5787,L2406,L2406,S3193,,1854,20A63,Ⅲ,D,115,19B54,Ⅲ,D,124,782,1.30.122,22,1,22,3,2,𘚾,𗥷,,1.11.2301,2,2,,,,,,,
𗬚,U+17B1A,,3.372.2,2742/24,K3653,L3226,L3226,S5640,202-063,1855,20A64,Ⅲ,D,116,19B55,Ⅲ,D,125,1171,1.42.152,33,1,32,8,5,𗷼,𗑆,,1.14.2601,8,5,,,,,,,
𗘻,U+1763B,,3.005.1,1725/22,K0317,L1124,L1124,S0097,102-054,1856,20A65,Ⅲ,D,117,19B56,Ⅲ,D,126,2265,1.78.271,75,1,72,3,2,𗿯,𘏹,,1.25.1406,1,11,,,,,,,
𘃓,U+180D3,,6.229.3,8345/00,K0292,L5403,L5403,S2628,235-062,1857,20A66,Ⅲ,D,118,19B61,Ⅲ,D,129,781,1.30.121,22,1,22,3,1,𘖬,𗥷,,1.11.2209,2,1,,,,,,,
𗹿,U+17E7F,,5.293.1,2504/50,K3059,L2834,L2834,S1288,135-071,1858,20A67,Ⅲ,D,119,19B62,Ⅲ,D,130,1190,1.42.272,34,1,33,1,4,𗩚,𘅊,,1.15.1105,1,4,,,,,,,
𗋏,U+172CF,,1.615.1,2722/42,K0957,L3035,L3035,S4231,181-092,1859,20A68,Ⅲ,D,120,19B63,Ⅲ,D,131,2688,,1,2,1,,,,,,2.02.2302,8,3,,,,,,,
𗠕,U+17815,,3.258.2,7824/40,K0439,L4649,L4649,S0504,255-057,1860,20A71,Ⅲ,D,121,19B64,Ⅲ,D,132,,,20,2,17,,,,,,,,,,,,,,,
𗠚,U+1781A,,3.260.1,7722/42,K0937,L4604,L4604,S0546,,1861,20A72,Ⅲ,D,122,,,,,,,63,2,53,,,,,,,,,,,,,,,
𘊼,U+182BC,,7.157.1,3822/42,K0582,L3987,L3987,S2956,246-091,1862,20A73,Ⅲ,D,123,19B65,Ⅲ,D,133,,,34,1,33,,,,,,,,,,,,,,,
𗀟,U+1701F,,3.336.1,1024/22,?,L0050,L0050,S1123,,1863,20A74,Ⅲ,D,124,19B66,Ⅲ,D,134,463,1.19.272,14,1,14,6,3,𗖖,𗤡,,1.09.1405,6,3,,,,,,,
𗿃,U+17FC3,,6.047.3,2842/24,K0137,L3633,L3633,S5683,211-08b,1864,20A75,Ⅲ,D,125,19B67,Ⅲ,D,135,2149,1.74.231,71,1,68,5,1,𗩚,𗓙,,1.24.1205,3,1,,,,,,,
𘈵,U+18235,,7.039.4,1792/20,K0797,L1561,L1561,S1128,,1865,20A76,Ⅲ,D,126,19B69,Ⅲ,D,137,,,70,2,60,,,,,,,,,,,,,,,
𘀁,U+18001,,6.102.1,2172/22,K0993,L2326,L2326,S5631,,1866,20A77,Ⅲ,D,127,12A45,Ⅲ,3,9,1609,1.56.133,51,1,49,5,1,𘇡,𗏟,,1.18.2603,5,1,,,,,,,
𗖭,U+175AD,,2.504.2,1872/40,K0102,L1821,L1821,S4626,182-084,1867,20A78,Ⅲ,D,128,12A73,Ⅲ,8,1,2838,,7,2,6,,,,,,2.03.2602,3,2,,,,,,,
𗿺,U+17FFA,,6.095.1,2145/42,K1171,L2288,L2288,S5711,,1868,20B11,Ⅲ,D,129,12A74,Ⅲ,8,2,229,1.12.151,7,1,7,4,1,𗀟,𗱫,,1.06.2504,4,1,,,,,,,
𗦍,U+1798D,,4.276.1,2844/40,K2448,L3693,L3693,S3454,204-085,1869,20B12,Ⅲ,D,130,12B34,Ⅲ,14,1,,,?,0,?,,,,,,,,,,,,,,,
𘒵,U+184B5,,7.562.3,5744/20,K2403,L5940,L5940,S5327,197-092,1870,20B13,Ⅲ,D,131,12B68,Ⅲ,19,1,4354,,74,2,63,,,,,,2.15.1303,1,1,,,,,,,
𗈎,U+1720E,,1.461.1,1741/22,K4764,L1187,L1187,S4555,,1871,20B14,Ⅲ,D,132,12B35,Ⅲ,14,2,,,2,2,1,,,,,,,,,,,,,,,
𗫕,U+17AD5,,4.557.1,2141/40,K4264,L2131,L2131,S3382,,1872,20B15,Ⅲ,D,133,13B25,Ⅲ,37,1,1684,1.58.222,54,1,52,1,3,𗮐,𘒐,,1.19.2109,1,3,,,,,,,
𗶚,U+17D9A,,5.098.3,1122/50,K0279,L0213,L0213,S1235,076-071,1873,20B16,Ⅲ,D,134,13B47,Ⅲ,38,15,1309,,37,1,36,,,?,?,,1.16.1208,5,1,,,,,,,
𘚾,U+186BE,,8.365.1,2124/12,K3360,L2043,L2043,S3954,312-091,1874,20B17,Ⅲ,D,135,13B67,Ⅲ,42,1,1132,1.41.111,32,1,31,5,1,𘖙,𗯏,,1.14.2102,4,1,,,,,,,
𗦩,U+179A9,,4.299.1,2144/21,K1325,L2257,L2257,S3521,204-08z,1875,20B18,Ⅲ,D,136,15A23,Ⅲ,69,1,2264,1.78.262,75,1,72,3,1,𘓞,𘏹,,1.25.1405,1,10,,,,,,,
𘈎,U+1820E,,7.002.1,1250/54,K0129,L0605,L0605,S0030,124-041,1876,20B21,Ⅲ,D,137,15A28,Ⅲ,70,2,4367,,75,2,64,,,,,,2.15.1409,3,2,,,,,,,
𗅥,U+17165,,1.343.3,2101/22,K4267,L1899,L1899,S1409,,1877,20B22,Ⅲ,D,138,15A53,Ⅲ,74,3,2761,,3,2,3,,,,,,2.03.1503,4,1,,,,,,,
𘊺,U+182BA,,7.156.1,3121/44,K5259,L3853,L3853,S2952,246-071,1878,20B23,Ⅲ,D,139,15A66,Ⅲ,76,6,3441,,31,2,28,,,,,,2.08.2508,9,8,,,,,,,
𘏷,U+183F7,,7.396.1,8844/00,K3275,L5751,L5751,S2741,236-06i,1879,20B24,Ⅲ,D,140,15B18,Ⅲ,80,2,461,1.19.263,14,1,14,6,1,𗠸,𗈹,,1.09.1403,6,1,,,,,,,
𗬮,U+17B2E,,3.387.2,2874/22,K2460,L3741,L3741,S5806,,1880,20B25,Ⅲ,D,141,15B27,Ⅲ,83,2,4627,,92,2,77,,,,,,2.17.1208,2,5,,,,,,,
𘆨,U+181A8,,6.440.2,1321/52,K5038,L0648,L0648,S5226,080-054,1881,20B26,Ⅲ,D,142,15B46,Ⅲ,86,2,2978,,11,2,10,,,,,,2.04.2705,3,1,,,,,,,
𘐓,U+18413,,7.427.1,8441/22,K3905,L5443,L5443,S2782,236-081,1882,20B27,Ⅲ,D,143,16A17,Ⅲ,96,1,4231,,67,2,57,,,,,,2.14.1507,2,2,,,,,,,
𗑼,U+1747C,,2.268.2,8021/40,K4183,L4709,L4709,S1872,,1883,20B28,Ⅲ,D,144,16A42,Ⅲ,98,11,1379,1.49.112,37,1,36,10,4,𗟫,𗓆,,1.16.2402,17,4,,,,,,,
𗋕,U+172D5,,1.622.1,2121/50,K4502,L2019,L2019,S4310,181-093,1884,20B31,Ⅲ,D,145,16A62,Ⅲ,102,1,737,1.28.222,20,1,20,5,1,𘎼,𗡝,,1.11.2106,5,1,,,,,,,
𗡘,U+17858,,3.292.1,7822/42,K0786,L4639,L4639,S0497,,1885,20B32,Ⅲ,D,146,16A77,Ⅲ,106,3,1169,1.42.143,33,1,32,8,3,𘏷,𗑆,,1.14.2507,8,3,,,,,,,
𗭽,U+17B7D,,3.437.1,8224/20,K2703,L5283,L5283,S2262,047-041,1886,20B33,Ⅲ,D,147,16B12,Ⅲ,108,1,4248,,68,2,58,,,,,,2.14.1704,2,1,,,,,,,
𘏖,U+183D6,,7.368.1,8942/74,K1426,L5800,L5800,S2730,,1887,20B34,Ⅲ,D,148,16B22,Ⅲ,110,1,4172,,65,2,55,,,,,,2.13.2706,1,1,,,,,,,
𘏦,U+183E6,,7.379.4,8141/22,K4927,L5183,L5183,S2705,236-076,1888,20B35,Ⅲ,D,149,16B23,Ⅲ,110,2,1977,1.68.172,65,1,62,1,1,𗾋,𘈢,,1.22.1402,1,1,,,,,,,
𗱢,U+17C62,,3.602.2,1754/00,K3403,L1452,L1452,S4975,026-089,1889,20B36,Ⅲ,D,150,16B74,Ⅲ,123,1,738,1.28.231,20,1,20,5,2,𘇫,𗢩,,1.11.2107,5,2,,,,,,,
𗘳,U+17633,,3.001.2,5804/20,K2073,L4460,L4460,S0666,057-061,1890,20B37,Ⅲ,D,151,17A12,Ⅲ,124,3,2837,,7,2,6,,,,,,2.03.2601,3,1,,,,,,,
𘕌,U+1854C,,8.121.2,8122/44,K1800,L5127,L5127,S1826,,1891,20B38,Ⅲ,D,152,17A32,Ⅲ,129,2,4076,,61,2,51,,,,,,2.13.1504,4,2,,,,,,,
𗠰,U+17830,,3.270.3,7825/45,K1199,L4658,L4658,S0510,255-073,1892,20B41,Ⅲ,D,153,17A37,Ⅲ,131,1,370,1.16.272,11,1,11,8,1,𘒦,𗝠,,1.08.1601,7,1,,,,,,,
𘔩,U+18529,,8.052.1,1791/22,K4888,L0982,L0982,S1121,,1893,20B42,Ⅲ,D,154,17A46,Ⅲ,133,1,5056,,90,2,76,,,,,,3.05.1301,2,1,,,,,,,
𗸓,U+17E13,,5.197.1,1155/55,K1169,L0425,L0425,S0373,123-121,1894,20B43,Ⅲ,D,155,17A47,Ⅲ,133,2,2495,1.87.242,90,1,84,4,4,𗩚,𘓷,,1.27.2506,3,4,,,,,,,
𗘽,U+1763D,,3.008.1,1824/20,K2978,L1631,L1631,S0106,,1895,20B44,Ⅲ,D,156,17A58,Ⅲ,136,1,1088,1.39.221,31,1,30,17,2,𗋔,𗮷,,1.14.1203,16,2,,,,,,,
𗌾,U+1733E,,2.013.1,1742/40,K1614,L1269,L1269,S0656,098-073,1896,20B45,Ⅲ,D,157,17A61,Ⅲ,136,2,3440,,31,2,28,,,,,,2.08.2507,9,7,,,,,,,
𗼈,U+17F08,,5.352.1,2284/20,K2609,L2546,L2546,S3306,205-043,1897,20B46,Ⅲ,D,158,17B11,Ⅲ,140,1,2047,1.70.271,67,1,64,7,1,𗮮,𗴒,,1.22.2603,7,1,,,,,,,
𘈾,U+1823E,,7.050.1,2701/52,K4970,L2925,L2925,S1322,138-082,1898,20B47,Ⅲ,D,159,17B26,Ⅲ,143,3,123,1.08.263,3,1,3,6,1,𗆕,𗕾,,1.05.2505,6,1,,,,,,,
𘔔,U+18514,,8.039.2,1144/20,K3596,L0363,L0363,S1204,,1899,20B48,Ⅲ,D,160,17B41,Ⅲ,148,1,,,1,1,1,,,,,,,,,,,,,,,
𗠻,U+1783B,,3.277.3,7721/42,K4979,L4597,L4597,S0550,255-085,1900,20B51,Ⅲ,D,161,17B46,Ⅲ,150,1,2470,1.86.251,88,1,83,3,1,𗸸,𗧵,,1.27.2202,3,1,,,,,,,
𗦪,U+179AA,,4.299.2,2141/21,K5467,L2084,L2084,S3520,204-08w,1901,20B52,Ⅲ,D,162,17B75,Ⅲ,159,3,2198,1.76.172,72,1,69,9,1,𗮐,𗴩,,1.24.2206,9,1,,,,,,,
𗠲,U+17832,,3.274.1,7421/44,K4104,L4583,L4583,S0523,,1902,20B53,Ⅲ,D,163,18A12,Ⅲ,161,2,1685,1.58.231,54,1,52,1,4,𘃠,𘒖,,1.19.2201,1,4,N1.010,404,𘃠,𘒖,?,?,
𗠠,U+17820,,3.263.2,7822/44,K1839,L4644,L4644,S0509,,1903,20B54,Ⅲ,D,164,18A11,Ⅲ,161,1,3942,,54,2,45,,,,,,2.12.1701,3,1,N1.011,,?,?,?,?,
𘏪,U+183EA,,7.386.1,8744/20,K2324,L5654,L5654,S2713,236-06a,1904,20B55,Ⅲ,D,165,18A15,Ⅲ,163,1,4118,,63,2,53,,,,,,2.13.2201,1,1,N1.012,1057,𗋭,𗅴,/,𗐯,上
𗌚,U+1731A,,1.674.1,2724/52,K2312,L3068,L3068,S4273,181-122,1905,20B56,Ⅲ,D,166,18A16,Ⅲ,163,2,4173,,65,2,55,,,,,,2.13.2707,1,2,N1.021,1072,?,?,?,?,
𗃚,U+170DA,,1.159.2,2871/00,K4703,L3729,L3729,S4081,,1906,20B57,Ⅲ,D,167,18A77,Ⅲ,182,1,,,38,2,34,,,,,,,,,N1.022,,?,?,?,?,
𗃠,U+170E0,,1.163.1,2270/28,K0165,L2527,L2527,S4075,180-081,1907,20B58,Ⅲ,D,168,18A78,Ⅲ,182,2,3657,,38,2,34,,,,,,2.10.1610,4,2,N1.023,935,?,?,?,?,
𗋛,U+172DB,,1.631.1,2725/42,K1318,L3080,L3080,S4248,,1908,20B61,Ⅲ,D,169,18B17,Ⅲ,185,3,2205,1.76.241,72,1,69,10,4,𗀟,𗯎,,1.24.2305,10,4,N1.031,,?,?,?,?,
𘎭,U+183AD,,7.336.1,8141/20,K5027,L5169,L5169,S2648,236-04b,1909,20B62,Ⅲ,D,170,18B16,Ⅲ,185,2,2206,1.76.251,72,1,69,10,5,𗤶,𗗎,,1.24.2306,10,5,N1.032,545,?,?,?,?,
𗡓,U+17853,,3.290.1,7824/44,K2061,L4656,L4656,S0506,,1910,20B63,Ⅲ,D,171,,,,,,,21,2,18,,,,,,,,,,,,,,,
𗸈,U+17E08,,5.191.1,1151/52,?,L0406,L0406,S0382,,1911,20B64,Ⅲ,D,172,,,,,,,11,1,11,,,,,,,,,,,,,,,
𗦨,U+179A8,,4.298.2,2141/25,K5327,L2119,L2119,S3518,,1912,21A11,Ⅳ,1,1,20A21,Ⅳ,1,1,4755,,87,1,82,,,,,,3.02.1302,1,2,,,,,,,
𘁋,U+1804B,,6.139.3,8749/00,K0755,L5624,L5624,S2158,,1913,21A12,Ⅳ,1,2,20A24,Ⅳ,1,4,,,?,0,?,,,,,,,,,,,,,,,
𗔟,U+1751F,,2.381.3,8021/24,K4202,L4701,L4701,S1963,,1914,21A13,Ⅳ,2,1,20A22,Ⅳ,1,2,4756,Z.02.111,87,1,82,1,1,?,?,,3.02.1303,2,1,,,,,,,
𘍿,U+1837F,,7.296.1,8421/24,K4201,L5420,L5420,S2497,111-071,1915,21A14,Ⅳ,2,2,20A23,Ⅳ,1,3,4757,Z.02.112,87,1,82,1,2,?,?,,3.02.1304,2,2,,,,,,,
𘊄,U+18284,,7.103.2,2824/42,K2289,L3551,L3551,S3178,243-072,1916,21A15,Ⅳ,3,1,20A27,Ⅳ,3,1,4017,,57,2,48,,,,,,2.12.2608,2,7,,,,,,,
𗡷,U+17877,,3.328.1,1741/50,K3756,L1214,L1214,S1181,,1917,21A16,Ⅳ,3,2,20A28,Ⅳ,3,2,4016,,57,2,48,,,,,,2.12.2607,2,6,,,,,,,
𗃮,U+170EE,,1.171.2,2772/40,K1635,L3407,L3407,S4091,180-108,1918,21A17,Ⅳ,4,1,20A31,Ⅳ,4,1,4008,,57,2,48,,,,,,2.12.2510,1,1,,,,,,,
𗵋,U+17D4B,,5.033.1,1022/50,K1688,L0041,L0041,S0199,,1919,21A18,Ⅳ,4,2,20A32,Ⅳ,4,2,4009,,57,2,48,,,,,,2.12.2511,1,2,,,,,,,
𗑕,U+17455,,2.237.1,8044/00,K2886,L4954,L4954,S1808,,1920,21A21,Ⅳ,5,1,20A33,Ⅳ,5,1,2932,,10,2,9,,,,,,2.04.2201,2,1,,,,,,,
𗬰,U+17B30,,3.387.4,2875/20,K0374,L3746,L3746,S5634,,1921,21A22,Ⅳ,5,2,20A34,Ⅳ,5,2,2933,,10,2,9,,,,,,2.04.2202,2,2,,,,,,,
𘆵,U+181B5,,6.449.2,1324/50,K2154,L0666,L0666,S5224,,1922,21A23,Ⅳ,6,1,20A35,Ⅳ,5,3,310,1.14.272,10,1,10,2,1,𘗷,𗤝,,1.07.2403,2,1,,,,,,,
𘇩,U+181E9,,6.486.1,1752/72,K0967,L1451,L1451,S5062,,1923,21A24,Ⅳ,6,2,20A36,Ⅳ,5,4,312,1.15.112,10,1,10,2,3,𘗷,𗤝,,1.07.2405,2,3,,,,,,,
𘇿,U+181FF,,7.584.2,1244/22,K2695,L0578,L0578,S5137,,1924,21A25,Ⅳ,6,3,20A37,Ⅳ,5,5,311,1.15.111,10,1,10,2,2,𘗷,𗤝,,1.07.2404,2,2,,,,,,,
𗓛,U+174DB,,2.333.1,8021/41,K5458,L4718,L4718,S1877,017-11t,1925,21A26,Ⅳ,7,1,13A43,Ⅲ,28,4,5057,,?,2,?,,,,,,3.05.1501,1,1,,,,,,,
𗝘,U+17758,,3.150.2,5021/41,?,L4131,L4131,S0737,,1926,21A27,Ⅳ,7,2,13A44,Ⅲ,28,5,5058,,?,0,?,,,,,,3.05.1502,1,2,,,,,,,
𘗷,U+185F7,,8.246.1,1344/25,K2035,L0713,L0713,S4788,229-091,1927,21A41,Ⅳ,D,1,20A51,Ⅳ,D,1,969,1.36.121,30,1,29,1,2,𗨉,𗐠,,1.13.1103,1,2,,,,,,,
𘝣,U+18763,,8.506.1,8010/00,K0093,L4672,L4672,S2619,300-001,1928,21A42,Ⅳ,D,2,20A52,Ⅳ,D,2,1445,1.51.131,42,1,41,2,2,𘇩,𘐝,,1.17.1603,2,2,,,,,,,
𗇻,U+171FB,,1.450.2,1710/00,K0096,L0901,L0901,S4536,009-093,1929,21A43,Ⅳ,D,3,20A53,Ⅳ,D,3,3678,,42,2,36,,,,,,2.10.2203,2,1,,,,,,,
𘊧,U+182A7,,7.139.4,3240/50,K1289,L3975,L3975,S2920,,1930,21A44,Ⅳ,D,4,20A54,Ⅳ,D,4,3774,,46,2,40,,,,,,2.11.1504,1,2,,,,,,,
𘝤,U+18764,,8.507.1,8411/22,K3820,L5410,L5410,S2620,300-071,1931,21A45,Ⅳ,D,5,20A55,Ⅳ,D,5,1762,1.61.152,57,1,55,3,1,𘆵,𘙠,,1.20.1407,1,6,,,,,,,
𗮈,U+17B88,,3.447.2,8724/20,K2994,L5547,L5547,S2264,047-071,1932,21A46,Ⅳ,D,6,20A25,Ⅳ,2,1,,,?,0,?,,,,,,,,,,,,,,,
𘇎,U+181CE,,6.471.1,1821/50,K4649,L1603,L1603,S5258,048-091,1933,21A47,Ⅳ,D,7,20A26,Ⅳ,2,2,,,?,0,?,,,,,,,,,,,,,,,
𘔗,U+18517,,8.040.1,1742/20,K0809,L1235,L1235,S1214,,1934,21A48,Ⅳ,D,8,19B34,Ⅲ,D,108,,,16,1,16,,,,,,,,,,,,,,,
𗏈,U+173C8,,2.147.1,2822/22,K0575,L3535,L3535,S3310,201-131,1935,21A61,Ⅴ,1,1,20B11,Ⅴ,1,1,2692,,1,2,1,,,,,,2.02.2306,9,1,,,,,,,
𗳒,U+17CD2,,3.670.2,5274/42,K2843,L5880,L5880,S5343,157-041,1936,21A62,Ⅴ,1,2,20B12,Ⅴ,1,2,2693,,1,2,1,,,,,,2.02.2307,9,2,,,,,,,
𘟂,U+187C2,,8.568.1,1224/24,K2868,L0508,L0508,S0197,018-106,1937,21A63,Ⅴ,1,3,20B13,Ⅴ,1,3,2694,,1,2,1,,,,,,2.02.2308,9,3,,,,,,,
𗄠,U+17120,,1.204.1,7121/50,K3760,L4524,L4524,S0292,002-062,1938,21A64,Ⅴ,1,4,20B14,Ⅴ,1,4,2695,,1,2,1,,,,,,2.02.2309,9,4,,,,,,,
𗀄,U+17004,,1.002.3,1021/50,K3953,L0026,L0026,S0279,001-073,1939,21A65,Ⅴ,1,5,20B16,Ⅴ,1,6,2696,,1,2,1,,,,,,2.02.2401,9,5,,,,,,,
𗀤,U+17024,,1.034.1,1022/52,K0943,L0044,L0044,S0281,,1940,21A66,Ⅴ,1,6,20B15,Ⅴ,1,5,2697,,1,2,1,,,,,,2.02.2402,9,6,,,,,,,
𗀜,U+1701C,,1.031.2,1022/52,?,L0043,L0043,S0280,,1941,21A67,Ⅴ,1,7,20B17,Ⅴ,1,7,,,1,2,1,,,,,,,,,,,,,,,
𗄟,U+1711F,,1.203.3,7122/20,K0579,L4528,L4528,S0286,,1942,21A68,Ⅴ,1,8,20B18,Ⅴ,1,8,,,1,2,1,,,,,,,,,,,,,,,
𗋈,U+172C8,,1.611.1,2724/25,K3134,L3055,L3055,S4202,181-08f,1943,21A71,Ⅴ,1,9,20B21,Ⅴ,1,9,2698,,1,2,1,,,,,,2.02.2403,9,7,,,,,,,
𗣅,U+178C5,,4.031.2,2542/72,K1421,L3797,L3797,S3908,,1944,21A72,Ⅴ,1,10,20B22,Ⅴ,1,10,2699,,1,2,1,,,,,,2.02.2404,9,8,,,,,,,
𗥸,U+17978,,4.252.1,2746/20,K0635,L3388,L3388,S3903,204-07i,1945,21A73,Ⅴ,1,11,20B23,Ⅴ,1,11,2700,,1,2,1,,,,,,2.02.2405,9,9,,,,,,,
𗶞,U+17D9E,,2.407.2,8710/00,K0046,L5490,L5490,S2194,,1946,21A74,Ⅴ,1,12,20B24,Ⅴ,1,12,2701,,1,2,1,,,,,,2.02.2406,9,10,,,,,,,
𗯟,U+17BDF,,3.482.3,8344/00,K2042,L5386,L5386,S2368,,1947,21A75,Ⅴ,1,13,20B25,Ⅴ,1,13,2702,,1,2,1,,,,,,2.02.2407,9,11,,,,,,,
𗳖,U+17CD6,,3.672.1,5174/20,K3363,L5861,L5861,S5339,,1948,21A76,Ⅴ,1,14,20B26,Ⅴ,1,14,2703,,1,2,1,,,,,,2.02.2408,9,12,,,,,,,
𗹣,U+17E63,,5.256.1,2704/50,K3011,L2974,L2974,S1281,,1949,21A77,Ⅴ,1,15,20B27,Ⅴ,1,15,2704,,1,2,1,,,,,,2.02.2501,9,13,,,,,,,
𗤐,U+17910,,4.112.3,2344/20,K2172,L2650,L2650,S6542,205-057,1950,21A78,Ⅴ,2,1,20B28,Ⅴ,2,1,556,1.22.262,17,1,17,9,1,𗾂,𘗠,,1.10.1206,8,1,,,,,,,
𘐾,U+1843E,,7.455.3,8542/22,K0959,L5482,L5482,S2680,,1951,21B11,Ⅴ,2,2,20B32,Ⅴ,2,3,557,1.22.271,17,1,17,9,2,𗾂,𘗠,,1.10.1207,8,2,,,,,,,
𘘞,U+1861E,,8.277.1,1922/24,K1447,L1846,L1846,S4857,289-062,1952,21B12,Ⅴ,2,3,20B33,Ⅴ,2,4,558,1.22.272,17,1,17,9,3,𗾂,𘗠,,1.10.1208,8,3,,,,,,,
𗟸,U+177F8,,3.239.2,1992/74,K1448,L1847,L1847,S0440,,1953,21B13,Ⅴ,2,4,20B34,Ⅴ,2,5,559,1.23.111,17,1,17,9,4,𗾂,𘗠,,1.10.1209,8,4,,,,,,,
𗟾,U+177FE,,3.242.2,1796/20,K0634,L1138,L1138,S0448,,1954,21B14,Ⅴ,2,5,20B35,Ⅴ,2,6,,,17,1,17,,,,,,,,,,,,,,,
𗠽,U+1783D,,3.278.1,7724/40,K3001,L4613,L4613,S0545,255-098,1955,21B15,Ⅴ,2,6,20B36,Ⅴ,2,7,560,1.23.112,17,1,17,9,5,𗾂,𘗠,,1.10.1301,8,5,,,,,,,
𗼥,U+17F25,,5.387.1,2784/20,K2999,L3440,L3440,?,,1956,21B16,Ⅴ,2,7,20B41,Ⅴ,2,10,561,1.23.121,17,1,17,9,6,𗾂,𘗠,,1.10.1302,8,6,,,,,,,
𗳦,U+17CE6,,3.683.1,1844/00,K2464,L1737,L1737,S5389,222-051,1957,21B17,Ⅴ,2,8,20B44,Ⅴ,2,13,562,1.23.122,17,1,17,9,7,𗾂,𘗠,,1.10.1303,8,7,,,,,,,
𘘧,U+18627,,8.284.1,1144/40,K1345,L0375,L0375,S5011,,1958,21B18,Ⅴ,2,9,20B54,Ⅴ,2,21,563,1.23.123,17,1,17,9,8,𗾂,𘗠,,1.10.1304,8,8,,,,,,,
𘆣,U+181A3,,6.433.2,1725/50,K0327,L1135,L1135,S5241,080-041,1959,21B21,Ⅴ,2,10,20B55,Ⅴ,2,22,564,1.23.131,17,1,17,9,9,𗾂,𘗠,,1.10.1305,8,9,,,,,,,
𗳛,U+17CDB,,3.675.2,1141/00,K4551,L0244,L0244,S5374,222-041,1960,21B22,Ⅴ,2,11,20B45,Ⅴ,2,14,565,1.23.132,17,1,17,9,10,𗾂,𘗠,,1.10.1306,8,10,,,,,,,
𗳙,U+17CD9,,3.674.1,1742/40,K0690,L6011,?,S5383,222-032,1961,21B23,Ⅴ,2,12,20B46,Ⅴ,2,15,566,1.23.141,17,1,17,9,11,𗾂,𘗠,,1.10.1307,8,11,,,,,,,
𗠄,U+17804,,3.246.1,7722/44,K0691,L4586,L4586,S0499,,1962,21B24,Ⅴ,2,13,20B37,Ⅴ,2,8,567,1.23.142,17,1,17,9,12,𗾂,𘗠,,1.10.1308,8,12,,,,,,,
𗼌,U+17F0C,,5.357.1,2185/25,K1137,L2348,L2348,S3317,205-055,1963,21B25,Ⅴ,2,14,20B31,Ⅴ,2,2,568,1.23.143,17,1,17,9,13,𗾂,𘗠,,1.10.1309,8,13,A07.011,,?,?,?,?,
𗡐,U+17850,,3.289.2,7121/40,K0010,L4512,L4512,S0477,255-112,1964,21B26,Ⅴ,2,15,20B38,Ⅴ,2,9,569,1.23.151,17,1,17,9,14,𗾂,𘗠,,1.10.1310,8,14,A07.012,,?,?,?,?,
𗰡,U+17C21,,3.556.1,1721/25,K4592,L0963,L0963,S4470,,1965,21B27,Ⅴ,3,1,20B58,Ⅴ,2,25,3115,,17,2,14,,,,,,2.06.1305,3,1,A07.013,832,𗎛,𗯒,𗪂,𗊺,平上
𗴁,U+17D01,,3.702.1,1792/20,K0796,L1560,L1560,S5457,054-054,1966,21B28,Ⅴ,3,2,20B43,Ⅴ,2,12,3116,,17,2,14,,,,,,2.06.1306,3,2,A07.021,,𗎛,𗯒,𗪂,𗊺,平上
𗈜,U+1721C,,1.468.3,1741/00,K4367,L1160,L1160,S4535,009-121,1967,21B31,Ⅴ,3,3,20B47,Ⅴ,2,16,3117,,17,2,14,,,,,,2.06.1307,3,3,A07.022,833,𗎛,𗯒,𗪂,𗊺,平上
𗈂,U+17202,,1.453.1,1744/00,K2985,L1297,L1297,S4550,,1968,21B32,Ⅴ,3,4,20B51,Ⅴ,2,18,3118,,17,2,14,,,,,,2.06.1308,3,4,A07.023,834,𗎛,𗯒,𗪂,𗊺,平上
𗇭,U+171ED,,1.444.1,1792/20,K0769,L1559,L1559,S4670,,1969,21B33,Ⅴ,3,5,20B48,Ⅴ,2,17,3119,,17,2,14,,,,,,2.06.1309,3,5,A07.031,,𗎛,𗯒,𗪂,𗊺,平上
𗈔,U+17214,,1.466.1,1791/00,K4895,L1550,L1550,S4671,009-112,1970,21B34,Ⅴ,3,6,20B52,Ⅴ,2,19,3120,,17,2,14,,,,,,2.06.1401,3,6,A07.032,,𗎛,𗯒,𗪂,𗊺,平上
𗇢,U+171E2,,1.438.1,1721/00,?,L0911,L0911,S4531,,1971,21B35,Ⅴ,3,7,20B53,Ⅴ,2,20,,,17,2,14,,,,,,,,,A07.033,683,𗎛,𗯒,𗪂,𗊺,平上
𘆅,U+18185,,6.406.1,1451/42,K4019,L0829,L0829,S4819,059-071,1972,21B36,Ⅴ,3,8,20B57,Ⅴ,2,24,3121,,17,2,14,,,,,,2.06.1402,3,7,A07.034,835,𗎛,𗯒,𗪂,𗊺,平上
𗳿,U+17CFF,,3.700.2,1799/00,K0644,L1575,L1575,S5460,054-052,1973,21B37,Ⅴ,3,9,20B42,Ⅴ,2,11,3122,,17,2,14,,,,,,2.06.1403,3,8,A07.041,836,𗎛,𗯒,𗪂,𗊺,平上
𘌆,U+18306,,7.214.1,9722/22,K0952,L5924,L5924,S1702,,1974,21B38,Ⅴ,3,10,20B56,Ⅴ,2,23,,,17,2,14,,,,,,,,,A07.042,684,𗎛,𗯒,𗪂,𗊺,平上
𗣇,U+178C7,,4.032.1,2749/00,K0646,L3389,L3389,S3915,204-05b,1975,21B41,Ⅴ,4,1,20B71,Ⅴ,3,9,4021,,57,2,48,,,,,,2.12.2612,2,11,A07.043,1023,𘞮,𗵋,𗥊,𘚨,上
𗗚,U+175DA,,2.540.1,1324/24,K1055,L0661,L0661,S5280,049-062,1976,21B42,Ⅴ,4,2,20B61,Ⅴ,3,1,4022,,57,2,48,,,,,,2.12.2613,2,12,A07.044,1024,𘞮,𗵋,𗥊,𘚨,上
𗗓,U+175D3,,2.535.1,1124/24,K1028,L0229,L0229,S5259,,1977,21B43,Ⅴ,4,3,20B62,Ⅴ,3,2,4024,,57,2,48,,,,,,2.12.2701,2,14,A07.051,707,𘞮,𗵋,𗥊,𘚨,上
𗒔,U+17494,,2.283.1,8024/24,K1057,L4828,L4828,S2090,007-09g,1978,21B44,Ⅴ,4,4,20B65,Ⅴ,3,5,,,57,2,48,,,,,,,,,A07.052,1025,𘞮,𗵋,𗥊,𘚨,上
𗜋,U+1770B,,3.108.3,5024/24,K1056,L4187,L4187,S0977,017-08d,1979,21B45,Ⅴ,4,5,20B74,Ⅴ,3,12,4023,,57,2,48,,,,,,2.12.2614,2,13,A07.053,1026,𘞮,𗵋,𗥊,𘚨,上
𗑨,U+17468,,2.255.1,8042/20,K0537,L4926,L4926,S2100,,1980,21B46,Ⅴ,4,6,20B68,Ⅴ,3,8,4025,,57,2,48,,,,,,2.12.2702,2,15,A07.054,1027,𘞮,𗵋,𗥊,𘚨,上
𗔍,U+1750D,,2.370.1,8044/22,K2705,L4986,L4986,S2101,,1981,21B47,Ⅴ,4,7,20B67,Ⅴ,3,7,4026,,57,2,48,,,,,,2.12.2703,2,16,A07.061,1028,𘞮,𗵋,𗥊,𘚨,上
𘗜,U+185DC,,8.220.3,8121/52,K4861,L5098,L5098,S2437,083-121,1982,21B48,Ⅴ,4,8,20B73,Ⅴ,3,11,4027,,57,2,48,,,,,,2.12.2704,2,17,A07.062,1029,𘞮,𗵋,𗥊,𘚨,上
𗘙,U+17619,,2.585.1,1244/40,K3481,L0587,L0587,S5402,,1983,21B51,Ⅴ,4,9,20B63,Ⅴ,3,3,4028,,57,2,48,,,,,,2.12.2705,2,18,A07.063,1030,𘞮,𗵋,𗥊,𘚨,上
𗘉,U+17609,,2.579.1,1244/00,K0470,L0379,L0379,S5401,073-041,1984,21B52,Ⅴ,4,10,20B64,Ⅴ,3,4,4029,,57,2,48,,,,,,2.12.2706,2,19,A07.064,1031,𘞮,𗵋,𗥊,𘚨,上
𗔮,U+1752E,,2.390.2,8044/00,K2412,L4958,L4958,S2102,,1985,21B53,Ⅴ,4,11,20B66,Ⅴ,3,6,4030,,57,2,48,,,,,,2.12.2707,2,20,A07.071,1032,𘞮,𗵋,𗥊,𘚨,上
𗣥,U+178E5,,4.052.3,2341/40,K5132,L2616,L2616,S3711,,1986,21B54,Ⅴ,4,12,20B72,Ⅴ,3,10,4031,,57,2,48,,,,,,2.12.2708,2,21,A07.072,1033,𘞮,𗵋,𗥊,𘚨,上
𘔤,U+18524,,8.049.2,1244/22,K2743,L0577,L0577,S1065,,1987,21B55,Ⅴ,5,1,20B75,Ⅴ,4,1,1854,1.64.163,62,1,59,2,1,𗹡,𗫇,,1.21.1205,2,1,A07.073,446,𗹡,𗫇,𗪂,𗤧,平
𘔥,U+18525,,8.049.3,1144/00,K3370,L0351,L0351,S1064,,1988,21B56,Ⅴ,5,2,20B76,Ⅴ,4,2,1855,1.64.171,62,1,59,2,2,𗹡,𗫇,,1.21.1206,2,2,A07.074,447,𗹡,𗫇,𗪂,𗤧,平
𗟐,U+177D0,,3.207.1,5044/00,K3368,L4336,L4336,S0717,017-154,1989,21B57,Ⅴ,5,3,21A11,Ⅴ,4,5,1856,1.64.172,62,1,59,2,3,𗹡,𗫇,,1.21.1301,2,3,A07.081,448,𗹡,𗫇,𗪂,𗤧,平
𗗒,U+175D2,,2.534.3,4744/00,K3372,L4072,L4072,S5304,023-161,1990,21B58,Ⅴ,5,4,20B77,Ⅴ,4,3,1857,1.64.211,62,1,59,2,4,𗹡,𗫇,,1.21.1302,2,4,A07.082,449,𗹡,𗫇,𗪂,𗤧,平
𗗑,U+175D1,,2.534.2,4741/00,K4354,L4065,L4065,S5305,023-101,1991,21B61,Ⅴ,5,5,20B78,Ⅴ,4,4,1858,1.64.212,62,1,59,2,5,𗹡,𗫇,,1.21.1303,2,5,A07.083,450,𗹡,𗫇,𗪂,𗤧,平
𗔵,U+17535,,2.393.3,8044/00,K3369,L4963,L4963,S1798,007-152,1992,21B62,Ⅴ,5,6,21A17,Ⅴ,4,11,1859,1.64.221,62,1,59,2,6,𗹡,𗫇,,1.21.1304,2,6,A07.091,451,𗹡,𗫇,𗪂,𗤧,平
𗎗,U+17397,,2.090.3,4174/40,K3371,L4034,L4034,S0602,,1993,21B63,Ⅴ,5,7,21A12,Ⅴ,4,6,1860,1.64.222,62,1,59,2,7,𗹡,𗫇,,1.21.1305,2,7,A07.092,452,𗹡,𗫇,𗪂,𗤧,平
𗻵,U+17EF5,,5.337.2,2144/42,K2120,L2278,L2278,S3202,144-112,1994,21B64,Ⅴ,5,8,21A13,Ⅴ,4,7,1861,1.64.231,62,1,59,2,8,𗹡,𗫇,,1.21.1306,2,8,A07.101,453,𗹡,𗫇,𗪂,𗤧,平
𗁟,U+1705F,,1.066.1,2304/22,K2020,L2564,L2564,S1601,039-087,1995,21B65,Ⅴ,5,9,21A14,Ⅴ,4,8,1862,1.64.232,62,1,59,2,9,𗹡,𗫇,,1.21.1307,2,9,A07.102,454,𗹡,𗫇,𗪂,𗤧,平
𘀵,U+18035,,6.129.1,3344/22,?,L3920,L3920,?,,1996,21B66,Ⅴ,5,10,21A16,Ⅴ,4,10,1863,1.64.233,62,1,59,2,10,𗹡,𗫇,,1.21.1308,2,10,A07.103,455,𗹡,𗫇,𗪂,𗤧,平
𗁃,U+17043,,1.050.2,2804/20,K2066,L3486,L3486,S1524,,1997,21B67,Ⅴ,5,11,21A15,Ⅴ,4,9,1864,1.64.241,62,1,59,2,11,𗹡,𗫇,,1.21.1401,2,11,A07.104,456,𗹡,𗫇,𗪂,𗤧,平
𘙅,U+18645,,8.298.1,1844/00,K3274,L1744,L1744,S5027,,1998,21B68,Ⅴ,5,12,21A21,Ⅴ,5,2,1865,1.64.242,62,1,59,2,12,𗹡,𗫇,,,,,A07.111,457,𗹡,𗫇,𗪂,𗤧,平
𗴿,U+17D3F,,5.018.2,1042/20,K0536,L0105,L0105,S0236,018-084,1999,21B71,Ⅴ,5,13,21A18,Ⅴ,5,1,1866,1.64.243,62,1,59,2,13,𗹡,𗫇,,1.21.1402,2,12,A07.112,458,𗹡,𗫇,𗪂,𗤧,平
𗗧,U+175E7,,2.560.1,5401/40,K4146,L5910,L5910,S5469,086-061,2000,21B72,Ⅴ,6,1,21A23,Ⅴ,6,2,641,1.25.221,18,1,18,3,3,𗾂,𗙆,,1.10.2408,3,3,A07.113,223,𗾂,𗙆,𗪂,𗉺,平
𗎩,U+173A9,,2.103.2,2805/15,K1300,L3516,L3516,S1258,068-071,2001,21B73,Ⅴ,6,2,21A24,Ⅴ,6,3,642,1.25.222,18,1,18,3,4,𗾂,𗙆,,1.10.2409,3,4,A07.114,224,𗾂,𗙆,𗪂,𗉺,平
𘛊,U+186CA,,8.379.2,3842/20,K0572,L3999,L3999,S3023,,2002,21B74,Ⅴ,6,3,21A26,Ⅴ,6,5,643,1.25.231,18,1,18,3,5,𗾂,𗙆,,1.10.2501,3,5,A07.121,225,𗾂,𗙆,𗪂,𗉺,平
𘛈,U+186C8,,8.378.1,3141/20,K5030,L3867,L3867,S3019,005-104,2003,21B75,Ⅴ,6,4,21A25,Ⅴ,6,4,644,1.25.232,18,1,18,3,6,𗾂,𗙆,,1.10.2502,3,6,A07.122,226,𗾂,𗙆,𗪂,𗉺,平
𘑈,U+18448,,7.459.2,8141/24,K4427,L5188,L5188,S2766,236-102,2004,21B76,Ⅴ,6,5,21A28,Ⅴ,6,7,645,1.25.233,18,1,18,3,7,𗾂,𗙆,,1.10.2503,3,7,A07.123,227,𗾂,𗙆,𗪂,𗉺,平
𗆊,U+1718A,,1.377.2,2801/24,K4683,L3458,L3458,S1433,041-107,2005,21B77,Ⅴ,6,6,21A31,Ⅴ,6,8,646,1.25.241,18,1,18,3,8,𗾂,𗙆,,1.10.2504,3,8,A07.131,228,𗾂,𗙆,𗪂,𗉺,平
𗉯,U+1726F,,1.554.1,1841/24,K5192,L1689,L1689,S5535,,2006,21B78,Ⅴ,6,7,21A32,Ⅴ,6,9,647,1.25.242,18,1,18,3,9,𗾂,𗙆,,1.10.2505,3,9,A07.132,229,𗾂,𗙆,𗪂,𗉺,平
𗋖,U+172D6,,1.628.1,2124/00,K3364,L2042,L2042,S4152,181-097,2007,22A11,Ⅴ,7,1,21A27,Ⅴ,6,6,3168,,18,2,15,,,,,,2.06.2304,2,1,A07.133,851,𗎃,𘏫,𗪂,𗺩,上
𗛋,U+176CB,,3.077.1,5040/00,K5757,L4212,L4212,S0880,017-089,2008,22A12,Ⅴ,7,2,21A22,Ⅴ,6,1,3169,,18,2,15,,,,,,2.06.2401,2,2,A07.134,852,𗎃,𘏫,𗪂,𗺩,上
𗚠,U+176A0,,3.060.2,5021/20,K5277,L4098,L4098,S0917,017-06a,2009,22A13,Ⅴ,8,1,21A34,Ⅴ,7,2,2649,,1,2,1,,,,,,2.02.1403,3,1,A07.141,738,𗚾,𗦬,𗫲,𗾴,上
𗛘,U+176D8,,3.080.2,5024/20,K3100,L4181,L4181,S0916,017-08c,2010,22A14,Ⅴ,8,2,21A33,Ⅴ,7,1,2650,,1,2,1,,,,,,2.02.1404,3,2,A07.142,739,𗚾,𗦬,𗫲,𗾴,上
𗵁,U+17D41,,5.021.2,1094/00,K1995,L0153,L0153,S0225,018-091,2011,22A15,Ⅴ,9,1,21A35,Ⅴ,7,3,30,1.06.112,1,1,1,7,4,𘔺,𗸍,,1.04.2607,8,2,A07.143,71,𘔺,𗸍,𗫲,𘁨,平
𘄣,U+18123,,6.308.2,1142/44,K0221,L0344,L0344,S4498,116-062,2012,22A16,Ⅴ,9,2,21A36,Ⅴ,7,4,31,1.06.113,1,1,1,7,5,𘔺,𗸍,,1.04.2701,8,3,A07.151,72,𘔺,𗸍,𗫲,𘁨,平
𗒳,U+174B3,,2.299.2,8041/40,K4133,L4903,L4903,S2017,,2013,22A17,Ⅴ,9,3,21A37,Ⅴ,7,5,32,1.06.121,1,1,1,7,6,𘔺,𗸍,,1.04.2702,8,4,A07.152,73,𘔺,𗸍,𗫲,𘁨,平
𗼒,U+17F12,,5.367.2,2481/24,K4071,L2815,L2815,S3321,205-066,2014,22A18,Ⅴ,9,4,21A38,Ⅴ,7,6,33,1.06.122,1,1,1,7,7,𘔺,𗸍,,1.04.2703,8,5,A07.153,74,𘔺,𗸍,𗫲,𘁨,平
𘜽,U+1873D,,8.473.1,1141/00,K4793,L0254,L0254,S0410,305-052,2015,22A21,Ⅴ,10,1,21A42,Ⅴ,8,2,34,1.06.131,1,1,1,8,1,𗒯,𗢐,,1.04.2704,9,1,A07.154,75,𗒯,𗢐,𘔻,𘁨,平
𘀂,U+18002,,6.102.2,2774/20,K2523,L3415,L3415,S5632,,2016,22A22,Ⅴ,10,2,21A41,Ⅴ,8,1,35,1.06.132,1,1,1,8,2,𗒯,𗢐,,1.04.2705,9,2,A07.161,76,𗒯,𗢐,𘔻,𘁨,平
𗝻,U+1777B,,3.169.4,5021/22,K4825,L4104,L4104,S0919,,2017,22A23,Ⅴ,11,1,21A43,Ⅴ,9,1,3342,,28,2,25,,,,,,2.08.1301,5,1,A07.162,879,𗎛,𗨋,𗪂,𗍉,上
𗋢,U+172E2,,1.633.3,2121/22,K4824,L1993,L1993,S4212,181-09e,2018,22A24,Ⅴ,11,2,21A44,Ⅴ,9,2,3343,,28,2,25,,,,,,2.08.1302,5,2,A07.163,880,𗎛,𗨋,𗪂,𗍉,上
𗸎,U+17E0E,,5.194.1,1251/54,K4637,L0610,L0610,S0351,123-101,2019,22A25,Ⅴ,11,3,21A47,Ⅴ,9,5,3344,,28,2,25,,,,,,2.08.1303,5,3,A07.171,881,𗎛,𗨋,𗪂,𗍉,上
𘎶,U+183B6,,7.344.1,8241/00,K4634,L5308,L5308,S2755,236-04c,2020,22A26,Ⅴ,11,4,21A48,Ⅴ,9,6,3345,,28,2,25,,,,,,2.08.1304,5,4,A07.172,882,𗎛,𗨋,𗪂,𗍉,上
𗅸,U+17178,,1.363.3,2104/22,K3538,L1967,L1967,S1388,041-098,2021,22A27,Ⅴ,11,5,21A51,Ⅴ,9,7,3346,,28,2,25,,,,,,2.08.1305,5,5,A07.173,883,𗎛,𗨋,𗪂,𗍉,上
𗘾,U+1763E,,3.008.2,1725/25,K0592,L1128,L1128,S0133,102-051,2022,22A28,Ⅴ,11,6,21A52,Ⅴ,9,8,3347,,28,2,25,,,,,,2.08.1306,5,6,A07.174,884,𗎛,𗨋,𗪂,𗍉,上
𗬯,U+17B2F,,3.387.3,2171/40,K4838,L2317,L2317,S5818,183-081,2023,22A31,Ⅴ,11,7,21A53,Ⅴ,10,1,3348,,28,2,25,,,,,,2.08.1307,5,7,A07.181,885,𗎛,𗨋,𗪂,𗍉,上
𘁘,U+18058,,6.143.3,8224/20,K2754,L5284,L5284,S1909,106-042,2024,22A32,Ⅴ,12,1,21A46,Ⅴ,9,4,929,1.34.251,28,1,27,15,2,𗾂,𗬊,,1.12.2309,9,2,A07.182,266,𗾂,𗬊,𗪂,𗢂,平
𗐥,U+17425,,2.200.1,3024/22,K2755,L3829,L3829,S4460,,2025,22A33,Ⅴ,12,2,21A45,Ⅴ,9,3,930,1.34.252,28,1,27,15,3,𗾂,𗬊,,1.12.2310,9,3,A07.183,267,𗾂,𗬊,𗪂,𗢂,平
𘁚,U+1805A,,6.145.1,8122/22,?,L5116,L5116,S1898,,2026,22A34,Ⅴ,12,3,,,,,,,28,1,27,,,,,,,,,A07.184,30,𗾂,𗬊,𗪂,𗢂,平
𗛛,U+176DB,,3.081.1,5025/50,K1248,L4204,L4204,S0924,017-084,2027,22A35,Ⅴ,13,1,21A55,Ⅴ,11,1,4066,,61,2,51,,,,,,2.13.1403,2,1,A07.191,1037,𗹡,𗝏,𗪂,𗏒,上
𗊣,U+172A3,,1.586.1,2725/50,K1247,L3085,L3085,S4272,,2028,22A36,Ⅴ,13,2,21A56,Ⅴ,11,2,4067,,61,2,51,,,,,,2.13.1404,2,2,A07.192,1038,𗹡,𗝏,𗪂,𗏒,上
𗪒,U+17A92,,4.491.1,2745/25,K1249,L3372,L3372,S3445,204-11a,2029,22A37,Ⅴ,13,3,21A58,Ⅴ,11,4,4068,,61,2,51,,,,,,2.13.1405,2,3,A07.193,1039,𗹡,𗝏,𗪂,𗏒,上
𗊬,U+172AC,,1.589.4,2722/22,K1685,L3027,L3027,S4196,181-083,2030,22A38,Ⅴ,13,4,21A57,Ⅴ,11,3,4069,,61,2,51,,,,,,2.13.1406,2,4,A07.201,1040,𗹡,𗝏,𗪂,𗏒,上
𘕲,U+18572,,8.146.2,9254/52,K2600,L5876,L5876,S1665,146-052,2031,22A41,Ⅴ,13,5,21A61,Ⅴ,11,5,4070,,61,2,51,,,,,,2.13.1407,2,5,A07.202,1041,𗹡,𗝏,𗪂,𗏒,上
𘕳,U+18573,,8.147.1,9250/58,K0162,L5873,L5873,S1669,,2032,22A42,Ⅴ,13,6,21A62,Ⅴ,11,6,4071,,61,2,51,,,,,,2.13.1408,2,6,A07.203,1042,𗹡,𗝏,𗪂,𗏒,上
𘓺,U+184FA,,8.020.1,1224/42,K2750,L0510,L0510,S0460,261-091,2033,22A43,Ⅴ,14,1,21A63,Ⅴ,12,1,2498,1.87.261,90,1,84,5,3,𘜭,𘍶,,1.27.2602,3,7,A07.204,613,𘜭,𘍶,𗥊,𗙅,平
𗝝,U+1775D,,3.152.3,5044/40,K2662,L4362,L4362,S0863,017-11f,2034,22A44,Ⅴ,14,2,21A65,Ⅴ,12,3,2499,1.87.271,90,1,84,5,4,𘜭,𘍶,,1.27.2603,3,8,A07.211,614,𘜭,𘍶,𗥊,𗙅,平
𗘎,U+1760E,,2.582.1,1142/24,K3660,L0332,L0332,S5405,073-071,2035,22A45,Ⅴ,14,3,21A67,Ⅴ,12,5,2500,1.87.272,90,1,84,5,5,𘜭,𘍶,,1.27.2604,3,9,A07.212,615,𘜭,𘍶,𗥊,𗙅,平
𗘍,U+1760D,,2.580.2,1141/20,K4850,L0257,L0257,S5407,073-061,2036,22A46,Ⅴ,14,4,21A73,Ⅴ,13,2,2501,1.87.273,90,1,84,5,6,𘜭,𘍶,,1.27.2605,3,10,A07.213,616,𘜭,𘍶,𗥊,𗙅,平
𗘕,U+17615,,2.584.1,1141/40,K5219,L0292,L0292,S5403,,2037,22A47,Ⅴ,14,5,21A66,Ⅴ,12,4,2502,1.88.111,90,1,84,5,7,𘜭,𘍶,,1.27.2606,3,11,A07.221,617,𘜭,𘍶,𗥊,𗙅,平
𗸨,U+17E28,,5.204.1,1749/00,K0657,L1423,L1423,S1090,,2038,22A48,Ⅴ,14,6,21A71,Ⅴ,12,7,2503,1.88.112,90,1,84,5,8,𘜭,𘍶,,1.27.2607,3,12,A07.222,618,𘜭,𘍶,𗥊,𗙅,平
𘓲,U+184F2,,8.010.1,1322/42,K0848,L0654,L0654,S0459,261-051,2039,22A51,Ⅴ,15,1,21A64,Ⅴ,12,2,4608,,90,2,76,,,,,,2.16.2709,5,1,A07.223,1214,𘅋,𗎄,𗥊,𘟐,上
𗋯,U+172EF,,1.640.1,2121/42,K4851,L2011,L2011,S4311,,2040,22A52,Ⅴ,15,2,21A74,Ⅴ,13,3,4609,,90,2,76,,,,,,2.16.2710,5,2,A07.224,1215,𘅋,𗎄,𗥊,𘟐,上
𗆇,U+17187,,1.375.1,2501/22,K4783,L2825,L2825,S1351,041-10a,2041,22A53,Ⅴ,15,3,21A75,Ⅴ,13,4,4610,,90,2,76,,,,,,2.16.2711,5,3,A07.231,1216,𘅋,𗎄,𗥊,𘟐,上
𗘘,U+17618,,2.584.4,1842/40,K0239,L1717,L1717,S5418,073-092,2042,22A54,Ⅴ,15,4,21A72,Ⅴ,13,1,4611,,90,2,76,,,,,,2.17.1101,5,4,A07.232,1217,𘅋,𗎄,𗥊,𘟐,上
𗄑,U+17111,,1.193.3,1022/22,K0980,L0027,L0027,S0004,004-101,2043,22A55,Ⅴ,16,1,21A76,Ⅴ,14,1,4692,,97,2,82,,,,,,2.17.2209,1,1,A07.233,1240,𘜄,𗡹,𗥊,𗡹,上
𗹷,U+17E77,,5.290.1,2709/50,K0655,L2993,L2993,S1302,,2044,22A56,Ⅴ,16,2,21A77,Ⅴ,14,2,4693,,97,2,82,,,,,,2.17.2210,1,2,A08.011,1241,𘜄,𗡹,𗥊,𗡹,上
𘓳,U+184F3,,8.010.2,1821/44,K5160,L1602,L1602,S0457,261-061,2045,22A57,Ⅴ,16,3,21A78,Ⅴ,14,3,4694,,97,2,82,,,,,,2.17.2301,1,3,A08.012,1242,𘜄,𗡹,𗥊,𗡹,上
𗢲,U+178B2,,4.012.3,2742/74,K1784,L3261,L3261,S3777,204-04a,2046,22A58,Ⅴ,17,1,21B11,Ⅴ,15,1,3263,,24,2,21,,,,,,2.07.2105,1,2,A08.013,868,?,?,𗥊,𘜴,上
𗓖,U+174D6,,2.331.2,8021/52,K4021,L4733,L4733,S1844,,2047,22A61,Ⅴ,17,2,21B12,Ⅴ,15,2,3264,,24,2,21,,,,,,2.07.2106,1,3,A08.014,869,?,?,𗥊,𘜴,上
𗆑,U+17191,,1.381.2,2704/24,K3442,L2964,L2964,S1404,041-105,2048,22A62,Ⅴ,17,3,21B13,Ⅴ,15,3,3265,,24,2,21,,,,,,2.07.2107,1,4,A08.021,870,?,?,𗥊,𘜴,上
𘴀,U+18D00,,1.214.2,2804/20,K2976,L3489,L3489,S1401,,2049,22A63,Ⅴ,17,4,21B14,Ⅴ,15,4,,,24,2,21,,,,,,,,,A08.022,695,?,?,𗥊,𘜴,上
𗘜,U+1761C,,2.586.1,1541/42,K4765,L0870,L0870,S5416,,2050,22A64,Ⅴ,17,5,21B15,Ⅴ,15,5,3266,,24,2,21,,,,,,2.07.2108,1,5,A08.023,871,?,?,𗥊,𘜴,上
𗰢,U+17C22,,3.556.2,1421/25,K3945,L0761,L0761,S4476,107-082,2051,22A65,Ⅴ,17,6,21B16,Ⅴ,15,6,3267,,24,2,21,,,,,,2.07.2109,1,6,A08.024,872,?,?,𗥊,𘜴,上
𗝋,U+1774B,,3.142.5,5071/45,K4316,L4410,L4410,S0959,017-11q,2052,22A66,Ⅴ,17,7,21B17,Ⅴ,15,7,3268,,24,2,21,,,,,,2.07.2201,1,7,A08.031,873,?,?,𗥊,𘜴,上
𗧛,U+179DB,,4.360.3,2844/72,K3174,L3712,L3712,S3758,204-08za,2053,22A67,Ⅴ,18,1,21B18,Ⅴ,16,1,1958,1.67.262,64,1,61,11,1,𘔧,𘓦,,1.22.1108,9,1,A08.032,476,𘔧,𘓦,𗥊,𗖞,平
𘗋,U+185CB,,8.205.1,8044/50,K3189,L4999,L4999,S2582,028-134,2054,22A68,Ⅴ,18,2,21B21,Ⅴ,16,2,1959,1.67.271,64,1,61,11,2,𘔧,𘓦,,1.22.1109,9,2,A08.033,477,𘔧,𘓦,𗥊,𗖞,平
𘞙,U+18799,,8.535.1,1814/20,K2065,L1582,L1582,S0396,306-061,2055,22A71,Ⅴ,18,3,21B22,Ⅴ,16,3,1960,1.67.272,64,1,61,11,3,𘔧,𘓦,,1.22.1201,9,3,A08.041,478,𘔧,𘓦,𗥊,𗖞,平
𗜝,U+1771D,,3.124.3,5041/00,K4457,L4220,L4220,S0727,017-10n,2056,22A72,Ⅴ,19,1,21B23,Ⅴ,16,4,4148,,64,2,54,,,,,,2.13.2502,4,1,A08.042,1066,𘔧,𘄡,𗥊,𗿩,上
𘜰,U+18730,,8.452.1,5142/42,K1355,L4431,L4431,S0930,017d-041,2057,22A73,Ⅴ,19,2,21B24,Ⅴ,16,5,4149,,64,2,54,,,,,,2.13.2503,4,2,A08.043,1067,𘔧,𘄡,𗥊,𗿩,上
𗮲,U+17BB2,,3.463.3,8121/70,K5625,L5103,L5103,S2278,,2058,22A74,Ⅴ,19,3,21B25,Ⅴ,16,6,4150,,64,2,54,,,,,,2.13.2504,4,3,A08.051,1068,𘔧,𘄡,𗥊,𗿩,上
𘀋,U+1800B,,6.109.2,3224/22,K3606,L3892,L3892,S2878,,2059,22A75,Ⅴ,19,4,21B26,Ⅴ,16,7,4151,,64,2,54,,,,,,2.13.2505,4,4,A08.052,1069,𘔧,𘄡,𗥊,𗿩,上
𘛿,U+186FF,,8.411.2,1589/20,K0668,L0891,L0891,S4392,,2060,22A76,Ⅴ,19,5,21B27,Ⅴ,16,8,4152,,64,2,54,,,,,,2.13.2506,4,5,A08.053,1070,𘔧,𘄡,𗥊,𗿩,上
𗤷,U+17937,,4.172.1,2841/72,K5113,L3614,L3614,S3764,204-06f,2061,22A77,Ⅴ,20,1,21B28,Ⅴ,17,1,2006,1.69.211,66,1,63,4,2,𗏡,𘟌,,1.22.2101,2,10,A08.054,485,𗏡,𘟌,𗪂,𘟫,平
𘁱,U+18071,,6.158.2,8129/27,K0750,L5155,L5155,S1914,106-091,2062,22A78,Ⅴ,20,2,21B31,Ⅴ,17,2,2007,1.69.212,66,1,63,4,3,𗏡,𘟌,,1.22.2102,2,11,A08.061,486,𗏡,𘟌,𗪂,𘟫,平
𘎴,U+183B4,,7.341.1,8242/20,K0860,L5313,L5313,S2756,,2063,22B11,Ⅴ,20,3,21B32,Ⅴ,17,3,2008,1.69.221,66,1,63,4,4,𗏡,𘟌,,1.22.2103,2,12,A08.062,487,𗏡,𘟌,𗪂,𘟫,平
𘏿,U+183FF,,7.404.2,8542/74,?,L5460,L5460,S2672,236-091,2064,22B12,Ⅴ,20,4,21B33,Ⅴ,17,4,2009,1.69.222,66,1,63,4,5,𗏡,𘟌,,1.22.2104,2,13,A08.063,488,𗏡,𘟌,𗪂,𘟫,平
𘏌,U+183CC,,7.359.1,8745/20,K0323,L5676,L5676,S2714,236-05g,2065,22B13,Ⅴ,20,5,21B34,Ⅴ,17,5,2010,1.69.223,66,1,63,4,6,𗏡,𘟌,,1.22.2105,2,14,A08.071,489,𗏡,𘟌,𗪂,𘟫,平
𗘋,U+1760B,,2.579.3,1744/20,K0305,L1347,L1347,S5412,073-051,2066,22B14,Ⅴ,20,6,21B35,Ⅴ,17,6,2011,1.69.231,66,1,63,4,7,𗏡,𘟌,,1.22.2106,2,15,A08.072,490,𗏡,𘟌,𗪂,𘟫,平
𘂾,U+180BE,,6.217.4,8745/25,K0596,L5678,L5678,S2379,,2067,22B15,Ⅴ,20,7,21B45,Ⅴ,18,8,2012,1.69.232,66,1,63,4,8,𗏡,𘟌,,1.22.2107,2,16,A08.073,491,𗏡,𘟌,𗪂,𘟫,平
𗆔,U+17194,,1.382.2,2500/25,K0455,L2819,L2819,S1455,041-101,2068,22B16,Ⅴ,21,1,21B41,Ⅴ,18,4,4207,,66,2,56,,,,,,2.14.1305,4,1,A08.074,1080,𗏡,𗰗,𗪂,𗰗,上
𗔑,U+17511,,2.371.3,8024/00,K2583,L4800,L4800,S2044,,2069,22B17,Ⅴ,21,2,21B37,Ⅴ,18,2,4208,,66,2,56,,,,,,2.14.1306,4,2,A08.081,1081,𗏡,𗰗,𗪂,𗰗,上
𗇷,U+171F7,,1.448.2,1740/00,K5708,L1146,L1146,S4706,,2070,22B18,Ⅴ,21,3,21B36,Ⅴ,18,1,4209,,66,2,56,,,,,,2.14.1307,4,3,A08.082,1082,𗏡,𗰗,𗪂,𗰗,上
𗶦,U+17DA6,,3.691.4,1810/00,K0052,L1576,L1576,S5390,222-101,2071,22B21,Ⅴ,21,4,21B38,Ⅴ,18,3,4210,,66,2,56,,,,,,2.14.1308,4,4,A08.083,1083,𗏡,𗰗,𗪂,𗰗,上
𘞎,U+1878E,,3.691.3,1311/20,K5034,L0640,L0640,S5393,,2072,22B22,Ⅴ,21,5,21B42,Ⅴ,18,5,,,66,2,56,,,,,,,,,A08.084,710,𗏡,𗰗,𗪂,𗰗,上
𘆍,U+1818D,,6.411.2,1711/20,K0075,L0909,L0909,S4830,288-061,2073,22B23,Ⅴ,21,6,21B43,Ⅴ,18,6,4211,,66,2,56,,,,,,2.14.1309,4,5,A08.091,,𗏡,𗰗,𗪂,𗰗,上
𗀼,U+1703C,,1.047.1,2701/00,K0074,L2907,L2907,S1612,,2074,22B24,Ⅴ,21,7,21B44,Ⅴ,18,7,,,66,2,56,,,,,,,,,A08.092,,𗏡,𗰗,𗪂,𗰗,上
𗑌,U+1744C,,2.232.3,8041/00,K4376,L4866,L4866,S2001,007-073,2075,22B25,Ⅴ,22,1,21B62,Ⅴ,19,13,1239,1.44.221,35,1,34,2,2,𗾂,𗝵,,1.15.2102,1,4,A08.093,337,𗾂,𗝵,𗪂,𗷘,平
𘕛,U+1855B,,8.127.4,8124/42,K3558,L5143,L5143,S1884,248-041,2076,22B26,Ⅴ,22,2,21B57,Ⅴ,19,10,1240,1.44.222,35,1,34,2,3,𗾂,𗝵,,1.15.2103,1,5,,,,,,,
𗆗,U+17197,,1.385.1,2704/24,K1949,L2966,L2966,S1472,041-103,2077,22B27,Ⅴ,22,3,21B55,Ⅴ,19,8,1241,1.44.223,35,1,34,2,4,𗾂,𗝵,,1.15.2104,1,6,,,,,,,
𗷘,U+17DD8,,5.136.2,1322/12,K0771,L0651,L0651,S0353,,2078,22B28,Ⅴ,22,4,21B47,Ⅴ,19,2,1242,1.44.231,35,1,34,2,5,𗾂,𗝵,,1.15.2105,1,7,,,,,,,
𗜕,U+17715,,3.122.2,5041/40,K4114,L4244,L4244,S0713,,2079,22B31,Ⅴ,22,5,21B52,Ⅴ,19,5,1243,1.44.232,35,1,34,2,6,𗾂,𗝵,,1.15.2106,1,8,,,,,,,
𘜾,U+1873E,,8.474.1,1141/20,K5431,L0264,L0264,S0411,305-051,2080,22B32,Ⅴ,22,6,21B53,Ⅴ,19,6,1244,1.44.241,35,1,34,2,7,𗾂,𗝵,,1.15.2107,1,9,,,,,,,
𗪐,U+17A90,,4.490.1,2541/42,K5279,L2867,L2867,S3480,204-11j,2081,22B33,Ⅴ,23,1,21B46,Ⅴ,19,1,3513,,35,2,31,,,,,,2.09.1604,1,5,,,,,,,
𗀉,U+17009,,1.010.1,1041/00,K4111,L0066,L0066,S1119,001-072,2082,22B34,Ⅴ,23,2,21B48,Ⅴ,19,3,3514,,35,2,31,,,,,,2.09.1605,1,6,,,,,,,
𗒠,U+174A0,,2.291.2,8021/42,K4229,L4724,L4724,S1780,,2083,22B35,Ⅴ,23,3,21B51,Ⅴ,19,4,3515,,35,2,31,,,,,,2.09.1606,1,7,,,,,,,
𘜬,U+1872C,,8.448.4,6824/50,K3240,L4503,L4503,S1030,020-104,2084,22B36,Ⅴ,23,4,21B54,Ⅴ,19,7,3516,,35,2,31,,,,,,2.09.1607,1,8,,,,,,,
𘜫,U+1872B,,8.448.3,6824/52,K0421,L4504,L4504,S1029,,2085,22B37,Ⅴ,23,5,21B58,Ⅴ,19,11,3517,,35,2,31,,,,,,2.09.1608,1,9,,,,,,,
𗷛,U+17DDB,,5.138.1,1824/14,K1124,L1629,L1629,S0345,,2086,22B38,Ⅴ,23,6,21B56,Ⅴ,19,9,3518,,35,2,31,,,,,,2.09.1609,1,10,,,,,,,
𘘰,U+18630,,8.290.1,1142/00,K1719,L0314,L0314,S5004,,2087,22B41,Ⅴ,23,7,21B61,Ⅴ,19,12,3519,,35,2,31,,,,,,2.09.1610,1,11,,,,,,,
𗧰,U+179F0,,4.377.1,2244/22,K2772,L2478,L2478,S3491,,2088,22B42,Ⅴ,24,1,21B63,Ⅴ,20,1,1330,1.47.211,37,1,36,1,1,𗄕,𗥫,,1.16.1503,8,1,,,,,,,
𗫲,U+17AF2,,4.585.1,2740/00,K5724,L3094,L3094,S3561,276-043,2089,22B43,Ⅴ,24,2,21B67,Ⅴ,20,5,1331,1.47.212,37,1,36,1,2,𗄕,𗥫,,1.16.1504,8,2,,,,,,,
𘆠,U+181A0,,6.431.1,1722/51,K1131,L1046,L1046,S5210,080-043,2090,22B44,Ⅴ,24,3,21B68,Ⅴ,20,6,1332,1.47.221,37,1,36,1,3,𗄕,𗥫,,1.16.1505,8,3,,,,,,,
𗛉,U+176C9,,3.076.1,5040/00,K5731,L4213,L4213,S0868,017-08k,2091,22B45,Ⅴ,24,4,21B71,Ⅴ,20,7,1333,1.47.222,37,1,36,1,4,𗄕,𗥫,,1.16.1506,8,4,,,,,,,
𗛾,U+176FE,,3.097.1,5041/40,K4286,L4256,L4256,S0771,,2092,22B46,Ⅴ,25,1,21B65,Ⅴ,20,3,1324,,37,1,36,,,?,?,,1.16.1406,7,5,,,,,,,
𘋖,U+182D6,,7.168.3,8141/40,K4285,L5195,L5195,S1925,115-031,2093,22B47,Ⅴ,25,2,21B64,Ⅴ,20,2,1325,,37,1,36,,,?,?,,1.16.1407,7,6,,,,,,,
𘟟,U+187DF,,8.595.1,8874/42,K3249,L5778,L5778,S2607,,2094,22B48,Ⅴ,25,3,21B72,Ⅴ,20,8,1326,,37,1,36,,,?,?,,1.16.1408,7,7,,,,,,,
𗒗,U+17497,,2.283.2,8091/00,K4507,L5056,L5056,S2083,,2095,22B51,Ⅴ,25,4,22A11,Ⅴ,21,7,1327,,37,1,36,,,?,?,,1.16.1409,7,8,,,,,,,
𘞷,U+187B7,,8.556.2,1142/24,K3637,L0334,L0334,S4987,,2096,22B52,Ⅴ,25,5,21B77,Ⅴ,21,5,1328,,37,1,36,,,?,?,,1.16.1501,7,9,,,,,,,
𘄼,U+1813C,,6.326.2,1144/20,K3599,L0361,L0361,S4717,,2097,22B53,Ⅴ,25,6,21B78,Ⅴ,21,6,1329,,37,1,36,,,?,?,,1.16.1502,7,10,,,,,,,
𘖉,U+18589,,8.161.1,8344/42,K2233,L5402,L5402,S2498,120-061,2098,22B54,Ⅴ,26,1,21B73,Ⅴ,21,1,3599,,37,2,33,,,,,,2.09.2710,5,2,,,,,,,
𘛰,U+186F0,,8.392.3,8724/20,K3328,L5552,L5552,S2512,,2099,22B55,Ⅴ,26,2,21B74,Ⅴ,21,2,3600,,37,2,33,,,,,,2.09.2711,5,3,,,,,,,
𗿈,U+17FC8,,6.050.3,2842/20,K0550,L3626,L3626,S5708,211-083,2100,22B56,Ⅴ,26,3,21B76,Ⅴ,21,4,3601,,37,2,33,,,,,,2.10.1101,5,4,,,,,,,
𘛮,U+186EE,,8.392.1,8224/20,K2708,L5288,L5288,S2511,,2101,22B57,Ⅴ,26,4,21B75,Ⅴ,21,3,3602,,37,2,33,,,,,,2.10.1102,5,5,,,,,,,
𗫽,U+17AFD,,4.604.2,2240/00,K5759,L2437,L2437,S3747,,2102,22B58,Ⅴ,26,5,21B66,Ⅴ,20,4,,,37,2,33,,,,,,,,,,,,,,,
𗩰,U+17A70,,4.466.1,2844/22,K2083,L3687,L3687,S3821,,2103,22B61,Ⅴ,27,1,22A12,Ⅴ,22,1,609,1.24.213,17,1,17,19,2,𗾂,𗶆,,1.10.2104,16,2,,,,,,,
𗒵,U+174B5,,2.300.2,8041/70,K4716,L4920,L4920,S2022,,2104,22B62,Ⅴ,27,2,22A13,Ⅴ,22,2,610,1.24.221,17,1,17,19,3,𗾂,𗶆,,1.10.2105,16,3,,,,,,,
𗪬,U+17AAC,,4.519.1,2141/24,K4396,L2111,L2111,S3823,204-11f,2105,22B63,Ⅴ,28,1,22A14,Ⅴ,23,1,1725,1.60.111,56,1,54,5,1,𗾂,𘌄,,1.19.2702,5,1,,,,,,,
𗧍,U+179CD,,4.344.1,2742/80,K0189,L3265,L3265,S3803,204-08ze,2106,22B64,Ⅴ,28,2,22A16,Ⅴ,23,3,1726,1.60.112,56,1,54,5,2,𗾂,𘌄,,1.19.2703,5,2,,,,,,,
𗎻,U+173BB,,2.126.2,2141/21,K5487,L2080,L2080,S1654,042-062,2107,22B65,Ⅴ,28,3,22A17,Ⅴ,23,4,1727,1.60.121,56,1,54,5,3,𗾂,𘌄,,1.19.2704,5,3,,,,,,,
𘓖,U+184D6,,7.630.1,2852/20,K0557,L3738,L3738,S4101,061-061,2108,22B66,Ⅴ,28,4,22A18,Ⅴ,23,5,1728,1.60.122,56,1,54,5,4,𗾂,𘌄,,1.19.2705,5,4,,,,,,,
𗼞,U+17F1E,,5.376.1,2884/20,K3097,L3753,L3753,S3305,205-068,2109,22B67,Ⅴ,29,1,22A15,Ⅴ,23,2,3969,,56,2,47,,,,,,2.12.2207,3,1,,,,,,,
𘌒,U+18312,,7.226.1,9324/22,?,L5891,L5891,S1696,,2110,22B68,Ⅴ,29,2,,,,,,,56,2,47,,,,,,,,,,,,,,,
𗢭,U+178AD,,4.004.1,2741/20,K4997,L3113,L3113,S3568,204-031,2111,22B71,Ⅴ,30,1,22A21,Ⅴ,24,1,1175,1.42.173,33,1,32,9,1,𘈷,𗑆,,,,,,,,,,,
𘋒,U+182D2,,7.167.1,8142/22,K1707,L5214,L5214,S2174,,2112,22B72,Ⅴ,30,2,22A25,Ⅴ,24,5,1176,1.42.211,33,1,32,9,2,𘈷,𗑆,,1.14.2605,9,1,,,,,,,
𗠅,U+17805,,3.246.2,7721/42,K5004,L4596,L4596,S0495,,2113,22B73,Ⅴ,31,1,22A22,Ⅴ,24,2,1177,1.42.212,33,1,32,10,1,𗘼,𘞄,,1.14.2606,9,2,,,,,,,
𗘶,U+17636,,3.003.1,1721/22,K4987,L0936,L0936,S0094,102-031,2114,22B74,Ⅴ,31,2,22A23,Ⅴ,24,3,1178,1.42.221,33,1,32,10,2,𗘼,𘞄,,1.14.2607,9,3,,,,,,,
𗤈,U+17908,,4.098.1,2149/00,K0666,L2295,L2295,S3494,,2115,22B75,Ⅴ,32,1,22A27,Ⅴ,25,2,467,1.20.121,14,1,14,7,1,𗘼,𘎘,,1.09.1502,7,1,,,,,,,
𗤡,U+17921,,4.134.1,2841/40,K5157,L3590,L3590,S5687,204-06s,2116,22B76,Ⅴ,32,2,22A28,Ⅴ,25,3,468,1.20.131,14,1,14,7,2,𗘼,𘎘,,1.09.1503,7,2,,,,,,,
𘄂,U+18102,,6.278.1,1821/24,K5148,L1598,L1598,S4347,108-065,2117,22B77,Ⅴ,32,3,22A31,Ⅴ,25,4,469,1.20.132,14,1,14,7,3,𗘼,𘎘,,1.09.1504,7,3,,,,,,,
𘖍,U+1858D,,8.164.1,8742/20,K0930,L5618,L5618,S2529,,2118,22B78,Ⅴ,32,4,22A32,Ⅴ,25,5,470,1.20.133,14,1,14,7,4,𗘼,𘎘,,1.09.1505,7,4,,,,,,,
𘘳,U+18633,,8.291.3,1341/40,K5133,L0679,L0679,S5032,,2119,23A11,Ⅴ,33,1,22A26,Ⅴ,25,1,3082,,14,2,12,,,,,,2.05.2602,7,1,,,,,,,
𘘸,U+18638,,8.293.3,1742/20,K0935,L1238,L1238,S5044,,2120,23A12,Ⅴ,33,2,22A33,Ⅴ,26,1,3083,,14,2,12,,,,,,2.05.2603,7,2,,,,,,,
𗑩,U+17469,,2.255.2,8041/00,K4841,L4868,L4868,S2097,,2121,23A13,Ⅴ,33,3,22A34,Ⅴ,26,2,3084,,14,2,12,,,,,,2.05.2604,7,3,,,,,,,
𗥾,U+1797E,,4.360.2,2441/40,?,L2779,L2779,S3885,,2122,23A14,Ⅴ,34,1,22A35,Ⅴ,27,1,3421,,31,2,28,,,,,,2.08.2309,6,1,,,,,,,
𗣾,U+178FE,,4.080.1,2142/40,K1883,L2215,L2215,S3366,204-07zn,2123,23A15,Ⅴ,34,2,22A36,Ⅴ,27,2,3422,,31,2,28,,,,,,2.08.2310,6,2,,,,,,,
𗖌,U+1758C,,2.475.2,1172/40,K0232,L0448,L0448,S4601,182-069,2124,23A16,Ⅴ,34,3,22A38,Ⅴ,27,4,,,31,2,28,,,,,,,,,,,,,,,
𗏷,U+173F7,,2.186.2,2744/55,K3313,L3352,L3352,S5575,202-112,2125,23A17,Ⅴ,34,4,22A41,Ⅴ,27,5,3423,,31,2,28,,,,,,2.08.2401,6,3,,,,,,,
𗧦,U+179E6,,4.367.1,2144/20,K2298,L2248,L2248,S3363,204-09zg,2126,23A18,Ⅴ,34,5,22A37,Ⅴ,27,3,3424,,31,2,28,,,,,,2.08.2402,6,4,,,,,,,
𘈚,U+1821A,,7.016.2,1042/00,K1881,L0102,L0102,S0037,003-051,2127,23A21,Ⅴ,34,6,22A42,Ⅴ,27,6,3425,,31,2,28,,,,,,2.08.2403,6,5,,,,,,,
𗽘,U+17F58,,5.445.1,2745/74,K1513,L3387,L3387,S4052,210-082,2128,23A22,Ⅴ,34,7,22A43,Ⅴ,27,7,3426,,31,2,28,,,,,,2.08.2404,6,6,,,,,,,
𗞆,U+17786,,3.178.2,5045/25,K1241,L4377,L4377,S0867,017-12d,2129,23A23,Ⅴ,35,1,22A45,Ⅴ,28,2,2651,,1,2,1,,,,,,2.02.1405,4,1,,,,,,,
𗦬,U+179AC,,4.300.2,2745/25,K1240,L3370,L3370,S3529,204-08p,2130,23A24,Ⅴ,35,2,22A44,Ⅴ,28,1,2652,,1,2,1,,,,,,2.02.1406,4,2,,,,,,,
𗜸,U+17738,,3.136.2,5044/00,K2989,L4326,L4326,S0797,017-10j,2131,23A25,Ⅴ,35,3,22A47,Ⅴ,28,4,2653,,1,2,1,,,,,,2.02.1407,4,3,,,,,,,
𘇂,U+181C2,,6.458.3,1725/54,K0339,L1136,L1136,S5232,080-083,2132,23A26,Ⅴ,35,4,22A48,Ⅴ,28,5,2654,,1,2,1,,,,,,2.02.1408,4,4,,,,,,,
𗩐,U+17A50,,4.445.3,2141/24,K5221,L2108,L2108,S3519,,2133,23A27,Ⅴ,35,5,22A46,Ⅴ,28,3,2655,,1,2,1,,,,,,2.02.1501,4,5,,,,,,,
𗚾,U+176BE,,3.071.1,5024/12,K2418,L4199,L4199,S0692,,2134,23A28,Ⅴ,36,1,22A51,Ⅴ,29,1,2994,,11,2,10,,,,,,2.05.1201,6,1,,,,,,,
𘊜,U+1829C,,7.127.1,2144/40,K1115,L2269,L2269,S5769,217-062,2135,23A31,Ⅴ,36,2,22A52,Ⅴ,29,2,2995,,11,2,10,,,,,,2.05.1202,6,2,,,,,,,
𘔺,U+1853A,,8.077.3,2441/40,K4221,L2782,L2782,S5787,216-081,2136,23A32,Ⅴ,36,3,22A53,Ⅴ,29,3,2996,,11,2,10,,,,,,2.05.1203,6,3,,,,,,,
𗮨,U+17BA8,,3.459.3,8121/70,K5618,L5101,L5101,S2280,,2137,23A33,Ⅴ,36,4,22A58,Ⅴ,29,8,2997,,11,2,10,,,,,,2.05.1204,6,4,,,,,,,
𗘵,U+17635,,3.002.2,5802/74,K1442,L4458,L4458,S0667,,2138,23A34,Ⅴ,36,5,22A55,Ⅴ,29,5,2998,,11,2,10,,,,,,2.05.1205,6,5,,,,,,,
𘐫,U+1842B,,7.443.2,8844/52,K2070,L5769,L5769,S2668,,2139,23A35,Ⅴ,37,1,22A56,Ⅴ,29,6,378,1.17.142,11,1,11,10,2,𗯴,𗝠,,1.08.1701,9,2,,,,,,,
𗒯,U+174AF,,2.295.4,8024/20,K3206,L4807,L4807,S1994,,2140,23A36,Ⅴ,37,2,22A57,Ⅴ,29,7,379,1.17.151,11,1,11,10,3,𗯴,𗝠,,1.08.1702,9,3,,,,,,,
𗀛,U+1701B,,1.031.1,1022/52,K0998,L0042,L0042,S0277,,2141,23A37,Ⅴ,37,3,22A54,Ⅴ,29,4,380,1.17.152,11,1,11,10,4,𗯴,𗝠,,1.08.1703,9,4,,,,,,,
𘎕,U+18395,,7.314.1,8244/40,K3497,L5338,L5338,S2462,,2142,23A38,Ⅴ,38,1,22A64,Ⅴ,30,4,3768,,45,2,39,,,,,,2.11.1409,2,1,,,,,,,
𗝫,U+1776B,,3.166.1,5042/42,K0834,L4306,L4306,S0808,,2143,23A41,Ⅴ,38,2,22A61,Ⅴ,30,1,3769,,45,2,39,,,,,,2.11.1410,2,2,,,,,,,
𘎔,U+18394,,7.313.3,8342/42,K0833,L5385,L5385,S2456,,2144,23A42,Ⅴ,38,3,22A62,Ⅴ,30,2,3770,,45,2,39,,,,,,2.11.1411,2,3,,,,,,,
𘎙,U+18399,,7.316.2,8441/42,K3874,L5454,L5454,S2457,152-071,2145,23A43,Ⅴ,38,4,22A63,Ⅴ,30,3,3771,,45,2,39,,,,,,2.11.1412,2,4,,,,,,,
𗟅,U+177C5,,3.204.1,5044/50,K3075,L4340,L4340,S0864,,2146,23A44,Ⅴ,39,1,22A65,Ⅴ,31,1,3365,,29,2,26,,,,,,2.08.1505,2,1,,,,,,,
𗁯,U+1706F,,1.081.1,2102/42,K0823,L1953,L1953,S1569,,2147,23A45,Ⅴ,39,2,22A66,Ⅴ,31,2,3366,,29,2,26,,,,,,2.08.1506,2,2,,,,,,,
𗂁,U+17081,,1.090.2,2104/42,K3589,L1974,L1974,S1571,,2148,23A46,Ⅴ,39,3,22A67,Ⅴ,31,3,3367,,29,2,26,,,,,,2.08.1507,2,3,,,,,,,
𗂗,U+17097,,1.105.1,2104/40,K3090,L1970,L1970,S1570,,2149,23A47,Ⅴ,39,4,22A68,Ⅴ,31,4,3368,,29,2,26,,,,,,2.08.1508,2,4,,,,,,,
𗃷,U+170F7,,1.179.1,2274/24,K2791,L2534,L2534,S4078,,2150,23A48,Ⅴ,39,5,22A71,Ⅴ,31,5,3369,,29,2,26,,,,,,2.08.1509,2,5,,,,,,,
𘕊,U+1854A,,8.090.1,3741/24,K5177,L3968,L3968,S3036,,2151,23A51,Ⅴ,39,6,22A72,Ⅴ,31,6,3370,,29,2,26,,,,,,2.08.1510,2,6,,,,,,,
𘞊,U+1878A,,8.527.2,1244/20,K3614,L0565,L0565,S4967,,2152,23A52,Ⅴ,39,7,22A73,Ⅴ,31,7,3371,,29,2,26,,,,,,2.08.1511,2,7,,,,,,,
𗃟,U+170DF,,1.162.2,2871/20,K5321,L3730,L3730,S4080,,2153,23A53,Ⅴ,40,1,22A77,Ⅴ,32,3,899,1.33.263,28,1,27,8,1,𗾂,𘈟,,1.12.1805,4,1,,,,,,,
𗃥,U+170E5,,1.167.2,2872/74,K1434,L3739,L3739,S4082,,2154,23A54,Ⅴ,40,2,22A78,Ⅴ,32,4,900,1.33.271,28,1,27,8,2,𗾂,𘈟,,1.12.1806,4,2,,,,,,,
𗃼,U+170FC,,1.180.1,2274/24,K3495,L2535,L2535,S4079,,2155,23A55,Ⅴ,40,3,22B22,Ⅴ,32,14,901,1.33.272,28,1,27,8,3,𗾂,𘈟,,1.12.1807,4,3,,,,,,,
𗃞,U+170DE,,1.162.1,2871/24,K5168,L3732,L3732,S4077,180-075,2156,23A56,Ⅴ,40,4,22A76,Ⅴ,32,2,902,1.34.111,28,1,27,8,4,𗾂,𘈟,,1.12.2101,4,4,,,,,,,
𗛖,U+176D6,,3.079.6,5071/24,K5169,L4406,L4406,S0903,017-085,2157,23A57,Ⅴ,40,5,22A75,Ⅴ,32,1,903,1.34.112,28,1,27,8,5,𗾂,𘈟,,1.12.2102,4,5,,,,,,,
𗙰,U+17670,,3.034.1,1224/20,K3489,L0492,L0492,S0018,,2158,23A58,Ⅴ,40,6,22B21,Ⅴ,32,13,904,1.34.121,28,1,27,8,6,𗾂,𘈟,,1.12.2103,4,6,,,,,,,
𗙳,U+17673,,3.035.1,1421/24,K4084,L0754,L0754,S0014,,2159,23A61,Ⅴ,40,7,22B16,Ⅴ,32,10,905,1.34.122,28,1,27,8,7,𗾂,𘈟,,1.12.2104,4,7,,,,,,,
𗲜,U+17C9C,,3.640.3,1724/22,K2739,L0950,L0950,S5183,,2160,23A62,Ⅴ,40,8,22B15,Ⅴ,32,9,906,1.34.123,28,1,27,8,8,𗾂,𘈟,,1.12.2105,4,8,,,,,,,
𗱷,U+17C77,,3.619.3,1722/24,K1553,L1024,L1024,S4835,,2161,23A63,Ⅴ,40,9,22B13,Ⅴ,32,7,907,1.34.131,28,1,27,8,9,𗾂,𘈟,,1.12.2106,4,9,,,,,,,
𗱦,U+17C66,,3.604.3,1724/20,K2746,L1073,L1073,S4833,026-086,2162,23A64,Ⅴ,40,10,22B12,Ⅴ,32,6,908,1.34.132,28,1,27,8,10,𗾂,𘈟,,1.12.2107,4,10,,,,,,,
𘑒,U+18452,,7.463.2,8744/22,K2747,L5662,L5662,S2788,,2163,23A65,Ⅴ,40,11,22B18,Ⅴ,32,12,909,1.34.141,28,1,27,8,11,𗾂,𘈟,,1.12.2108,4,11,,,,,,,
𗙱,U+17671,,3.034.2,1821/22,K5348,L1590,L1590,S0012,,2164,23A66,Ⅴ,40,12,22B17,Ⅴ,32,11,,,28,1,27,,,,,,,,,,,,,,,
𗓇,U+174C7,,2.319.1,8054/10,K3402,L4968,L4968,S2096,,2165,23A67,Ⅴ,41,1,24B15,Ⅴ,83,3,3360,,29,2,26,,,,,,2.08.1409,1,2,,,,,,,
𗲝,U+17C9D,,3.640.2,1721/24,?,L0951,L0951,S4832,026-115,2166,23A68,Ⅴ,41,2,22B11,Ⅴ,32,5,3361,,29,2,26,,,,,,2.08.1501,1,3,,,,,,,
𗝓,U+17753,,3.148.3,5021/24,?,L4114,L4114,S0677,,2167,23A71,Ⅴ,41,3,24B14,Ⅴ,83,2,3362,,29,2,26,,,,,,2.08.1502,1,4,,,,,,,
𗛡,U+176E1,,3.084.2,5024/24,K1072,L4188,L4188,S0679,,2168,23A72,Ⅴ,41,4,24B16,Ⅴ,83,4,3363,,29,2,26,,,,,,2.08.1503,1,5,,,,,,,
𗞨,U+177A8,,3.194.4,5024/40,K1067,L4195,L4195,S0768,017-138,2169,23A73,Ⅴ,41,5,24B17,Ⅴ,83,5,,,29,2,26,,,,,,,,,,,,,,,
𗞻,U+177BB,,3.199.2,5021/40,K5136,L4128,L4128,S0767,,2170,23A74,Ⅴ,41,6,24B18,Ⅴ,83,6,3364,,29,2,26,,,,,,2.08.1504,1,6,,,,,,,
𗚃,U+17683,,3.048.1,5022/00,K0906,L4143,L4143,S0748,017-021,2171,23A75,Ⅴ,41,7,22B14,Ⅴ,32,8,,,29,2,26,,,,,,,,,,,,,,,
𗍈,U+17348,,2.031.2,1741/25,K4596,L1201,L1201,S0632,098-084,2172,23A76,Ⅴ,42,1,22B25,Ⅴ,33,3,1771,1.61.231,58,1,56,1,1,𘎫,𘑲,,1.20.1508,1,1,,,,,,,
𗌵,U+17335,,2.005.3,1744/00,K3126,L1306,L1306,S0650,098-042,2173,23A77,Ⅴ,42,2,22B23,Ⅴ,33,1,1772,1.61.232,58,1,56,1,2,𘎫,𘑲,,1.20.1601,1,2,,,,,,,
𗟖,U+177D6,,3.211.3,5024/44,K1939,L4198,L4198,S0733,,2174,23A78,Ⅴ,42,3,28A25,Ⅴ,D,69,1773,1.61.233,58,1,56,1,3,𘎫,𘑲,,1.20.1602,1,3,,,,,,,
𗤪,U+1792A,,4.146.1,2441/40,K4132,L2777,L2777,S3662,204-06d,2175,23B11,Ⅴ,43,1,22B26,Ⅴ,34,1,2553,1.89.272,93,1,87,1,3,𗘈,𗽓,,,,,,,,,,,
𗨎,U+17A0E,,4.402.1,2341/22,K4475,L2613,L2613,S3618,204-09q,2176,23B12,Ⅴ,43,2,22B27,Ⅴ,34,2,2554,1.90.111,93,1,87,1,4,𗘈,𗽓,,1.28.1604,1,3,,,,,,,
𗅭,U+1716D,,1.347.2,2804/25,K3187,L3505,L3505,S1352,041-097,2177,23B13,Ⅴ,43,3,22B28,Ⅴ,34,3,2555,1.90.112,93,1,87,1,5,𗘈,𗽓,,1.28.1605,1,4,,,,,,,
𘕫,U+1856B,,8.142.1,8722/50,K1665,L5543,L5543,S2243,079-051,2178,23B14,Ⅴ,43,4,22B31,Ⅴ,34,4,2556,1.90.121,93,1,87,1,6,𗘈,𗽓,,1.28.1606,1,5,,,,,,,
𘛒,U+186D2,,8.123.2,8221/27,K5773,L5262,L5262,S1833,008-085,2179,23B15,Ⅴ,43,5,22B32,Ⅴ,34,5,2557,1.90.131,93,1,87,1,7,𗘈,𗽓,,1.28.1701,1,6,,,,,,,
𘜔,U+18714,,8.429.3,1224/20,K2707,L0497,L0497,S4915,287-041,2180,23B16,Ⅴ,44,1,22B33,Ⅴ,34,6,4642,,93,2,78,,,,,,2.17.1404,1,1,,,,,,,
𗔭,U+1752D,,2.390.1,8021/24,K5144,L4703,L4703,S2077,,2181,23B17,Ⅴ,44,2,22B34,Ⅴ,34,7,4643,,93,2,78,,,,,,2.17.1405,1,2,,,,,,,
𗈷,U+17237,,1.510.1,5705/40,K0366,L5956,L5956,S5481,,2182,23B18,Ⅴ,44,3,22B36,Ⅴ,34,9,4644,,93,2,78,,,,,,2.17.1406,1,3,,,,,,,
𘖂,U+18582,,1.436.1,8141/40,K4262,L5194,L5194,S2863,213-081,2183,23B21,Ⅴ,44,4,22B35,Ⅴ,34,8,4645,,93,2,78,,,,,,2.17.1407,1,4,,,,,,,
𗧓,U+179D3,,4.346.2,2141/22,K4823,L2098,L2098,S3818,204-08n,2184,23B22,Ⅴ,45,1,22B37,Ⅴ,35,1,3126,,17,2,14,,,,,,2.06.1407,4,4,,,,,,,
𗤉,U+17909,,4.099.1,2141/20,K5453,L2075,L2075,S3557,204-06t,2185,23B23,Ⅴ,45,2,22B38,Ⅴ,35,2,3127,,17,2,14,,,,,,2.06.1408,4,5,,,,,,,
𗤒,U+17912,,4.113.2,2744/20,K2320,L3305,L3305,S3548,205-052,2186,23B24,Ⅴ,46,1,22B41,Ⅴ,36,1,1543,1.54.132,46,1,45,1,2,𗕾,𘝖,,1.18.1408,1,2,,,,,,,
𘃳,U+180F3,,6.268.1,1751/00,K4586,L1429,L1429,S4453,066-041,2187,23B25,Ⅴ,46,2,22B42,Ⅴ,36,2,1544,1.54.141,46,1,45,1,3,𗕾,𘝖,,1.18.1501,1,3,,,,,,,
𗻛,U+17EDB,,5.330.5,2441/44,K4136,L2792,L2792,S3236,,2188,23B26,Ⅴ,46,3,22B43,Ⅴ,36,3,1545,1.54.142,46,1,45,1,4,𗕾,𘝖,,1.18.1502,1,4,,,,,,,
𗜤,U+17724,,3.126.4,5044/20,K2322,L4346,L4346,S0871,,2189,23B27,Ⅴ,46,4,22B45,Ⅴ,36,5,1546,1.54.143,46,1,45,1,5,𗕾,𘝖,,1.18.1503,1,5,,,,,,,
𗢇,U+17887,,3.347.3,7721/21,K5289,L4594,L4594,S1631,257-041,2190,23B28,Ⅴ,46,5,22B44,Ⅴ,36,4,1547,1.54.151,46,1,45,1,6,𗕾,𘝖,,1.18.1504,1,6,,,,,,,
𗥮,U+1796E,,4.245.3,2141/42,K4329,L2150,L2150,S3694,204-08u,2191,23B31,Ⅴ,47,1,22B51,Ⅴ,37,4,4451,,81,2,70,,,,,,2.15.2604,1,1,,,,,,,
𘋼,U+182FC,,7.208.1,8722/52,K0950,L5545,L5545,S2236,078-041,2192,23B32,Ⅴ,47,2,22B46,Ⅴ,37,1,4452,,81,2,70,,,,,,2.15.2605,1,2,,,,,,,
𗒻,U+174BB,,2.307.1,8022/52,K0951,L4791,L4791,S1952,,2193,23B33,Ⅴ,47,3,22B47,Ⅴ,37,2,4453,,81,2,70,,,,,,2.15.2606,1,3,,,,,,,
𘗡,U+185E1,,8.234.1,8852/52,K1024,L5775,L5775,S2466,,2194,23B34,Ⅴ,47,4,22B52,Ⅴ,37,5,4454,,81,2,70,,,,,,2.15.2607,1,4,,,,,,,
𘝜,U+1875C,,8.494.1,9421/17,K5690,L5904,L5904,S1728,,2195,23B35,Ⅴ,47,5,22B48,Ⅴ,37,3,4455,,81,2,70,,,,,,2.15.2608,1,5,,,,,,,
𘏊,U+183CA,,7.357.1,8344/20,K2011,L5396,L5396,S2717,236-05b,2196,23B36,Ⅴ,48,1,22B53,Ⅴ,38,1,2320,1.81.121,81,1,76,1,1,𗍅,𗞵,,1.25.2703,1,1,,,,,,,
𗞦,U+177A6,,3.194.2,5044/00,K3344,L4323,L4323,S1013,,2197,23B37,Ⅴ,48,2,22B54,Ⅴ,38,2,2321,1.81.131,81,1,76,1,2,𗍅,𗞵,,1.25.2704,1,2,,,,,,,
𗣋,U+178CB,,4.036.1,2141/72,K5395,L2178,L2178,S3759,204-04c,2198,23B38,Ⅴ,49,1,22B55,Ⅴ,39,1,3283,,27,2,24,,,,,,2.07.2402,1,1,,,,,,,
𘁆,U+18046,,6.138.1,8141/21,K5464,L5175,L5175,S2151,,2199,23B41,Ⅴ,49,2,22B56,Ⅴ,39,2,3284,,27,2,24,,,,,,2.07.2403,1,2,,,,,,,
𗯊,U+17BCA,,3.471.3,8121/70,K5677,L5110,L5110,S2292,269-113,2200,23B42,Ⅴ,49,3,22B57,Ⅴ,39,3,,,27,2,24,,,,,,,,,,,,,,,
𗫱,U+17AF1,,4.584.2,2740/00,K5720,L3091,L3091,S3910,,2201,23B43,Ⅴ,50,1,22B58,Ⅴ,39,4,857,1.32.211,27,1,26,1,2,𗯴,𘓾,,1.12.1402,1,2,,,,,,,
𗘹,U+17639,,3.003.3,1121/22,K5394,L0162,L0162,S0118,102-041,2202,23B44,Ⅴ,50,2,22B61,Ⅴ,39,5,858,1.32.212,27,1,26,1,3,𗯴,𘓾,,1.12.1403,1,3,,,,,,,
𗥊,U+1794A,,4.197.1,2142/24,K3666,L2203,L2203,S3417,204-07v,2203,23B45,Ⅴ,51,1,22B62,Ⅴ,40,1,1416,1.50.151,40,1,39,6,1,𗤡,𘅡,,1.17.1201,5,1,,,,,,,
𗃉,U+170C9,,1.150.2,2801/22,K4477,L3451,L3451,S1535,,2204,23B46,Ⅴ,51,2,22B63,Ⅴ,40,2,1417,1.50.152,40,1,39,6,2,𗤡,𘅡,,1.17.1202,5,2,,,,,,,
𘇤,U+181E4,,6.497.1,1842/40,K1865,L1719,L1719,S5554,200-051,2205,23B47,Ⅴ,51,3,22B65,Ⅴ,40,4,1418,1.50.161,40,1,39,6,3,𗤡,𘅡,,1.17.1203,5,3,,,,,,,
𗮏,U+17B8F,,3.450.2,8321/22,K4476,L5351,L5351,S2263,047-081,2206,23B48,Ⅴ,51,4,22B64,Ⅴ,40,3,1419,1.50.162,40,1,39,6,4,𗤡,𘅡,,1.17.1204,5,4,,,,,,,
𗧠,U+179E0,,4.363.1,2744/70,K3095,L3357,L3357,S3773,204-087,2207,23B51,Ⅴ,52,1,22B66,Ⅴ,41,1,4126,,63,2,53,,,,,,2.13.2209,1,9,,,,,,,
𗿰,U+17FF0,,6.078.2,2744/90,K2557,L3359,L3359,S5756,,2208,23B52,Ⅴ,52,2,22B67,Ⅴ,41,2,4127,,63,2,53,,,,,,2.13.2210,1,10,,,,,,,
𗐯,U+1742F,,2.206.1,8021/42,K3973,L4719,L4719,S1882,008-052,2209,23B53,Ⅴ,52,3,22B71,Ⅴ,41,4,4128,,63,2,53,,,,,,2.13.2211,1,11,,,,,,,
𗖎,U+1758E,,2.477.1,1174/20,K2129,L0454,L0454,S4603,182-068,2210,23B54,Ⅴ,52,4,22B72,Ⅴ,41,5,4129,,63,2,53,,,,,,2.13.2212,1,12,,,,,,,
𘄎,U+1810E,,6.290.1,1824/20,K2502,L1638,L1638,S4350,108-092,2211,23B55,Ⅴ,53,1,22B73,Ⅴ,42,1,381,1.17.161,11,1,11,11,1,𗌗,𗝠,,1.08.1704,10,1,,,,,,,
𗊞,U+1729E,,1.580.3,2824/00,K3111,L3541,L3541,S4225,181-063,2212,23B56,Ⅴ,53,2,22B74,Ⅴ,42,2,382,1.17.162,11,1,11,11,2,𗌗,𗝠,,1.08.1705,10,2,,,,,,,
𗺊,U+17E8A,,5.304.1,4204/12,K2595,L4035,L4035,S5331,,2213,23B57,Ⅴ,53,3,22B75,Ⅴ,42,3,383,1.17.163,11,1,11,11,3,𗌗,𗝠,,1.08.1706,10,3,,,,,,,
𘖢,U+185A2,,8.189.2,8042/20,K0128,L4930,L4930,S2557,,2214,23B58,Ⅴ,53,4,22B76,Ⅴ,42,4,384,1.17.171,11,1,11,11,4,𗌗,𗝠,,1.08.1707,10,4,,,,,,,
𘖳,U+185B3,,8.195.1,8044/70,K3449,L5000,L5000,S2558,,2215,23B61,Ⅴ,53,5,22B77,Ⅴ,42,5,385,1.17.172,11,1,11,11,5,𗌗,𗝠,,1.08.2101,10,5,,,,,,,
𘞮,U+187AE,,8.550.2,8842/40,K1846,L5743,L5743,S2551,,2216,23B62,Ⅴ,53,6,22B78,Ⅴ,42,6,386,1.17.211,11,1,11,11,6,𗌗,𗝠,,1.08.2102,10,6,,,,,,,
𗪰,U+17AB0,,4.519.4,2741/27,K5580,L3141,L3141,S3897,204-11k,2217,23B63,Ⅴ,54,1,23A11,Ⅴ,43,1,2999,,11,2,10,,,,,,2.05.1206,7,1,,,,,,,
𗧃,U+179C3,,4.336.1,2845/20,K0358,L3717,L3717,S3607,,2218,23B64,Ⅴ,54,2,23A12,Ⅴ,43,2,3000,,11,2,10,,,,,,2.05.1207,7,2,,,,,,,
𘈷,U+18237,,7.041.2,1794/00,K2558,L1567,L1567,S1131,171-061,2219,23B65,Ⅴ,54,3,23A13,Ⅴ,43,3,3001,,11,2,10,,,,,,2.05.1208,7,3,,,,,,,
𗟢,U+177E2,,3.214.2,1842/44,K1854,L1727,L1727,S0314,,2220,23B66,Ⅴ,54,4,23A15,Ⅴ,43,5,3002,,11,2,10,,,,,,2.05.1209,7,4,,,,,,,
𗢦,U+178A6,,3.364.1,2821/25,K4318,L3526,L3526,S3137,,2221,23B67,Ⅴ,54,5,27B73,Ⅴ,D,51,3003,,11,2,10,,,,,,2.05.1301,7,5,,,,,,,
𗟪,U+177EA,,3.225.2,1441/44,K3911,L0815,L0815,S0315,,2222,23B68,Ⅴ,54,6,23A16,Ⅴ,43,6,3004,,11,2,10,,,,,,2.05.1302,7,6,,,,,,,
𘍾,U+1837E,,7.295.1,8724/22,K3385,L5553,L5553,S2485,,2223,23B71,Ⅴ,54,7,23A14,Ⅴ,43,4,,,11,2,10,,,,,,,,,,,,,,,
𗌗,U+17317,,1.672.4,2724/24,K1103,L3053,L3053,S4218,181-124,2224,23B72,Ⅴ,55,1,23A17,Ⅴ,44,1,132,1.09.132,3,1,3,8,3,𘄎,𗔠,,1.05.2606,8,3,,,,,,,
𗗇,U+175C7,,2.527.4,1774/24,K1105,L1522,L1522,S4623,182-123,2225,23B73,Ⅴ,55,2,23A18,Ⅴ,44,2,131,1.09.131,3,1,3,8,2,𘄎,𗔠,,1.05.2605,8,2,,,,,,,
𗌣,U+17323,,1.678.1,2821/20,K0065,L3524,L3524,S4219,181-132,2226,23B74,Ⅴ,55,3,23A31,Ⅴ,44,11,133,1.09.141,3,1,3,8,4,𘄎,𗔠,,1.05.2607,8,4,,,,,,,
𘕺,U+1857A,,8.152.1,8721/42,K5285,L5503,L5503,S2189,,2227,23B75,Ⅴ,55,4,23A21,Ⅴ,44,3,134,1.09.142,3,1,3,8,5,𘄎,𗔠,,1.05.2608,8,5,,,,,,,
𗈚,U+1721A,,1.468.1,1754/50,K2136,L1460,L1460,S4534,,2228,23B76,Ⅴ,55,5,23A34,Ⅴ,44,14,135,1.09.143,3,1,3,8,6,𘄎,𗔠,,1.05.2701,8,6,,,,,,,
𗈛,U+1721B,,1.468.2,1754/50,K2199,L1459,L1459,?,,2229,23B77,Ⅴ,55,6,23A27,Ⅴ,44,9,136,1.09.151,3,1,3,8,7,𘄎,𗔠,,1.05.2702,8,7,,,,,,,
𘓘,U+184D8,,7.633.2,2252/20,K0494,L2900,L2900,S4096,,2230,23B78,Ⅴ,55,7,23A23,Ⅴ,44,5,137,1.09.152,3,1,3,8,8,𘄎,𗔠,,1.05.2703,8,8,,,,,,,
𗘅,U+17605,,2.576.2,1744/24,K1104,L1375,L1375,S5355,218-121,2231,24A11,Ⅴ,55,8,23A25,Ⅴ,44,7,138,1.09.161,3,1,3,8,9,𘄎,𗔠,,1.05.2704,8,9,,,,,,,
𘕻,U+1857B,,8.154.1,8724/44,K1102,L5565,L5565,S2191,242-051,2232,24A12,Ⅴ,56,1,23A22,Ⅴ,44,4,2772,,3,2,3,,,,,,2.03.1605,5,4,,,,,,,
𘕽,U+1857D,,8.154.3,8421/44,K3912,L5427,L5427,S2192,242-072,2233,24A13,Ⅴ,56,2,23A24,Ⅴ,44,6,2773,,3,2,3,,,,,,2.03.1606,5,5,,,,,,,
𘕼,U+1857C,,8.154.2,8525/47,K1501,L5469,L5469,S2193,242-071,2234,24A14,Ⅴ,56,3,23A26,Ⅴ,44,8,2774,,3,2,3,,,,,,2.03.1607,5,6,,,,,,,
𗕂,U+17542,,2.404.3,8721/40,K4092,L5501,L5501,S2186,046-101,2235,24A15,Ⅴ,56,4,23A28,Ⅴ,44,10,2775,,3,2,3,,,,,,2.03.1608,5,7,,,,,,,
𘍗,U+18357,,7.263.1,8824/52,K3116,L5720,L5720,S2338,,2236,24A16,Ⅴ,56,5,23A32,Ⅴ,44,12,2776,,3,2,3,,,,,,2.03.1609,5,8,,,,,,,
𗻞,U+17EDE,,5.331.3,2141/44,K4358,L2169,L2169,S3248,,2237,24A17,Ⅴ,56,6,23A33,Ⅴ,44,13,2777,,3,2,3,,,,,,2.03.1610,5,9,,,,,,,
𗅧,U+17167,,1.344.2,2101/24,K4357,L1907,L1907,S1464,041-084,2238,24A18,Ⅴ,56,7,23A35,Ⅴ,44,15,2778,,3,2,3,,,,,,2.03.1611,5,10,,,,,,,
𘛇,U+186C7,,8.375.2,3144/40,K1045,L3879,L3879,S3020,005-103,2239,24A21,Ⅴ,56,8,23A36,Ⅴ,45,1,2779,,3,2,3,,,,,,2.03.1701,5,11,,,,,,,
𗬍,U+17B0D,,3.365.1,2040/00,K5695,L1889,L1889,S5791,033-071,2240,24A22,Ⅴ,56,9,23A37,Ⅴ,45,2,2780,,3,2,3,,,,,,2.03.1702,5,12,,,,,,,
𗉬,U+1726C,,1.552.1,1841/21,K5520,L1682,L1682,S5521,185-083,2241,24A23,Ⅴ,57,1,23A38,Ⅴ,46,1,1373,1.48.252,37,1,36,9,3,𗌗,𘅆,,1.16.2305,16,3,,,,,,,
𗉥,U+17265,,1.550.1,1645/20,K0447,L0896,L0896,S5507,,2242,24A24,Ⅴ,57,2,23A41,Ⅴ,46,2,1374,1.48.261,37,1,36,9,4,𗌗,𘅆,,1.16.2306,16,4,,,,,,,
𗰄,U+17C04,,3.516.1,8141/24,?,L5187,L5187,S2830,,2243,24A25,Ⅴ,57,3,23A42,Ⅴ,46,3,1375,1.48.262,37,1,36,9,5,𗌗,𘅆,,1.16.2307,16,5,,,,,,,
𗖬,U+175AC,,2.504.1,1471/24,K4140,L0836,L0836,S4625,,2244,24A26,Ⅴ,58,1,23A43,Ⅴ,47,1,2570,1.90.222,94,1,88,1,1,𗴿,𗾬,,1.28.2204,1,1,,,,,,,
𗿇,U+17FC7,,6.050.2,2441/24,K4138,L2766,L2766,S3661,211-084,2245,24A27,Ⅴ,58,2,23A44,Ⅴ,47,2,2571,1.90.231,94,1,88,1,2,𗴿,𗾬,,1.28.2205,1,2,,,,,,,
𘊗,U+18297,,7.124.3,2441/24,K4139,L2768,L2768,S5799,217-081,2246,24A28,Ⅴ,58,3,23A45,Ⅴ,47,3,2572,1.90.232,94,1,88,1,3,𗴿,𗾬,,,,,,,,,,,
𗎓,U+17393,,2.089.1,4471/24,K4134,L4051,L4051,S0603,,2247,24A31,Ⅴ,58,4,23A46,Ⅴ,47,4,2573,1.90.241,94,1,88,1,4,𗴿,𗾬,,1.28.2206,1,3,,,,,,,
𗈒,U+17212,,1.465.1,1744/00,K3264,L1298,L1298,S4690,009-113,2248,24A32,Ⅴ,59,1,23A47,Ⅴ,47,5,4662,,94,2,79,,,,,,2.17.1604,2,1,,,,,,,
𗈣,U+17223,,1.474.1,1744/40,K2377,L1377,L1377,S4691,,2249,24A33,Ⅴ,59,2,23A48,Ⅴ,47,6,4663,,94,2,79,,,,,,2.17.1605,2,2,,,,,,,
𘌗,U+18317,,7.227.2,9121/24,K4840,L5823,L5823,S1709,,2250,24A34,Ⅴ,59,3,23A51,Ⅴ,47,7,4664,,94,2,79,,,,,,2.17.1606,2,3,,,,,,,
𗖴,U+175B4,,2.525.1,1171/40,K4835,L0436,L0436,S4658,,2251,24A35,Ⅴ,59,4,23A52,Ⅴ,47,8,4665,,94,2,79,,,,,,2.17.1607,2,4,,,,,,,
𗅫,U+1716B,,1.346.2,2204/22,K2840,L2369,L2369,S1423,,2252,24A36,Ⅴ,59,5,23A53,Ⅴ,47,9,4666,,94,2,79,,,,,,2.17.1608,2,5,,,,,,,
𗖇,U+17587,,2.470.2,1872/20,K0577,L1818,L1818,S4627,182-061,2253,24A37,Ⅴ,60,1,23A54,Ⅴ,48,1,3170,,18,2,15,,,,,,2.06.2402,3,1,,,,,,,
𘖭,U+185AD,,8.193.1,8021/20,K4268,L4680,L4680,S2573,028-094,2254,24A38,Ⅴ,60,2,23A57,Ⅴ,48,4,3171,,18,2,15,,,,,,2.06.2403,3,2,,,,,,,
𘝸,U+18778,,8.516.3,1892/24,K0135,L1835,L1835,S4406,,2255,24A41,Ⅴ,60,3,23A58,Ⅴ,48,5,3172,,18,2,15,,,,,,2.06.2404,3,3,,,,,,,
𘌮,U+1832E,,7.239.3,8221/44,K5185,L5265,L5265,S2215,,2256,24A42,Ⅴ,60,4,23A55,Ⅴ,48,2,3173,,18,2,15,,,,,,2.06.2405,3,4,,,,,,,
𘍉,U+18349,,7.253.1,8124/40,K3366,L5142,L5142,S2203,241-091,2257,24A43,Ⅴ,60,5,23A56,Ⅴ,48,3,3174,,18,2,15,,,,,,2.06.2406,3,5,,,,,,,
𗕺,U+1757A,,2.457.1,1179/00,K0735,L0445,L0445,S4597,,2258,24A44,Ⅴ,61,1,23A64,Ⅴ,49,4,2826,,5,2,5,,,,,,2.03.2411,3,5,,,,,,,
𗲷,U+17CB7,,3.652.1,1741/44,K4518,L1211,L1211,S4948,,2259,24A45,Ⅴ,61,2,23A61,Ⅴ,49,1,2827,,5,2,5,,,,,,2.03.2501,3,6,,,,,,,
𗑾,U+1747E,,2.269.1,8041/40,K3727,L4902,L4902,S2002,007-092,2260,24A46,Ⅴ,62,1,23A65,Ⅴ,49,5,208,1.11.212,5,1,5,5,3,𗟳,𗯮,,1.06.2204,5,3,,,,,,,
𗖸,U+175B8,,2.519.1,1872/42,K0783,L1822,L1822,S4633,182-102,2261,24A47,Ⅴ,62,2,23A62,Ⅴ,49,2,209,1.11.221,5,1,5,5,4,𗟳,𗯮,,1.06.2205,5,4,,,,,,,
𗟲,U+177F2,,3.231.1,1792/00,K1604,L1014,L1014,S0451,154-041,2262,24A48,Ⅴ,62,3,23A63,Ⅴ,49,3,210,1.11.222,5,1,5,5,5,𗟳,𗯮,,1.06.2206,5,5,,,,,,,
𗘱,U+17631,,1.162.3,2726/00,K0636,L3086,L3086,S4132,,2263,24A51,Ⅴ,62,4,23A66,Ⅴ,49,6,211,1.11.231,5,1,5,5,6,𗟳,𗯮,,1.06.2207,5,6,,,,,,,
𗗌,U+175CC,,2.529.4,1774/70,K3066,L1537,L1537,S4653,182-141,2264,24A52,Ⅴ,63,1,23A67,Ⅴ,50,1,1622,1.56.221,51,1,49,9,1,𗗇,𗏟,,1.18.2709,8,4,,,,,,,
𘐭,U+1842D,,7.446.1,8545/20,K0353,L5487,L5487,S2702,,2265,24A53,Ⅴ,63,2,23A68,Ⅴ,50,2,1623,1.56.231,51,1,49,9,2,𗗇,𗏟,,1.19.1101,8,5,,,,,,,
𗩆,U+17A46,,4.436.3,2545/20,K0631,L2882,L2882,S3477,,2266,24A54,Ⅴ,64,1,23A71,Ⅴ,51,1,3030,,11,2,10,,,,,,2.05.1603,13,2,,,,,,,
𗔛,U+1751B,,2.377.2,8041/40,K3742,L4906,L4906,S1940,007-126,2267,24A55,Ⅴ,64,2,23A72,Ⅴ,51,2,3031,,11,2,10,,,,,,2.05.1604,13,3,,,,,,,
𘋳,U+182F3,,7.202.2,8741/40,K3741,L5598,L5598,S2633,235-073,2268,24A56,Ⅴ,64,3,23A75,Ⅴ,51,5,3032,,11,2,10,,,,,,2.05.1605,13,4,,,,,,,
𘋶,U+182F6,,7.205.2,8741/00,K4924,L5580,L5580,S2127,,2269,24A57,Ⅴ,64,4,23A73,Ⅴ,51,3,,,11,2,10,,,,,,,,,,,,,,,
𘋹,U+182F9,,7.206.1,8244/72,K3504,L5342,L5342,S2122,235-111,2270,24A58,Ⅴ,64,5,23A74,Ⅴ,51,4,3033,,11,2,10,,,,,,2.05.1606,13,5,,,,,,,
𗼀,U+17F00,,5.341.2,2741/40,K3746,L3152,L3152,S3962,,2271,24A61,Ⅴ,64,6,23A76,Ⅴ,51,6,3034,,11,2,10,,,,,,2.05.1607,13,6,,,,,,,
𗾍,U+17F8D,,6.008.2,2742/20,K0966,L3204,L3204,S5738,,2272,24A62,Ⅴ,64,7,23A77,Ⅴ,51,7,3035,,11,2,10,,,,,,2.05.1608,13,7,,,,,,,
𗣃,U+178C3,,4.029.1,2742/20,K1581,L3195,L3195,S3815,204-051,2273,24A63,Ⅴ,64,8,23A78,Ⅴ,51,8,3036,,11,2,10,,,,,,2.05.1609,13,8,,,,,,,
𗩮,U+17A6E,,4.462.2,2141/24,K4340,L2110,L2110,S3824,204-10s,2274,24A64,Ⅴ,65,1,23B11,Ⅴ,52,1,1320,,37,1,36,,,?,?,,1.16.1402,7,1,,,,,,,
𘊏,U+1828F,,7.119.2,2040/00,K3476,L1887,L1887,S5792,217-001,2275,24A65,Ⅴ,65,2,23B12,Ⅴ,52,2,1321,,37,1,36,,,?,?,,1.16.1403,7,2,,,,,,,
𘊐,U+18290,,7.120.1,2142/40,K1829,L2219,L2219,S5794,217-051,2276,24A66,Ⅴ,65,3,23B15,Ⅴ,52,5,1322,,37,1,36,,,?,?,,1.16.1404,7,3,,,,,,,
𗜥,U+17725,,3.126.5,5042/40,K1830,L4303,L4303,S1017,,2277,24A67,Ⅴ,65,4,23B13,Ⅴ,52,3,1323,,37,1,36,,,?,?,,1.16.1405,7,4,,,,,,,
𘙉,U+18649,,8.300.1,1244/22,K2825,L0580,L0580,S5010,,2278,24A68,Ⅴ,66,1,23B16,Ⅴ,53,1,1484,1.52.152,43,1,42,10,1,𗕾,𗙶,,1.17.2305,8,1,,,,,,,
𘂸,U+180B8,,6.215.2,8245/70,K0476,L5344,L5344,S2383,,2279,24A71,Ⅴ,66,2,23B17,Ⅴ,53,2,1485,1.52.161,43,1,42,10,2,𗕾,𗙶,,1.17.2306,8,2,,,,,,,
𗪋,U+17A8B,,4.494.2,2344/50,K3074,L2647,L2647,S3424,204-11b,2280,24A72,Ⅴ,67,1,23B18,Ⅴ,54,1,3453,,33,2,29,,,,,,2.08.2610,1,1,,,,,,,
𘇟,U+181DF,,6.493.1,1421/50,K3785,L0765,L0765,S5435,074B-021,2281,24A73,Ⅴ,67,2,23B21,Ⅴ,54,2,3454,,33,2,29,,,,,,2.08.2701,1,2,,,,,,,
𗯧,U+17BE7,,3.484.3,8021/22,K3817,L4682,L4682,S2478,013-062,2282,24A74,Ⅴ,67,3,23B23,Ⅴ,54,4,3455,,33,2,29,,,,,,2.08.2702,1,3,,,,,,,
𗩸,U+17A78,,4.474.2,2744/40,K2000,L3329,L3329,S3876,,2283,24A75,Ⅴ,68,1,23B24,Ⅴ,55,1,2434,1.85.173,87,1,82,4,1,𗒯,𗠯,,1.27.1405,3,5,,,,,,,
𗥧,U+17967,,4.240.1,2842/40,K1547,L3643,L3643,S3639,,2284,24A76,Ⅴ,68,2,23B25,Ⅴ,55,2,2435,1.85.211,87,1,82,4,2,𗒯,𗠯,,1.27.1406,3,6,,,,,,,
𗪌,U+17A8C,,4.494.3,2844/50,?,L3674,L3674,S3423,,2285,24A77,Ⅴ,69,1,23B26,Ⅴ,56,1,2613,1.92.142,100,1,92,5,1,𘁀,𘜦,,1.29.1301,4,1,,,,,,,
𗩀,U+17A40,,4.442.1,2744/50,?,L3302,L3302,S3425,,2286,24A78,Ⅴ,69,2,23B27,Ⅴ,56,2,2614,1.92.151,100,1,92,5,2,𘁀,𘜦,,1.29.1302,4,2,,,,,,,
𘝚,U+1875A,,8.487.4,9121/17,K5688,L5817,L5817,S1726,280-041,2287,24B11,Ⅴ,69,3,23B28,Ⅴ,56,3,2615,1.92.152,100,1,92,5,3,𘁀,𘜦,,1.29.1303,4,3,,,,,,,
𗝸,U+17778,,3.169.1,5055/40,K0367,L4402,L4402,S0984,,2288,24B12,Ⅴ,70,1,23B31,Ⅴ,57,1,3603,,37,2,33,,,,,,2.10.1103,6,1,,,,,,,
𗞝,U+1779D,,3.188.3,5021/24,K4805,L4115,L4115,S0681,017-131,2289,24B13,Ⅴ,70,2,23B32,Ⅴ,57,2,3604,,37,2,33,,,,,,2.10.1104,6,2,,,,,,,
𗋰,U+172F0,,1.639.2,2224/90,K2727,L2432,L2432,S4300,,2290,24B14,Ⅴ,70,3,23B33,Ⅴ,57,3,3605,,37,2,33,,,,,,2.10.1105,6,3,,,,,,,
𘇼,U+181FC,,7.583.1,1240/80,K0170,L0532,L0532,S5139,,2291,24B15,Ⅴ,70,4,23B38,Ⅴ,57,8,3606,,37,2,33,,,,,,2.10.1106,6,4,,,,,,,
𘆚,U+1819A,,6.422.3,5704/10,K2532,L5938,L5938,S5337,070-061,2292,24B16,Ⅴ,70,5,23B37,Ⅴ,57,7,3607,,37,2,33,,,,,,2.10.1107,6,5,,,,,,,
𗭇,U+17B47,,3.398.1,3124/22,K3579,L3861,L3861,S2978,105-051,2293,24B17,Ⅴ,70,6,23B41,Ⅴ,57,9,3608,,37,2,33,,,,,,2.10.1108,6,6,,,,,,,
𗃩,U+170E9,,1.168.3,2171/41,K5303,L2319,L2319,S4113,180-091,2294,24B18,Ⅴ,70,7,23B35,Ⅴ,57,5,3609,,37,2,33,,,,,,2.10.1109,6,7,,,,,,,
𗭏,U+17B4F,,3.410.1,3122/24,K0217,L3857,L3857,S2995,,2295,24B21,Ⅴ,70,8,23B42,Ⅴ,57,10,3610,,37,2,33,,,,,,2.10.1110,6,8,,,,,,,
𘚣,U+186A3,,8.352.1,1125/45,K1273,L0237,L0237,S0467,262-081,2296,24B22,Ⅴ,70,9,23B43,Ⅴ,57,11,3611,,37,2,33,,,,,,2.10.1111,6,9,,,,,,,
𘆙,U+18199,,6.422.2,5702/15,K1234,L5934,L5934,S5335,,2297,24B23,Ⅴ,70,10,23B36,Ⅴ,57,6,,,37,2,33,,,,,,,,,,,,,,,
𗊠,U+172A0,,1.582.1,2822/20,K1022,L3534,L3534,S4226,181-066,2298,24B24,Ⅴ,71,1,23B34,Ⅴ,57,4,1335,1.47.231,37,1,36,2,2,𘞮,𗥫,,1.16.1508,9,2,,,,,,,
𘆽,U+181BD,,6.455.2,1724/50,K3462,L1115,L1115,S5240,080-071,2299,24B25,Ⅴ,71,2,23B44,Ⅴ,58,1,1336,1.47.232,37,1,36,2,3,𘞮,𗥫,,1.16.1509,9,3,,,,,,,
𗳋,U+17CCB,,2.543.3,1124/22,K2386,L0471,L0471,S5266,,2300,24B26,Ⅴ,71,3,23B45,Ⅴ,58,2,1337,1.47.241,37,1,36,2,4,𘞮,𗥫,,1.16.1601,9,4,,,,,,,
𗽲,U+17F72,,5.462.2,2141/75,K4313,L2181,L2181,S4053,210-111,2301,24B27,Ⅴ,71,4,23B46,Ⅴ,58,3,1338,1.47.242,37,1,36,2,5,𘞮,𗥫,,1.16.1602,9,5,,,,,,,
𗲔,U+17C94,,3.638.1,1744/00,K3270,L1302,L1302,S4949,026-104,2302,24B28,Ⅴ,72,1,23B53,Ⅴ,59,5,2314,1.80.261,80,1,75,5,3,𘑗,𘈨,,1.25.2507,3,13,,,,,,,
𗲂,U+17C82,,3.626.1,1742/20,K0568,L1228,L1228,S4947,,2303,24B31,Ⅴ,72,2,23B54,Ⅴ,59,6,2315,1.80.262,80,1,75,5,4,𘑗,𘈨,,1.25.2601,3,14,,,,,,,
𗼶,U+17F36,,5.404.1,2745/00,K0389,L3362,L3362,S4036,,2304,24B32,Ⅴ,72,3,23B51,Ⅴ,59,3,2316,1.80.271,80,1,75,5,5,𘑗,𘈨,,1.25.2602,3,15,,,,,,,
𘖾,U+185BE,,8.198.1,8022/20,K1712,L4745,L4745,S2574,028-121,2305,24B33,Ⅴ,72,4,23B52,Ⅴ,59,4,2317,1.80.272,80,1,75,5,6,𘑗,𘈨,,1.25.2603,3,16,,,,,,,
𗚊,U+1768A,,8.450.1,5042/00,K0176,L4278,L4278,S0883,017-054,2306,24B34,Ⅴ,72,5,23B47,Ⅴ,59,1,2318,1.81.111,80,1,75,5,7,𘑗,𘈨,,1.25.2604,3,17,,,,,,,
𘜮,U+1872E,,8.451.1,5844/22,K2442,L4466,L4466,S0872,,2307,24B35,Ⅴ,72,6,23B48,Ⅴ,59,2,2319,1.81.112,80,1,75,5,8,𘑗,𘈨,,1.25.2701,3,18,,,,,,,
𘗻,U+185FB,,8.248.2,1470/47,K0304,L0834,L0834,S4543,,2308,24B36,Ⅴ,73,1,23B55,Ⅴ,60,1,1729,1.60.131,56,1,54,6,1,𗝎,𘔞,,1.19.2706,6,1,,,,,,,
𗇞,U+171DE,,8.248.1,1772/40,K1435,L1501,L1501,S4541,,2309,24B37,Ⅴ,73,2,23B56,Ⅴ,60,2,1730,1.60.132,56,1,54,6,2,𗝎,𘔞,,1.19.2707,6,2,,,,,,,
𗥴,U+17974,,4.250.1,2742/74,K1436,L3262,L3262,S3835,204-07zd,2310,24B38,Ⅴ,73,3,23B57,Ⅴ,60,3,1731,1.60.141,56,1,54,6,3,𗝎,𘔞,,1.19.2708,6,3,,,,,,,
𗡁,U+17841,,3.279.3,7724/44,K3437,L4619,L4619,S0536,255-093,2311,24B41,Ⅴ,74,1,23B58,Ⅴ,61,1,4234,,67,2,57,,,,,,2.14.1510,3,1,,,,,,,
𘉰,U+18270,,7.094.1,2321/40,K4493,L2580,L2580,S3169,243-043,2312,24B42,Ⅴ,74,2,23B61,Ⅴ,61,2,4235,,67,2,57,,,,,,2.14.1511,3,2,,,,,,,
𗤥,U+17925,,4.135.3,2942/20,K0879,L3787,L3787,S3571,204-06o,2313,24B43,Ⅴ,75,1,23B62,Ⅴ,62,1,2051,1.71.121,67,1,64,8,2,𗒤,𘕥,,1.22.2701,8,2,,,,,,,
𗢓,U+17893,,3.350.4,2122/22,K1708,L2026,L2026,S5580,,2314,24B44,Ⅴ,75,2,23B63,Ⅴ,62,2,2052,1.71.122,67,1,64,8,3,𗒤,𘕥,,1.22.2702,8,3,,,,,,,
𗰵,U+17C35,,3.564.3,1149/20,K0709,L0336,L0336,S4700,,2315,24B45,Ⅴ,76,1,23B66,Ⅴ,63,3,36,1.06.141,1,1,1,9,1,𘖢,𗫐,,1.04.2706,10,1,,,,,,,
𗨣,U+17A23,,4.417.1,2341/44,K5130,L2624,L2624,S3844,,2316,24B46,Ⅴ,76,2,23B68,Ⅴ,63,5,37,1.06.142,1,1,1,9,2,𘖢,𗫐,,1.04.2707,10,2,,,,,,,
𗰱,U+17C31,,3.562.2,1341/24,K5129,L0678,L0678,S4704,190-051,2317,24B47,Ⅴ,76,3,23B64,Ⅴ,63,1,38,1.06.151,1,1,1,9,3,𘖢,𗫐,,1.04.2708,10,3,,,,,,,
𗜇,U+17707,,3.100.1,5041/24,K5131,L4242,L4242,S0940,017-10o,2318,24B48,Ⅴ,76,4,23B67,Ⅴ,63,4,39,1.06.152,1,1,1,9,4,𘖢,𗫐,,1.05.1101,10,4,,,,,,,
𗰴,U+17C34,,3.564.2,1841/22,K5356,L1688,L1688,S4703,,2319,24B51,Ⅴ,76,5,23B65,Ⅴ,63,2,40,1.06.153,1,1,1,9,5,𘖢,𗫐,,1.05.1102,10,5,,,,,,,
𘓶,U+184F6,,8.015.2,1722/48,K0190,L1042,L1042,S0462,261-081,2320,24B52,Ⅴ,77,1,23B71,Ⅴ,64,1,4092,,62,2,52,,,,,,2.13.1609,2,1,,,,,,,
𘍙,U+18359,,7.263.3,8821/54,K5166,L5699,L5699,S2337,,2321,24B53,Ⅴ,77,2,23B72,Ⅴ,64,2,4093,,62,2,52,,,,,,2.13.1610,2,2,,,,,,,
𗥍,U+1794D,,4.198.2,2149/00,K0747,L2296,L2296,S3493,,2322,24B54,Ⅴ,77,3,23B73,Ⅴ,65,1,4094,,62,2,52,,,,,,2.13.1611,2,3,,,,,,,
𗝟,U+1775F,,3.152.5,5049/00,K0748,L4382,L4382,S0859,,2323,24B55,Ⅴ,77,4,23B75,Ⅴ,65,3,4095,,62,2,52,,,,,,2.13.1612,2,4,,,,,,,
𗂫,U+170AB,,1.127.3,2705/44,K1510,L2986,L2986,S1577,,2324,24B56,Ⅴ,77,5,28B42,Ⅴ,D,138,,,62,2,52,,,,,,,,,,,,,,,
𗥵,U+17975,,4.251.2,2744/42,K0397,L3341,L3341,S3843,204-08zp,2325,24B57,Ⅴ,78,1,23B78,Ⅴ,66,3,3349,,28,2,25,,,,,,2.08.1308,6,1,,,,,,,
𗇟,U+171DF,,1.436.2,1744/20,K0396,L1335,L1335,S4697,009-061,2326,24B58,Ⅴ,78,2,23B76,Ⅴ,66,1,3350,,28,2,25,,,,,,2.08.1309,6,2,,,,,,,
𗇧,U+171E7,,1.439.2,1741/20,K4798,L1179,L1179,S4698,,2327,24B61,Ⅴ,78,3,23B77,Ⅴ,66,2,3351,,28,2,25,,,,,,2.08.1310,6,3,,,,,,,
𘖄,U+18584,,1.434.1,8141/00,K4844,L5161,L5161,S2357,,2328,24B62,Ⅴ,79,1,24A11,Ⅴ,66,4,910,1.34.142,28,1,27,9,1,𗝎,𗃞,,1.12.2109,5,1,,,,,,,
𗠎,U+1780E,,3.256.2,7121/40,K4849,L4509,L4509,S0498,,2329,24B63,Ⅴ,79,2,24A12,Ⅴ,66,5,911,1.34.151,28,1,27,9,2,𗝎,𗃞,,1.12.2110,5,2,,,,,,,
𗡭,U+1786D,,3.314.3,1144/00,K2430,L0347,L0347,S1170,,2330,24B64,Ⅴ,79,3,24A13,Ⅴ,66,6,912,1.34.152,28,1,27,9,3,𗝎,𗃞,,1.12.2111,5,3,,,,,,,
𗤫,U+1792B,,4.147.1,2842/20,K1025,L3622,L3622,S3695,204-069,2331,24B65,Ⅴ,80,1,24A14,Ⅴ,67,1,4715,,100,2,85,,,,,,2.17.2507,1,11,,,,,,,
𗳄,U+17CC4,,3.663.1,1491/42,K3991,L0842,L0842,S5284,050-061,2332,24B66,Ⅴ,80,2,24A16,Ⅴ,67,3,4716,,100,2,85,,,,,,2.17.2508,1,12,,,,,,,
𗁙,U+17059,,1.062.2,2202/42,?,L2941A,?,?,,2333,24B67,Ⅴ,80,3,24A17,Ⅴ,67,4,4717,,100,2,85,,,,,,2.17.2509,1,13,,,,,,,
𗊾,U+172BE,,1.603.1,2121/22,K3865,L1994,L1994,S4144,,2334,24B68,Ⅴ,80,4,24A18,Ⅴ,67,5,4718,,100,2,85,,,,,,2.17.2510,1,14,,,,,,,
𗨊,U+17A0A,,4.399.1,2841/24,K4031,L3582,L3582,S3611,204-09f,2335,24B71,Ⅴ,80,5,27B36,Ⅴ,D,22,4719,,100,2,85,,,,,,2.17.2601,1,15,,,,,,,
𗤏,U+1790F,,4.112.2,2341/22,K5036,L2609,L2609,S3540,205-054,2336,24B72,Ⅴ,80,6,24A15,Ⅴ,67,2,4720,,100,2,85,,,,,,2.17.2602,1,16,,,,,,,
𗠧,U+17827,,3.266.1,7525/47,K1504,L4589,L4589,S0543,255-07a,2337,24B73,Ⅴ,81,1,24A21,Ⅴ,68,1,4315,,72,2,61,,,,,,2.14.2605,11,6,,,,,,,
𗠘,U+17818,,3.259.2,7922/44,K1430,L4668,L4668,S0500,,2338,24B74,Ⅴ,81,2,24A22,Ⅴ,68,2,4316,,72,2,61,,,,,,2.14.2606,11,7,,,,,,,
𗌇,U+17307,,1.668.1,2824/22,K2459,L3549,L3549,S4187,,2339,24B75,Ⅴ,81,3,24A24,Ⅴ,68,4,4317,,72,2,61,,,,,,2.14.2607,11,8,,,,,,,
𗄡,U+17121,,1.204.2,7122/20,K1889,L4529,L4529,S0291,,2340,24B76,Ⅴ,81,4,24A23,Ⅴ,68,3,4318,,72,2,61,,,,,,2.14.2608,11,9,,,,,,,
𗎉,U+17389,,2.083.1,4274/20,K3603,L4042,L4042,S0609,,2341,24B77,Ⅴ,81,5,27A28,Ⅴ,176,1,4320,,72,2,61,,,,,,2.14.2610,11,11,,,,,,,
𗎐,U+17390,,2.087.2,4274/72,K3627,L4043,L4043,S0611,085-073,2342,24B78,Ⅴ,81,6,27A31,Ⅴ,176,2,4319,,72,2,61,,,,,,2.14.2609,11,10,,,,,,,
𗪾,U+17ABE,,4.533.1,2344/22,K2951,L2668,L2668,S3580,204-12a,2343,25A11,Ⅴ,82,1,24A25,Ⅴ,69,1,1835,1.63.241,61,1,58,3,4,𗷯,𗱸,平,1.20.2609,4,4,,,,,,,
𗏡,U+173E1,,2.164.1,2244/41,K2677,L2503,L2503,S5608,202-084,2344,25A12,Ⅴ,82,2,24A26,Ⅴ,69,2,1836,1.63.242,61,1,58,3,5,𗷯,𗱸,平,1.20.2701,4,5,,,,,,,
𗩒,U+17A52,,4.446.2,2741/24,K4606,L3132,L3132,S3527,204-10u,2345,25A13,Ⅴ,83,1,24A27,Ⅴ,70,1,2407,1.84.171,85,1,80,5,2,𗾂,𘖟,,1.26.2703,4,2,,,,,,,
𗂒,U+17092,,1.103.2,2801/27,K5686,L3462,L3462,S1239,039-11b,2346,25A14,Ⅴ,83,2,24A28,Ⅴ,70,2,2408,1.84.172,85,1,80,5,3,𗾂,𘖟,,1.26.2704,4,3,,,,,,,
𗯷,U+17BF7,,3.503.3,8844/22,K2099,L5762,L5762,S2825,194-066,2347,25A15,Ⅴ,84,1,24A33,Ⅴ,71,3,1989,1.68.262,65,1,62,3,2,𘀠,𘏩,平,1.22.1506,3,2,,,,,,,
𘇦,U+181E6,,6.484.2,1752/22,K1539,L1446,L1446,S5063,063-081,2348,25A16,Ⅴ,84,2,24A34,Ⅴ,71,4,1990,1.68.271,65,1,62,3,3,𘀠,𘏩,平,1.22.1507,3,3,,,,,,,
𘏢,U+183E2,,7.379.1,8141/21,K5496,L5177,L5177,S2649,,2349,25A17,Ⅴ,85,1,24A32,Ⅴ,71,2,4189,,65,2,55,,,,,,2.14.1111,3,8,,,,,,,
𗢾,U+178BE,,4.026.5,2341/00,K4483,L2602,L2602,S3728,,2350,25A18,Ⅴ,85,2,24A31,Ⅴ,71,1,4190,,65,2,55,,,,,,2.14.1112,3,9,,,,,,,
𗨵,U+17A35,,4.428.2,2341/21,K5510,L2607,L2607,S3784,204-09zl,2351,25A21,Ⅴ,86,1,24A35,Ⅴ,72,1,2207,1.76.252,72,1,69,10,6,𗱙,𘚽,,1.24.2307,10,6,,,,,,,
𗦞,U+1799E,,4.290.1,2344/22,K2193,L2663,L2663,S3396,204-08zb,2352,25A22,Ⅴ,86,2,24A36,Ⅴ,72,2,2208,1.76.261,72,1,69,10,7,𗱙,𘚽,,1.24.2308,10,7,,,,,,,
𗮿,U+17BBF,,3.468.4,8121/70,K5673,L5107,L5107,S2287,269-091,2353,25A23,Ⅴ,86,3,24A37,Ⅴ,72,3,2209,1.76.262,72,1,69,10,8,𗱙,𘚽,,1.24.2401,10,8,,,,,,,
𗥜,U+1795C,,4.220.1,2341/21,K5512,L2606,L2606,S3714,204-07x,2354,25A24,Ⅴ,87,1,24A41,Ⅴ,73,1,2159,1.75.111,71,1,68,7,2,𗏡,𗻲,,1.24.1401,4,6,,,,,,,
𘃫,U+180EB,,6.265.1,8221/22,K4247,L5261,L5261,S2416,056-091,2355,25A25,Ⅴ,87,2,24A42,Ⅴ,73,2,2160,1.75.112,71,1,68,7,3,𗏡,𗻲,,1.24.1402,4,7,,,,,,,
𗣛,U+178DB,,4.047.1,2141/20,K5424,L2074,L2074,S3355,204-05l,2356,25A26,Ⅴ,88,1,24A43,Ⅴ,74,1,1507,1.53.113,44,1,43,5,1,𗾂,𗼸,,1.17.2605,4,3,,,,,,,
𗽚,U+17F5A,,5.446.2,2441/25,K3763,L2773,L2773,S3993,,2357,25A27,Ⅴ,88,2,24A45,Ⅴ,74,3,1508,1.53.121,44,1,43,5,2,𗾂,𗼸,,1.17.2606,4,4,,,,,,,
𘘛,U+1861B,,8.274.1,1121/22,K5406,L0171,L0171,S4855,289-051,2358,25A28,Ⅴ,88,3,24A44,Ⅴ,74,2,1509,1.53.122,44,1,43,5,3,𗾂,𗼸,,1.17.2607,4,5,,,,,,,
𗥺,U+1797A,,4.254.1,2742/24,K3674,L3229,L3229,S3912,204-07m,2359,25A31,Ⅴ,89,1,24A46,Ⅴ,75,1,1140,1.41.151,32,1,31,7,4,𗑾,𗽍,,1.14.2201,6,4,,,,,,,
𗍞,U+1735E,,2.045.1,1549/40,K0671,L0885,L0885,S0652,098-131,2360,25A32,Ⅴ,89,2,24A47,Ⅴ,75,2,1141,1.41.152,32,1,31,7,5,𗑾,𗽍,,1.14.2202,6,5,,,,,,,
𘗖,U+185D6,,8.218.1,8724/50,K2496,L5569,L5569,S2441,083-062,2361,25A33,Ⅴ,90,1,24A51,Ⅴ,76,2,1414,1.50.141,40,1,39,5,2,𘖮,𘅡,,1.17.1108,4,4,,,,,,,
𗦅,U+17985,,4.265.2,2441/75,K3794,L2802,L2802,S3774,,2362,25A34,Ⅴ,90,2,24A48,Ⅴ,76,1,1415,1.50.142,40,1,39,5,3,𘖮,𘅡,,1.17.1109,4,5,,,,,,,
𗟔,U+177D4,,3.208.3,5041/21,K5509,L4233,L4233,S0683,017-171,2363,25A35,Ⅴ,91,1,24A52,Ⅴ,77,1,1616,1.56.163,51,1,49,7,1,𘎫,𗏟,,1.18.2703,7,1,,,,,,,
𗁀,U+17040,,1.048.1,2702/44,K1770,L2946,L2946,S1590,039-071,2364,25A36,Ⅴ,91,2,24A53,Ⅴ,77,2,1617,1.56.171,51,1,49,7,2,𘎫,𗏟,,1.18.2704,7,2,,,,,,,
𗂀,U+17080,,1.090.1,2505/47,K1495,L2839,L2839,S1587,039-118,2365,25A37,Ⅴ,91,3,24A54,Ⅴ,77,3,1618,1.56.172,51,1,49,7,3,𘎫,𗳩,,1.18.2705,7,3,,,,,,,
𗛿,U+176FF,,3.097.2,5042/00,K1616,L4282,L4282,S0777,,2366,25A38,Ⅴ,92,1,24A57,Ⅴ,78,3,2246,1.78.141,74,1,71,1,5,𗹡,𘇣,,1.25.1106,1,5,,,,,,,
𗞟,U+1779F,,3.192.2,5042/40,K1617,L4300,L4300,S0726,017-137,2367,25A41,Ⅴ,92,2,24A56,Ⅴ,78,2,2247,1.78.142,74,1,71,1,6,𗹡,𘇣,,1.25.1201,1,6,,,,,,,
𗕖,U+17556,,2.433.2,1740/00,K5738,L1150,L1150,S4388,010-103,2368,25A42,Ⅴ,92,3,24A58,Ⅴ,78,4,2248,1.78.151,74,1,71,1,7,𗹡,𘇣,,1.25.1202,1,7,,,,,,,
𘜚,U+1871A,,8.443.1,1524/20,K2268,L0851,L0851,S4903,,2369,25A43,Ⅴ,92,4,24A55,Ⅴ,78,1,2249,1.78.152,74,1,71,1,8,𗹡,𘇣,,1.25.1203,1,8,,,,,,,
𗠏,U+1780F,,3.256.3,7722/47,K1641,L4608,L4608,S0537,255-058,2370,25A44,Ⅴ,93,1,24A62,Ⅴ,79,2,3946,,54,2,45,,,,,,2.12.1705,4,1,,,,,,,
𘖩,U+185A9,,8.192.1,8022/47,K1643,L4787,L4787,S2554,028-091,2371,25A45,Ⅴ,93,2,24A65,Ⅴ,79,5,3947,,54,2,45,,,,,,2.12.1706,4,2,,,,,,,
𘚮,U+186AE,,8.355.1,2354/52,K2054,L2690,L2690,S1330,315-061,2372,25A46,Ⅴ,93,3,24A64,Ⅴ,79,4,3948,,54,2,45,,,,,,2.12.1707,4,3,,,,,,,
𘚵,U+186B5,,8.356.3,2851/54,K5153,L3724,L3724,S1332,,2373,25A47,Ⅴ,93,4,24A63,Ⅴ,79,3,,,54,2,45,,,,,,,,,,,,,,,
𗄣,U+17123,,1.204.4,7122/72,K1689,L4538,L4538,S0284,,2374,25A48,Ⅴ,93,5,24A61,Ⅴ,79,1,3949,,54,2,45,,,,,,2.12.1708,4,4,,,,,,,
𘌉,U+18309,,7.215.1,9224/22,K2598,L5866,L5866,S1690,139-052,2375,25A51,Ⅴ,94,1,24A72,Ⅴ,80,5,1640,1.57.131,51,1,49,14,2,𗾂,𗰦,,1.19.1303,12,2,,,,,,,
𘝻,U+1877B,,8.518.1,1722/40,K3675,L1034,L1034,S4547,009-073,2376,25A52,Ⅴ,94,2,24A66,Ⅴ,80,1,1641,1.57.132,51,1,49,14,3,𗾂,𗰦,,1.19.1304,12,3,,,,,,,
𘝼,U+1877C,,8.519.1,1721/47,K5636,L0977,L0977,S4548,,2377,25A53,Ⅴ,94,3,24A68,Ⅴ,80,3,1642,1.57.133,51,1,49,14,4,𗾂,𗰦,,1.19.1305,12,4,,,,,,,
𘝽,U+1877D,,8.520.1,1224/42,K3522,L0511,L0511,S4549,,2378,25A54,Ⅴ,94,4,24A67,Ⅴ,80,2,,,51,1,49,,,,,,,,,,,,,,,
𗛀,U+176C0,,3.072.1,5022/47,K1642,L4160,L4160,S0701,,2379,25A55,Ⅴ,94,5,24A71,Ⅴ,80,4,1643,1.57.141,51,1,49,14,5,𗾂,𗰦,,1.19.1306,12,5,,,,,,,
𗞚,U+1779A,,3.187.1,5041/41,K5310,L4264,L4264,S0954,,2380,25A56,Ⅴ,95,1,24A73,Ⅴ,81,1,1391,1.49.172,39,1,38,2,1,𘐅,𘏡,,1.16.2508,1,5,,,,,,,
𗟂,U+177C2,,3.202.2,5041/40,K4207,L4255,L4255,S0957,017-12f,2381,25A57,Ⅴ,95,2,24A74,Ⅴ,81,2,1392,1.49.211,39,1,38,2,2,𘐅,𘏡,,1.16.2601,1,6,,,,,,,
𗖆,U+17586,,2.470.1,1872/24,K1892,L1819,L1819,S4624,,2382,25A58,Ⅴ,95,3,24A76,Ⅴ,81,4,1393,1.49.212,39,1,38,2,3,𘐅,𘏡,,1.16.2602,1,7,,,,,,,
𗱒,U+17C52,,3.590.2,1721/00,K5440,L0914,L0914,S4883,026-052,2383,25A61,Ⅴ,95,4,24A75,Ⅴ,81,3,1394,1.49.213,39,1,38,2,4,𘐅,𘏡,,1.16.2603,1,8,,,,,,,
𗯖,U+17BD6,,3.474.2,9151/41,K5292,L5841,L5841,S1673,088-051,2384,25A62,Ⅴ,96,1,24A77,Ⅴ,82,1,4080,,61,2,51,,,,,,2.13.1508,4,6,,,,,,,
𘖵,U+185B5,,8.195.3,8051/41,K5293,L5019,L5019,S2569,028-082,2385,25A63,Ⅴ,96,2,24A78,Ⅴ,82,2,4081,,61,2,51,,,,,,2.13.1509,4,7,,,,,,,
𘔶,U+18536,,8.076.2,2141/40,K5265,L2141,L2141,S5779,216-071,2386,25A64,Ⅴ,96,3,24B11,Ⅴ,82,3,4082,,61,2,51,,,,,,2.13.1510,4,8,,,,,,,
𘇷,U+181F7,,6.491.2,1471/42,K3885,L0840,L0840,S5105,,2387,25A65,Ⅴ,96,4,24B12,Ⅴ,82,4,,,61,2,51,,,,,,,,,,,,,,,
𗝪,U+1776A,,3.165.1,5074/42,K3248,L4418,L4418,S0763,,2388,25A66,Ⅴ,97,1,24B22,Ⅴ,84,2,821,1.31.152,25,1,24,5,1,𗾂,𗤕,,1.11.2705,3,1,,,,,,,
𘈗,U+18217,,7.014.1,1441/20,K3722,L0787,L0787,S0048,,2389,25A67,Ⅴ,97,2,24B23,Ⅴ,84,3,822,1.31.161,25,1,24,5,2,𗾂,𗤕,,1.11.2706,3,2,,,,,,,
𘑫,U+1846B,,7.481.1,1151/50,K4304,L0404,L0404,S4503,128-031,2390,25A68,Ⅴ,97,3,24B21,Ⅴ,84,1,823,1.31.162,25,1,24,5,3,𗾂,𗤕,,1.11.2707,3,3,,,,,,,
𗎡,U+173A1,,2.100.1,1441/22,K4017,L0798,L0798,S1157,,2391,25A71,Ⅴ,98,1,24B24,Ⅴ,85,1,2803,,4,2,4,,,,,,2.03.2208,1,6,,,,,,,
𗎛,U+1739B,,2.098.2,1142/22,K0999,L0328,L0328,S1154,186-052,2392,25A72,Ⅴ,98,2,24B26,Ⅴ,85,3,2804,,4,2,4,,,,,,2.03.2209,1,7,,,,,,,
𗎜,U+1739C,,2.098.3,1244/20,K3508,L0566,L0566,S1165,186-062,2393,25A73,Ⅴ,98,3,24B25,Ⅴ,85,2,,,4,2,4,,,,,,,,,,,,,,,
𘕗,U+18557,,8.106.1,9724/20,K2538,L5930,L5930,S1723,,2394,25A74,Ⅴ,98,4,27A54,Ⅴ,184,2,,,4,2,4,,,,,,,,,,,,,,,
𗽽,U+17F7D,,5.393.1,2340/00,K2267,L2598,L2598,S4057,,2395,25A75,Ⅴ,99,1,24B27,Ⅴ,85,4,176,1.10.212,4,1,4,2,1,𗃞,𘅰,,1.06.1503,2,1,,,,,,,
𗾂,U+17F82,,5.394.4,2340/00,K2408,L2599,L2599,S4060,033-101,2396,25A76,Ⅴ,99,2,24B28,Ⅴ,85,5,177,1.10.221,4,1,4,2,2,𗃞,𘅰,,1.06.1504,2,2,,,,,,,
𗿻,U+17FFB,,6.095.2,2144/40,?,L2267,L2267,S5761,211-141,2397,25A77,Ⅴ,99,3,24B32,Ⅴ,85,7,178,1.10.222,4,1,4,2,3,𗃞,𘅰,,1.06.1505,2,3,,,,,,,
𗚳,U+176B3,,3.066.2,5041/00,K4112,L4219,L4219,S0943,,2398,25A78,Ⅴ,99,4,24B31,Ⅴ,85,6,179,1.10.223,4,1,4,2,4,𗃞,𘅰,,1.06.1506,2,4,,,,,,,
𗁝,U+1705D,,1.064.1,2101/40,K4349,L1920,L1920,S1540,039-082,2399,25B11,Ⅴ,100,1,24B34,Ⅴ,86,2,1548,1.54.152,46,1,45,2,1,𗗇,𘝖,,1.18.1505,2,1,,,,,,,
𗛪,U+176EA,,3.088.2,5021/40,K4350,L4124,L4124,S0735,017-09j,2400,25B12,Ⅴ,100,2,24B33,Ⅴ,86,1,1549,1.54.153,46,1,45,2,2,𗗇,𘝖,,1.18.1506,2,2,,,,,,,
𘌊,U+1830A,,7.216.1,9321/20,K2948,L5888,L5888,S1700,,2401,25B13,Ⅴ,100,3,24B35,Ⅴ,86,3,1550,1.54.161,46,1,45,2,3,𗗇,𘝖,,1.18.1507,2,3,,,,,,,
𘉲,U+18272,,7.096.1,2724/40,K3149,L3062,L3062,S3175,243-041,2402,25B14,Ⅴ,101,1,24B36,Ⅴ,87,1,3779,,46,2,40,,,,,,2.11.1509,2,1,,,,,,,
𗳼,U+17CFC,,3.698.1,1151/40,K4351,L0397,L0397,S5429,074-081,2403,25B15,Ⅴ,101,2,24B37,Ⅴ,87,2,3780,,46,2,40,,,,,,2.11.1510,2,2,,,,,,,
𗕢,U+17562,,2.438.1,1724/00,K3380,L1062,L1062,S4328,010-108,2404,25B16,Ⅴ,102,1,24B41,Ⅴ,88,2,3418,,31,2,28,,,,,,2.08.2306,5,2,,,,,,,
𗕑,U+17551,,2.425.2,1721/40,K4098,L0966,L0966,S4329,010-072,2405,25B17,Ⅴ,102,2,24B38,Ⅴ,88,1,3419,,31,2,28,,,,,,2.08.2307,5,3,,,,,,,
𘓅,U+184C5,,7.568.1,5871/52,K5355,L4463,L4463,S5128,164-063,2406,25B18,Ⅴ,102,3,24B42,Ⅴ,88,3,3420,,31,2,28,,,,,,2.08.2308,5,4,,,,,,,
𗭖,U+17B56,,3.415.2,3825/25,K1303,L3994,L3994,S2987,,2407,25B21,Ⅴ,102,4,24B44,Ⅴ,89,2,,,31,2,28,,,,,,,,,,,,,,,
𗭒,U+17B52,,3.410.4,3824/20,K3225,L3990,L3990,S2989,105-062,2408,25B22,Ⅴ,103,1,24B43,Ⅴ,89,1,1057,1.38.232,31,1,30,11,1,𗯴,𗜉,,1.13.2504,10,1,,,,,,,
𗒭,U+174AD,,2.295.2,8021/50,K4504,L4731,L4731,S1878,,2409,25B23,Ⅴ,103,2,24B45,Ⅴ,89,3,1058,1.38.241,31,1,30,11,2,𗯴,𗜉,,1.13.2505,10,2,,,,,,,
𘚍,U+1868D,,8.342.1,5141/20,K5429,L4430,L4430,S0869,1.70E-51,2410,25B24,Ⅴ,103,3,24B46,Ⅴ,89,4,1059,1.38.242,31,1,30,11,3,𗯴,𗜉,,1.13.2506,10,3,,,,,,,
𗰥,U+17C25,,3.558.2,1824/24,K3260,L1649,L1649,S4488,,2411,25B25,Ⅴ,104,1,24B47,Ⅴ,90,1,611,1.24.222,17,1,17,20,1,𗝎,𗂐,,1.10.2106,17,1,,,,,,,
𗈲,U+17232,,1.501.2,5401/40,K4195,L5911,L5911,S5491,087-071,2412,25B26,Ⅴ,104,2,24B48,Ⅴ,90,2,612,1.24.231,17,1,17,20,2,𗝎,𗂐,,1.10.2107,17,2,,,,,,,
𗈭,U+1722D,,1.497.1,5101/21,K5463,L5835,L5835,S5474,,2413,25B27,Ⅴ,104,3,24B51,Ⅴ,90,3,,,17,1,17,,,,,,,,,,,,,,,
𗱼,U+17C7C,,6.410.2,1721/25,K4297,L0961,L0961,S5060,,2414,25B28,Ⅴ,104,4,24B53,Ⅴ,91,2,613,1.24.232,17,1,17,20,3,𗝎,𗂐,,1.10.2108,17,3,,,,,,,
𗇈,U+171C8,,1.414.2,2421/40,K4163,L2730,L2730,S3103,043-071,2415,25B31,Ⅴ,105,1,24B55,Ⅴ,91,4,3156,,17,2,14,,,,,,2.06.2107,11,1,,,,,,,
𗻣,U+17EE3,,5.332.4,2441/44,K4164,L2793,L2793,S3251,,2416,25B32,Ⅴ,105,2,24B56,Ⅴ,91,5,3157,,17,2,14,,,,,,2.06.2201,11,2,,,,,,,
𗇉,U+171C9,,1.415.1,2224/72,K3505,L2431,L2431,S3102,043-111,2417,25B33,Ⅴ,105,3,24B54,Ⅴ,91,3,3158,,17,2,14,,,,,,2.06.2202,11,3,,,,,,,
𗽧,U+17F67,,5.453.2,2441/22,K3850,L2758,L2758,S4050,,2418,25B34,Ⅴ,105,4,24B52,Ⅴ,91,1,3159,,17,2,14,,,,,,2.06.2203,11,4,,,,,,,
𘅧,U+18167,,6.383.1,1244/22,K2749,L0576,L0576,S4752,230-091,2419,25B35,Ⅴ,106,1,24B57,Ⅴ,92,1,413,1.18.161,11,1,11,18,2,𗿬,𘏽,,1.08.2406,17,2,,,,,,,
𗫿,U+17AFF,,4.605.2,2740/00,K5751,L3096,L3096,S3846,276-053,2420,25B36,Ⅴ,106,2,24B58,Ⅴ,92,2,414,1.18.162,11,1,11,18,3,𗿬,𘏽,,1.08.2407,17,3,,,,,,,
𘖜,U+1859C,,8.187.2,8050/00,K0017,L5015,L5015,S2550,028-052,2421,25B37,Ⅴ,106,3,24B61,Ⅴ,92,3,415,1.18.171,11,1,11,18,4,𗿬,𘏽,,1.08.2408,17,4,,,,,,,
𗾎,U+17F8E,,6.009.1,2742/40,K1888,L3243,L3243,S5746,,2422,25B38,Ⅴ,106,4,24B62,Ⅴ,92,4,416,1.18.172,11,1,11,18,5,𗿬,𘏽,,1.08.2501,17,5,,,,,,,
𘖿,U+185BF,,8.198.2,8071/45,K4317,L5033,L5033,S2592,,2423,25B41,Ⅴ,107,1,24B63,Ⅴ,93,1,475,1.20.161,14,1,14,9,3,𗘼,𘁻,平,1.09.1603,9,3,,,,,,,
𘗓,U+185D3,,8.217.1,8122/52,K0984,L5131,L5131,S2432,083-052,2424,25B42,Ⅴ,107,2,24B64,Ⅴ,93,2,476,1.20.162,14,1,14,9,4,𗘼,𘁻,平,1.09.1604,9,4,,,,,,,
𘋘,U+182D8,,7.169.2,8344/42,K2232,L5401,L5401,S1929,115-062,2425,25B43,Ⅴ,108,1,24B66,Ⅴ,94,2,3894,,52,2,43,,,,,,2.12.1206,2,2,,,,,,,
𗇣,U+171E3,,1.438.2,1774/40,K2650,L1524,L1524,S4440,009-075,2426,25B44,Ⅴ,108,2,24B67,Ⅴ,94,3,3895,,52,2,43,,,,,,2.12.1207,2,3,,,,,,,
𗕻,U+1757B,,2.457.2,1771/21,K5290,L1485,L1485,S4615,,2427,25B45,Ⅴ,109,1,24B68,Ⅴ,95,1,1619,1.56.211,51,1,49,8,1,𗒯,𗏟,,1.18.2706,8,1,,,,,,,
𗕠,U+17560,,2.436.4,1721/40,K4873,L0967,L0967,S4330,,2428,25B46,Ⅴ,109,2,24B71,Ⅴ,95,2,1620,1.56.212,51,1,49,8,2,𗒯,𗏟,,1.18.2707,8,2,,,,,,,
𗐘,U+17418,,2.154.1,2724/20,K1991,L3043,L3043,S5555,032-111,2429,25B47,Ⅴ,109,3,24B72,Ⅴ,95,3,1621,1.56.213,51,1,49,8,3,𗒯,𗏟,,1.18.2708,8,3,,,,,,,
𗖠,U+175A0,,2.493.1,1772/40,K1625,L1507,L1507,S4640,182-081,2430,25B48,Ⅴ,110,1,24B73,Ⅴ,96,1,3502,,34,2,30,,,,,,2.09.1502,5,3,,,,,,,
𗓄,U+174C4,,2.313.3,8072/40,K1627,L5039,L5039,S2066,,2431,25B51,Ⅴ,110,2,24B75,Ⅴ,96,3,3503,,34,2,30,,,,,,2.09.1503,5,4,,,,,,,
𗕷,U+17577,,2.453.2,1772/00,K1644,L1492,L1492,S4654,,2432,25B52,Ⅴ,110,3,24B74,Ⅴ,96,2,3504,,34,2,30,,,,,,2.09.1504,5,5,,,,,,,
𘑪,U+1846A,,7.480.1,1154/20,K3359,L0417,L0417,S4504,128-091,2433,25B53,Ⅴ,111,1,25A11,Ⅴ,97,4,931,1.34.261,28,1,27,16,1,𗝎,𗬊,,1.12.2311,10,1,,,,,,,
𗸛,U+17E1B,,5.161.2,1441/12,K3883,L0783,L0783,S0363,,2434,25B54,Ⅴ,111,2,24B77,Ⅴ,97,2,932,1.34.262,28,1,27,16,2,𗝎,𗬊,,1.12.2401,10,2,,,,,,,
𗸕,U+17E15,,5.162.3,1041/10,K5291,L0074,L0074,S0385,278-001,2435,25B55,Ⅴ,111,3,24B76,Ⅴ,97,1,933,1.34.271,28,1,27,16,3,𗝎,𗬊,,1.12.2402,10,3,,,,,,,
𗸜,U+17E1C,,5.161.3,1842/15,?,L1705,L1705,S0338,278-081,2436,25B56,Ⅴ,111,4,24B78,Ⅴ,97,3,,,28,1,27,,,,,,,,,,,,,,,
𘑢,U+18462,,7.475.2,1341/50,K5343,L0682,L0682,S4432,240-063,2437,25B57,Ⅴ,112,1,25A14,Ⅴ,99,1,1096,1.39.252,31,1,30,19,1,𗜠,𗨥,,1.14.1302,18,1,,,,,,,
𘎣,U+183A3,,7.320.1,8742/00,K1562,L5611,L5611,S2803,236-031,2438,25B58,Ⅴ,112,2,25A21,Ⅴ,99,6,1097,1.39.261,31,1,30,19,2,𗜠,𗨥,,1.14.1303,18,2,,,,,,,
𗰸,U+17C38,,3.566.1,1151/00,K4854,L0390,L0390,S4795,058-051,2439,25B61,Ⅴ,112,3,25A24,Ⅴ,99,9,1098,1.39.262,31,1,30,20,1,𗜠,𗖶,,1.14.1304,19,1,,,,,,,
𗘂,U+17602,,2.574.1,1741/25,K4590,L1200,L1200,S5353,218-101,2440,25B62,Ⅴ,112,4,25A16,Ⅴ,99,3,1099,1.39.263,31,1,30,20,2,𗜠,𗖶,,1.14.1305,19,2,,,,,,,
𗼠,U+17F20,,5.385.1,2784/20,K3461,L3438,L3438,S3334,,2441,25B63,Ⅴ,112,5,25A22,Ⅴ,99,7,1100,1.39.271,31,1,30,20,3,𗜠,𗖶,,1.14.1306,19,3,,,,,,,
𗗰,U+175F0,,2.565.1,1244/40,K1084,L0591,L0591,S5362,218-052,2442,25B64,Ⅴ,114,1,25A17,Ⅴ,99,4,3442,,31,2,28,,,,,,2.08.2509,9,9,,,,,,,
𗗳,U+175F3,,2.566.2,1744/70,K0307,L1397,L1397,S5372,,2443,25B65,Ⅴ,114,2,25A18,Ⅴ,99,5,3443,,31,2,28,,,,,,2.08.2510,9,10,,,,,,,
𘍓,U+18353,,7.260.1,8125/52,K1151,L5154,L5154,S2336,145-052,2444,25B66,Ⅴ,114,3,25A23,Ⅴ,99,8,3444,,31,2,28,,,,,,2.08.2511,9,11,,,,,,,
𘑛,U+1845B,,7.473.1,1240/00,K0142,L0526,L0526,S4431,,2445,25B67,Ⅴ,114,4,25A15,Ⅴ,99,2,,,31,2,28,,,,,,,,,,,,,,,
𗃍,U+170CD,,1.151.3,2704/42,K2736,L2972,L2972,S1615,039-151,2446,25B68,Ⅴ,115,1,25A28,Ⅴ,100,4,571,1.23.161,17,1,17,10,2,𘖋,𗖳,,1.10.1401,9,2,,,,,,,
𗲠,U+17CA0,,3.642.2,1744/22,K2735,L1364,L1364,S4943,026-113,2447,25B71,Ⅴ,115,2,25A27,Ⅴ,100,3,572,1.23.162,17,1,17,10,3,𘖋,𗖳,,1.10.1402,9,3,,,,,,,
𗑊,U+1744A,,2.232.1,8022/24,K3669,L4759,L4759,S1843,,2448,25B72,Ⅴ,116,1,25A25,Ⅴ,100,1,3128,,17,2,14,,,,,,2.06.1409,4,6,,,,,,,
𗇱,U+171F1,,1.446.3,1741/22,K3895,L1188,L1188,S4446,,2449,25B73,Ⅴ,116,2,25A26,Ⅴ,100,2,3129,,17,2,14,,,,,,2.06.1501,4,7,,,,,,,
𗑜,U+1745C,,2.245.1,8021/24,K4337,L4690,L4690,S1892,,2450,25B74,Ⅴ,117,1,25A35,Ⅴ,101,5,201,1.11.153,5,1,5,4,2,𘐅,𗽠,,1.06.2104,4,2,,,,,,,
𗓃,U+174C3,,2.313.2,8021/24,K4341,L4692,L4692,S2057,,2451,25B75,Ⅴ,117,2,25A34,Ⅴ,101,4,202,1.11.161,5,1,5,4,3,𘐅,𗽠,,1.06.2105,4,3,,,,,,,
𘛲,U+186F2,,8.393.1,8121/24,K4560,L5083,L5083,S2514,,2452,25B76,Ⅴ,117,3,25A32,Ⅴ,101,2,203,1.11.162,5,1,5,4,4,𘐅,𗽠,,1.06.2106,4,4,,,,,,,
𘛴,U+186F4,,8.393.3,8124/22,K2630,L5138,L5138,S2508,,2453,25B77,Ⅴ,117,4,25A33,Ⅴ,101,3,204,1.11.171,5,1,5,4,5,𘐅,𗽠,,1.06.2107,4,5,,,,,,,
𘛯,U+186EF,,8.392.2,8724/20,K3413,L5551,L5551,S2513,,2454,25B78,Ⅴ,117,5,25A31,Ⅴ,101,1,205,1.11.172,5,1,5,4,6,𘐅,𗽠,,1.06.2201,4,6,,,,,,,
𘓬,U+184EC,,8.003.1,1022/40,K3659,L0036,L0036,S0452,261-001,2455,26A11,Ⅴ,118,1,25A37,Ⅴ,101,7,2823,,5,2,5,,,,,,2.03.2408,3,2,,,,,,,
𗯚,U+17BDA,,3.477.3,9852/20,K0910,L5980,L5980,?,,2456,26A12,Ⅴ,118,2,25A36,Ⅴ,101,6,2824,,5,2,5,,,,,,2.03.2409,3,3,,,,,,,
𗐪,U+1742A,,2.203.2,8022/40,K1729,L4775,L4775,S1880,008-031,2457,26A13,Ⅴ,119,1,25A41,Ⅴ,102,2,4019,,57,2,48,,,,,,2.12.2610,2,9,,,,,,,
𗑋,U+1744B,,2.232.2,8021/42,K5278,L4721,L4721,S1881,008-071,2458,26A14,Ⅴ,119,2,25A38,Ⅴ,102,1,4020,,57,2,48,,,,,,2.12.2611,2,10,,,,,,,
𗸆,U+17E06,,5.188.1,1754/50,K3019,L1467,L1467,S0374,123-071,2459,26A15,Ⅴ,120,1,25A42,Ⅴ,103,1,1774,1.61.241,58,1,56,2,1,𗒯,𗭴,,1.20.1603,2,1,,,,,,,
𘓯,U+184EF,,8.004.2,1724/42,K3147,L1105,L1105,S0464,261-041,2460,26A16,Ⅴ,120,2,25A43,Ⅴ,103,2,1775,1.61.242,58,1,56,2,2,𗒯,𗭴,,1.20.1604,2,2,,,,,,,
𗐿,U+1743F,,2.221.1,8042/40,K1773,L4939,L4939,S2103,,2461,26A17,Ⅴ,121,1,25A44,Ⅴ,104,1,2897,,8,2,7,,,,,,2.04.1502,8,14,,,,,,,
𗼨,U+17F28,,5.388.1,2181/24,K4451,L2339,L2339,S3343,205-093,2462,26A18,Ⅴ,121,2,25A45,Ⅴ,104,2,2898,,8,2,7,,,,,,2.04.1503,8,15,,,,,,,
𗱆,U+17C46,,3.582.1,1151/40,K4453,L0395,L0395,S4814,,2463,26A21,Ⅴ,121,3,25A47,Ⅴ,104,4,2899,,8,2,7,,,,,,2.04.1504,8,16,,,,,,,
𗿔,U+17FD4,,6.063.1,2141/40,K4454,L2139,L2139,S5763,,2464,26A22,Ⅴ,121,4,25A46,Ⅴ,104,3,,,8,2,7,,,,,,,,,,,,,,,
𗛌,U+176CC,,3.077.2,5042/00,K1693,L4280,L4280,S0898,,2465,26A23,Ⅴ,121,5,25A48,Ⅴ,104,5,2900,,8,2,7,,,,,,2.04.1505,8,17,A09.011,,?,?,?,?,
𗓼,U+174FC,,2.350.1,8025/24,K0347,L4847,L4847,S1858,,2466,26A24,Ⅴ,121,6,25A51,Ⅴ,105,1,2901,,8,2,7,,,,,,2.04.1506,8,18,A09.012,,?,?,?,?,
𘐞,U+1841E,,7.432.1,8742/80,K0201,L5639,L5639,S2806,,2467,26A25,Ⅴ,121,7,25A52,Ⅴ,105,2,2902,,8,2,7,,,,,,2.04.1507,8,19,A09.013,,?,?,?,?,
𘘺,U+1863A,,8.294.1,1141/22,K3810,L0278,L0278,S4991,,2468,26A26,Ⅴ,122,1,25A58,Ⅴ,106,6,1048,1.38.171,31,1,30,10,1,𗕾,𘂆,,1.13.2401,9,1,A09.021,306,𗕾,𘂆,𗪂,𗝚,平
𘙖,U+18656,,8.308.3,1844/40,K1050,L1773,L1773,S5025,297-083,2469,26A27,Ⅴ,122,2,25A57,Ⅴ,106,5,1049,1.38.172,31,1,30,10,2,𗕾,𘂆,,1.13.2402,9,2,A09.022,,𗕾,𘂆,𗪂,𗝚,平
𘘹,U+18639,,8.293.4,1145/50,K1211,L0386,L0386,S4992,,2470,26A28,Ⅴ,122,3,25A56,Ⅴ,106,4,1050,1.38.173,31,1,30,10,3,𗕾,𘂆,,1.13.2403,9,3,A09.023,,𗕾,𘂆,𗪂,𗝚,平
𗓉,U+174C9,,2.322.1,8041/00,K4692,L4869,L4869,S2099,,2471,26A31,Ⅴ,122,4,25A53,Ⅴ,106,1,1051,1.38.211,31,1,30,10,4,𗕾,𘂆,,1.13.2404,9,4,A09.031,,𗕾,𘂆,𗪂,𗝚,平
𘙌,U+1864C,,8.303.1,1744/00,K3048,L1326,L1326,S5047,297-073,2472,26A32,Ⅴ,122,5,25A54,Ⅴ,106,2,1052,1.38.212,31,1,30,10,5,𗕾,𘂆,,1.13.2405,9,5,A09.032,307,𗕾,𘂆,𗪂,𗝚,平
𘚄,U+18684,,8.336.3,1121/22,K5413,L0172,L0172,S0192,,2473,26A33,Ⅴ,122,6,25A64,Ⅴ,106,10,1053,1.38.221,31,1,30,10,6,𗕾,𘂆,,1.13.2406,9,6,A09.033,308,𗕾,𘂆,𗪂,𗝚,平
𘄁,U+18101,,6.277.1,1224/20,K3488,L0495,L0495,S4363,,2474,26A34,Ⅴ,122,7,25A65,Ⅴ,106,11,1054,1.38.222,31,1,30,10,7,𗕾,𘂆,,1.13.2501,9,7,A09.041,309,𗕾,𘂆,𗪂,𗝚,平
𘙘,U+18658,,8.309.2,1742/20,K0923,L1240,L1240,S5038,297-096,2475,26A35,Ⅴ,122,8,25A55,Ⅴ,106,3,1055,1.38.223,31,1,30,10,8,𗕾,𘂆,,1.13.2502,9,8,A09.042,310,𗕾,𘂆,𗪂,𗝚,平
𗅯,U+1716F,,1.349.1,2204/25,K2801,L2377,L2377,S1350,,2476,26A36,Ⅴ,122,9,25A63,Ⅴ,106,9,1056,1.38.231,31,1,30,10,9,𗕾,𘂆,,1.13.2503,9,9,A09.043,311,𗕾,𘂆,𗪂,𗝚,平
𘙕,U+18655,,8.308.2,1842/50,K1227,L1729,L1729,S5013,297-084,2477,26A37,Ⅴ,123,1,25A61,Ⅴ,106,7,3417,,31,2,28,,,,,,2.08.2305,5,1,A09.051,904,𗕾,𗸹,𗪂,𗸹,上
𘘩,U+18629,,8.285.1,1842/40,K1869,L1725,L1725,S5028,,2478,26A38,Ⅴ,123,2,25A62,Ⅴ,106,8,,,31,2,28,,,,,,,,,A09.052,698,𗕾,𗸹,𗪂,𗸹,上
𗨪,U+17A2A,,4.420.1,2742/74,K1444,L3263,L3263,S3867,204-098,2479,26A41,Ⅴ,123,3,25A66,Ⅴ,106,12,,,31,2,28,,,,,,,,,A09.053,699,𗕾,𗸹,𗪂,𗸹,上
𗉫,U+1726B,,1.551.3,1742/24,K1766,L1263,L1263,S5531,185-091,2480,26A42,Ⅴ,124,1,25A67,Ⅴ,107,1,1384,1.49.133,38,1,37,1,5,𘖮,𗃠,平,1.16.2408,1,5,A09.061,345,𘖮,𗃠,𘔻,𘈧,平
𗥂,U+17942,,4.185.1,2742/22,K1649,L3215,L3215,S3432,204-08zk,2481,26A43,Ⅴ,124,2,25A68,Ⅴ,107,2,1385,1.49.141,38,1,37,1,6,𘖮,𗃠,平,1.16.2501,1,6,A09.062,346,𘖮,𗃠,𘔻,𘈧,平
𗡹,U+17879,,3.332.1,1744/42,K2623,L1392,L1392,S1180,220-121,2482,26A44,Ⅴ,125,1,25A72,Ⅴ,108,2,4695,,97,2,82,,,,,,2.17.2302,2,1,A09.071,1237,𗪂,𗄑,𗪂,𗡹,上
𘁩,U+18069,,6.155.1,8824/22,K3471,L5713,L5713,S1904,,2483,26A45,Ⅴ,125,2,25A74,Ⅴ,108,4,4696,,97,2,82,,,,,,2.17.2303,2,2,A09.072,1238,𗪂,𗄑,𗪂,𗡹,上
𘟗,U+187D7,,8.579.2,1022/44,K5802,L0039,L0039,S0264,267-001,2484,26A46,Ⅴ,125,3,25A73,Ⅴ,108,3,4697,,97,2,82,,,,,,2.17.2304,2,3,A09.073,1239,𗪂,𗄑,𗪂,𗡹,上
𗉡,U+17261,,1.544.4,1844/20,K3473,L1750,L1750,S5523,185-067,2485,26A47,Ⅴ,126,1,25A77,Ⅴ,109,3,3765,,45,2,39,,,,,,2.11.1406,1,1,A09.081,963,𗢾,𘂁,𗪂,𗉡,上
𗔅,U+17505,,2.358.2,8051/52,K5048,L5021,L5021,S1946,,2486,26A48,Ⅴ,126,2,25A75,Ⅴ,109,1,3766,,45,2,39,,,,,,2.11.1407,1,2,A09.082,964,𗢾,𘂁,𗪂,𗉡,上
𗔝,U+1751D,,2.381.1,8051/52,K3829,L5020,L5020,S1947,,2487,26A51,Ⅴ,126,3,25A76,Ⅴ,109,2,3767,,45,2,39,,,,,,2.11.1408,1,3,A09.083,965,𗢾,𘂁,𗪂,𗉡,上
𗑅,U+17445,,2.225.2,8021/50,K3954,L4728,L4728,S1840,,2488,26A52,Ⅴ,127,1,25A78,Ⅴ,110,1,4321,,72,2,61,,,,,,2.14.2701,11,12,A09.091,1111,𘛇,𗲸,𗪂,𗲸,上
𗄓,U+17113,,1.194.2,1042/40,K1805,L0108,L0108,S0036,003-121,2489,26A53,Ⅴ,127,2,25B11,Ⅴ,110,2,4322,,72,2,61,,,,,,2.14.2702,11,13,A09.092,1112,𘛇,𗲸,𗪂,𗲸,上
𗽥,U+17F65,,5.452.1,2141/25,K4303,L2121,L2121,S4018,,2490,26A54,Ⅴ,128,1,25B15,Ⅴ,111,4,4456,,81,2,70,,,,,,2.15.2609,2,1,A09.101,1148,𗅠,𘏘,𗥊,𗌏,上
𘋀,U+182C0,,7.158.2,3121/50,K4302,L3854,L3854,S3007,,2491,26A55,Ⅴ,128,2,25B16,Ⅴ,111,5,4457,,81,2,70,,,,,,2.15.2610,2,2,A09.102,1149,𗅠,𘏘,𗥊,𗌏,上
𗑯,U+1746F,,2.263.4,8045/42,K0595,L5007,L5007,S1788,,2492,26A56,Ⅴ,128,3,25B13,Ⅴ,111,2,4458,,81,2,70,,,,,,2.15.2701,2,3,A09.103,1150,𗅠,𘏘,𗥊,𗌏,上
𗒤,U+174A4,,2.292.2,8045/20,K0608,L5004,L5004,S1800,,2493,26A57,Ⅴ,129,1,25B12,Ⅴ,111,1,2322,1.81.132,81,1,76,2,1,𗅠,𗞵,,1.25.2705,2,1,A09.111,566,𗅠,𗞵,𗥊,𗋿,平
𗮳,U+17BB3,,3.463.4,8121/70,K5663,L5102,L5102,S2284,,2494,26A58,Ⅴ,129,2,25B14,Ⅴ,111,3,2323,1.81.141,81,1,76,2,2,𗅠,𗞵,,1.26.1101,2,2,A09.112,567,𗅠,𗞵,𗥊,𗋿,平
𗋣,U+172E3,,1.634.1,2224/44,K2794,L2429,L2429,S4222,,2495,26A61,Ⅴ,130,1,25B18,Ⅴ,112,2,2421,1.84.272,86,1,81,1,3,𗎍,𘌾,,1.27.1207,1,3,A09.121,596,𗎍,𘌾,𘔻,𗉾,平
𗓻,U+174FB,,2.349.4,8021/22,K4911,L4687,L4687,S1851,007-133,2496,26A62,Ⅴ,130,2,25B17,Ⅴ,112,1,2422,1.85.111,86,1,81,1,4,𗎍,𘌾,,1.27.1208,1,4,A09.122,597,𗎍,𘌾,𘔻,𗉾,平
𗑪,U+1746A,,2.261.1,8074/42,K2841,L5045,L5045,S1987,,2497,26A63,Ⅴ,131,1,25B21,Ⅴ,113,1,515,1.21.222,16,1,16,4,4,𘅧,𗫖,,1.09.2403,4,4,A09.123,188,𘅧,𗫖,𗪂,𗑃,平
𗻄,U+17EC4,,5.324.2,2240/42,K0099,L2445,L2445,S3255,,2498,26A64,Ⅴ,131,2,25B22,Ⅴ,113,2,516,1.21.231,16,1,16,4,5,𘅧,𗫖,,1.09.2404,4,5,A09.131,189,𘅧,𗫖,𗪂,𗑃,平
𗯤,U+17BE4,,3.483.3,8441/40,K4175,L5446,L5446,S2366,,2499,26A65,Ⅴ,132,1,25B23,Ⅴ,114,1,1094,1.39.243,31,1,30,18,1,𗫿,𗨥,,1.14.1209,17,1,A09.132,312,𗫿,𗨥,𗪂,𗝚,平
𗿬,U+17FEC,,6.077.2,2844/40,K3269,L3694,L3694,S5707,,2500,26A66,Ⅴ,132,2,25B25,Ⅴ,114,3,1095,1.39.251,31,1,30,18,2,𗫿,𗨥,,1.14.1301,17,2,A09.141,313,𗫿,𗨥,𗪂,𗝚,平
𗨧,U+17A27,,4.419.1,2741/41,K5318,L3154,L3154,S3863,,2501,26A67,Ⅴ,132,3,25B24,Ⅴ,114,2,,,31,1,30,,,,,,,,,A09.142,33,𗫿,𗨥,𗪂,𗝚,平
𗋒,U+172D2,,1.620.1,2274/22,K2766,L2414,L2414,S4267,181-08k,2502,26A68,Ⅴ,133,1,25B26,Ⅴ,115,1,1954,1.67.241,64,1,61,10,1,𗴿,𘓦,,1.22.1104,8,1,A09.143,472,𗴿,𘓦,𗪂,𗖞,平
𘊉,U+18289,,7.115.2,2224/42,K2770,L2427,L2427,S3187,243-084,2503,26A71,Ⅴ,133,2,25B27,Ⅴ,115,2,1955,1.67.242,64,1,61,10,2,𗴿,𘓦,,1.22.1105,8,2,A09.151,473,𗴿,𘓦,𗪂,𗖞,平
𗡜,U+1785C,,3.295.2,7821/41,K5519,L4637,L4637,S0518,255-142,2504,26A72,Ⅴ,133,3,25B31,Ⅴ,115,4,1956,1.67.251,64,1,61,10,3,𗴿,𘓦,,1.22.1106,8,3,A09.152,474,𗴿,𘓦,𗪂,𗖞,平
𘈠,U+18220,,7.021.1,1824/50,K3215,L1655,L1655,S0271,077-061,2505,26A73,Ⅴ,133,4,25B28,Ⅴ,115,3,1957,1.67.261,64,1,61,10,4,𗴿,𘓦,,1.22.1107,8,4,A09.161,475,𗴿,𘓦,𗪂,𗖞,平
𗷡,U+17DE1,,5.154.2,1221/17,K5683,L0484,L0484,S0391,,2506,26A74,Ⅴ,134,1,25B32,Ⅴ,116,1,4733,,101,2,86,,,,,,2.17.2706,1,2,A09.162,1244,𘏊,𗎫,𗪂,𗎫,上
𗂘,U+17098,,1.105.2,2804/42,K2100,L3509,L3509,S1573,,2507,26A75,Ⅴ,134,2,25B33,Ⅴ,116,2,4734,,101,2,86,,,,,,2.17.2707,1,3,A09.163,1245,𘏊,𗎫,𗪂,𗎫,上
𗟮,U+177EE,,3.229.1,1941/41,K5379,L1855,L1855,S0311,112-092,2508,26A76,Ⅴ,134,3,25B34,Ⅴ,116,3,4735,,101,2,86,,,,,,2.17.2708,1,4,A09.171,1246,𘏊,𗎫,𗪂,𗎫,上
𗊯,U+172AF,,1.593.1,2121/25,K4298,L2004,L2004,S4199,181-073,2509,26A77,Ⅴ,135,1,25B35,Ⅴ,117,1,3205,,20,2,17,,,,,,2.07.1106,2,8,A09.172,854,𗯴,𗾥,𘔻,𗾥,上
𘀺,U+1803A,,6.130.4,3844/20,K3253,L4003,L4003,S3059,233-081,2510,26A78,Ⅴ,135,2,25B36,Ⅴ,117,2,3206,,20,2,17,,,,,,2.07.1107,2,9,A09.181,855,𗯴,𗾥,𘔻,𗾥,上
𘀹,U+18039,,6.130.3,3244/20,K3510,L3897,L3897,S3061,,2511,26B11,Ⅴ,135,3,25B37,Ⅴ,117,3,3207,,20,2,17,,,,,,2.07.1108,2,10,A09.182,856,𗯴,𗾥,𘔻,𗾥,上
𗺕,U+17E95,,5.308.1,2742/44,K1760,L3255,L3255,S3290,144-031,2512,26B12,Ⅴ,136,1,25B42,Ⅴ,119,1,464,1.20.111,14,1,14,6,4,𗹊,𘎘,,1.09.1406,6,4,A09.183,170,𗹊,𘎘,𗪂,𗮦,平
𗹩,U+17E69,,5.270.1,2304/52,K2203,L2571,L2571,S1275,075-101,2513,26B13,Ⅴ,136,2,25B44,Ⅴ,119,3,465,1.20.112,14,1,14,6,5,𗹊,𘎘,,1.09.1407,6,5,A09.191,171,𗹊,𘎘,𗪂,𗮦,平
𗗪,U+175EA,,2.562.3,5101/40,K4439,L5840,L5840,S5472,,2514,26B14,Ⅴ,136,3,25B43,Ⅴ,119,2,466,1.20.113,14,1,14,6,6,𗹊,𘎘,,1.09.1501,6,6,A09.192,172,𗹊,𘎘,𗪂,𗮦,平
𗅡,U+17161,,1.340.1,2805/25,K1144,L3517,L3517,S1393,041-083,2515,26B15,Ⅴ,137,1,25B45,Ⅴ,120,1,960,1.35.251,29,1,28,4,4,𗙍,𗞒,,1.12.2701,2,6,A09.201,273,𗙍,𗞒,𘔻,𗙌,平
𗔾,U+1753E,,2.403.2,8025/50,K1143,L4852,L4852,S2182,,2516,26B16,Ⅴ,137,2,25B48,Ⅴ,120,4,961,1.35.252,29,1,28,4,5,𗙍,𗞒,,1.12.2702,2,7,A09.202,,𗙍,𗞒,𘔻,𗙌,平
𗆢,U+171A2,,1.389.2,2802/25,?,L3478,L3478,S1396,,2517,26B17,Ⅴ,137,3,25B47,Ⅴ,120,3,962,1.35.261,29,1,28,4,6,𗙍,𗞒,,1.12.2703,2,8,,,,,,,
𗅎,U+1714E,,1.330.1,2804/20,K2222,L3490,L3490,S1400,041-073,2518,26B18,Ⅴ,137,4,25B46,Ⅴ,120,2,963,1.35.262,29,1,28,4,7,𗙍,𗞒,,1.12.2704,2,9,,,,,,,
𗎃,U+17383,,2.079.2,4274/00,K2649,L4041,L4041,S0610,,2519,26B21,Ⅴ,138,1,25B51,Ⅴ,121,1,2914,,9,2,8,,,,,,2.04.1701,2,1,,,,,,,
𗴅,U+17D05,,3.709.2,1894/00,K3472,L1838,L1838,S5455,054-053,2520,26B22,Ⅴ,138,2,25B52,Ⅴ,121,2,2915,,9,2,8,,,,,,2.04.1702,2,2,,,,,,,
𗠭,U+1782D,,3.269.1,7122/42,K0504,L4533,L4533,S0560,255-075,2521,26B23,Ⅴ,139,1,25B54,Ⅴ,121,4,286,1.14.132,9,1,9,2,2,𗾂,𗪺,,1.07.1705,2,2,,,,,,,
𘍄,U+18344,,7.251.2,8721/40,K4916,L5502,L5502,S2222,241-072,2522,26B24,Ⅴ,139,2,25B53,Ⅴ,121,3,287,1.14.141,9,1,9,2,3,𗾂,𗪺,,1.07.1706,2,3,,,,,,,
𗷯,U+17DEF,,5.171.2,1154/52,K3548,L0422,L0422,S0326,,2523,26B25,Ⅴ,140,1,25B55,Ⅴ,122,1,2369,1.82.272,83,1,78,1,6,𗏡,𗈮,,1.26.1706,1,6,,,,,,,
𗫵,U+17AF5,,4.589.1,2340/00,K5747,L2601,L2601,S3928,,2524,26B26,Ⅴ,140,2,25B56,Ⅴ,122,2,2370,1.83.111,83,1,78,1,7,𗏡,𗈮,,1.26.1707,1,7,,,,,,,
𗫳,U+17AF3,,4.586.1,2240/00,K5714,L2435,L2435,S3737,276-042,2525,26B27,Ⅴ,140,3,25B57,Ⅴ,122,3,,,83,1,78,,,,,,,,,,,,,,,
𗬩,U+17B29,,3.381.2,2874/20,K2113,L3740,L3740,S5813,183-061,2526,26B28,Ⅴ,141,1,25B58,Ⅴ,123,1,4758,Z.02.131,9,1,9,1,1,𗏡,𗪺,,3.02.1501,1,1,,,,,,,
𘟖,U+187D6,,2.595.2,1722/24,K1690,L1031,L1031,S5072,034-131,2527,26B31,Ⅴ,141,2,25B61,Ⅴ,123,2,4759,Z.02.132,9,1,9,1,2,𗏡,𗪺,,3.02.1502,1,2,,,,,,,
𗴑,U+17D11,,3.714.1,2771/42,K5273,L3400,L3400,S3076,,2528,26B32,Ⅴ,142,1,25B62,Ⅴ,124,1,1442,1.51.121,42,1,41,1,1,𗎍,𘐝,,1.17.1506,1,1,,,,,,,
𘗼,U+185FC,,8.249.1,1171/42,K4310,L0442,L0442,S4542,,2529,26B33,Ⅴ,142,2,25B63,Ⅴ,124,2,1443,1.51.122,42,1,41,1,2,𗎍,𘐝,,1.17.1601,1,2,,,,,,,
𘚺,U+186BA,,8.362.2,2751/50,K0085,L3394,L3394,S1342,,2530,26B34,Ⅴ,142,3,25B64,Ⅴ,124,3,,,42,1,41,,,,,,,,,,,,,,,
𘎬,U+183AC,,7.333.1,8144/40,K1043,L5241,L5241,S2651,236-047,2531,26B35,Ⅴ,143,1,25B65,Ⅴ,125,1,4304,,70,2,60,,,,,,2.14.2503,9,2,,,,,,,
𘁿,U+1807F,,6.163.2,8744/20,K2369,L5660,L5660,S2108,193-051,2532,26B36,Ⅴ,143,2,25B66,Ⅴ,125,2,4305,,70,2,60,,,,,,2.14.2504,9,3,,,,,,,
𗀆,U+17006,,1.008.1,1041/00,K4209,L0065,L0065,S1196,001-071,2533,26B37,Ⅴ,144,1,25B67,Ⅴ,126,1,4640,,92,2,77,,,,,,2.17.1401,3,4,,,,,,,
𗫗,U+17AD7,,4.558.1,2545/25,K1259,L2883,L2883,S3449,,2534,26B38,Ⅴ,144,2,25B68,Ⅴ,126,2,4641,,92,2,77,,,,,,2.17.1402,3,5,,,,,,,
𗂇,U+17087,,1.095.1,2301/40,K4490,L2554,L2554,S1556,039-107,2535,26B41,Ⅴ,145,1,25B73,Ⅴ,128,1,1260,1.45.141,35,1,34,6,4,𗾂,𗒐,,1.15.2305,5,1,,,,,,,
𗅪,U+1716A,,1.346.1,2702/22,K0543,L2929,L2929,S1475,041-08f,2536,26B42,Ⅴ,145,2,25B74,Ⅴ,128,2,1261,1.45.142,35,1,34,6,5,𗾂,𗒐,,1.15.2306,5,2,,,,,,,
𘀭,U+1802D,,6.126.2,3341/40,K4156,L3934,L3934,S3060,233-062,2537,26B43,Ⅴ,146,1,25B75,Ⅴ,129,1,3521,,35,2,31,,,,,,2.09.1701,2,2,,,,,,,
𘆼,U+181BC,,6.455.1,1421/54,K4080,L0770,L0770,S5228,,2538,26B44,Ⅴ,146,2,25B76,Ⅴ,129,2,3522,,35,2,31,,,,,,2.09.1702,2,3,,,,,,,
𗁺,U+1707A,,1.087.2,2701/00,K4720,L2908,L2908,S1613,,2539,26B45,Ⅴ,147,1,25B77,Ⅴ,130,1,2374,1.83.131,84,1,79,1,2,𘏊,𗟶,,1.26.2104,1,2,,,,,,,
𗵱,U+17D71,,5.079.2,1024/50,K2716,L0058,L0058,S0222,018-143,2540,26B46,Ⅴ,147,2,25B78,Ⅴ,130,2,2375,1.83.141,84,1,79,1,3,𘏊,𗟶,,1.26.2105,1,3,A10.010,583,?,?,?,?,
𗹡,U+17E61,,5.251.1,2102/55,K1294,L1959,L1959,S1267,075-071,2541,26B47,Ⅴ,147,3,26A11,Ⅴ,130,3,2376,1.83.142,84,1,79,1,4,𘏊,𗟶,,1.26.2106,1,4,A10.011,584,?,?,?,?,
𘗴,U+185F4,,8.245.1,1740/00,K3460,L1141,L1141,S4787,229-001,2542,26B48,Ⅴ,148,1,26A12,Ⅴ,131,1,4495,,84,2,72,,,,,,2.16.1307,2,1,A10.012,1157,𘏊,𘊝,𗪂,𘊝,上
𘜕,U+18715,,8.435.1,1822/24,K1850,L1617,L1617,S4913,287-051,2543,26B51,Ⅴ,148,2,26A13,Ⅴ,131,2,4496,,84,2,72,,,,,,2.16.1308,2,2,A10.021,1158,𘏊,𘊝,𗪂,𘊝,上
𗿄,U+17FC4,,6.048.1,2441/44,K3921,L2791,L2791,S5689,,2544,26B52,Ⅴ,149,1,26A16,Ⅴ,132,3,2769,,3,2,3,,,,,,2.03.1602,5,1,A10.022,754,𗒯,𗍊,𘔻,𘆶,上
𗾵,U+17FB5,,6.037.4,2341/27,K5639,L2615,L2615,S5704,,2545,26B53,Ⅴ,149,2,26A15,Ⅴ,132,2,2770,,3,2,3,,,,,,2.03.1603,5,2,A10.031,755,𗒯,𗍊,𘔻,𘆶,上
𗿙,U+17FD9,,6.066.3,2742/44,K1599,L3254,L3254,S5690,,2546,26B54,Ⅴ,149,3,26A17,Ⅴ,132,4,,,3,2,3,,,,,,,,,A10.032,675,𗒯,𗍊,𘔻,𘆶,上
𗀷,U+17037,,1.043.1,2304/00,K2174,L2561,L2561,S1568,039-054,2547,26B55,Ⅴ,149,4,26A14,Ⅴ,132,1,2771,,3,2,3,,,,,,2.03.1604,5,3,A10.041,756,𗒯,𗍊,𘔻,𘆶,上
𗚒,U+17692,,3.053.1,5024/00,K2225,L4163,L4163,S0734,,2548,26B56,Ⅴ,149,5,26A21,Ⅴ,133,2,,,3,2,3,,,,,,,,,A10.042,676,𗒯,𗍊,𘔻,𘆶,上
𗲛,U+17C9B,,3.639.3,1744/20,K2645,L1341,L1341,S4849,,2549,26B57,Ⅴ,150,1,26A22,Ⅴ,134,1,1218,1.43.261,34,1,33,9,2,𗾂,𗑸,,1.15.1504,7,2,A10.051,328,𗾂,𗑸,𗪂,𗃰,平
𗲚,U+17C9A,,3.639.2,1742/22,K0119,L1248,L1248,S4848,,2550,26B58,Ⅴ,150,2,26A24,Ⅴ,134,3,1219,1.43.262,34,1,33,9,3,𗾂,𗑸,,1.15.1505,7,3,A10.052,329,𗾂,𗑸,𗪂,𗃰,平
𗲰,U+17CB0,,3.648.3,1744/20,K3181,L1342,L1342,S4850,026-133,2551,26B61,Ⅴ,150,3,26A23,Ⅴ,134,2,1220,1.43.271,34,1,33,9,4,𗾂,𗑸,,1.15.1506,7,4,A10.053,330,𗾂,𗑸,𗪂,𗃰,平
𗘒,U+17612,,2.583.1,1844/20,K3161,L1749,L1749,S5410,,2552,26B62,Ⅴ,150,4,26A26,Ⅴ,134,5,1222,1.44.111,34,1,33,9,6,𗾂,𗑸,,1.15.1508,7,6,A10.061,331,𗾂,𗑸,𗪂,𗃰,平
𗘐,U+17610,,2.582.3,1244/20,K3477,L0560,L0560,S5413,073-073,2553,26B63,Ⅴ,150,5,26A25,Ⅴ,134,4,1221,1.43.272,34,1,33,9,5,𗾂,𗑸,,1.15.1507,7,5,A10.062,332,𗾂,𗑸,𗪂,𗃰,平
𘴆,U+18D06,,6.356.1,1844/00,K3263,L1735,L1735,S4732,,2554,26B64,Ⅴ,150,6,26A27,Ⅴ,134,6,1223,1.44.112,34,1,33,9,7,𗾂,𗑸,,1.15.1509,7,7,A10.063,333,𗾂,𗑸,𗪂,𗃰,平
𘌍,U+1830D,,7.219.1,9422/27,K0298,L5903,L5903,S1707,,2555,26B65,Ⅴ,151,1,26A33,Ⅴ,136,2,624,1.25.111,17,1,17,25,1,𗟳,𘐆,,1.10.2208,22,1,A10.071,207,𗟳,𘐆,𗥊,𗊡,平
𘔐,U+18510,,8.038.1,1141/20,K5033,L0260,L0260,S1203,,2556,26B66,Ⅴ,151,2,26A32,Ⅴ,136,1,625,1.25.112,17,1,17,25,2,𗟳,𘐆,,1.10.2209,22,2,A10.072,208,𗟳,𘐆,𗥊,𗊡,平
𗽕,U+17F55,,5.443.1,2441/40,K4122,L2780,L2780,S4043,210-074,2557,26B67,Ⅴ,152,1,26A34,Ⅴ,137,1,4010,,57,2,48,,,,,,2.12.2512,1,3,A10.081,1021,𗎃,𗽦,𗪂,𗽕,上
𗽻,U+17F7B,,5.468.1,2344/40,?,L2673,L2673,S4042,,2558,26B68,Ⅴ,152,2,26A35,Ⅴ,137,2,4011,,57,2,48,,,,,,2.12.2601,1,4,A10.082,1022,𗎃,𗽦,𗪂,𗽕,上
𗘈,U+17608,,2.578.3,1742/00,K1533,L1219,L1219,S5421,,2559,26B71,Ⅴ,153,1,26A37,Ⅴ,138,1,,,82,2,71,,,,,,,,,A10.091,1154,𘓺,𗄛,𗥊,𗄛,上
𘅋,U+1814B,,6.357.3,1142/24,K3665,L0333,L0333,S4718,230-074,2560,26B72,Ⅴ,153,2,26A41,Ⅴ,138,3,4492,,82,2,71,,,,,,2.16.1214,2,20,A10.092,1155,𘓺,𗄛,𗥊,𗄛,上
𗞤,U+177A4,,3.193.2,5041/44,K4291,L4268,L4268,S0901,,2561,26B73,Ⅴ,153,3,26A38,Ⅴ,138,2,,,82,2,71,,,,,,,,,A10.093,714,𘓺,𗄛,𗥊,𗄛,上
𗑖,U+17456,,2.237.2,8024/21,?,L4818,L4818,S1848,,2562,26B74,Ⅴ,154,1,26A42,Ⅴ,138,4,,,82,1,77,,,,,,,,,A10.101,49,𘓺,𗃅,𗥊,𗨈,平
𘜄,U+18704,,8.413.1,1744/20,K2304,L1357,L1357,S4872,301-091,2563,26B75,Ⅴ,154,2,27B43,Ⅴ,D,27,2363,1.82.232,82,1,77,6,1,𘓺,𗃅,,1.26.1605,3,3,A10.102,577,𘓺,𗃅,𗥊,𗨈,平
𗸟,U+17E1F,,5.166.1,1241/17,K5684,L0533,L0533,S0390,278-041,2564,26B76,Ⅴ,155,1,26A47,Ⅴ,140,2,783,1.30.131,22,1,22,3,3,𘛯,𗥷,,1.11.2302,2,3,A10.103,248,𘛯,𗥷,𗥊,𗴡,平
𗸚,U+17E1A,,5.161.1,1943/14,K5555,L1873,L1873,S0339,,2565,26B77,Ⅴ,155,2,26A46,Ⅴ,140,1,784,1.30.132,22,1,22,3,4,𘛯,𗥷,,1.11.2303,2,4,A10.111,249,𘛯,𗥷,𗥊,𗴡,平
𗴡,U+17D21,,3.726.1,2771/42,K4968,L3399,L3399,S3087,159-081,2566,26B78,Ⅴ,155,3,26A48,Ⅴ,140,3,785,1.30.133,22,1,22,3,5,𘛯,𗥷,,1.11.2304,2,5,A10.112,250,𘛯,𗥷,𗥊,𗴡,平
𘌐,U+18310,,7.223.2,9225/27,K0472,L5868,L5868,S1701,139-061,2567,27A11,Ⅴ,156,1,26A44,Ⅴ,139,2,2918,,9,2,8,,,,,,2.04.1705,3,3,A10.113,798,𗝎,𘴄,𘔻,𗎃,上
𘆞,U+1819E,,6.430.1,1122/54,K1823,L0216,L0216,S5197,080-056,2568,27A12,Ⅴ,156,2,26A43,Ⅴ,139,1,2916,,9,2,8,,,,,,2.04.1703,3,1,A10.121,799,𗝎,𘴄,𘔻,𗎃,上
𗗵,U+175F5,,2.567.2,1741/24,K5172,L1195,L1195,S5350,218-062,2569,27A13,Ⅴ,156,3,26A45,Ⅴ,139,3,2917,,9,2,8,,,,,,2.04.1704,3,2,A10.122,800,𗝎,𘴄,𘔻,𗎃,上
𗭱,U+17B71,,3.424.1,8724/40,K1120,L5557,L5557,S2139,,2570,27A14,Ⅴ,157,1,26A52,Ⅴ,141,2,3208,,20,2,17,,,,,,2.07.1201,3,1,A10.131,857,𘓘,𗾥,𗥊,𗾥,上
𘕜,U+1855C,,8.128.2,8121/42,K5316,L5091,L5091,S1883,248-052,2571,27A15,Ⅴ,157,2,26A53,Ⅴ,141,3,3209,,20,2,17,,,,,,2.07.1202,3,2,A10.132,858,𘓘,𗾥,𗥊,𗾥,上
𗄮,U+1712E,,1.212.1,2109/20,K0639,L1985,L1985,S1367,041-056,2572,27A16,Ⅴ,158,1,26A51,Ⅴ,141,1,740,1.28.233,20,1,20,5,4,𘓘,𘅄,,1.11.2109,5,4,A10.133,239,𘓘,𘅄,𗥊,𘅄,平
𘒏,U+1848F,,7.503.1,1774/42,K2842,L1531,L1531,S5162,019-081,2573,27A17,Ⅴ,158,2,26A54,Ⅴ,141,4,741,1.28.241,20,1,20,5,5,𘓘,𘅄,,1.11.2110,1,0,A10.141,240,𘓘,𘅄,𗥊,𘅄,平
𗅜,U+1715C,,1.337.3,2200/22,K0130,L2353,L2353,S1435,,2574,27A18,Ⅴ,159,1,26A55,Ⅴ,142,1,3775,,46,2,40,,,,,,2.11.1505,1,3,A10.142,966,𗀷,𗨄,𘔻,𗺶,上
𘊁,U+18281,,7.101.2,2824/42,K3172,L3552,L3552,S3166,243-075,2575,27A21,Ⅴ,159,2,26A56,Ⅴ,142,2,3776,,46,2,40,,,,,,2.11.1506,1,4,A10.151,967,𗀷,𗨄,𘔻,𗺶,上
𗴼,U+17D3C,,5.015.2,1021/10,K5522,L0006,L0006,S0201,018-089,2576,27A22,Ⅴ,159,3,26A57,Ⅴ,142,3,3777,,46,2,40,,,,,,2.11.1507,1,5,A10.152,968,𗀷,𗨄,𘔻,𗺶,上
𗹅,U+17E45,,5.223.1,1821/20,K4883,L1587,L1587,S1102,,2577,27A23,Ⅴ,159,4,26A58,Ⅴ,142,4,3778,,46,2,40,,,,,,2.11.1508,1,6,A10.161,969,𗀷,𗨄,𘔻,𗺶,上
𗆾,U+171BE,,1.409.1,2302/22,K0838,L2557,L2557,S1439,041-144,2578,27A24,Ⅴ,160,1,26A61,Ⅴ,143,1,1961,1.67.273,64,1,61,12,1,𘔧,𗟥,,1.22.1202,10,1,A10.162,479,𘔧,𗟥,𗥊,𗖞,平
𘀖,U+18016,,6.115.1,3421/24,K4078,L3928,L3928,S2887,,2579,27A25,Ⅴ,160,2,26A63,Ⅴ,143,3,1962,1.68.111,64,1,61,12,2,𘔧,𗟥,,,,,A10.163,480,𘔧,𗟥,𗥊,𗖞,平
𗵫,U+17D6B,,5.070.3,1042/40,K1806,L0109,L0109,S0207,018-123,2580,27A26,Ⅴ,160,3,26A62,Ⅴ,143,2,1963,1.68.112,64,1,61,12,3,𘔧,𗟥,,1.22.1203,10,2,A10.171,481,𘔧,𗟥,𗥊,𗖞,平
𗆈,U+17188,,1.375.2,2201/27,K5583,L2357,L2357,S1430,041-10f,2581,27A27,Ⅴ,161,1,26A64,Ⅴ,144,1,4262,,70,2,60,,,,,,2.14.2109,2,1,A10.172,1098,𘔧,𗉝,𗥊,𗒣,上
𘆑,U+18191,,6.415.2,1721/70,K5579,L0987,L0490,S5179,,2582,27A28,Ⅴ,161,2,26A65,Ⅴ,144,2,4263,,70,2,60,,,,,,2.14.2110,2,2,A10.181,1099,𘔧,𗉝,𗥊,𗒣,上
𘊟,U+1829F,,7.135.1,2841/21,K5530,L3572,L3572,S5774,215-072,2583,27A31,Ⅴ,162,1,26A71,Ⅴ,145,3,3886,,51,2,42,,,,,,2.12.1106,10,3,A10.182,997,𗳘,𗸁,𗥊,𗟌,上
𘁾,U+1807E,,6.163.1,8841/21,K5527,L5722,L5722,S2047,232-071,2584,27A32,Ⅴ,162,2,26A67,Ⅴ,145,1,3887,,51,2,42,,,,,,2.12.1107,10,4,A10.183,998,𗳘,𗸁,𗥊,𗟌,上
𘁉,U+18049,,6.139.1,8841/21,K5523,L5723,L5723,S2155,,2585,27A33,Ⅴ,162,3,26A68,Ⅴ,145,2,3888,,51,2,42,,,,,,2.12.1108,10,5,A10.191,999,𗳘,𗸁,𗥊,𗟌,上
𘞫,U+187AB,,8.548.1,8324/42,K2244,L5368,L5368,S2506,265-061,2586,27A34,Ⅴ,163,1,26A72,Ⅴ,146,1,4660,,94,2,79,,,,,,2.17.1602,1,1,A10.192,1232,𘄎,𗈒,𗥊,𘞫,上
𘕏,U+1854F,,8.127.3,8122/22,K1340,L5117,L5117,S1829,,2587,27A35,Ⅴ,163,2,26A73,Ⅴ,146,2,4661,,94,2,79,,,,,,2.17.1603,1,2,A11.011,1233,𘄎,𗈒,𗥊,𘞫,上
𘑗,U+18457,,7.465.1,8041/00,K5250,L4871,L4871,S2856,030-031,2588,27A36,Ⅴ,164,1,26A74,Ⅴ,147,1,2483,1.87.152,90,1,84,2,5,𘅋,𗔿,,1.27.2401,1,7,A11.012,611,𘅋,𗔿,𗥊,𗙅,平
𘖶,U+185B6,,8.196.1,8041/00,K5251,L4879,L4879,S2576,028-095,2589,27A37,Ⅴ,164,2,26A75,Ⅴ,147,2,2484,1.87.161,90,1,84,2,6,𘅋,𗔿,,1.27.2402,1,8,A11.021,612,𘅋,𗔿,𗥊,𗙅,平
𗏁,U+173C1,,2.128.3,2121/24,K4038,L1999,L1999,S3119,044-071,2590,27A38,Ⅴ,165,1,26A78,Ⅴ,148,3,934,1.34.272,28,1,27,17,1,𗳘,𘁘,,1.12.2403,10,4,A11.022,268,𗳘,𘁘,𗥊,𗢂,平
𗏄,U+173C4,,2.139.2,2121/24,K4161,L2000,L2000,S3118,,2591,27A41,Ⅴ,165,2,26B11,Ⅴ,148,4,935,1.34.273,28,1,27,17,2,𗳘,𘁘,,1.12.2404,10,5,A11.031,269,𗳘,𘁘,𗥊,𗢂,平
𘓱,U+184F1,,8.009.3,1724/42,K3448,L1107,L1107,S0465,,2592,27A42,Ⅴ,165,3,26A77,Ⅴ,148,2,936,1.35.111,28,1,27,17,3,𗳘,𘁘,,1.12.2405,10,6,A11.032,270,𗳘,𘁘,𗥊,𗢂,平
𘋎,U+182CE,,1.432.5,3571/40,K5248,L3942,L3942,S3069,,2593,27A43,Ⅴ,166,1,26B15,Ⅴ,149,4,839,1.31.262,25,1,24,9,3,𗾂,𘖴,,1.12.1204,5,8,A11.033,255,𗾂,𘖴,𗪂,𘂦,平
𗋳,U+172F3,,1.641.1,2824/44,K3231,L3553,L3553,S4151,181-106,2594,27A44,Ⅴ,166,2,26B12,Ⅴ,149,1,840,1.31.271,25,1,24,9,4,𗾂,𘖴,,1.12.1205,5,9,A11.041,256,𗾂,𘖴,𗪂,𘂦,平
𗚟,U+1769F,,3.060.1,5024/40,K1035,L4192,L4192,S0911,017-067,2595,27A45,Ⅴ,166,3,26B13,Ⅴ,149,2,,,25,1,24,,,,,,,,,A11.042,28,𗾂,𘖴,𗪂,𘂦,平
𗷭,U+17DED,,5.170.1,1451/50,K3934,L0830,L0830,S0355,123-021,2596,27A46,Ⅴ,167,1,26B17,Ⅴ,150,2,502,1.21.141,16,1,16,1,5,𘎫,𗙃,,1.09.2206,1,5,A11.051,186,𘎫,𗙃,𗪂,𗑃,平
𘞑,U+18791,,8.532.1,1895/20,K0621,L1841,L1841,S0229,018-119,2597,27A47,Ⅴ,167,2,26B16,Ⅴ,150,1,503,1.21.142,16,1,16,1,6,𘎫,𗙃,,1.09.2207,1,6,A11.052,187,𘎫,𗙃,𗪂,𗑃,平
𗃴,U+170F4,,1.175.3,2871/22,K3818,L3731,L3731,S4087,180-107,2598,27A48,Ⅴ,168,1,26B21,Ⅴ,151,2,212,1.11.232,6,1,6,1,1,𗀍,𗚶,,1.06.2302,1,1,A11.061,101,𗀍,𗚶,𘔻,𗃴,平
𘔯,U+1852F,,3.343.1,4244/40,K2795,L4040,L4040,S1287,,2599,27A51,Ⅴ,168,2,26B18,Ⅴ,151,1,213,1.11.241,6,1,6,1,2,𗀍,𗚶,,1.06.2303,1,2,A11.062,102,𗀍,𗚶,𘔻,𗃴,平
𘒽,U+184BD,,7.592.1,1821/52,K5082,L1607,L1607,S5440,,2600,27A52,Ⅴ,169,1,26B22,Ⅴ,152,1,2456,1.86.142,87,1,82,8,1,𗜠,𘍇,,1.27.1802,6,1,A11.063,601,𗜠,𘍇,𗫲,𗸪,平
𗪑,U+17A91,,4.490.2,2842/22,K0909,L3629,L3629,S3429,204-118,2601,27A53,Ⅴ,169,2,26B23,Ⅴ,152,2,2457,1.86.151,87,1,82,8,2,𗜠,𘍇,,1.27.1803,6,2,A11.071,602,𗜠,𘍇,𗫲,𗸪,平
𗔤,U+17524,,2.384.2,8041/24,K4395,L4899,L4899,S1807,,2602,27A54,Ⅴ,170,1,26B24,Ⅴ,153,1,297,1.14.212,9,1,9,5,3,𗕾,𘔓,,1.07.2202,5,3,A11.072,131,𗕾,𘔓,𗪂,𗠭,平
𗎎,U+1738E,,2.086.1,4872/00,K1724,L4090,L4090,S0605,085-083,2603,27A55,Ⅴ,170,2,26B26,Ⅴ,153,3,298,1.14.213,9,1,9,5,4,𗕾,𘔓,,1.07.2203,5,4,A11.081,132,𗕾,𘔓,𗪂,𗠭,平
𗿨,U+17FE8,,6.076.1,2842/42,K0955,L3647,L3647,S5682,,2604,27A56,Ⅴ,171,1,26B25,Ⅴ,153,2,1448,1.51.142,42,1,41,3,1,𗎛,𗄵,,1.17.1606,2,5,A11.082,362,𗎛,𗄵,𗪂,𘐝,平
𗆆,U+17186,,1.374.2,2602/24,K1842,L2903,L2903,S1357,,2605,27A57,Ⅴ,171,2,26B27,Ⅴ,153,4,1449,1.51.143,42,1,41,3,2,𗎛,𗄵,,1.17.1607,2,6,A11.083,363,𗎛,𗄵,𗪂,𘐝,平
𗔊,U+1750A,,2.369.1,8054/52,K3610,L5029,L5029,S2061,007-127,2606,27A58,Ⅴ,172,1,26B32,Ⅴ,155,1,3980,,56,2,47,,,,,,2.12.2305,3,12,A11.084,1019,𗎛,𘙨,𗥊,𗫫,上
𗞾,U+177BE,,3.199.5,5041/42,K5058,L4265,L4265,S0826,017-144,2607,27A61,Ⅴ,172,2,26B33,Ⅴ,155,2,3981,,56,2,47,,,,,,2.12.2306,3,13,A11.091,1020,𗎛,𘙨,𗥊,𗫫,上
𗒫,U+174AB,,2.294.3,8021/24,?,L4695,L4695,S1854,007-09j,2608,27A62,Ⅴ,173,1,26B34,Ⅴ,156,1,1574,1.55.121,49,1,47,1,1,𗤡,𘞘,,1.18.2108,1,1,A11.092,383,𗤡,𘞘,𗥊,𘞘,平
𗜟,U+1771F,,3.125.2,5021/24,K4254,L4107,L4107,S0741,,2609,27A63,Ⅴ,173,2,26B35,Ⅴ,156,2,1575,1.55.122,49,1,47,1,2,𗤡,𘞘,,1.18.2109,1,2,A11.101,384,𗤡,𘞘,𗥊,𘞘,平
𗎳,U+173B3,,2.124.1,2509/14,K0669,L2841,L2841,S1260,068-151,2610,27A64,Ⅴ,174,1,26B36,Ⅴ,157,1,3123,,17,2,14,,,,,,2.06.1404,4,1,A11.102,837,𗫲,𘕿,𘔻,𗊺,上
𗎧,U+173A7,,2.102.3,2204/10,K3479,L2359,L2359,S1266,,2611,27A65,Ⅴ,174,2,26B37,Ⅴ,157,2,,,17,2,14,,,,,,,,,A11.103,685,𗫲,𘕿,𘔻,𗊺,上
𗎦,U+173A6,,2.102.2,2102/12,K1710,L1937,L1937,S1253,,2612,27A66,Ⅴ,174,3,26B38,Ⅴ,157,3,3124,,17,2,14,,,,,,2.06.1405,4,2,A11.111,838,𗫲,𘕿,𘔻,𗊺,上
𘛋,U+186CB,,8.379.3,8952/24,K1388,L5803,L5803,S1791,130-091,2613,27A67,Ⅴ,174,4,26B42,Ⅴ,157,5,3125,,17,2,14,,,,,,2.06.1406,4,3,A11.112,839,𗫲,𘕿,𘔻,𗊺,上
𗖟,U+1759F,,2.492.1,1171/40,K4418,L0435,L0435,S4639,182-076,2614,27A68,Ⅴ,175,1,26B43,Ⅴ,158,1,2025,1.70.132,67,1,64,1,2,𗫵,𗁊,,1.22.2304,1,2,A11.113,499,𗫵,𗁊,𗪂,𗕹,平
𗻏,U+17ECF,,5.327.1,2244/47,K2938,L2509,L2509,S3271,,2615,27A71,Ⅴ,175,2,26B44,Ⅴ,158,2,2026,1.70.141,67,1,64,1,3,𗫵,𗁊,,1.22.2305,1,3,A11.121,500,𗫵,𗁊,𗪂,𗕹,平
𘀅,U+18005,,6.106.1,4742/25,?,L4067,L4067,S3965,214-081,2616,27A72,Ⅴ,176,1,26B51,Ⅴ,159,5,2840,,7,2,6,,,,,,2.03.2604,3,4,A11.122,771,𗤡,𗪀,𗥊,𗩈,上
𘀄,U+18004,,6.103.2,4149/00,K0665,L4031,L4031,S3964,214-071,2617,27A73,Ⅴ,176,2,26B46,Ⅴ,159,2,2841,,7,2,6,,,,,,2.03.2605,3,5,A11.131,772,𗤡,𗪀,𗥊,𗩈,上
𘀃,U+18003,,6.103.1,4141/22,K3699,L4030,L4030,S3963,214-061,2618,27A74,Ⅴ,176,3,26B47,Ⅴ,159,3,2842,,7,2,6,,,,,,2.03.2606,3,6,A11.132,773,𗤡,𗪀,𗥊,𗩈,上
𗥞,U+1795E,,4.220.3,2441/40,K4088,L2776,L2776,S3732,204-07k,2619,27A75,Ⅴ,176,4,26B45,Ⅴ,159,1,2843,,7,2,6,,,,,,2.03.2607,3,7,A11.133,774,𗤡,𗪀,𗥊,𗩈,上
𗍋,U+1734B,,2.034.1,1141/22,K4273,L0269,L0269,S0635,098-082,2620,27A76,Ⅴ,177,1,26B52,Ⅴ,160,1,1173,1.42.171,33,1,32,8,7,𘖮,𘞄,,1.14.2603,8,7,A11.141,324,𘖮,𘞄,𘔻,𘃔,平
𗍑,U+17351,,2.039.1,1442/27,?,L0823,L0823,S0636,098-097,2621,27A77,Ⅴ,177,2,26B53,Ⅴ,160,2,1174,1.42.172,33,1,32,8,8,𘖮,𘞄,,1.14.2604,8,8,A11.142,325,𘖮,𘞄,𘔻,𘃔,平
𗎍,U+1738D,,2.084.3,4874/00,K3202,L4092,L4092,S0607,085-062,2622,27A78,Ⅴ,178,1,26B54,Ⅴ,161,1,288,1.14.142,9,1,9,3,1,𗝎,𗐨,,1.07.1707,3,1,A11.151,133,𗝎,𗐨,𘔻,𗬃,平
𗎖,U+17396,,2.090.2,4374/40,K3086,L4046,L4046,S0608,,2623,27B11,Ⅴ,178,2,26B56,Ⅴ,161,3,289,1.14.143,9,1,9,3,2,𗝎,𗐨,,1.07.1708,3,2,A11.152,134,𗝎,𗐨,𘔻,𗬃,平
𗛦,U+176E6,,3.085.3,5074/40,K3204,L4416,L4416,S0705,,2624,27B12,Ⅴ,178,3,26B55,Ⅴ,161,2,,,9,1,9,,,,,,,,,A11.153,22,𗝎,𗐨,𘔻,𗬃,平
𗕾,U+1757E,,2.464.1,1771/20,K4959,L1484,L1484,S4648,,2625,27B13,Ⅴ,179,1,26B57,Ⅴ,162,1,127,1.09.112,3,1,3,7,1,𘎫,𘉹,,1.05.2601,7,1,A11.161,83,𘎫,𘉹,𗪂,𗔠,平
𗗊,U+175CA,,2.529.2,1871/27,K5599,L1812,L1812,S4650,182-122,2626,27B14,Ⅴ,179,2,26B58,Ⅴ,162,2,128,1.09.121,3,1,3,7,2,𘎫,𘉹,,1.05.2602,7,2,A11.162,84,𘎫,𘉹,𗪂,𗔠,平
𗖺,U+175BA,,2.523.2,1871/27,K5598,L1811,L1811,S4649,,2627,27B15,Ⅴ,179,3,26B61,Ⅴ,162,3,129,1.09.122,3,1,3,7,3,𘎫,𘉹,,1.05.2603,7,3,A11.171,85,𘎫,𘉹,𗪂,𗔠,平
𗋆,U+172C6,,1.610.1,2721/25,K4597,L3010,L3010,S4200,181-088,2628,27B16,Ⅴ,180,1,26B63,Ⅴ,163,2,4559,,85,2,73,,,,,,2.16.2206,6,1,A11.172,1192,𗝎,𘔮,𘔻,𗐔,上
𗋘,U+172D8,,1.630.1,2124/25,K2135,L2053,L2053,S4198,181-087,2629,27B17,Ⅴ,180,2,26B62,Ⅴ,163,1,4560,,85,2,73,,,,,,2.16.2207,6,2,A11.173,1193,𗝎,𘔮,𘔻,𗐔,上
𗹂,U+17E42,,5.222.2,1421/22,K3882,L0746,L0746,S1111,,2630,27B18,Ⅴ,181,1,26B66,Ⅴ,165,1,4052,,58,2,49,,,,,,2.13.1208,2,6,A11.181,1034,𗹗,𗶿,𗥊,𘚨,上
𗹉,U+17E49,,5.223.5,1121/24,K4352,L0179,L0179,S1104,109-081,2631,27B21,Ⅴ,181,2,26B67,Ⅴ,165,2,4053,,58,2,49,,,,,,2.13.1209,2,7,A11.182,1035,𗹗,𗶿,𗥊,𘚨,上
𘏡,U+183E1,,7.377.3,8145/50,K1210,L5247,L5247,S2642,236-067,2632,27B22,Ⅴ,182,1,26B68,Ⅴ,166,1,1389,1.49.162,39,1,38,1,3,𘝱,𗒘,,1.16.2506,1,3,A11.183,348,𘝱,𗒘,?,?,平
𘖤,U+185A4,,8.190.1,8022/22,K0498,L4755,L4755,S2578,028-072,2633,27B23,Ⅴ,182,2,26B71,Ⅴ,166,2,1390,1.49.171,39,1,38,1,4,𘝱,𗒘,,1.16.2507,1,4,A11.191,349,𘝱,𗒘,?,?,平
𗽝,U+17F5D,,5.447.1,2842/24,K0136,L3632,L3632,S4009,,2634,27B24,Ⅴ,183,1,26B72,Ⅴ,167,1,663,1.26.142,18,1,18,9,1,𗾂,𗸘,,1.10.2702,7,1,,,,,,,
𗬶,U+17B36,,3.390.1,2171/00,K5776,L2307,L2307,S3105,283-111,2635,27B25,Ⅴ,183,2,26B73,Ⅴ,167,2,664,1.26.143,18,1,18,9,2,𗾂,𗸘,,1.10.2703,7,2,,,,,,,
𘑅,U+18445,,7.458.1,8742/24,K3672,L5631,L5631,S2792,,2636,27B26,Ⅴ,184,1,26B76,Ⅴ,168,3,1142,1.41.161,33,1,32,1,1,𗁏,𗧟,,1.14.2204,1,1,,,,,,,
𘐿,U+1843F,,7.456.1,8542/24,K3641,L5459,L5459,S2673,236-104,2637,27B27,Ⅴ,184,2,26B74,Ⅴ,168,1,1143,1.41.162,33,1,32,1,2,𗁏,𗧟,,1.14.2205,1,2,,,,,,,
𘛩,U+186E9,,8.389.1,8725/42,K0602,L5576,L5576,S2480,,2638,27B28,Ⅴ,184,3,26B75,Ⅴ,168,2,1144,1.41.171,33,1,32,1,3,𗁏,𗧟,,1.14.2206,1,3,,,,,,,
𘐢,U+18422,,7.437.1,8741/70,K4621,L5608,L5608,S2809,,2639,27B31,Ⅴ,185,1,26B78,Ⅴ,169,2,440,1.19.141,13,1,13,1,3,𘃧,𘎛,,1.09.1104,1,3,,,,,,,
𘐅,U+18405,,7.409.1,8141/70,K4469,L5208,L5208,S2807,,2640,27B32,Ⅴ,185,2,26B77,Ⅴ,169,1,441,1.19.142,13,1,13,1,4,𘃧,𘎛,,1.09.1105,1,4,,,,,,,
𘄽,U+1813D,,6.326.3,1342/22,K0827,L0685,L0685,S4727,230-068,2641,27B33,Ⅴ,186,1,27A11,Ⅴ,170,1,4212,,66,2,56,,,,,,2.14.1310,5,1,,,,,,,
𘅃,U+18143,,6.344.2,1441/22,K3830,L0790,L0790,S4751,230-06b,2642,27B34,Ⅴ,186,2,27A12,Ⅴ,170,2,4213,,66,2,56,,,,,,2.14.1311,5,2,,,,,,,
𗙝,U+1765D,,3.027.1,1922/24,K1387,L1845,L1845,S0089,,2643,27B35,Ⅴ,187,1,27A13,Ⅴ,171,1,,,66,0,?,,,,,,,,,,,,,,,
𗜒,U+17712,,3.143.1,5025/22,K0454,L4201,L4201,S0908,017-09e,2644,27B36,Ⅴ,187,2,27A14,Ⅴ,171,2,,,17,0,?,,,,,,,,,,,,,,,
𗍅,U+17345,,2.026.1,1141/22,K3858,L0270,L0270,S0619,098-083,2645,27B37,Ⅴ,188,1,27A17,Ⅴ,172,3,2600,1.91.251,100,1,92,1,1,𘏊,𗥃,,1.29.1102,1,1,,,,,,,
𗍖,U+17356,,2.040.3,1141/40,K4359,L0291,L0291,S0623,098-094,2646,27B38,Ⅴ,188,2,27A16,Ⅴ,172,2,2601,1.91.252,100,1,92,1,2,𘏊,𗥃,,,,,,,,,,,
𗍕,U+17355,,2.040.2,1141/21,K5390,L0266,L0266,S0621,,2647,27B41,Ⅴ,188,3,27A18,Ⅴ,172,4,2602,1.91.261,100,1,92,1,3,𘏊,𗥃,,,,,,,,,,,
𗍆,U+17346,,2.030.1,1144/20,K3631,L0358,L0358,S0622,,2648,27B42,Ⅴ,188,4,27A15,Ⅴ,172,1,2603,1.91.262,100,1,92,1,4,𘏊,𗥃,,1.29.1103,1,2,,,,,,,
𗀇,U+17007,,1.008.2,1021/10,K5532,L0005,L0005,S1060,001-074,2649,27B43,Ⅴ,189,1,27A22,Ⅴ,173,2,1801,1.62.221,58,1,56,7,3,𗤡,𗄔,,1.20.2204,6,3,,,,,,,
𘘴,U+18634,,8.292.1,1344/00,K2216,L0698,L0698,S5033,,2650,27B44,Ⅴ,189,2,27A21,Ⅴ,173,1,1802,1.62.222,58,1,56,7,4,𗤡,𗄔,,1.20.2205,6,4,,,,,,,
𗃂,U+170C2,,1.146.3,2500/22,K0451,L2818,L2818,S1502,039-142,2651,27B45,Ⅴ,190,1,27A23,Ⅴ,174,1,2152,1.74.242,71,1,68,5,4,𗝎,𗨹,,1.24.1302,3,4,,,,,,,
𗆘,U+17198,,1.386.1,2101/25,K5326,L1916,L1916,S1482,041-118,2652,27B46,Ⅴ,190,2,27A24,Ⅴ,174,2,2153,1.74.251,71,1,68,5,5,𗝎,𗨹,,1.24.1303,3,5,,,,,,,
𗘆,U+17606,,2.577.1,1744/00,K2477,L1314,L1314,S5368,218-122,2653,27B47,Ⅴ,191,1,27A25,Ⅴ,175,1,3731,,44,2,38,,,,,,2.11.1107,3,1,,,,,,,
𗘀,U+17600,,2.573.1,1741/40,K5237,L1203,L1203,S5370,,2654,27B48,Ⅴ,191,2,27A27,Ⅴ,175,3,3732,,44,2,38,,,,,,2.11.1108,3,2,,,,,,,
𗝷,U+17777,,3.168.5,5044/00,K2471,L4331,L4331,S0982,,2655,27B51,Ⅴ,191,3,27A26,Ⅴ,175,2,3733,,44,2,38,,,,,,2.11.1109,3,3,,,,,,,
𘖞,U+1859E,,8.188.1,8021/20,K4943,L4679,L4679,S2568,028-053,2656,27B52,Ⅴ,192,1,27A34,Ⅴ,177,3,2509,1.88.151,91,1,85,1,2,𗠭,𗱘,,,,,,,,,,,
𘖪,U+185AA,,8.192.2,8024/20,K2270,L4813,L4813,S2565,028-085,2657,27B53,Ⅴ,192,2,27A32,Ⅴ,177,1,2510,1.88.152,91,1,85,1,3,𗠭,𗱘,,1.27.2706,1,2,,,,,,,
𘖠,U+185A0,,8.189.1,8022/40,K0211,L4780,L4780,S2566,,2658,27B54,Ⅴ,192,3,27A33,Ⅴ,177,2,,,91,1,85,,,,,,,,,,,,,,,
𘖣,U+185A3,,8.189.3,8021/70,K4727,L4738,L4738,S2567,,2659,27B55,Ⅴ,192,4,27A35,Ⅴ,177,4,,,91,1,85,,,,,,,,,,,,,,,
𘏬,U+183EC,,7.387.1,8741/20,K0078,L5592,L5592,S2715,236-068,2660,27B56,Ⅴ,193,1,27A36,Ⅴ,178,1,2472,1.86.261,88,1,83,3,3,𗺕,𘙀,,1.27.2204,3,3,,,,,,,
𘐷,U+18437,,7.451.1,8745/50,K1204,L5682,L5682,S2765,236-095,2661,27B57,Ⅴ,193,2,27A37,Ⅴ,178,2,,,88,1,83,,,,,,,,,,,,,,,
𗨚,U+17A1A,,4.411.1,2844/00,K2506,L3662,L3662,S3663,204-092,2662,27B58,Ⅴ,193,3,27B54,Ⅴ,D,36,2471,1.86.252,88,1,83,3,2,𗺕,𘙀,,1.27.2203,3,2,,,,,,,
𗙍,U+1764D,,3.015.2,1824/22,K2271,L1642,L1642,S0098,102-078,2663,27B61,Ⅴ,194,1,27A38,Ⅴ,179,1,,,29,0,?,,,,,,,,,,,,,,,
𗙞,U+1765E,,3.027.2,1122/22,K0908,L0203,L0203,S0084,102-091,2664,27B62,Ⅴ,194,2,27A41,Ⅴ,179,2,,,29,0,?,,,,,,,,,,,,,,,
𗋺,U+172FA,,1.646.1,2125/42,K1156,L2058,L2058,S4234,,2665,27B63,Ⅴ,195,1,27A42,Ⅴ,180,1,445,1.19.162,13,1,13,3,2,𗾂,𘆳,,1.09.1109,3,2,,,,,,,
𗊍,U+1728D,,1.568.2,2321/00,K4575,L2575,L2575,S4233,,2666,27B64,Ⅴ,195,2,27A43,Ⅴ,180,2,,,13,1,13,,,,,,,,,,,,,,,
𘆰,U+181B0,,6.447.2,1121/52,K4852,L0191,L0191,S5205,080-067,2667,27B65,Ⅴ,196,1,27A45,Ⅴ,181,2,3637,,37,2,33,,,,,,2.10.1404,12,1,,,,,,,
𘆱,U+181B1,,6.447.3,1324/52,K2162,L0667,L0667,S5207,,2668,27B66,Ⅴ,196,2,27A46,Ⅴ,181,3,,,37,2,33,,,,,,,,,,,,,,,
𗥓,U+17953,,4.205.1,2541/22,K4763,L2857,L2857,S3530,204-078,2669,27B67,Ⅴ,197,1,27A47,Ⅴ,182,1,3884,,51,2,42,,,,,,2.12.1104,10,1,,,,,,,
𗥒,U+17952,,4.204.1,2142/22,K1709,L2195,L2195,S3524,,2670,27B68,Ⅴ,197,2,27A48,Ⅴ,182,2,,,51,2,42,,,,,,,,,,,,,,,
𗥎,U+1794E,,4.198.3,2149/00,K0710,L2212,L2212,S3492,204-08zf,2671,27B71,Ⅴ,198,1,27A56,Ⅴ,185,2,4562,,85,2,73,,,,,,2.16.2209,7,2,A12.011,1194,?,?,?,?,
𗂯,U+170AF,,1.128.3,2802/22,K0527,L3473,L3473,S1500,,2672,27B72,Ⅴ,198,2,27A55,Ⅴ,185,1,,,85,2,73,,,,,,,,,A12.012,,?,?,?,?,
𗝎,U+1774E,,3.143.4,5024/25,K3135,L4189,L4189,S0918,017-104,2673,27B73,Ⅴ,199,1,27A57,Ⅴ,186,1,180,1.10.231,4,1,4,3,1,𗡭,𗶡,,1.06.1507,3,1,A12.013,92,𗡭,𗶡,𘔻,𘙼,平
𗜴,U+17734,,3.134.2,5074/42,K2956,L4417,L4417,S0765,,2674,27B74,Ⅴ,199,2,27A58,Ⅴ,186,2,,,4,1,4,,,,,,,,,A12.021,19,𗡭,𗶡,𘔻,𘙼,平
𘘅,U+18605,,8.257.1,1194/20,K3547,L0228,L0228,S4680,156-042,2675,27B75,Ⅴ,200,1,27A61,Ⅴ,187,1,1388,1.49.161,39,1,38,1,2,𘐁,𗒘,,1.16.2505,1,2,A12.022,,𗡭,𗶡,𘔻,𘙼,平
𘘉,U+18609,,8.258.2,1595/00,K0354,L0854,L0854,S4681,,2676,27B76,Ⅴ,200,2,27A62,Ⅴ,187,2,,,39,1,38,,,,,,,,,A12.031,34,𗡭,𗶡,𘔻,𘙼,平
𗬜,U+17B1C,,3.373.2,2844/20,K3166,L3675,L3675,S5637,203-071,2677,27B77,Ⅴ,201,1,27B41,Ⅴ,D,25,2256,1.78.222,75,1,72,1,2,𗹡,𗦩,,1.25.1303,1,2,A12.032,550,𗹡,𗦩,𗪂,𗅼,平
𗵭,U+17D6D,,5.077.2,1045/50,?,L0135,L0135,S0212,,2678,27B78,Ⅴ,201,2,,,,,,,75,1,72,,,,,,,,,A12.033,46,𗹡,𗦩,𗪂,𗅼,平
𘙴,U+18674,,8.328.2,1174/42,K3551,L0458,L0458,S5108,162-041,2679,28A11,Ⅴ,202,1,27B23,Ⅴ,D,11,2576,1.90.261,95,1,89,1,3,𗵒,𗅌,,1.28.2304,1,3,A12.041,632,𗵒,𗅌,𗪂,𘈆,平
𗏬,U+173EC,,2.177.1,2145/42,K0448,L2287,L2287,S5605,202-099,2680,28A12,Ⅴ,202,2,27B22,Ⅴ,D,10,2577,1.90.262,95,1,89,1,4,𗵒,𗅌,,1.28.2305,1,4,A12.042,633,𗵒,𗅌,𗪂,𘈆,平
𗢷,U+178B7,,4.020.1,2149/00,K0731,L2193,L2193,S3416,,2681,28A13,Ⅴ,203,1,28A13,Ⅴ,D,59,5061,,33,2,29,,,,,,3.05.1705,1,5,A12.043,1252,𘔻,𗠢,/,/,上雑
𗟴,U+177F4,,3.235.1,1392/00,K0286,L0652,L0652,S0443,154-042,2682,28A14,Ⅴ,203,2,28A18,Ⅴ,D,64,5062,,33,2,29,,,,,,3.05.1706,1,6,A12.051,1253,𘔻,𗠢,/,/,上雑
𘎯,U+183AF,,7.337.1,8144/20,K3560,L5236,L5236,S2646,236-048,2683,28A15,Ⅴ,204,1,27B33,Ⅴ,D,19,4576,,89,2,75,,,,,,2.16.2405,1,1,A12.052,1207,𗹡,𘜍,𗪂,𗡗,上
𗏳,U+173F3,,2.181.1,2142/52,K0974,L2220,L2220,S5623,202-097,2684,28A16,Ⅴ,204,2,28A77,Ⅴ,D,111,4577,,89,2,75,,,,,,2.16.2406,1,2,A12.061,1208,𗹡,𘜍,𗪂,𗡗,上
𘜥,U+18725,,8.447.1,2154/00,?,L6029,?,?,,2684.1,HB,Ⅴ,,,,,,,,,87,1,82,,,,,,,,,A12.062,3,𘋼,𘍇,𗪂,𗸪,平
𘜢,U+18722,,8.445.5,2151/00,?,L6028,?,?,,2684.2,HB,Ⅴ,,,,,,,,,87,1,82,,,,,,,,,A12.063,4,𘋼,𘍇,𗪂,𗸪,平
𗅘,U+17158,,1.336.1,2101/25,K4309,L1914,L1913,S1373,041-089,2685,28A31,Ⅴ,D,1,27B11,Ⅴ,D,1,824,1.31.163,25,1,24,6,1,𗝎,𗤕,,1.11.2708,3,4,A12.071,257,𗝎,𗤕,𘔻,𘂦,平
𗾃,U+17F83,,5.395.1,2371/40,K5268,L2692,L2692,S4062,033-111,2686,28A32,Ⅴ,D,2,27B12,Ⅴ,D,2,2392,1.83.262,85,1,80,1,5,𗝎,𗴐,,1.26.2405,1,5,A12.081,590,𗝎,𗴐,𘔻,𗴐,平
𗅳,U+17173,,1.361.1,2702/22,K0806,L2933,L2933,S1437,041-09e,2687,28A33,Ⅴ,D,3,27B13,Ⅴ,D,3,3658,,38,2,34,,,,,,2.10.1701,4,3,A12.082,937,𘓬,𗃠,𗥊,𗥉,上
𘀩,U+18029,,6.125.1,3149/40,K0746,L3884,L3884,S3006,114-081,2688,28A34,Ⅴ,D,4,27B14,Ⅴ,D,4,4573,,87,2,74,,,,,,2.16.2401,4,1,A12.083,1206,𗀆,𘒽,𗥊,𗔻,上
𘊹,U+182B9,,7.153.3,3821/40,K4671,L3985,L3985,S2955,246-062,2689,28A35,Ⅴ,D,5,27B15,Ⅴ,D,5,759,1.29.161,21,1,21,1,1,𗴫,𘄢,,,,,A12.091,241,𗴫,𘄢,𗪂,𘄢,平
𘝱,U+18771,,8.515.2,8244/20,K3616,L5324,L5324,S2858,303-063,2690,28A36,Ⅴ,D,6,27B16,Ⅴ,D,6,1698,1.59.122,55,1,53,2,2,𘏡,𗰖,,1.19.2307,2,2,A12.092,409,𘏡,𗰖,𘔻,𗠟,平
𘃉,U+180C9,,6.223.4,8725/20,K0386,L5570,L5570,S2447,151-052,2691,28A37,Ⅴ,D,7,27B17,Ⅴ,D,7,4762,Z.02.151,28,1,27,2,3,𗡔,𗰓,,3.02.1505,2,3,A12.101,652,𗡔,𗰓,/,/,平雑
𗠑,U+17811,,3.257.2,7125/45,K1175,L4552,L4552,S0480,,2692,28A38,Ⅴ,D,8,27B18,Ⅴ,D,8,,,85,2,73,,,,,,,,,A12.102,718,𗷯,𘒺,𗪂,𗐔,上入
𗿒,U+17FD2,,6.054.1,2549/00,K0673,L2893,L2893,S5660,211-101,2693,28A41,Ⅴ,D,9,27B21,Ⅴ,D,9,3501,,34,2,30,,,,,,2.09.1501,5,2,A12.111,914,𗼼,𗨾,𘔻,𗨾,上
𘈡,U+18221,,7.021.2,1722/58,K0188,L1057,L1057,S0273,077-081,2694,28A42,Ⅴ,D,10,27B24,Ⅴ,D,12,1764,1.61.162,57,1,55,3,3,𗎍,𘄘,,1.20.1409,1,8,A12.112,432,𗎍,𘄘,𗫲,𘙠,平
𗙪,U+1766A,,3.032.2,1724/24,K3049,L1102,L1102,S0132,102-141,2695,28A43,Ⅴ,D,11,27B25,Ⅴ,D,13,856,1.32.172,27,1,26,1,1,𗕾,𘓾,,1.12.1401,1,1,A12.121,261,𗕾,𘓾,𗪂,𘓾,平
𗙙,U+17659,,3.026.1,1722/22,K0851,L1006,L1006,S0127,102-087,2696,28A44,Ⅴ,D,12,27B26,Ⅴ,D,14,481,1.20.213,15,1,15,1,5,𗾂,𘚬,,1.09.1701,1,5,A12.122,182,𗾂,𘚬,𗪂,𗗆,平
𗙟,U+1765F,,3.027.3,1722/22,K0807,L1009,L1009,S0115,,2697,28A45,Ⅴ,D,13,27B27,Ⅴ,D,15,3656,,38,2,34,,,,,,2.10.1609,4,1,A12.123,936,𘛯,𗥉,𗥊,𗥉,上
𗴋,U+17D0B,,6.491.4,5471/20,K3964,L4448,L4448,S5120,163-021,2698,28A46,Ⅴ,D,14,27B28,Ⅴ,D,16,862,1.32.231,27,1,26,2,4,𗫿,𗤩,,1.12.1407,2,4,A12.131,262,𗫿,𗤩,𗪂,𘓾,平
𗹼,U+17E7C,,5.292.1,2401/54,K4204,L2718,L2718,S1306,135-074,2699,28A47,Ⅴ,D,15,27B31,Ⅴ,D,17,665,1.26.151,18,1,18,10,1,𗝎,𗍵,,1.10.2704,8,1,A12.132,232,𗝎,𗍵,𘔻,𗉺,平
𗷲,U+17DF2,,5.174.2,1755/50,K0332,L1478,L1478,S0369,123-041,2700,28A48,Ⅴ,D,16,27B32,Ⅴ,D,18,506,1.21.152,16,1,16,2,3,𗤡,𗙃,,1.09.2302,2,3,A12.141,190,𗤡,𗙃,𗥊,𗑃,平
𗾖,U+17F96,,6.013.2,2342/20,K0846,L2628,L2628,S5714,211-052,2701,28A51,Ⅴ,D,17,27B34,Ⅴ,D,20,2624,1.92.241,102,1,94,1,2,𘖢,𗬻,,1.29.1503,1,2,A12.142,643,𘖢,𗬻,𗥊,𗂌,平
𗕐,U+17550,,2.425.1,1742/24,?,L1252,L1252,S4417,,2702,28A52,Ⅴ,D,18,27B35,Ⅴ,D,21,2194,1.76.152,72,1,69,8,1,𗁟,𗥄,,1.24.2202,8,1,A12.143,546,𗁟,𗥄,𘔻,𗥇,平
𗆥,U+171A5,,1.390.3,2101/25,K4737,L1917,L1917,S1457,041-11a,2703,28A53,Ⅴ,D,19,27B37,Ⅴ,D,23,3242,,22,2,19,,,,,,2.07.1509,2,2,A12.151,862,𗝎,𘛨,𘔻,𘆕,平上
𗲩,U+17CA9,,6.410.3,1721/20,K4890,L0925,L0925,S5059,,2704,28A54,Ⅴ,D,20,27B38,Ⅴ,D,24,793,1.30.162,22,1,22,5,2,𗝎,𘛨,,1.11.2402,4,2,A12.152,247,𗝎,𘛨,𘔻,𗴡,平
𘝴,U+18774,,8.516.1,8441/42,?,L6064,?,?,,2704.1,HB,Ⅴ,,,,,,,,,21,1,21,,,,,,,,,A12.161,5,𗮏,𗰞,𗥊,𘄢,平
𗯄,U+17BC4,,3.470.1,8721/70,K5678,L5517,L5517,S2316,269-102,2705,28A55,Ⅴ,D,21,27B42,Ⅴ,D,26,4240,,67,2,57,,,,,,2.14.1605,4,5,A12.162,1090,𘁿,𗥿,𗪂,𘐓,上
𘑉,U+18449,,7.459.3,8141/00,K0008,L5172,L5172,S2684,,2706,28A56,Ⅴ,D,22,27B44,Ⅴ,D,28,2822,,5,2,5,,,,,,2.03.2407,3,1,A12.171,768,𗥂,𗷤,𘔻,𗷪,上
𗀍,U+1700D,,1.013.1,1021/40,K4106,L0025,L0025,S0287,002-071,2707,28A57,Ⅴ,D,23,27B45,Ⅴ,D,29,439,1.19.132,13,1,13,1,2,𘝱,𘎛,,1.09.1103,1,2,A12.172,164,𘝱,𘎛,𘔻,𘎛,平
𗅠,U+17160,,1.338.3,2101/24,K4253,L1909,L1909,S1389,041-088,2708,28A58,Ⅴ,D,24,27B46,Ⅴ,D,30,2302,1.80.173,80,1,75,3,1,𗧹,𗻑,,1.25.2402,3,1,A12.173,565,𗧹,𗻑,𗥊,𗌈,平
𘎾,U+183BE,,7.351.1,8744/00,K3145,L5644,L5644,S2800,236-049,2709,28A61,Ⅴ,D,25,27B47,Ⅴ,D,31,1486,1.52.162,43,1,42,11,1,𗯴,𘙉,,1.17.2307,9,1,A12.181,367,𗯴,𘙉,𘔻,𗵆,平
𘐠,U+18420,,7.432.3,8341/42,K5057,L5377,L5377,S2805,236-086,2710,28A62,Ⅴ,D,26,27B48,Ⅴ,D,32,,,51,2,42,,,,,,,,,A12.182,734,𗏄,𗸁,/,/,上雑
𗣶,U+178F6,,4.067.2,2744/00,K2544,L3279,L3279,S3884,204-06i,2711,28A63,Ⅴ,D,27,27B51,Ⅴ,D,33,1060,1.38.243,31,1,30,12,1,𗌗,𗈶,,1.13.2507,11,1,A12.183,314,𗌗,𗈶,𗥊,𗝚,平
𗂪,U+170AA,,1.127.2,2704/40,K3046,L2969,L2969,S1592,,2712,28A64,Ⅴ,D,28,27B52,Ⅴ,D,34,,,92,2,77,,,,,,,,,A13.011,1219,𗒤,𗬼,𗥊,𗬼,上
𗨮,U+17A2E,,4.422.2,2742/25,K1591,L3235,L3235,S3902,204-10b,2713,28A65,Ⅴ,D,29,27B53,Ⅴ,D,35,4226,,67,2,57,,,,,,2.14.1502,1,2,A13.012,1091,𗫵,𗠓,𗪂,𘐓,上
𗒏,U+1748F,,2.279.2,8075/75,?,L6055,?,?,,2713.1,HB,Ⅴ,,,,,,,5059,,52,1,50,,,,,,3.05.1702,1,2,A13.021,6,𗥊,𗇳,𗥊,𗆉,平
𗪀,U+17A80,,4.478.1,2144/22,K1989,L2258,L2258,S3379,204-11i,2714,28A66,Ⅴ,D,30,27B55,Ⅴ,D,37,2839,,7,2,6,,,,,,2.03.2603,3,3,A13.022,770,𗍋,𘀅,𗫲,𗩈,上
𗶳,U+17DB3,,5.107.1,6024/20,K1992,L4473,L4473,S1028,020-061,2715,28A67,Ⅴ,D,31,27B56,Ⅴ,D,38,3956,,55,2,46,,,,,,2.12.2105,2,1,A13.031,1011,𗒯,𘜼,𘔻,𘘁,上
𘖮,U+185AE,,8.193.2,8025/22,K1315,L4846,L4846,S2590,,2716,28A68,Ⅴ,D,32,27B57,Ⅴ,D,39,231,1.12.161,7,1,7,4,3,𗍋,𗦾,,1.06.2506,4,3,A13.032,107,𗍋,𗦾,𘔻,𗴢,平
𘃘,U+180D8,,6.230.3,8141/00,?,L6059,?,?,,2716.1,HB,Ⅴ,,,,,,,,,37,1,36,,,,,,,,,A13.033,7,𘀠,𘍳,𗪂,𗳃,平
𘅨,U+18168,,6.384.1,1141/27,K5588,L0287,L0287,S4750,,2717,28A71,Ⅴ,D,33,27B58,Ⅴ,D,40,,,17,2,14,,,,,,,,,A13.041,686,𘄎,𘐆,𗥊,𗊡,上入
𗉏,U+1724F,,1.524.3,1144/22,K3585,L0365,L0365,S5510,185-053,2718,28A72,Ⅴ,D,34,27B61,Ⅴ,D,41,1748,1.60.252,56,1,54,11,1,𗲛,𗅩,,1.20.1301,10,1,A13.042,429,𗲛,𗅩,𗪂,𘙾,平
𘙧,U+18667,,8.317.1,1741/44,K3744,L1212,L1212,S5018,297-132,2719,28A73,Ⅴ,D,35,27B62,Ⅴ,D,42,419,1.18.221,11,1,11,19,3,𗰱,𘏽,,1.08.2504,18,3,A13.051,153,𗰱,𘏽,𗥊,𗣣,平
𗢮,U+178AE,,4.010.1,2742/00,K1621,L3178,L3178,S3845,204-04b,2720,28A74,Ⅴ,D,36,27B63,Ⅴ,D,43,418,1.18.212,11,1,11,19,2,𗬢,𗮃,,1.08.2503,18,2,A13.052,154,𗬢,𗮃,𗥊,𗣣,平去
𗴘,U+17D18,,3.719.1,2774/42,K2568,L3418,L3418,S3092,,2721,28A75,Ⅴ,D,37,27B64,Ⅴ,D,44,4763,Z.02.152,31,1,30,2,4,?,?,,3.02.1506,2,4,A13.061,656,𗳘,𗬢,/,/,平雑
𗁏,U+1704F,,1.060.1,2709/00,K0754,L2930,L2930,S1604,,2722,28A76,Ⅴ,D,38,27B65,Ⅴ,D,45,1697,1.59.121,55,1,53,2,1,𘘅,𗰖,,1.19.2306,2,1,A13.062,408,𘘅,𗰖,𗪂,𗠟,平
𗡔,U+17854,,3.290.2,7721/44,K4915,L4600,L4600,S0525,255-121,2723,28A77,Ⅴ,D,39,27B66,Ⅴ,D,46,1833,1.63.231,61,1,58,3,2,𘖋,𗓎,,1.20.2607,4,2,A13.071,439,𘖋,𗓎,𗥊,𗚽,平
𗄝,U+1711D,,1.203.1,7121/20,K5114,L4505,L4505,S0285,,2724,28A78,Ⅴ,D,40,27B67,Ⅴ,D,47,496,1.21.111,15,1,15,4,3,𗱡,𗊿,,1.09.2107,2,7,A13.072,183,𗱡,𗊿,𗪂,𗗆,平
𗶮,U+17DAE,,6.403.1,1110/00,K0067,L0155,L0155,S4716,319-113,2725,28B11,Ⅴ,D,41,27B68,Ⅴ,D,48,796,1.30.212,24,1,23,1,3,𗘼,𗡰,,1.11.2406,1,1,A13.073,252,𗘼,𗡰,𗥊,𗫴,平
𗣓,U+178D3,,4.040.1,2141/41,K5300,L2144,L2144,S3401,204-052,2726,28B12,Ⅴ,D,42,27B71,Ⅴ,D,49,290,1.14.151,9,1,9,4,1,𗘶,𗪺,,1.07.2101,4,1,A13.081,136,𗘶,𗪺,𗥊,𗠭,平
𘉷,U+18277,,7.097.3,2324/40,K2219,L2594,L2594,S3170,,2727,28B13,Ⅴ,D,43,27B72,Ⅴ,D,50,2616,1.92.161,100,1,92,6,1,𘁀,𗗎,,1.29.1304,5,1,A13.082,641,𘁀,𗗎,𗪂,𗂴,平
𗫠,U+17AE0,,4.562.1,2844/22,K3578,L3688,L3688,S3629,204-138,2728,28B14,Ⅴ,D,44,27B74,Ⅴ,D,52,2524,1.88.262,92,1,86,2,7,𗅠,𗕭,,1.28.1206,2,7,A13.091,626,𗅠,𗕭,𗥊,𗲆,平
𘐴,U+18434,,7.450.1,8741/00,K4722,L5585,L5585,S2789,236-093,2729,28B15,Ⅴ,D,45,27B75,Ⅴ,D,53,4623,,92,2,77,,,,,,2.17.1204,2,1,A13.092,1220,𗅠,𗤰,𗥊,𗬼,上
𘂷,U+180B7,,6.215.1,8545/70,?,L5488,L5488,?,,2729.1,HB,Ⅴ,,,,,,,,,16,1,16,,,,,,,,,A13.093,8,𗀷,𗑪,𗫲,𗑃,平
𗓊,U+174CA,,2.323.1,8045/75,K1498,L5011,L5011,?,,2729.2,HB,Ⅴ,,,,,,,,,57,2,48,,,,,,,,,A13.101,9,𗒯,𗑁,𗫲,𘚨,上
𘌏,U+1830F,,7.223.1,9525/27,K1476,L5917,L5917,?,,2729.3,HB,Ⅴ,,,,,,,,,81,1,76,,,,,,,,,A13.102,10,𗒯,𗑯,𗫲,𗋿,平
𘌇,U+18307,,7.217.1,9922/24,?,?,?,?,,2729.4,HB,Ⅴ,,,,,,,,,4,2,4,,,,,,,,,A13.111,11,𘝻,𗣑,𗪂,𘓩,上
𘐮,U+1842E,,7.446.2,8545/75,?,L6065,?,?,,2729.5,HB,Ⅴ,,,,,,,,,85,1,80,,,,,,,,,A13.112,12,𘀄,𗙭,𗥊,𗴐,平
𗵒,U+17D52,,5.040.1,1092/00,K1684,L0152,L0152,S0226,018-111,2730,28B16,Ⅴ,D,46,27B76,Ⅴ,D,54,2081,1.72.131,69,1,66,2,2,𗏡,𗉁,,1.23.1502,2,2,A13.121,514,𗏡,𗉁,𗪂,𗉁,平
𗪂,U+17A82,,4.481.1,2144/40,K1997,L2264,L2264,S3389,,2731,28B17,Ⅴ,D,47,27B77,Ⅴ,D,55,1658,1.57.241,53,1,51,1,3,𘎫,𗼖,,1.19.1507,1,3,A13.122,401,𘎫,𗼖,𗪂,𗔆,平
𘜧,U+18727,,8.448.1,2854/20,K3157,L3726,L3726,S3097,,2732,28B18,Ⅴ,D,48,27B78,Ⅴ,D,56,4079,,61,2,51,,,,,,2.13.1507,4,5,A13.131,1043,𗷯,𘑨,𗪂,𗏒,上
𘎽,U+183BD,,7.350.1,8240/22,K0638,L5686,L5686,S2796,236-042,2733,28B21,Ⅴ,D,49,28A11,Ⅴ,D,57,1536,1.53.271,45,1,44,2,2,𗎍,𗫦,,1.18.1307,2,2,A13.132,373,𗎍,𗫦,𘔻,𗶥,平
𘏃,U+183C3,,7.353.1,8145/20,K1172,L5246,L5246,S2654,,2734,28B22,Ⅴ,D,50,28A12,Ⅴ,D,58,2151,1.74.241,71,1,68,5,3,𗏡,𗨹,,1.24.1301,3,3,A13.133,537,𗏡,𗨹,𗪂,𗨹,平
𗷎,U+17DCE,,5.131.2,6041/00,K4366,L4480,L4480,S1034,020-122,2735,28B23,Ⅴ,D,51,28A14,Ⅴ,D,60,4534,,85,2,73,,,,,,2.16.1704,2,5,A13.141,1191,𗎛,𘒺,𗪂,𗐔,上
𗩑,U+17A51,,4.446.1,2141/24,K4562,L2109,L2109,S3522,,2736,28B24,Ⅴ,D,52,28A15,Ⅴ,D,61,4739,,5,4,5,,,,,,2.18.1301,1,1,A13.142,1260,𗢭,𗷤,/,/,上雑
𗧹,U+179F9,,4.379.3,2240/42,K0121,L2444,L2444,S3744,204-09k,2737,28B25,Ⅴ,D,53,28A16,Ⅴ,D,62,2377,1.83.151,84,1,79,2,1,𗒤,𗶋,,1.26.2201,2,1,A13.151,585,𗒤,𗶋,𗥊,𗟶,平
𗧳,U+179F3,,4.378.1,2344/25,K2034,L2672,L2672,S3553,,2738,28B26,Ⅴ,D,54,28A17,Ⅴ,D,63,4740,,24,4,21,,,,,,2.18.1302,1,2,A13.152,867,𗯴,𗢲,𘔻,𘜴,上入
𗮋,U+17B8B,,3.448.3,8122/22,K1339,L5114,L5114,S2248,,2739,28B27,Ⅴ,D,55,28A21,Ⅴ,D,65,5063,Z.13.211,45,2,39,1,2,𗫵,𗫦,上,3.05.1707,1,7,A13.161,1270,𗫵,𗫦,/,/,上雑
𗼧,U+17F27,,5.387.3,2585/25,?,L6037,?,?,,2739.1,HB,Ⅴ,,,,,,,,,45,1,44,,,,,,,,,A13.162,13,𗮿,𗫦,𗪂,𗶥,平
𘍳,U+18373,,7.286.1,8722/24,K1755,L5531,L5531,S2492,111-031,2740,28B28,Ⅴ,D,56,28A22,Ⅴ,D,66,1334,1.47.223,37,1,36,2,1,𗥫,𘊏,,1.16.1507,9,1,A13.163,343,𗥫,𘊏,𗥊,𘒋,平
𗒼,U+174BC,,2.307.2,8024/20,K2782,L4808,L4808,S1943,007-103,2741,28B31,Ⅴ,D,57,28A23,Ⅴ,D,67,1900,1.65.261,63,1,60,1,3,𗝎,𗪝,,1.21.2104,1,3,A13.171,462,𗝎,𗪝,𘔻,𗧎,平
𗩦,U+17A66,,4.407.1,2844/00,K2524,L3661,L3661,S3675,204-099,2742,28B32,Ⅴ,D,58,28A24,Ⅴ,D,68,3862,,51,2,42,,,,,,2.11.2607,7,1,A13.172,995,𘎫,𘃽,𗪂,𗟌,上
𗬻,U+17B3B,,3.391.3,8022/22,K5801,L4748,L4748,S3971,031-063,2743,28B33,Ⅴ,D,59,28A26,Ⅴ,D,70,2623,1.92.231,102,1,94,1,1,𘜕,𗾖,,1.29.1502,1,1,A14.011,642,𘜕,𗾖,𗪂,𗂌,平
𘐘,U+18418,,7.429.2,8142/24,K3690,L5217,L5217,S2664,236-08a,2744,28B34,Ⅴ,D,60,28A27,Ⅴ,D,71,200,1.11.152,5,1,5,4,1,𘐿,𗽠,,1.06.2103,4,1,A14.012,100,𘐿,𗽠,𗪂,𘃠,平
𘍫,U+1836B,,7.283.3,8145/50,K1170,L5248,L5248,S2397,,2745,28B35,Ⅴ,D,61,28A28,Ⅴ,D,72,299,1.14.221,9,1,9,6,1,𗯴,𘇨,,1.07.2204,6,1,A14.013,135,𗯴,𘇨,𘔻,𗠭,平
𘘃,U+18603,,8.253.1,1491/00,K3907,L0750,L0750,S4685,156-021,2746,28B36,Ⅴ,D,62,28A31,Ⅴ,D,73,474,1.20.152,14,1,14,9,2,𗘼,𘌵,平,1.09.1602,9,2,A14.021,173,𗘼,𘌵,𗥊,𗮦,平
𗼼,U+17F3C,,5.426.1,2341/20,K5066,L2605,L2605,S4017,210-052,2747,28B37,Ⅴ,D,63,28A32,Ⅴ,D,74,2805,,4,2,4,,,,,,2.03.2210,2,1,A14.022,762,𗡭,𗞯,𘔻,𘓩,上
𗇹,U+171F9,,1.449.1,1721/40,K4363,L0965,L0965,S4533,,2748,28B38,Ⅴ,D,64,28A33,Ⅴ,D,75,847,1.32.131,26,1,25,2,1,𗾂,𘅻,,1.12.1302,1,2,A14.031,258,𗾂,𘅻,𘔻,𘂦,借平
𘔵,U+18535,,8.076.1,2841/40,K5201,L3602,L3602,S5781,216-062,2749,28B41,Ⅴ,D,65,28A34,Ⅴ,D,76,1139,1.41.142,32,1,31,7,3,𘐘,𗽍,平,1.14.2109,6,3,A14.032,321,𘐘,𗽍,𗪂,𘚾,平
𗞷,U+177B7,,3.198.3,5041/22,K3851,L4240,L4240,S0902,,2750,28B42,Ⅴ,D,66,28A35,Ⅴ,D,77,3287,,27,2,24,,,,,,2.07.2406,2,3,,,,,,,
𗓷,U+174F7,,2.348.1,8021/22,K3847,L4686,L4686,S2043,007-11l,2751,28B43,Ⅴ,D,67,28A36,Ⅴ,D,78,863,1.32.232,27,1,26,2,5,𗜠,𗤩,,1.12.1408,2,5,,,,,,,
𘀠,U+18020,,6.122.1,3141/22,K4934,L3869,L3869,S2904,192-052,2752,28B44,Ⅴ,D,68,28A37,Ⅴ,D,79,2134,1.74.121,70,1,67,11,4,𘏊,𗜦,,1.23.2701,8,4,,,,,,,
𗍐,U+17350,,2.038.1,1142/22,K0500,L0326,L0326,S0634,098-096,2753,28B45,Ⅴ,D,69,28A38,Ⅴ,D,80,505,1.21.151,16,1,16,2,2,𗒯,𗙃,,1.09.2301,2,2,,,,,,,
𗍠,U+17360,,2.045.3,1841/22,K4882,L1685,L1685,S0637,098-122,2754,28B46,Ⅴ,D,70,28A41,Ⅴ,D,81,504,1.21.143,16,1,16,2,1,𘔺,𗑃,,1.09.2208,2,1,,,,,,,
𗜠,U+17720,,3.125.3,5022/22,K0912,L4150,L4150,S0743,,2755,28B47,Ⅴ,D,71,28A42,Ⅴ,D,82,417,1.18.211,11,1,11,19,1,𘜽,𘏽,,1.08.2502,18,1,,,,,,,
𗰙,U+17C19,,3.541.1,1121/24,K4339,L0174,L0174,S4487,107-063,2756,28B48,Ⅴ,D,72,28A43,Ⅴ,D,83,4306,,70,2,60,,,,,,2.14.2505,10,1,,,,,,,
𗫚,U+17ADA,,4.559.1,2142/22,K0995,L2198,L2198,S3513,205-121,2757,28B51,Ⅴ,D,73,28A44,Ⅴ,D,84,3029,,11,2,10,,,,,,2.05.1602,13,1,,,,,,,
𘔢,U+18522,,8.048.1,1824/20,K2967,L1639,L1639,S1226,253-061,2758,28B52,Ⅴ,D,74,28A45,Ⅴ,D,85,2022,1.70.112,66,1,63,8,1,𘏈,𗝎,,1.22.2208,6,1,,,,,,,
𗡝,U+1785D,,3.295.3,7724/44,K3050,L4620,L4620,S0549,255-145,2759,28B53,Ⅴ,D,75,28A46,Ⅴ,D,86,739,1.28.232,20,1,20,5,3,𗕾,𗢩,,1.11.2108,5,3,,,,,,,
𗴒,U+17D12,,3.714.2,2274/42,K2838,L2539,L2539,S3080,159-042,2760,28B54,Ⅴ,D,76,28A47,Ⅴ,D,87,2050,1.71.112,67,1,64,8,1,𘏊,𘕥,,1.22.2605,8,1,,,,,,,
𗹗,U+17E57,,5.240.2,1195/50,K1269,L0474,L0474,S1144,051-081,2761,28B55,Ⅴ,D,77,28A48,Ⅴ,D,88,3863,,51,2,42,,,,,,2.11.2608,7,2,A15.011,996,𗗇,𗥹,𗥊,𗟌,上
𗁷,U+17077,,1.084.3,2101/40,K4430,L1922,L1922,S1549,039-091,2762,28B56,Ⅴ,D,78,28A51,Ⅴ,D,89,648,1.25.251,18,1,18,4,1,𗝎,𗙆,,1.10.2506,4,1,A15.012,231,𗝎,𗙆,𘔻,𗉺,平
𗗉,U+175C9,,2.529.1,1774/42,K2627,L1532,L1532,S4642,182-121,2763,28B57,Ⅴ,D,79,28A52,Ⅴ,D,90,5064,Z.13.212,34,2,30,1,3,𗥺,𗘒,,3.05.1708,1,8,A15.021,1265,𗥺,𗘒,/,/,上雑
𗥯,U+1796F,,4.245.4,2741/40,K3745,L3146,L3146,S3792,204-07zm,2764,28B58,Ⅴ,D,80,28A53,Ⅴ,D,91,2135,1.74.122,70,1,67,11,5,𘔧,𗫏,,1.23.2702,8,5,A15.022,524,𘔧,𗫏,𗥊,𗳃,平
𘃯,U+180EF,,6.266.3,1244/00,K2664,L0539,L0539,S4451,065-041,2765,28B61,Ⅴ,D,81,28A54,Ⅴ,D,92,2257,1.78.231,75,1,72,1,3,𘉫,𗐆,,1.25.1304,1,3,A15.031,551,𘉫,𗐆,𗥊,𗅼,平
𗳘,U+17CD8,,3.672.3,1742/40,K1771,L1277,L1277,S5398,222-031,2766,28B62,Ⅴ,D,82,28A55,Ⅴ,D,93,275,1.13.251,8,1,8,7,1,𗟳,𘙡,,1.07.1407,7,1,A15.032,130,𗟳,𘙡,𗥊,𗬃,平
𗐬,U+1742C,,2.205.1,8042/24,K1746,L4933,L4933,S2109,,2767,28B63,Ⅴ,D,83,28A56,Ⅴ,D,94,4741,,28,4,25,,,,,,2.18.1304,1,3,A15.033,878,𗶥,𘚠,𗪂,𗍉,上入
𗶥,U+17DA5,,2.548.1,1710/00,K0054,L0907,L0907,S5271,319-091,2768,28B64,Ⅴ,D,84,28A57,Ⅴ,D,95,1535,1.53.262,45,1,44,2,1,𗠭,𗫦,,1.18.1306,2,1,A15.041,372,𗠭,𗫦,𗪂,𗶥,平
𗓅,U+174C5,,2.314.1,8072/40,K0206,L5040,L5040,S2065,,2769,28B65,Ⅴ,D,85,28A58,Ⅴ,D,96,,,23,2,20,,,,,,,,,A15.042,1249,𗋺,𘞞,/,/,上雑
𗋟,U+172DF,,1.632.3,2224/22,K2758,L2415,L2415,S4207,,2770,28B66,Ⅴ,D,86,28A61,Ⅴ,D,97,4385,,77,2,66,,,,,,2.15.1701,1,4,A15.051,1124,𗏡,𗓑,𗪂,𗯬,上
𗂮,U+170AE,,1.128.2,2101/22,K5409,L1898,L1898,S1499,,2771,28B67,Ⅴ,D,87,28A62,Ⅴ,D,98,2519,1.88.232,92,1,86,2,2,𗕾,𗤵,,1.28.1201,2,2,A15.052,625,𗕾,𗤵,𗪂,𗲆,平
𗔪,U+1752A,,2.387.1,8041/21,K5495,L4892,L4892,S1972,007-141,2772,28B68,Ⅴ,D,88,28A63,Ⅴ,D,99,1913,1.66.143,63,1,60,3,1,𘐘,𘐽,,1.21.2208,2,1,A15.061,461,𘐘,𘐽,𗪂,𗧎,平
𗙡,U+17661,,3.028.1,1722/24,K1550,L1029,L1029,S0109,102-121,2773,28B71,Ⅴ,D,89,28A64,Ⅴ,D,100,2418,1.84.253,85,1,80,8,1,𗏡,𗭹,合,,,,A15.062,589,𗏡,𗭹,𗪂,𗴐,平合
𗉳,U+17273,,1.555.2,1844/20,K2518,L1752,L1752,S5525,185-092,2774,28B72,Ⅴ,D,90,28A65,Ⅴ,D,101,4224,,66,2,56,,,,,,2.14.1410,8,1,A15.071,1084,𗏡,𗾟,𗪂,𗰗,上
𗗲,U+175F2,,2.566.1,1842/20,K0563,L1707,L1707,S5358,,2775,28B73,Ⅴ,D,91,28A66,Ⅴ,D,102,4252,,69,2,59,,,,,,2.14.1710,1,1,A15.072,1092,𗝎,𗙏,𘔻,𗙑,上
𗝖,U+17756,,3.149.2,5024/22,K3026,L4186,L4186,S0729,017-11r,2776,28B74,Ⅴ,D,92,28A67,Ⅴ,D,103,1191,1.43.111,34,1,33,1,5,𗝎,𗑗,,1.15.1106,1,5,A15.081,334,𗝎,𗑗,𘔻,𗃰,平
𗿖,U+17FD6,,6.064.1,2744/22,K2344,L3323,L3323,S5722,211-092,2777,28B75,Ⅴ,D,93,28A68,Ⅴ,D,104,3247,,23,2,20,,,,,,2.07.1606,2,3,A15.082,865,𗥞,𘎟,𗥊,𗫬,上
𗽭,U+17F6D,,5.456.1,2841/40,K4378,L3601,L3601,S4010,210-103,2778,28B76,Ⅴ,D,94,28A71,Ⅴ,D,105,3734,,44,2,38,,,,,,2.11.1110,4,1,A15.091,962,𗼼,𗼽,𘔻,𗬦,上
𘃧,U+180E7,,6.258.1,8121/27,K4468,L5086,L5086,S2428,,2779,28B77,Ⅴ,D,95,28A72,Ⅴ,D,106,1699,1.59.123,55,1,53,2,3,𗞚,𗰖,,1.19.2308,2,3,A15.092,410,𗞚,𗰖,𗥊,𗠟,平
𘚩,U+186A9,,8.352.3,2450/57,K0302,L2810,L2810,S1328,315-031,2780,28B78,Ⅴ,D,96,28A73,Ⅴ,D,107,1245,1.44.242,35,1,34,3,1,𗝎,𗝵,,1.15.2108,2,1,A15.093,338,𗝎,𗝵,𘔻,𗷘,平
𘋑,U+182D1,,7.166.2,8745/25,K0599,L5679,L5679,S2179,,2781,29A11,Ⅴ,D,97,28A74,Ⅴ,D,108,671,1.26.211,18,1,18,11,3,𗂇,𗞽,合,1.11.1102,9,3,A15.101,230,𗂇,𗞽,𗪂,𗉺,平合
𗑚,U+1745A,,2.242.1,8025/74,K1460,L4853,L4853,S1868,,2782,29A12,Ⅴ,D,98,28A75,Ⅴ,D,109,2473,1.86.262,88,1,83,4,1,𗘼,𗧵,,1.27.2205,4,1,A15.102,605,𗘼,𗧵,𗥊,𗧵,平
𘐈,U+18408,,7.418.1,8844/20,K0407,L5758,L5758,S2721,,2783,29A13,Ⅴ,D,99,28A76,Ⅴ,D,110,699,1.27.162,19,1,19,8,1,𗫿,𗉢,,1.11.1403,8,1,A15.111,238,𗫿,𗉢,𗪂,𗰭,平
𗦒,U+17992,,4.283.2,2741/42,K4600,L3158,L3158,S3372,204-09zd,2784,29A14,Ⅴ,D,100,28A78,Ⅴ,D,112,4591,,90,2,76,,,,,,2.16.2603,3,1,A15.112,1218,𘜄,𘉌,𗥊,𘟐,上
𗭶,U+17B76,,3.428.1,8220/24,K0159,L5256,L5256,S2143,096-101,2785,29A15,Ⅴ,D,101,28B11,Ⅴ,D,113,3914,,53,2,44,,,,,,2.12.1407,3,1,A15.121,1005,𘞮,𗡮,𗥊,𗚂,上
𘐰,U+18430,,7.448.1,8241/55,K4628,L5312,L5312,S2658,,2786,29A16,Ⅴ,D,102,28B12,Ⅴ,D,114,959,1.35.242,29,1,28,4,3,𗎎,𗞒,,1.12.2611,2,5,A15.122,272,𗎎,𗞒,𗪂,𗙌,平
𗉩,U+17269,,1.551.1,1749/20,K0759,L1249,L1249,S5544,185-073,2787,29A17,Ⅴ,D,103,28B13,Ⅴ,D,115,1702,1.59.142,55,1,53,2,6,𘘃,𗠟,,1.19.2403,2,6,A15.131,411,𘘃,𗠟,𗥊,𗠟,平
𗌭,U+1732D,,3.737.1,2775/50,K1279,L1542,L1542,S4139,180-085,2788,29A18,Ⅴ,D,104,28B14,Ⅴ,D,116,29,1.06.111,1,1,1,7,3,𗾂,𗣔,,1.04.2606,8,1,A15.132,70,𗪂,𗣔,𗪂,𘁨,平
𘘓,U+18613,,8.261.2,1742/20,K0793,L1231,L1231,S4845,296-051,2789,29A21,Ⅴ,D,105,28B15,Ⅴ,D,117,1224,1.44.113,34,1,33,10,1,𗝎,𘜛,,1.15.1601,8,1,A15.133,335,𗝎,𘜛,𘔻,𗃰,平
𗪡,U+17AA1,,4.514.1,2844/22,K2254,L3686,L3686,S3616,,2790,29A22,Ⅴ,D,106,28B16,Ⅴ,D,118,3903,,53,2,44,,,,,,2.12.1307,1,1,A15.141,1006,𘞮,𗖏,𗥊,𗚂,上
𘆕,U+18195,,6.419.2,1741/10,?,L1176,L1176,S5189,018-052,2791,29A23,Ⅴ,D,107,28B17,Ⅴ,D,119,3241,,22,2,19,,,,,,2.07.1508,2,1,A15.142,863,𘛯,𘕧,𗥊,𘆕,上
𗹊,U+17E4A,,5.223.6,1122/28,K0180,L0211,L0211,S1095,,2792,29A24,Ⅴ,D,108,28B18,Ⅴ,D,120,230,1.12.152,7,1,7,4,2,𗺕,𗦾,,1.06.2505,4,2,A16.011,106,𗺕,𗦾,𗪂,𗴢,平
𗲬,U+17CAC,,3.647.3,1785/24,K1507,L1548,L1548,S4940,,2793,29A25,Ⅴ,D,109,28B21,Ⅴ,D,121,3246,,23,2,20,,,,,,2.07.1605,2,2,A16.012,864,𗠭,𘎟,𗪂,𗫬,上
𘍇,U+18347,,7.252.3,8221/41,K5385,L5263,L5263,S2218,,2794,29A26,Ⅴ,D,110,28B22,Ⅴ,D,122,2458,1.86.152,87,1,82,9,1,𗀆,𘒽,,1.27.1804,7,1,A16.021,603,𗀆,𘒽,𗥊,𗸪,平
𗑱,U+17471,,2.265.1,8021/90,K3970,L4740,L4740,S1777,008-093,2795,29A27,Ⅴ,D,111,28B23,Ⅴ,D,123,,,20,2,17,,,,,,,,,A16.022,692,𗹡,𘕜,𗪂,𗾥,上借
𗓜,U+174DC,,2.334.1,8022/22,K0857,L4754,L4754,S1996,007-11k,2796,29A28,Ⅴ,D,112,28B24,Ⅴ,D,124,2633,1.93.121,103,1,95,2,1,𗒯,𗋽,,,,,A16.031,644,𗒯,𗋽,𘔻,𗌜,平
𗒮,U+174AE,,2.295.3,8024/22,K2230,L4823,L4823,S1995,007-10f,2797,29A31,Ⅴ,D,113,28B25,Ⅴ,D,125,760,1.29.162,21,1,21,1,2,𗒯,𘊾,,,,,A16.032,242,𗒯,𘊾,𘔻,𘄢,平
𘛨,U+186E8,,8.388.2,8344/40,K2952,L5400,L5400,S2474,121-051,2798,29A32,Ⅴ,D,114,28B26,Ⅴ,D,126,792,1.30.161,22,1,22,5,1,𗾂,𗲩,,1.11.2401,4,1,A16.033,246,𗾂,𗲩,𘔻,𗴡,平
𘊾,U+182BE,,7.157.3,3721/42,K4971,L3948,L3948,S2962,246-081,2799,29A33,Ⅴ,D,115,28B27,Ⅴ,D,127,4760,Z.02.141,21,1,21,2,1,𘎫,𗒮,,3.02.1503,2,1,A16.041,650,𘎫,𗒮,/,/,平雑
𘎿,U+183BF,,7.351.2,8141/00,K4843,L5160,L5160,S2697,236-04a,2800,29A34,Ⅴ,D,116,28B28,Ⅴ,D,128,5060,,17,2,14,,,,,,3.05.1703,1,3,A16.042,1250,𘎫,𗧓,/,/,上雑
𗭠,U+17B60,,3.418.2,3824/20,K3470,L3991,L3991,S2985,,2801,29A35,Ⅴ,D,117,28B31,Ⅴ,D,129,,,25,2,22,,,,,,,,,A16.051,696,?,?,?,?,
𗑞,U+1745E,,2.249.1,8021/20,K4498,L4678,L4678,S1993,007-08c,2802,29A36,Ⅴ,D,118,28B32,Ⅴ,D,130,,,46,1,45,,,,,,,,,,,,,,,
𘛱,U+186F1,,8.392.4,8522/24,K1438,L5466,L5466,S2510,,2803,29A37,Ⅴ,D,119,28B33,Ⅴ,D,131,,,25,1,24,,,,,,,,,,,,,,,
𘀳,U+18033,,6.128.4,3844/20,K0431,L4002,L4002,S3058,,2804,29A38,Ⅴ,D,120,28B34,Ⅴ,D,132,,,20,2,17,,,,,,,,,,,,,,,
𘝰,U+18770,,8.515.1,8742/20,K0804,L5622,L5622,S2859,303-051,2805,29A41,Ⅴ,D,121,28B35,Ⅴ,D,133,,,16,1,16,,,,,,,,,,,,,,,
𘈴,U+18234,,7.039.3,1894/00,K0426,L1837,L1837,S1127,171-053,2806,29A42,Ⅴ,D,122,28B36,Ⅴ,D,134,,,20,2,17,,,,,,,,,,,,,,,
𗟳,U+177F3,,3.234.1,1194/20,K3546,L0226,L0226,S0434,,2807,29A43,Ⅴ,D,123,28B37,Ⅴ,D,135,57,1.06.252,1,1,1,14,3,𘖋,𘆲,,1.05.1304,15,3,,,,,,,
𗙾,U+1767E,,3.044.1,1141/24,K4447,L0283,L0283,S0067,,2808,29A44,Ⅴ,D,124,28B38,Ⅴ,D,136,3679,,42,2,36,,,,,,2.10.2204,2,2,,,,,,,
𘌓,U+18313,,7.226.3,9724/20,K3015,L5927,L5927,S1705,139-071,2809,29A45,Ⅴ,D,125,28B41,Ⅴ,D,137,3970,,56,2,47,,,,,,2.12.2208,3,2,,,,,,,
𗢃,U+17883,,3.345.2,2704/22,K3025,L2961,L2961,S1325,039-103,2810,29A46,Ⅴ,D,126,28B43,Ⅴ,D,139,2544,1.89.222,92,1,86,6,1,𘙧,𗭡,,1.28.1502,5,1,,,,,,,
𗐍,U+1740D,,2.148.2,2722/00,K0585,L3018,L3018,S5560,,2811,29A47,Ⅴ,D,127,28B44,Ⅴ,D,140,,,34,0,?,,,,,,,,,,,,,,,
𗃏,U+170CF,,1.155.1,2804/45,K3190,L3511,L3511,S1534,,2812,29A48,Ⅴ,D,128,28B45,Ⅴ,D,141,4363,,75,2,64,,,,,,2.15.1405,2,2,,,,,,,
𘓷,U+184F7,,8.015.3,1529/42,K0675,L0860,L0860,S0455,261-101,2813,29A51,Ⅴ,D,129,21A54,Ⅴ,10,2,2496,1.87.251,90,1,84,5,1,𗾂,𘍶,,1.27.2507,3,5,,,,,,,
𗓟,U+174DF,,2.335.1,8042/24,K0225,L4934,L4934,S2007,,2814,29A52,Ⅴ,D,130,21A68,Ⅴ,12,6,2497,1.87.252,90,1,84,5,2,𗘈,𘓷,,1.27.2601,3,6,,,,,,,
𘋓,U+182D3,,7.167.2,8741/22,K0076,L5596,L5596,S2177,189-063,2815,29A53,Ⅴ,D,131,22A24,Ⅴ,24,4,3466,,33,2,29,,,,,,2.09.1104,6,1,,,,,,,
𗦘,U+17998,,4.287.1,2342/20,K1722,L2626,L2626,S3442,,2816,29A54,Ⅴ,D,132,22A74,Ⅴ,31,8,944,1.35.151,29,1,28,1,4,𗎍,𗵼,,1.12.2505,1,4,,,,,,,
𘊒,U+18292,,7.123.2,2942/74,K1429,L3801,L3801,S5798,,2817,29A55,Ⅴ,D,133,22B24,Ⅴ,33,2,4018,,58,2,48,,,,,,2.12.2609,2,8,,,,,,,
𗧎,U+179CE,,4.344.2,2745/00,K0371,L3361,L3361,S3806,204-08f,2818,29A56,Ⅴ,D,134,22B68,Ⅴ,41,3,1904,1.65.273,63,1,60,1,7,𗵒,𘆬,,1.21.2108,1,7,,,,,,,
𗿂,U+17FC2,,6.047.2,2741/22,K3816,L3579,L3579,S5680,,2819,29A57,Ⅴ,D,135,23B14,Ⅴ,52,4,3598,,37,2,33,,,,,,2.09.2709,5,1,,,,,,,
𘄮,U+1812E,,6.315.4,1394/40,K3073,L0662,L0662,S4513,155-111,2820,29A58,Ⅴ,D,136,23B22,Ⅴ,54,3,1145,1.41.172,33,1,32,2,1,𘏡,𗧟,,1.14.2207,2,1,,,,,,,
𘔧,U+18527,,8.050.2,1090/00,K0744,L0150,L0150,S1120,035-041,2821,29A61,Ⅴ,D,137,23B74,Ⅴ,65,2,1867,1.64.251,62,1,59,3,1,𗆈,𗫇,,1.21.1403,3,1,,,,,,,
𗍛,U+1735B,,2.043.1,1745/42,K0619,L1412,L1412,S0657,,2822,29A62,Ⅴ,D,138,24A38,Ⅴ,72,4,,,72,2,61,,,,,,,,,,,,,,,
𗙌,U+1764C,,3.015.1,1124/22,K3556,L0223,L0223,S0135,102-079,2823,29A63,Ⅴ,D,139,24B13,Ⅴ,83,1,943,1.35.142,29,1,28,1,3,𗾂,𗵼,,1.12.2504,1,3,,,,,,,
𗆉,U+17189,,1.377.1,2801/24,K5158,L3459,L3459,S1432,041-10e,2824,29A64,Ⅴ,D,140,24B65,Ⅴ,94,1,1649,1.57.163,52,1,50,2,2,𗠭,𗞡,,1.19.1405,2,2,,,,,,,
𗰰,U+17C30,,3.562.1,1742/24,K1887,L1264,L1264,S4705,190-052,2825,29A65,Ⅴ,D,141,25A12,Ⅴ,98,1,4527,,84,2,72,,,,,,2.16.1606,6,2,,,,,,,
𗔶,U+17536,,2.393.4,8044/42,K2624,L4998,L4998,S1809,007-161,2826,29A66,Ⅴ,D,142,25A71,Ⅴ,108,1,2593,1.91.211,97,1,91,2,1,𗠑,𗼚,,1.28.2701,1,4,,,,,,,
𘁀,U+18040,,6.135.1,3141/42,K3867,L3872,L3872,S3056,,2827,29A67,Ⅴ,D,143,25A13,Ⅴ,98,2,2387,1.83.232,84,1,79,4,5,𗀶,𘝹,平,1.26.2305,3,8,,,,,,,
𗴫,U+17D2B,,3.747.1,2721/22,K3901,L3006,L3006,S4134,180-122,2828,29A68,Ⅴ,D,144,25B38,Ⅴ,118,1,313,1.15.121,10,1,10,3,1,𗌭,𗱪,,1.07.2406,3,1,,,,,,,
𗯴,U+17BF4,,3.498.2,8344/22,K2164,L5399,L5399,S2821,194-062,2829,29A71,Ⅴ,D,145,26A18,Ⅴ,133,1,130,1.09.123,3,1,3,8,1,𗒯,𗔠,,1.05.2604,8,1,,,,,,,
𘎫,U+183AB,,7.331.1,8141/00,K4552,L5157,L5157,S2644,236-04e,2830,29A72,Ⅴ,D,146,25B41,Ⅴ,118,2,377,1.17.141,11,1,11,10,1,𗕾,𗫔,,1.08.1608,9,1,,,,,,,
𗽺,U+17F7A,,5.467.3,2741/74,K4137,L3177,L3177,S4038,210-131,2831,29A73,Ⅴ,D,147,26A31,Ⅴ,135,2,4444,,80,2,69,,,,,,2.15.2507,1,2,,,,,,,
𘙠,U+18660,,8.312.2,1842/72,K0850,L1730,L1730,S5052,,2832,29A74,Ⅴ,D,148,26A36,Ⅴ,137,3,1763,1.61.161,57,1,55,3,2,𗠭,𘄘,,1.20.1408,1,7,,,,,,,
𗱙,U+17C59,,3.596.2,1771/00,K5775,L1480,L1480,S4831,,2833,29A75,Ⅴ,D,149,26A28,Ⅴ,135,1,2298,1.80.153,80,1,75,2,1,𗹡,𗈋,,1.25.2305,2,1,,,,,,,
𘉫,U+1826B,,7.092.2,2122/42,K0509,L2035,L2035,S3177,243-042,2834,29A76,Ⅴ,D,150,26A66,Ⅴ,144,3,2093,1.72.222,70,1,67,2,1,𘔧,𘓞,,,,,,,,,,,
𘂌,U+1808C,,6.175.1,9174/42,K3550,L5860,L5860,S1737,,2835,29A77,Ⅴ,D,151,26A76,Ⅴ,148,1,3352,,28,2,25,,,,,,2.08.1311,7,1,,,,,,,
𗼐,U+17F10,,5.360.1,2184/20,K3087,L2345,L2345,S3312,205-06b,2836,29A78,Ⅴ,D,152,26B14,Ⅴ,149,3,852,1.32.152,26,1,25,2,6,𗔤,𘓑,,1.12.1307,1,7,,,,,,,
𗇳,U+171F3,,1.447.1,1774/40,K3203,L1525,L1525,S4443,009-092,2837,29B11,Ⅴ,D,153,26B28,Ⅴ,154,1,1650,1.57.171,52,1,50,2,3,𗎍,𗀚,,1.19.1406,2,3,,,,,,,
𘂤,U+180A4,,6.189.4,9972/44,K1380,L5993,L5993,S1738,157-071,2838,29B12,Ⅴ,D,154,26B41,Ⅴ,157,4,570,1.23.152,17,1,17,10,1,𗝎,𘗠,,1.10.1311,9,1,,,,,,,
𘃭,U+180ED,,6.266.1,8321/24,K4485,L5353,L5353,S2424,056-101,2839,29B13,Ⅴ,D,155,26B31,Ⅴ,154,2,3896,,52,2,43,,,,,,2.12.1208,3,1,,,,,,,
𗘼,U+1763C,,3.006.1,1424/20,K2525,L0775,L0775,S0119,102-053,2840,29B14,Ⅴ,D,156,26B48,Ⅴ,159,4,232,1.12.162,7,1,7,4,4,𗤡,𗦾,,1.06.2507,4,4,,,,,,,
𗇼,U+171FC,,1.450.3,1741/22,K5415,L1189,L1189,S4540,009-101,2841,29B15,Ⅴ,D,157,26B64,Ⅴ,164,1,3288,,27,2,24,,,,,,2.07.2407,2,4,,,,,,,
𗴯,U+17D2F,,5.001.1,1072/40,?,L5999,?,S0191,018-031,2842,29B16,Ⅴ,D,158,26B65,Ⅴ,164,2,864,1.32.241,27,1,26,2,6,𘙧,𗤩,,1.12.1409,2,6,,,,,,,
𘏂,U+183C2,,7.352.2,8141/00,K4712,L5159,L5159,S2645,236-05a,2843,29B17,Ⅴ,D,159,27A44,Ⅴ,181,1,1364,1.48.212,37,1,36,7,3,𘅧,𗼉,,1.16.2204,14,3,,,,,,,
𘖋,U+1858B,,8.163.1,8844/00,K2462,L5752,L5752,S2522,,2844,29B18,Ⅴ,D,160,27A51,Ⅴ,183,1,913,1.34.153,28,1,27,10,1,𗟳,𘈟,,1.12.2201,5,4,,,,,,,
𗬢,U+17B22,,3.376.2,2244/22,K2786,L2472,L2472,S5642,203-111,2845,29B21,Ⅴ,D,161,25B71,Ⅴ,127,1,1101,1.39.272,31,1,30,21,1,𘙧,𗨥,,1.14.1307,20,1,,,,,,,
𘕒,U+18552,,8.091.1,9324/20,K2950,L5890,L5890,S1719,140-053,2846,29B22,Ⅴ,D,162,27A53,Ⅴ,184,1,4761,Z.02.142,4,1,4,2,2,𗱦,𘅰,,3.02.1504,2,2,,,,,,,
𗕘,U+17558,,2.434.2,1742/22,K0243,L1247,L1247,S4410,010-092,2847,29B23,Ⅴ,D,163,27A52,Ⅴ,183,2,,,28,1,27,,,,,,,,,,,,,,,
𘔻,U+1853B,,8.079.1,2544/20,K2226,L2877,L2877,S5780,,2848,29B24,Ⅴ,D,164,,,,,,,53,2,44,,,,,,,,,,,,,,,
𗯢,U+17BE2,,3.482.7,8844/00,K3268,L5746,L5746,S2364,088-062,2849,29B25,Ⅴ,D,165,25B72,Ⅴ,127,2,1102,1.40.111,31,1,30,21,2,𘙧,𗖶,,1.14.1308,20,2,,,,,,,
𗥤,U+17964,,4.226.1,2841/22,K5089,L3574,L3574,S3606,204-07g,2850,29B41,Ⅵ,1,1,28B71,Ⅵ,1,1,3612,,37,2,33,,,,,,2.10.1201,7,1,,,,,,,
𘁵,U+18075,,6.159.4,8224/22,K3618,L5289,L5289,S1912,106-102,2851,29B42,Ⅵ,1,2,28B73,Ⅵ,1,3,3613,,37,2,33,,,,,,2.10.1202,7,2,,,,,,,
𗲥,U+17CA5,,3.645.4,1742/50,K1292,L1287,L1287,S4932,026-116,2852,29B43,Ⅵ,1,3,28B74,Ⅵ,1,4,3614,,37,2,33,,,,,,2.10.1203,7,3,,,,,,,
𗫈,U+17AC8,,4.536.3,2741/24,K5242,L3133,L3133,S3668,204-12c,2853,29B44,Ⅵ,2,1,28B75,Ⅵ,2,1,1345,1.47.272,37,1,36,4,2,𗔠,𗓆,,1.16.1701,11,2,,,,,,,
𘛦,U+186E6,,1.435.1,8721/24,K5241,L5500,L5500,S2358,036-121,2854,29B45,Ⅵ,2,2,28B77,Ⅵ,2,3,1346,1.47.273,37,1,36,4,3,𗔠,𗓆,,1.16.1702,11,3,,,,,,,
𘛭,U+186ED,,8.391.2,8744/20,K3009,L5656,L5656,S2515,318-081,2855,29B46,Ⅵ,2,3,28B76,Ⅵ,2,2,1347,1.48.111,37,1,36,4,4,𗔠,𗓆,,1.16.1703,11,4,,,,,,,
𗊴,U+172B4,,1.597.2,2421/44,K3923,L2734,L2734,S4221,181-072,2856,29B47,Ⅵ,2,4,28B78,Ⅵ,2,4,1348,1.48.112,37,1,36,4,5,𗔠,𗓆,,1.16.1704,11,5,,,,,,,
𗵤,U+17D64,,5.068.1,1021/14,K4126,L0007,L0007,S0187,018-114,2857,29B48,Ⅵ,2,5,29A13,Ⅵ,2,7,1349,1.48.121,37,1,36,4,6,𗔠,𗓆,,1.16.1705,11,6,,,,,,,
𘔷,U+18537,,8.076.3,2144/00,K2475,L2243,L2243,S5777,,2858,29B51,Ⅵ,2,6,29A14,Ⅵ,2,8,1350,1.48.122,37,1,36,4,7,𗔠,𗓆,,1.16.1706,11,7,,,,,,,
𘑜,U+1845C,,7.473.2,1441/00,K4077,L0780,L0780,S4434,,2859,29B52,Ⅵ,2,7,29A11,Ⅵ,2,5,1351,1.48.123,37,1,36,4,8,𗔠,𗓆,,1.16.1707,11,8,,,,,,,
𗫞,U+17ADE,,4.561.1,2441/25,K3798,L2772,L2772,S3617,204-137,2860,29B53,Ⅵ,3,1,29A33,Ⅵ,5,3,5065,Z.13.231,70,2,60,1,1,𗄭,𘎝,,3.05.2201,1,1,,,,,,,
𘚪,U+186AA,,8.353.1,2254/50,K2820,L2524,L2524,S1337,315-041,2861,29B54,Ⅵ,3,2,29A17,Ⅵ,4,1,5066,Z.13.232,70,2,60,1,2,𗄭,𘎝,,3.05.2202,1,2,,,,,,,
𘚸,U+186B8,,8.361.2,2754/50,K2486,L3395,L3395,S1340,,2862,29B55,Ⅵ,3,3,29A18,Ⅵ,4,2,5067,Z.13.241,70,2,60,1,3,𗄭,𘎝,,3.05.2203,1,3,,,,,,,
𗞁,U+17781,,3.176.2,5054/50,K2821,L4399,L4399,S0738,017-12b,2863,29B56,Ⅵ,3,4,29A21,Ⅵ,4,3,5068,Z.13.242,70,2,60,1,4,𗄭,𘎝,,3.05.2204,1,4,,,,,,,
𗣱,U+178F1,,4.064.3,2541/00,K4802,L2854,L2854,S3832,204-05m,2864,29B57,Ⅵ,3,5,29A23,Ⅵ,4,5,5069,Z.13.251,70,2,60,1,5,𗄭,𘎝,,3.05.2205,1,5,,,,,,,
𗤯,U+1792F,,4.153.1,2741/70,K5777,L3173,L3173,S3833,,2865,29B58,Ⅵ,3,6,29A22,Ⅵ,4,4,5070,Z.13.252,70,2,60,1,6,𗄭,𘎝,,3.05.2206,1,6,,,,,,,
𗛶,U+176F6,,3.094.2,5401/00,K4803,L4218,L4218,S0887,,2866,29B61,Ⅵ,3,7,29A25,Ⅵ,4,7,5071,Z.13.261,70,2,60,1,7,𗄭,𘎝,,3.05.2207,1,7,,,,,,,
𘆯,U+181AF,,6.447.1,1121/51,K5471,L0189,L0189,S5199,,2867,29B62,Ⅵ,3,8,29A24,Ⅵ,4,6,5072,Z.13.262,70,2,60,1,8,𗄭,𘎝,,3.05.2208,1,8,,,,,,,
𗢢,U+178A2,,3.360.2,2522/20,K0264,L2848,L2848,S3132,045-091,2868,29B63,Ⅵ,3,9,29A26,Ⅵ,4,8,5073,Z.13.271,70,2,60,1,9,𗄭,𘎝,,3.05.2209,1,9,,,,,,,
𘕞,U+1855E,,8.129.1,8324/42,K2237,L5367,L5367,S1888,,2869,29B64,Ⅵ,3,10,29A28,Ⅵ,4,10,5074,Z.13.272,70,2,60,1,10,𗄭,𘎝,,3.05.2301,1,10,,,,,,,
𗾣,U+17FA3,,6.026.4,2344/20,K2245,L2655,L2655,S5724,,2870,29B65,Ⅵ,3,11,29A27,Ⅵ,4,9,5075,Z.14.111,70,2,60,1,11,𗄭,𘎝,,3.05.2302,1,11,,,,,,,
𘁯,U+1806F,,6.157.3,8421/25,K3797,L5422,L5422,S1906,106-081,2871,29B66,Ⅵ,4,1,29A32,Ⅵ,5,2,4764,Z.02.171,70,1,67,1,1,𗄭,𗽬,,3.02.1701,1,1,,,,,,,
𘌱,U+18331,,7.240.3,8722/42,K0961,L5539,L5539,S2220,241-041,2872,29B67,Ⅵ,4,2,29A31,Ⅵ,5,1,4765,Z.02.172,70,1,67,1,2,𗄭,𗽬,,3.02.1702,1,2,,,,,,,
𘆾,U+181BE,,6.457.1,1729/50,K0757,L1048,L1048,S5237,080-073,2873,29B68,Ⅵ,4,3,29A34,Ⅵ,5,4,4766,Z.02.211,70,1,67,1,3,𗄭,𗽬,,3.02.1703,1,3,,,,,,,
𗦳,U+179B3,,4.308.1,2742/80,K0198,L3266,L3266,S3948,204-081,2874,29B71,Ⅵ,5,1,29A35,Ⅵ,6,1,5076,Z.14.112,3,2,3,2,1,𗱽,𘆶,,3.05.2303,1,12,,,,,,,
𗩖,U+17A56,,4.448.1,2741/40,K4093,L3148,L3148,S3946,204-10g,2875,29B72,Ⅵ,5,2,29A36,Ⅵ,6,2,5077,Z.14.121,3,2,3,2,2,𗱽,𘆶,,3.05.2304,1,13,,,,,,,
𗧼,U+179FC,,4.447.3,2742/40,?,L3240,L3240,S3947,,2876,29B73,Ⅵ,5,3,29A37,Ⅵ,6,3,5078,Z.14.122,3,2,3,2,3,𗱽,𘆶,,3.05.2305,1,14,,,,,,,
𘁜,U+1805C,,6.147.1,8725/22,K0594,L5572,L5572,S1923,106-053,2877,29B74,Ⅵ,5,4,29A38,Ⅵ,6,4,5079,Z.14.131,3,2,3,2,4,𗱽,𘆶,,3.05.2306,1,15,,,,,,,
𘒩,U+184A9,,7.552.2,1224/57,K2937,L0524,L0524,S5250,081-081,2878,29B75,Ⅵ,6,1,29A41,Ⅵ,7,1,4767,Z.02.212,2,1,2,2,1,𗱽,𗢛,,3.02.1704,2,1,,,,,,,
𘃋,U+180CB,,6.225.1,8122/24,K1882,L5121,L5121,S2443,,2879,29B76,Ⅵ,6,2,29A42,Ⅵ,7,2,4768,Z.02.221,2,1,2,2,2,𗱽,𗢛,,3.02.1705,2,2,,,,,,,
𗒁,U+17481,,2.271.3,8044/20,K2615,L4973,L4973,S2010,007-099,2880,29B77,Ⅵ,6,3,29A44,Ⅵ,7,4,4769,Z.02.222,2,1,2,2,3,𗱽,𗢛,,3.02.1706,2,3,,,,,,,
𗓒,U+174D2,,2.329.1,8044/20,K2102,L4977,L4977,S1773,,2881,29B78,Ⅵ,6,4,29A43,Ⅵ,7,3,4770,Z.02.231,2,1,2,2,4,𗱽,𗢛,,3.02.1707,2,4,,,,,,,
𗦥,U+179A5,,4.297.1,2141/25,K5363,L2117,L2117,S3508,205-074,2882,30A11,Ⅵ,7,1,29A45,Ⅵ,8,1,4771,Z.02.232,43,1,42,3,1,𗄭,𗙶,,3.02.1708,3,1,,,,,,,
𗩗,U+17A57,,4.449.1,2844/72,K2114,L3714,L3714,S3942,204-11r,2883,30A12,Ⅵ,7,2,29A46,Ⅵ,8,2,4772,Z.02.241,43,1,42,3,2,𗄭,𗙶,,3.02.1709,3,2,,,,,,,
𗄬,U+1712C,,1.209.1,2104/22,K3572,L1965,L1965,S1360,,2884,30A13,Ⅵ,7,3,29A47,Ⅵ,8,3,4773,Z.02.242,43,1,42,3,3,𗄭,𗙶,,3.02.1710,3,3,,,,,,,
𗸡,U+17E21,,5.200.1,1220/42,K0492,L0482,L0482,S0585,,2885,30A14,Ⅵ,8,1,29A53,Ⅵ,9,4,5080,Z.14.132,43,2,37,3,1,𗄭,𗂎,,3.05.2307,2,1,,,,,,,
𗖀,U+17580,,2.467.1,1174/20,K3598,L0455,L0455,S4599,182-051,2886,30A15,Ⅵ,8,2,29A51,Ⅵ,9,2,5081,Z.14.141,43,2,37,3,2,𗄭,𗂎,,3.05.2401,2,2,,,,,,,
𗍶,U+17376,,2.070.3,1824/20,K3219,L1630,L1630,S0295,103-062,2887,30A16,Ⅵ,8,3,29A52,Ⅵ,9,3,5082,Z.14.142,43,2,37,3,3,𗄭,𗂎,,3.05.2402,2,3,,,,,,,
𗍷,U+17377,,2.071.1,1421/25,K3764,L0760,L0760,S0303,103-061,2888,30A17,Ⅵ,8,4,29A48,Ⅵ,9,1,5083,Z.14.151,43,2,37,3,4,𗄭,𗂎,,3.05.2403,2,4,,,,,,,
𘉏,U+1824F,,7.073.2,7121/42,K4847,L4515,L4515,S1636,259-041,2889,30A18,Ⅵ,9,1,29A55,Ⅵ,10,2,4344,,73,2,62,,,,,,2.15.1203,2,2,,,,,,,
𘉜,U+1825C,,7.084.1,7121/45,K4822,L4522,L4522,S1643,259-081,2890,30A21,Ⅵ,9,2,29A54,Ⅵ,10,1,4345,,73,2,62,,,,,,2.15.1204,2,3,,,,,,,
𗦚,U+1799A,,4.288.1,2540/44,K0310,L2853,L2853,S3402,204-08zj,2891,30A22,Ⅵ,10,1,29A56,Ⅵ,10,3,1733,1.60.152,56,1,54,7,2,𗈢,𘅕,,1.20.1101,7,2,,,,,,,
𗢱,U+178B1,,4.012.2,2742/40,K1893,L3237,L3237,S3924,204-045,2892,30A23,Ⅵ,10,2,29A58,Ⅵ,10,5,1734,1.60.161,56,1,54,7,3,𗈢,𘅕,,1.20.1102,7,3,,,,,,,
𗛹,U+176F9,,3.095.3,5024/00,K2972,L4169,L4169,S1018,,2893,30A24,Ⅵ,10,3,29A61,Ⅵ,10,6,1735,1.60.162,56,1,54,7,4,𗈢,𘅕,,1.20.1103,7,4,,,,,,,
𗐽,U+1743D,,2.217.2,8072/00,K1645,L5034,L5034,S2067,007-081,2894,30A25,Ⅵ,10,4,29A64,Ⅵ,10,9,1736,1.60.171,56,1,54,7,5,𗈢,𘅕,,1.20.1104,7,5,,,,,,,
𘀾,U+1803E,,6.134.1,3244/90,K2724,L3902,L3902,S3048,233-103,2895,30A26,Ⅵ,10,5,29A65,Ⅵ,10,10,1737,1.60.172,56,1,54,7,6,𗈢,𘅕,,1.20.1105,7,6,,,,,,,
𗤲,U+17932,,4.160.1,2742/42,K1610,L3250,L3250,S3925,204-07r,2896,30A27,Ⅵ,11,1,29A57,Ⅵ,10,4,3972,,56,2,47,,,,,,2.12.2210,3,4,,,,,,,
𗜡,U+17721,,3.126.1,5021/42,K4848,L4134,L4134,S0755,017-105,2897,30A28,Ⅵ,11,2,29A62,Ⅵ,10,7,3973,,56,2,47,,,,,,2.12.2211,3,5,,,,,,,
𘗂,U+185C2,,8.201.1,8045/74,K1457,L5010,L5010,S2583,028-123,2898,30A31,Ⅵ,11,3,29A63,Ⅵ,10,8,3974,,56,2,47,,,,,,2.12.2212,3,6,,,,,,,
𗩨,U+17A68,,4.456.2,2744/22,K2833,L3315,L3315,S3797,204-104,2899,30A32,Ⅵ,12,1,29A66,Ⅵ,11,1,2162,1.75.122,71,1,68,8,2,𗿀,𗾄,清,1.24.1404,4,9,,,,,,,
𗞸,U+177B8,,3.198.4,5044/22,K2834,L4359,L4359,S0884,017-146,2900,30A33,Ⅵ,12,2,29A71,Ⅵ,11,4,2163,1.75.131,71,1,68,8,3,𘁅,𗴩,,1.24.1405,4,10,,,,,,,
𗿧,U+17FE7,,6.073.1,2841/52,K3943,L3612,L3612,S5681,211-103,2901,30A34,Ⅵ,12,3,29A68,Ⅵ,11,3,2164,1.75.132,71,1,68,8,4,𘁅,𗴩,,1.24.1406,4,11,,,,,,,
𗟇,U+177C7,,3.204.2,5041/52,K3944,L4273,L4273,S1012,017-151,2902,30A35,Ⅵ,12,4,29A67,Ⅵ,11,2,2165,1.75.141,71,1,68,8,5,𘁅,𗴩,,1.24.1407,4,12,,,,,,,
𘏹,U+183F9,,7.401.1,8741/00,?,L5583,L5583,S2774,236-064,2903,30A36,Ⅵ,12,5,29A72,Ⅵ,11,5,2166,1.75.142,71,1,68,8,6,𘁅,𗴩,,1.24.1501,4,13,,,,,,,
𘌞,U+1831E,,7.231.2,9124/22,K1984,L5828,L5828,S1685,139-111,2904,30A37,Ⅵ,13,1,29A74,Ⅵ,11,7,2167,1.75.143,71,1,68,9,1,𗿧,𗾄,,1.24.1502,4,14,,,,,,,
𗮺,U+17BBA,,3.467.2,8121/70,K5643,L5105,L5105,S2322,269-082,2905,30A38,Ⅵ,13,2,29A73,Ⅵ,11,6,2168,1.75.151,71,1,68,9,2,𗿧,𗾄,,1.24.1503,4,15,,,,,,,
𗣣,U+178E3,,4.052.1,2744/00,K3436,L3278,L3278,S3933,204-053,2906,30A41,Ⅵ,14,1,29A75,Ⅵ,12,1,387,1.17.212,11,1,11,12,1,𘖸,𗒯,,1.08.2103,11,1,,,,,,,
𘄴,U+18134,,6.320.1,1744/00,K3140,L1319,L1319,S4773,230-041,2907,30A42,Ⅵ,14,2,29B11,Ⅵ,12,5,388,1.17.221,11,1,11,12,2,𘖸,𗒯,,1.08.2104,11,2,,,,,,,
𘅟,U+1815F,,6.371.1,1742/54,K1768,L1288,L1288,S4749,230-093,2908,30A43,Ⅵ,14,3,29A78,Ⅵ,12,4,,,11,1,11,,,,,,,,,,,,,,,
𘅳,U+18173,,6.399.3,1545/47,K1497,L0880,L0880,S4771,,2909,30A44,Ⅵ,14,4,,,,,,,11,1,11,,,,,,,,,,,,,,,
𗽖,U+17F56,,5.444.1,2744/00,K2995,L3291,L3291,S4041,210-078,2910,30A45,Ⅵ,14,5,29B12,Ⅵ,12,6,389,1.17.222,11,1,11,12,3,𘖸,𗒯,,1.08.2105,11,3,,,,,,,
𘒇,U+18487,,7.497.1,1774/40,K2648,L1526,L1526,S5160,019-071,2911,30A46,Ⅵ,15,1,29A76,Ⅵ,12,2,3013,,11,2,10,,,,,,2.05.1402,9,1,,,,,,,
𘅲,U+18172,,6.399.2,1344/42,K2242,L0717,L0717,S4772,,2912,30A47,Ⅵ,15,2,29A77,Ⅵ,12,3,3014,,11,2,10,,,,,,2.05.1403,9,2,,,,,,,
𗵇,U+17D47,,5.030.1,1022/24,K1548,L0033,L0033,S0174,,2913,30A48,Ⅵ,16,1,29B13,Ⅵ,13,1,,,70,1,67,,,,,,,,,,,,,,,
𘉠,U+18260,,7.086.1,2194/20,K0390,L2056,L2056,S3115,,2914,30A51,Ⅵ,16,2,29B14,Ⅵ,13,2,,,70,1,67,,,,,,,,,,,,,,,
𗽬,U+17F6C,,5.455.1,2541/22,K4781,L2861,L2861,S4025,210-101,2915,30A52,Ⅵ,16,3,33B62,Ⅵ,D,26,2122,1.73.222,70,1,67,9,1,𘆖,𗦙,,1.23.2504,6,1,,,,,,,
𗢬,U+178AC,,4.003.1,2141/00,K4375,L2063,L2063,S3484,204-034,2916,30A53,Ⅵ,17,1,29B15,Ⅵ,14,1,4774,Z.02.251,46,1,45,4,1,𗄭,𘝖,,3.02.1711,3,1,,,,,,,
𗚨,U+176A8,,3.062.4,5041/00,K4379,L4215,L4215,S0858,017-079,2917,30A54,Ⅵ,17,2,29B21,Ⅵ,14,5,4775,Z.02.252,46,1,45,4,2,𗄭,𘝖,,3.02.2101,4,2,,,,,,,
𗼱,U+17F31,,5.397.5,2141/00,K4421,L2068,L2068,S3984,210-031,2918,30A55,Ⅵ,17,3,29B17,Ⅵ,14,3,4776,Z.02.253,46,1,45,4,3,𗄭,𘝖,,3.02.2102,4,3,,,,,,,
𗣢,U+178E2,,4.051.3,2244/40,?,L2490,L2490,S3742,,2919,30A56,Ⅵ,17,4,29B16,Ⅵ,14,2,,,46,1,45,,,,,,,,,,,,,,,
𗁂,U+17042,,1.050.1,2901/40,K5207,L3757,L3757,S1504,039-063,2920,30A57,Ⅵ,18,1,29B18,Ⅵ,14,4,5084,Z.14.152,46,2,40,4,1,𗄭,𗺶,,3.05.2404,2,5,,,,,,,
𘃒,U+180D2,,6.229.2,8244/00,K2530,L5316,L5316,S2631,,2921,30A58,Ⅵ,18,2,29B24,Ⅵ,15,3,5085,Z.14.161,46,2,40,4,2,𗄭,𗺶,,3.05.2405,2,6,,,,,,,
𘎖,U+18396,,7.314.2,8244/40,K2528,L5337,L5337,S2458,,2922,30A61,Ⅵ,18,3,29B23,Ⅵ,15,2,5086,Z.14.162,46,2,40,4,3,𗄭,𗺶,,3.05.2406,2,7,,,,,,,
𘇕,U+181D5,,6.477.1,4744/40,K2529,L4076,L4076,S5313,,2923,30A62,Ⅵ,18,4,29B25,Ⅵ,15,4,5087,Z.14.163,46,2,40,4,4,𗄭,𗺶,,3.05.2407,2,8,,,,,,,
𘙛,U+1865B,,8.310.1,1141/27,K5626,L0288,L0288,S5021,,2924,30A63,Ⅵ,18,5,29B22,Ⅵ,15,1,5088,Z.14.171,46,2,40,4,5,𗄭,𗺶,,3.05.2408,2,9,,,,,,,
𘄟,U+1811F,,6.301.1,1742/40,K1597,L1273,L1273,S4501,,2925,30A64,Ⅵ,19,1,29B27,Ⅵ,16,2,3130,,17,2,14,,,,,,2.06.1502,5,1,,,,,,,
𗯒,U+17BD2,,3.473.1,9772/44,K1598,L5964,L5964,S1682,089-092,2926,30A65,Ⅵ,19,2,29B28,Ⅵ,16,3,3131,,17,2,14,,,,,,2.06.1503,5,2,,,,,,,
𗆛,U+1719B,,1.387.1,2102/24,K0283,L1951,L1951,S1428,041-11b,2927,30A66,Ⅵ,20,1,29B33,Ⅵ,17,2,3132,,17,2,14,,,,,,2.06.1504,6,1,,,,,,,
𗊇,U+17287,,1.565.3,2122/20,K1001,L2023,L2023,S4163,181-055,2928,30A67,Ⅵ,20,2,29B34,Ⅵ,17,3,3133,,17,2,14,,,,,,2.06.1505,6,2,,,,,,,
𗖚,U+1759A,,2.488.1,1471/22,K3893,L0835,L0835,S4646,182-06b,2929,30A68,Ⅵ,20,3,29B35,Ⅵ,17,4,3134,,17,2,14,,,,,,2.06.1506,6,3,,,,,,,
𗖙,U+17599,,2.487.3,1772/24,K1754,L1499,L1499,S4647,,2930,30A71,Ⅵ,20,4,29B36,Ⅵ,17,5,3135,,17,2,14,,,,,,2.06.1507,6,4,,,,,,,
𗨓,U+17A13,,4.405.1,2141/22,K4826,L2100,L2100,S3573,204-09x,2931,30A72,Ⅵ,21,1,29B32,Ⅵ,17,1,577,1.23.221,17,1,17,12,2,𗸒,𗢈,,1.10.1407,11,2,,,,,,,
𘘘,U+18618,,8.268.2,1744/20,K0416,L1348,L1348,S4839,296-081,2932,30A73,Ⅵ,21,2,29B37,Ⅵ,17,6,578,1.23.222,17,1,17,12,3,𗸒,𗢈,,1.10.1501,11,3,,,,,,,
𗦔,U+17994,,4.284.2,2542/40,K1878,L2874,L2874,S3472,,2933,30A74,Ⅵ,22,1,29B38,Ⅵ,18,1,3864,,51,2,42,,,,,,2.11.2609,7,3,,,,,,,
𗾢,U+17FA2,,6.026.3,2344/40,K1059,L2675,L2675,S5721,211-062,2934,30A75,Ⅵ,22,2,29B43,Ⅵ,18,4,3865,,51,2,42,,,,,,2.11.2610,7,4,,,,,,,
𗦗,U+17997,,4.285.1,2344/24,K1054,L2670,L2670,S3441,204-08r,2935,30A76,Ⅵ,22,3,29B42,Ⅵ,18,3,3866,,51,2,42,,,,,,2.11.2611,7,5,,,,,,,
𗴀,U+17D00,,3.701.1,1191/20,K5405,L0464,L0464,S5453,054-051,2936,30A77,Ⅵ,22,4,29B46,Ⅵ,18,7,,,51,2,42,,,,,,,,,,,,,,,
𘆴,U+181B4,,6.449.1,1324/54,K1058,L0669,L0669,S5223,,2937,30A78,Ⅵ,22,5,29B44,Ⅵ,18,5,3868,,51,2,42,,,,,,2.11.2702,7,7,,,,,,,
𘌑,U+18311,,7.225.1,9124/20,K2573,L5827,L5827,S1688,139-072,2938,30B11,Ⅵ,22,6,29B47,Ⅵ,18,8,3869,,51,2,42,,,,,,2.11.2703,7,8,,,,,,,
𗺵,U+17EB5,,5.318.1,2942/42,K0872,L3793,L3793,S3231,,2939,30B12,Ⅵ,22,7,29B48,Ⅵ,18,9,3870,,51,2,42,,,,,,2.11.2704,7,9,,,,,,,
𗭂,U+17B42,,3.396.3,8022/42,K5793,L4782,L4782,S3969,,2940,30B13,Ⅵ,22,8,29B41,Ⅵ,18,2,,,51,2,42,,,,,,,,,,,,,,,
𘊣,U+182A3,,7.138.2,3141/42,K5411,L3871,L3871,S2896,119-051,2941,30B14,Ⅵ,22,9,29B45,Ⅵ,18,6,3867,,51,2,42,,,,,,2.11.2701,7,6,,,,,,,
𘚒,U+18692,,8.344.1,5841/24,K5193,L4461,L4461,S0831,,2942,30B15,Ⅵ,23,1,29B51,Ⅵ,19,1,1738,1.60.211,56,1,54,8,1,𗝚,𗀈,,1.20.1106,7,7,,,,,,,
𘚐,U+18690,,8.343.1,5042/00,K1876,L4274,L4274,S0829,017-051,2943,30B16,Ⅵ,23,2,29B52,Ⅵ,19,2,1739,1.60.212,56,1,54,8,2,𗝚,𗀈,,,,,,,,,,,
𘚑,U+18691,,8.343.2,8342/20,K1570,L4446,L4446,S1039,,2944,30B17,Ⅵ,23,3,29B54,Ⅵ,19,4,1740,1.60.221,56,1,54,8,3,𗝚,𗀈,,1.20.1201,7,8,,,,,,,
𘘵,U+18635,,8.292.2,1841/20,K5107,L1679,L1679,S5023,297-053,2945,30B18,Ⅵ,23,4,29B53,Ⅵ,19,3,1741,1.60.222,56,1,54,8,4,𗝚,𗀈,,1.20.1202,7,9,,,,,,,
𗤊,U+1790A,,4.111.1,2342/21,K1365,L2629,L2629,S3558,,2946,30B21,Ⅵ,24,1,29B55,Ⅵ,20,1,2657,,1,2,1,,,,,,2.02.1503,5,2,,,,,,,
𗋵,U+172F5,,1.644.1,2324/22,K2037,L2589,L2589,S4188,181-10a,2947,30B22,Ⅵ,24,2,29B57,Ⅵ,20,3,2658,,1,2,1,,,,,,2.02.1504,5,3,,,,,,,
𗋄,U+172C4,,1.609.1,2324/22,K2036,L2588,L2588,S4186,,2948,30B23,Ⅵ,24,3,29B56,Ⅵ,20,2,2659,,1,2,1,,,,,,2.02.1505,5,4,,,,,,,
𗮪,U+17BAA,,3.460.2,8321/70,K5629,L5360,L5360,S2290,,2949,30B24,Ⅵ,24,4,29B58,Ⅵ,20,4,2660,,1,2,1,,,,,,2.02.1601,5,5,,,,,,,
𗫐,U+17AD0,,4.550.1,2744/42,K2625,L3342,L3342,S3805,204-12n,2950,30B25,Ⅵ,25,1,34B41,Ⅵ,D,121,46,1.06.212,1,1,1,11,1,𗝠,𗒿,,1.05.1108,12,1,,,,,,,
𗸒,U+17E12,,5.196.2,1754/52,K2618,L1473,L1473,S0362,123-122,2951,30B26,Ⅵ,25,2,29B61,Ⅵ,20,5,47,1.06.213,1,1,1,11,2,𗝠,𗒿,,1.05.1201,12,2,,,,,,,
𗝠,U+17760,,3.153.1,5041/10,K4412,L4250,L4250,S0881,017-11d,2952,30B27,Ⅵ,26,1,29B63,Ⅵ,21,2,392,1.17.232,11,1,11,14,1,𗔠,𗒯,,1.08.2108,13,1,,,,,,,
𗝦,U+17766,,3.163.2,5041/40,K4157,L4249,L4249,S0841,,2953,30B28,Ⅵ,26,2,29B67,Ⅵ,21,6,393,1.17.241,11,1,11,14,2,𗔠,𗒯,,1.08.2109,13,2,,,,,,,
𗞉,U+17789,,3.179.3,5041/21,K5544,L4232,L4232,S1014,,2954,30B31,Ⅵ,26,3,29B64,Ⅵ,21,3,394,1.17.242,11,1,11,14,3,𗔠,𗒯,,1.08.2201,13,3,,,,,,,
𗚌,U+1768C,,3.050.2,5021/00,K5116,L4095,L4095,S0785,,2955,30B32,Ⅵ,26,4,29B66,Ⅵ,21,5,395,1.17.251,11,1,11,14,4,𗔠,𗒯,,1.08.2203,13,5,,,,,,,
𗪏,U+17A8F,,4.489.3,2541/40,K4381,L2864,L2864,S3474,,2956,30B33,Ⅵ,26,5,29B62,Ⅵ,21,1,396,1.17.252,11,1,11,14,5,𗔠,𗒯,,1.08.2204,13,6,,,,,,,
𗱂,U+17C42,,3.579.2,1351/21,K5543,L0718,L0718,S4808,,2957,30B34,Ⅵ,26,6,29B65,Ⅵ,21,4,397,1.17.253,11,1,11,14,6,𗔠,𗒯,,1.08.2205,13,7,,,,,,,
𗳎,U+17CCE,,2.545.1,1825/25,K1187,L1842,L1842,S5268,,2958,30B35,Ⅵ,26,7,29B68,Ⅵ,21,7,398,1.17.261,11,1,11,14,7,𗔠,𗒯,,1.08.2206,13,8,,,,,,,
𗩉,U+17A49,,4.441.1,2742/28,K0192,L3236,L3236,S3447,204-10v,2959,30B36,Ⅵ,27,1,29B74,Ⅵ,22,4,2123,1.73.231,70,1,67,9,2,𗢘,𘐏,,1.23.2505,6,2,,,,,,,
𘎝,U+1839D,,7.317.2,8844/44,K2992,L5767,L5767,S2448,,2960,30B37,Ⅵ,27,2,29B71,Ⅵ,22,1,2124,1.73.241,70,1,67,9,3,𗢘,𘐏,,1.23.2506,6,3,,,,,,,
𘎠,U+183A0,,7.319.1,8741/45,K5378,L5603,L5603,S2449,152-122,2961,30B38,Ⅵ,27,3,29B72,Ⅵ,22,2,2125,1.73.242,70,1,67,9,4,𗢘,𘐏,,1.23.2507,6,4,,,,,,,
𗣹,U+178F9,,4.070.3,2741/22,K4991,L3120,L3120,S3782,,2962,30B41,Ⅵ,28,1,29B75,Ⅵ,23,1,3005,,11,2,10,,,,,,2.05.1303,8,1,,,,,,,
𗧞,U+179DE,,4.362.2,2841/72,K5090,L3615,L3615,S3761,,2963,30B42,Ⅵ,28,2,30A11,Ⅵ,23,5,3006,,11,2,10,,,,,,2.05.1304,8,2,,,,,,,
𗋷,U+172F7,,1.644.4,2224/40,?,L2423,L2423,S4255,,2964,30B43,Ⅵ,28,3,29B76,Ⅵ,23,2,3007,,11,2,10,,,,,,2.05.1305,8,3,,,,,,,
𗊋,U+1728B,,1.567.1,2722/40,K1554,L3031,L3031,S4254,181-079,2965,30B44,Ⅵ,28,4,29B78,Ⅵ,23,4,3008,,11,2,10,,,,,,2.05.1306,8,4,,,,,,,
𗚺,U+176BA,,3.068.2,5022/40,K1555,L4155,L4155,S0922,,2966,30B45,Ⅵ,28,5,29B77,Ⅵ,23,3,3009,,11,2,10,,,,,,2.05.1307,8,5,,,,,,,
𗞐,U+17790,,3.181.2,5041/20,K5032,L4228,L4228,S0836,,2967,30B46,Ⅵ,28,6,30A12,Ⅵ,23,6,3010,,11,2,10,,,,,,2.05.1308,8,6,,,,,,,
𗶂,U+17D82,,5.088.1,1942/74,?,L1872,L1872,S0147,221-051,2968,30B47,Ⅵ,28,7,30A14,Ⅵ,23,8,3011,,11,2,10,,,,,,2.05.1309,8,7,,,,,,,
𘝃,U+18743,,8.476.2,1244/00,K3515,L0553,L0553,S0430,305-061,2969,30B48,Ⅵ,28,8,30A15,Ⅵ,23,9,3012,,11,2,10,,,,,,2.05.1401,8,8,,,,,,,
𗮰,U+17BB0,,3.463.1,8221/70,K5609,L5273,L5273,S2308,269-063,2970,30B51,Ⅵ,29,1,30A25,Ⅵ,24,8,3015,,11,2,10,,,,,,2.05.1404,10,1,,,,,,,
𗢏,U+1788F,,3.349.2,2725/20,K0311,L3072,L3072,S3144,045-041,2971,30B52,Ⅵ,29,2,30A26,Ⅵ,24,9,3016,,11,2,10,,,,,,2.05.1405,10,2,,,,,,,
𗩿,U+17A7F,,4.477.1,2141/00,K0036,L2067,L2067,S3378,204-11w,2972,30B53,Ⅵ,30,1,30A16,Ⅵ,24,1,3017,,11,2,10,,,,,,2.05.1406,11,1,,,,,,,
𘞼,U+187BC,,8.559.1,1010/00,K0032,L0003,L0003,S0166,295-001,2973,30B54,Ⅵ,30,2,30A17,Ⅵ,24,2,3018,,11,2,10,,,,,,2.05.1407,11,2,,,,,,,
𗡸,U+17878,,3.328.2,1141/00,K0034,L0243,L0243,S1168,220-111,2974,30B55,Ⅵ,30,3,30A18,Ⅵ,24,3,3019,,11,2,10,,,,,,2.05.1408,11,3,,,,,,,
𗔁,U+17501,,2.356.1,8044/00,K3339,L4953,L4953,S2018,007-132,2975,30B56,Ⅵ,30,4,30A21,Ⅵ,24,4,3020,,11,2,10,,,,,,2.05.1501,11,4,,,,,,,
𗭪,U+17B6A,,3.422.1,3341/22,K5051,L3916,L3916,S3040,191-051,2976,30B57,Ⅵ,30,5,30A22,Ⅵ,24,5,3021,,11,2,10,,,,,,2.05.1502,11,5,,,,,,,
𘓍,U+184CD,,7.593.1,2271/45,K4632,L2530,L2530,S3100,160-041,2977,30B58,Ⅵ,30,6,30A23,Ⅵ,24,6,3022,,11,2,10,,,,,,2.05.1503,11,6,,,,,,,
𘖀,U+18580,,8.160.1,9271/45,?,L5879,L5879,S1764,158-032,2978,30B61,Ⅵ,30,7,30A24,Ⅵ,24,7,3023,,11,2,10,,,,,,2.05.1504,11,7,,,,,,,
𗜫,U+1772B,,3.130.1,5042/24,K3654,L4293,L4293,S1007,017-10b,2979,30B62,Ⅵ,31,1,30A27,Ⅵ,24,10,390,1.17.223,11,1,11,13,1,𗓂,𘎫,,1.08.2106,12,1,,,,,,,
𗋃,U+172C3,,1.607.1,2725/22,K0333,L3075,L3075,S4192,181-08c,2980,30B63,Ⅵ,31,2,30A28,Ⅵ,24,11,391,1.17.231,11,1,11,13,2,𗓂,𘎫,,1.08.2107,12,2,,,,,,,
𗚂,U+17682,,3.045.1,1841/21,K5550,L1683,L1683,S0063,187-121,2981,30B64,Ⅵ,32,1,30A32,Ⅵ,25,2,3930,,53,2,44,,,,,,2.12.1511,7,1,,,,,,,
𗮹,U+17BB9,,3.467.1,8121/70,K5675,L5108,L5108,S2288,269-081,2982,30B65,Ⅵ,32,2,30A33,Ⅵ,25,3,3931,,53,2,44,,,,,,2.12.1512,7,2,,,,,,,
𗦜,U+1799C,,4.288.3,2742/22,K1601,L3211,L3211,S3407,204-09i,2983,30B66,Ⅵ,32,3,30A31,Ⅵ,25,1,3932,,53,2,44,,,,,,2.12.1601,7,3,,,,,,,
𗔆,U+17506,,2.359.3,8024/50,K2310,L4839,L4839,S1969,,2984,30B67,Ⅵ,33,1,30A34,Ⅵ,25,4,1678,1.58.162,53,1,51,7,3,𗝚,𘖕,,1.19.2102,7,3,,,,,,,
𘘲,U+18632,,8.291.2,1141/00,K4741,L0252,L0252,S5003,,2985,30B68,Ⅵ,33,2,30A35,Ⅵ,25,5,1679,1.58.171,53,1,51,7,4,𗝚,𘖕,,1.19.2103,7,4,,,,,,,
𗝀,U+17740,,3.139.2,5042/74,K1417,L4313,L4313,S0812,,2986,30B71,Ⅵ,34,1,30A36,Ⅵ,26,1,3615,,37,2,33,,,,,,2.10.1204,8,1,,,,,,,
𗜿,U+1773F,,3.139.1,5041/40,K0466,L4254,L4254,S0813,,2987,30B72,Ⅵ,34,2,30A37,Ⅵ,26,2,,,37,2,33,,,,,,,,,,,,,,,
𗆎,U+1718E,,1.378.3,2801/22,K5076,L3454,L3454,S1384,,2988,30B73,Ⅵ,34,3,30A38,Ⅵ,26,3,3616,,37,2,33,,,,,,2.10.1205,8,2,,,,,,,
𗉻,U+1727B,,1.558.1,2722/00,K1609,L3019,L3019,S4276,181-041,2989,30B74,Ⅵ,35,1,30A41,Ⅵ,26,4,1340,1.47.251,37,1,36,3,2,𘖸,𗓆,,1.16.1604,10,2,,,,,,,
𘃐,U+180D0,,6.228.2,8942/74,K1416,L5799,L5799,S2627,235-053,2990,30B75,Ⅵ,35,2,30A42,Ⅵ,26,5,1341,1.47.252,37,1,36,3,3,𘖸,𗓆,,1.16.1605,10,3,,,,,,,
𘒋,U+1848B,,7.501.1,1721/24,K5141,L0953,L0953,S5152,019-082,2991,30B76,Ⅵ,35,3,30A44,Ⅵ,26,7,1342,1.47.261,37,1,36,3,4,𘖸,𗓆,,1.16.1606,10,4,,,,,,,
𗓔,U+174D4,,2.330.2,8024/42,K2288,L4832,L4832,S1797,007-11n,2992,30B77,Ⅵ,35,4,30A43,Ⅵ,26,6,1343,1.47.262,37,1,36,3,5,𘖸,𗓆,,1.16.1607,10,5,,,,,,,
𗉖,U+17256,,1.530.2,1942/24,K1407,L1861,L1861,S5522,185-051,2993,30B78,Ⅵ,36,1,30A45,Ⅵ,27,1,1488,1.52.172,43,1,42,11,3,𘖸,𘙉,,1.17.2401,9,3,,,,,,,
𗍪,U+1736A,,2.049.2,4124/00,K2131,L4029,L4029,S0592,,2994,31A11,Ⅵ,36,2,30A46,Ⅵ,27,2,1489,1.52.173,43,1,42,11,4,𘖸,𘙉,,1.17.2402,9,4,,,,,,,
𗚲,U+176B2,,3.065.4,5090/00,K0683,L4426,L4426,S0807,017-08g,2995,31A12,Ⅵ,37,1,30A47,Ⅵ,28,1,2605,1.91.272,100,1,92,2,2,𗶋,𗥃,,1.29.1105,2,2,,,,,,,
𘗤,U+185E4,,8.235.3,8090/00,K0679,L5053,L5053,S2429,172-001,2996,31A13,Ⅵ,37,2,30A48,Ⅵ,28,2,2606,1.92.111,100,1,92,2,3,𗶋,𗥃,,1.29.1106,2,3,,,,,,,
𘉺,U+1827A,,7.098.2,2224/40,K3523,L2424,L2424,S3176,243-061,2997,31A14,Ⅵ,38,1,30A52,Ⅵ,28,4,2607,1.92.112,100,1,92,2,4,𗶋,𗥃,,1.29.1201,2,4,,,,,,,
𘉶,U+18276,,7.097.2,2129/40,K0642,L2060,L2060,S3163,,2998,31A15,Ⅵ,38,2,30A51,Ⅵ,28,3,,,100,1,92,,,,,,,,,,,,,,,
𗜲,U+17732,,3.133.2,5042/44,K0133,L4308,L4308,S0788,017-10g,2999,31A16,Ⅵ,39,1,30A53,Ⅵ,29,1,4777,Z.02.261,8,1,8,5,1,𘞂,𘍏,,3.02.2103,5,1,,,,,,,
𗔥,U+17525,,2.384.3,8021/24,K4371,L4697,L4697,S1856,,3000,31A17,Ⅵ,39,2,30A54,Ⅵ,29,2,4778,Z.02.262,8,1,8,5,2,𘞂,𘍏,,3.02.2104,5,2,,,,,,,
𘉽,U+1827D,,7.100.1,2821/44,K5202,L3531,L3531,S3183,243-063,3001,31A18,Ⅵ,39,3,30A55,Ⅵ,29,3,4779,Z.02.271,8,1,8,5,3,𘞂,𘍏,,3.02.2105,5,3,,,,,,,
𘉴,U+18274,,7.096.3,2121/41,K5314,L2010,L2010,S3160,,3002,31A21,Ⅵ,39,4,30A56,Ⅵ,29,4,,,8,1,8,,,,,,,,,,,,,,,
𗝚,U+1775A,,3.150.4,5045/45,K1481,L4379,L4379,S0849,017-125,3003,31A22,Ⅵ,40,1,30A57,Ⅵ,30,1,1072,1.39.123,31,1,30,14,1,𗔠,𘙌,,1.13.2705,13,1,,,,,,,
𗈶,U+17236,,1.505.2,5501/22,K4639,L5918,L5918,S5480,087-091,3004,31A23,Ⅵ,40,2,30A62,Ⅵ,30,4,1073,1.39.131,31,1,30,14,2,𗔠,𘙌,,1.13.2706,13,2,,,,,,,
𗹄,U+17E44,,5.222.4,1122/20,K0281,L0199,L0199,S1098,109-071,3005,31A24,Ⅵ,41,1,30A66,Ⅵ,30,8,3429,,31,2,28,,,,,,2.08.2407,8,1,,,,,,,
𗓂,U+174C2,,2.313.1,8044/40,K2983,L4993,L4993,S2058,007-109,3006,31A25,Ⅵ,41,2,30A61,Ⅵ,30,3,3430,,31,2,28,,,,,,2.08.2408,8,2,,,,,,,
𗸹,U+17E39,,5.218.1,1224/20,K2771,L0493,L0493,S1108,109-042,3007,31A26,Ⅵ,41,3,30A64,Ⅵ,30,6,3431,,31,2,28,,,,,,2.08.2409,8,3,,,,,,,
𗹌,U+17E4C,,5.224.2,1821/24,K4676,L1597,L1597,S1113,,3008,31A27,Ⅵ,41,4,30A65,Ⅵ,30,7,3432,,31,2,28,,,,,,2.08.2410,8,4,,,,,,,
𗭚,U+17B5A,,3.415.6,3124/22,K0395,L3862,L3862,S2981,,3009,31A28,Ⅵ,41,5,30A63,Ⅵ,30,5,3433,,31,2,28,,,,,,2.08.2411,8,5,,,,,,,
𘘚,U+1861A,,8.271.2,1722/20,K1596,L0998,L0998,S4858,289-041,3010,31A31,Ⅵ,42,1,32A58,Ⅵ,92,2,5118,Z.15.211,40,2,35,16,1,𗡧,𗾫,,3.06.1104,5,3,,,,,,,
𘘝,U+1861D,,8.274.3,1724/20,K2561,L1087,L1087,S4859,289-061,3011,31A32,Ⅵ,42,2,32A57,Ⅵ,92,1,5119,Z.15.212,40,2,35,16,2,𗡧,𗾫,,3.06.1105,5,4,,,,,,,
𘁁,U+18041,,6.136.1,3745/44,?,L3982,L3982,S3054,,3012,31A33,Ⅵ,42,3,,,,,,,40,2,35,,,,,,,,,,,,,,,
𗝊,U+1774A,,3.142.4,5094/00,K3409,L4427,L4427,S0970,,3013,31A34,Ⅵ,43,1,30A72,Ⅵ,32,1,426,1.18.251,11,1,11,20,2,𗐓,𘊯,,1.08.2604,19,2,,,,,,,
𘇭,U+181ED,,6.487.3,1794/00,K3407,L1566,L1566,S5083,169-052,3014,31A35,Ⅵ,43,2,30A73,Ⅵ,32,2,427,1.18.252,11,1,11,20,3,𗐓,𘊯,,1.08.2605,19,3,,,,,,,
𘓎,U+184CE,,7.593.2,2174/45,K2141,L2333,L2333,S3099,160-051,3015,31A36,Ⅵ,43,3,30A77,Ⅵ,32,6,428,1.18.253,11,1,11,20,4,𗐓,𘊯,,1.08.2606,19,4,,,,,,,
𗋗,U+172D7,,1.629.1,2122/22,K0997,L2025,L2025,S4189,181-09b,3016,31A37,Ⅵ,43,4,30B11,Ⅵ,32,8,429,1.18.261,11,1,11,20,5,𗐓,𘊯,,1.08.2607,19,5,,,,,,,
𗖅,U+17585,,2.469.1,1774/00,K3450,L1516,L1516,S4663,182-053,3017,31A38,Ⅵ,44,1,30A74,Ⅵ,32,3,3039,,11,2,10,,,,,,2.05.1703,14,3,,,,,,,
𗭨,U+17B68,,3.420.1,3441/20,K4028,L3931,L3931,S3041,191-021,3018,31A41,Ⅵ,44,2,30A78,Ⅵ,32,7,3040,,11,2,10,,,,,,2.05.1704,14,4,,,,,,,
𘍯,U+1836F,,7.284.4,8441/22,K3802,L5441,L5441,S2401,,3019,31A42,Ⅵ,44,3,30A75,Ⅵ,32,4,3041,,11,2,10,,,,,,2.05.1705,14,5,,,,,,,
𘍭,U+1836D,,7.284.2,8144/00,K3456,L5234,L5234,S2398,,3020,31A43,Ⅵ,44,4,30A76,Ⅵ,32,5,3042,,11,2,10,,,,,,2.05.1706,14,6,,,,,,,
𘜹,U+18739,,8.470.2,5394/00,K3377,L4447,L4447,S0967,017c-102,3021,31A44,Ⅵ,45,1,30B12,Ⅵ,33,1,4781,Z.03.111,56,1,54,6,2,𘞂,𘅕,,3.02.2107,6,1,,,,,,,
𘞡,U+187A1,,8.541.2,3542/00,K1527,L3941,L3941,S3014,,3022,31A45,Ⅵ,45,2,30B14,Ⅵ,33,3,4782,Z.03.112,56,1,54,6,3,𘞂,𘅕,,3.02.2108,6,2,,,,,,,
𘞣,U+187A3,,8.541.4,3541/40,K5247,L3940,L3940,S3013,,3023,31A46,Ⅵ,45,3,30B15,Ⅵ,33,4,4783,Z.03.121,56,1,54,6,4,𘞂,𘅕,,3.02.2109,6,3,,,,,,,
𘞢,U+187A2,,8.541.3,3841/40,K5199,L3997,L3997,S3015,309-061,3024,31A47,Ⅵ,45,4,30B16,Ⅵ,33,5,4784,Z.03.122,56,1,54,6,5,𘞂,𘅕,,3.02.2110,6,4,,,,,,,
𗋻,U+172FB,,1.646.2,2324/00,K3378,L2584,L2584,S4238,181-107,3025,31A48,Ⅵ,45,5,30B13,Ⅵ,33,2,4785,Z.03.131,56,1,54,6,6,𘞂,𘅕,,3.02.2201,6,5,,,,,,,
𘗄,U+185C4,,8.202.2,8041/50,K3799,L4919,L4919,S2602,028-113,3026,31A51,Ⅵ,45,6,30B17,Ⅵ,33,6,4786,Z.03.132,56,1,54,6,7,𘞂,𘅕,,3.02.2202,6,6,,,,,,,
𗇴,U+171F4,,1.447.2,1741/41,K5301,L1206,L1206,?,,3027,31A52,Ⅵ,45,7,30B18,Ⅵ,33,7,4787,Z.03.141,56,1,54,6,8,𘞂,𘅕,,3.02.2203,6,7,,,,,,,
𘝙,U+18759,,8.494.2,8141/14,?,L5164,L5164,S1789,,3028,31A53,Ⅵ,45,8,30B21,Ⅵ,33,8,4788,Z.03.142,56,1,54,6,9,𘞂,𘅕,,3.02.2204,6,8,,,,,,,
𗽋,U+17F4B,,5.437.1,2742/22,K0946,L3223,L3223,S4051,210-071,3029,31A54,Ⅵ,45,9,30B23,Ⅵ,33,10,4789,Z.03.151,56,1,54,6,10,𘞂,𘅕,,3.02.2205,6,9,,,,,,,
𗙋,U+1764B,,3.014.3,1722/24,K1622,L1028,L1028,S0116,102-082,3030,31A55,Ⅵ,45,10,30B22,Ⅵ,33,9,4790,Z.03.152,56,1,54,6,11,𘞂,𘅕,,3.02.2206,6,10,,,,,,,
𘅯,U+1816F,,6.396.3,1142/42,K0991,L0342,L0342,S4710,,3031,31A56,Ⅵ,46,1,30B24,Ⅵ,34,1,4791,Z.03.161,31,1,30,7,1,𘒩,𗈶,,3.02.2207,7,1,,,,,,,
𗱽,U+17C7D,,3.623.2,1724/22,K2094,L1092,L1092,S4882,026-098,3032,31A57,Ⅵ,46,2,30B25,Ⅵ,34,2,4794,Z.03.172,31,1,30,7,4,𘒩,𗈶,,3.02.2210,7,4,,,,,,,
𗁣,U+17063,,1.068.2,2204/72,K2839,L2394,L2394,S1574,039-085,3033,31A58,Ⅵ,46,3,30B27,Ⅵ,34,4,4792,Z.03.162,31,1,30,7,2,𘒩,𗈶,,3.02.2208,7,2,,,,,,,
𗁤,U+17064,,1.069.1,2705/72,K0336,L2990,L2990,S1575,039-089,3034,31A61,Ⅵ,46,4,30B28,Ⅵ,34,5,4793,Z.03.171,31,1,30,7,3,𘒩,𗈶,,3.02.2209,7,3,,,,,,,
𘁶,U+18076,,6.160.1,8224/25,K2673,L5292,L5292,S1907,106-101,3035,31A62,Ⅵ,46,5,30B26,Ⅵ,34,3,4795,Z.03.211,31,1,30,7,5,𘒩,𗈶,,3.02.2301,7,5,,,,,,,
𗖁,U+17581,,2.467.2,1171/20,K5432,L0428,L0428,S4611,,3036,31A63,Ⅵ,47,1,30B34,Ⅵ,35,4,4796,Z.03.212,62,1,59,8,1,𘁯,𘚈,,3.02.2302,8,1,,,,,,,
𗳇,U+17CC7,,3.668.1,1191/40,K4388,L0466,L0466,S5289,050-071,3037,31A64,Ⅵ,47,2,30B35,Ⅵ,35,5,4797,Z.03.221,62,1,59,8,2,𘁯,𘚈,,3.02.2303,8,2,,,,,,,
𗇽,U+171FD,,1.450.4,1722/20,K1668,L0992,L0992,S4323,,3038,31A65,Ⅵ,47,3,30B36,Ⅵ,35,6,4798,Z.03.222,62,1,59,8,3,𘁯,𘚈,,3.02.2304,8,3,,,,,,,
𗼭,U+17F2D,,5.390.1,2184/22,K3365,L2347,L2347,S3328,,3039,31A66,Ⅵ,48,1,30B33,Ⅵ,35,3,5089,Z.14.172,62,2,52,5,1,𘚪,𘚈,,3.05.2501,3,1,,,,,,,
𗼮,U+17F2E,,5.390.2,2781/24,K4212,L3431,L3431,S3330,205-111,3040,31A67,Ⅵ,48,2,30B31,Ⅵ,35,1,5090,Z.14.211,62,2,52,5,2,𘚪,𘚈,,3.05.2502,3,2,,,,,,,
𗼦,U+17F26,,5.387.2,2184/20,K2053,L2346,L2346,S3315,205-092,3041,31A68,Ⅵ,48,3,30B32,Ⅵ,35,2,5091,Z.14.212,62,2,52,5,3,𘚪,𘚈,,3.05.2503,3,3,,,,,,,
𘆶,U+181B6,,6.450.1,1824/52,K5081,L1606,L1606,S5213,080-062,3042,31A71,Ⅵ,49,1,30B44,Ⅵ,36,6,2781,,3,2,3,,,,,,2.03.1703,6,1,,,,,,,
𗼫,U+17F2B,,5.389.2,2881/22,K3940,L3748,L3748,S3323,205-101,3043,31A72,Ⅵ,49,2,30B45,Ⅵ,36,7,2782,,3,2,3,,,,,,2.03.1704,6,2,,,,,,,
𗍊,U+1734A,,2.031.4,1141/40,K4440,L0290,L0290,S0659,098-081,3044,31A73,Ⅵ,49,3,30B37,Ⅵ,36,1,2783,,3,2,3,,,,,,2.03.1705,6,3,,,,,,,
𗍏,U+1734F,,2.037.2,1244/40,K2912,L0586,L0586,S0660,098-095,3045,31A74,Ⅵ,49,4,30B41,Ⅵ,36,3,2784,,3,2,3,,,,,,2.03.1706,6,4,,,,,,,
𗍡,U+17361,,2.046.1,1141/44,K5227,L0309,L0309,S0658,,3046,31A75,Ⅵ,49,5,30B38,Ⅵ,36,2,2785,,3,2,3,,,,,,2.03.1707,6,5,,,,,,,
𗔧,U+17527,,2.384.5,8024/52,K2250,L4840,L4840,S1966,007-143,3047,31A76,Ⅵ,49,6,30B43,Ⅵ,36,5,,,3,2,3,,,,,,,,,,,,,,,
𗔯,U+1752F,,2.390.3,8024/40,K1936,L4829,L4829,S1871,008-131,3048,31A77,Ⅵ,50,1,30B46,Ⅵ,37,1,4799,Z.03.231,11,1,11,9,1,𘒩,𗝠,,3.02.2305,9,1,,,,,,,
𗦂,U+17982,,4.264.1,2742/70,K0275,L3259,L3259,S3779,204-07zl,3049,31A78,Ⅵ,50,2,30B51,Ⅵ,37,4,4800,Z.03.232,11,1,11,9,2,𘒩,𗝠,,3.02.2306,9,2,,,,,,,
𘓜,U+184DC,,7.634.2,2355/00,K0289,L2696,L2696,S4102,,3050,31B11,Ⅵ,50,3,30B52,Ⅵ,37,5,4801,Z.03.233,11,1,11,9,3,𘒩,𗝠,,3.02.2307,9,3,,,,,,,
𗈠,U+17220,,1.473.1,1721/24,K4060,L0943,L0943,S4577,009-132,3051,31B12,Ⅵ,50,4,30B48,Ⅵ,37,3,4802,Z.03.241,11,1,11,9,4,𘒩,𗝠,,3.02.2308,9,4,,,,,,,
𗈑,U+17211,,1.462.1,1724/50,K2360,L1110,L1110,S4532,,3052,31B13,Ⅵ,50,5,30B47,Ⅵ,37,2,4803,Z.03.242,11,1,11,9,5,𘒩,𗝠,,3.02.2309,9,5,,,,,,,
𗮍,U+17B8D,,3.449.2,8221/22,K3707,L5260,L5260,S2254,,3053,31B14,Ⅵ,51,1,30B53,Ⅵ,38,1,5092,Z.14.221,11,2,10,6,1,𗦳,𘞼,,3.05.2504,3,4,,,,,,,
𗡄,U+17844,,3.280.2,7121/42,K4284,L4513,L4513,S0503,255-092,3054,31B15,Ⅵ,51,2,30B54,Ⅵ,38,2,5093,Z.14.222,11,2,10,6,2,𗦳,𘞼,,3.05.2505,3,5,,,,,,,
𗡋,U+1784B,,3.287.2,7621/44,K4817,L4593,L4593,S0535,,3055,31B16,Ⅵ,51,3,30B56,Ⅵ,38,4,5094,Z.14.231,11,2,10,6,3,𗦳,𘞼,,3.05.2506,3,6,,,,,,,
𗠤,U+17824,,3.264.3,7421/42,K3803,L4581,L4581,S0515,,3056,31B17,Ⅵ,51,4,30B55,Ⅵ,38,3,5095,Z.14.232,11,2,10,6,4,𗦳,𘞼,,3.05.2507,3,7,,,,,,,
𗰽,U+17C3D,,3.572.2,1151/50,K5325,L0405,L0405,S4793,058-062,3057,31B18,Ⅵ,52,1,30B57,Ⅵ,39,1,4806,Z.03.261,72,1,69,11,1,𘇌,𘁍,憂,3.02.2403,11,1,,,,,,,
𗰺,U+17C3A,,3.570.1,1354/00,K2184,L0722,L0722,S4809,,3058,31B21,Ⅵ,52,2,30B58,Ⅵ,39,2,4807,Z.03.262,72,1,69,11,2,𘇌,𘁍,憂,3.02.2404,11,2,,,,,,,
𗼋,U+17F0B,,5.356.2,2785/20,K0313,L3442,L3442,S3335,205-046,3059,31B22,Ⅵ,52,3,30B61,Ⅵ,39,3,4808,Z.03.271,72,1,69,11,3,𘇌,𘁍,憂,3.02.2405,11,3,,,,,,,
𗊂,U+17282,,1.560.4,2725/00,K0337,L3070,L3070,S4303,181-043,3060,31B23,Ⅵ,52,4,30B63,Ⅵ,39,5,4809,Z.03.272,72,1,69,11,4,𘇌,𘁍,憂,3.02.2406,11,4,,,,,,,
𘄗,U+18117,,6.298.1,1745/20,K0338,L1404,L1404,S4427,,3061,31B24,Ⅵ,52,5,30B62,Ⅵ,39,4,4810,Z.03.273,72,1,69,11,5,𘇌,𘁍,憂,3.02.2407,11,5,,,,,,,
𘁷,U+18077,,6.160.2,8772/20,K1657,L5691,L5691,S2150,,3062,31B25,Ⅵ,53,1,30B66,Ⅵ,41,1,4811,Z.04.111,85,1,80,12,1,𗨜,𗇂,,3.02.2408,12,1,,,,,,,
𘁹,U+18079,,6.161.2,8274/24,K1066,L5350,L5350,S2148,,3063,31B26,Ⅵ,53,2,30B67,Ⅵ,41,2,4812,Z.04.112,85,1,80,12,2,𗨜,𗇂,,3.02.2409,12,2,,,,,,,
𗶠,U+17DA0,,4.579.4,2210/00,K0060,L2396,L2396,S3749,319-081,3064,31B27,Ⅵ,54,1,30B68,Ⅵ,42,1,5098,Z.14.243,5,2,5,8,1,𘞂,𗷤,,3.05.2601,3,10,,,,,,,
𗨗,U+17A17,,4.406.3,2841/40,K5134,L3595,L3595,S3673,,3065,31B28,Ⅵ,54,2,30B71,Ⅵ,42,2,5100,Z.14.252,5,2,5,8,3,𘞂,𗷤,,3.05.2603,3,12,,,,,,,
𗼺,U+17F3A,,5.407.2,2244/40,K1087,L2498,L2498,S4021,,3066,31B31,Ⅵ,54,3,30B72,Ⅵ,42,3,5099,Z.14.251,5,2,5,8,2,𘞂,𗷤,,3.05.2602,3,11,,,,,,,
𗨜,U+17A1C,,4.413.1,2344/22,K2018,L2664,L2664,S3802,204-09zp,3067,31B32,Ⅵ,55,1,30B73,Ⅵ,43,1,4813,Z.04.121,8,1,8,13,1,𘒩,𗺺,,3.02.2410,13,1,,,,,,,
𗿝,U+17FDD,,6.067.1,2344/22,K2019,L2669,L2669,S5735,211-093,3068,31B33,Ⅵ,55,2,30B74,Ⅵ,43,2,4814,Z.04.122,8,1,8,13,2,𘒩,𗺺,,3.02.2501,13,2,,,,,,,
𗡣,U+17863,,3.305.1,1141/40,K4409,L0293,L0293,S1192,,3069,31B34,Ⅵ,56,1,30B75,Ⅵ,43,3,5101,Z.14.261,8,2,7,9,1,𗦳,𗁸,,3.05.2604,3,13,,,,,,,
𗚝,U+1769D,,3.059.1,5044/20,K2126,L4350,L4350,S0986,017-072,3070,31B35,Ⅵ,56,2,30B76,Ⅵ,43,4,5102,Z.14.262,8,2,7,9,2,𗦳,𗁸,,3.05.2605,3,14,,,,,,,
𘄡,U+18121,,6.302.1,1844/40,K2981,L1771,L1771,S4496,116-051,3071,31B36,Ⅵ,57,1,30B78,Ⅵ,44,2,4157,,64,2,54,,,,,,2.13.2601,6,1,,,,,,,
𘄥,U+18125,,6.309.3,1741/40,K4899,L1205,L1205,S4500,,3072,31B37,Ⅵ,57,2,31A11,Ⅵ,44,3,4158,,64,2,54,,,,,,2.13.2602,6,2,,,,,,,
𗣳,U+178F3,,4.066.1,2745/20,K0603,L3365,L3365,S3898,204-059,3073,31B38,Ⅵ,57,3,30B77,Ⅵ,44,1,4159,,64,2,54,,,,,,2.13.2603,6,3,,,,,,,
𘘎,U+1860E,,8.259.3,1871/00,K5782,L1808,L1808,S4465,285-061,3074,31B41,Ⅵ,58,1,31A13,Ⅵ,45,2,2506,1.88.131,90,1,84,6,3,𗊋,𗔿,,1.27.2702,3,15,,,,,,,
𗣞,U+178DE,,4.049.2,2244/20,K2611,L2464,L2464,S3544,205-044,3075,31B42,Ⅵ,58,2,31A12,Ⅵ,45,1,2507,1.88.132,90,1,84,6,4,𗊋,𗔿,,1.27.2703,3,16,,,,,,,
𗽾,U+17F7E,,5.393.2,2324/20,?,L2585,L2585,S4061,033-061,3076,31B43,Ⅵ,59,1,31A16,Ⅵ,46,3,2474,1.86.271,88,1,83,4,2,𗱫,𗠻,,1.27.2206,4,2,,,,,,,
𗧵,U+179F5,,4.378.3,2741/24,K3732,L3131,L3131,S3528,,3077,31B44,Ⅵ,59,2,31A15,Ⅵ,46,2,2475,1.87.111,88,1,83,4,3,𗱫,𗠻,,1.27.2207,4,3,,,,,,,
𗤎,U+1790E,,4.112.1,2344/22,K2012,L2661,L2661,S3531,,3078,31B45,Ⅵ,59,3,31A14,Ⅵ,46,1,2476,1.87.112,88,1,83,4,4,𗱫,𗠻,,1.27.2301,4,4,,,,,,,
𗨥,U+17A25,,4.417.2,2741/00,K4721,L3106,L3106,S3858,,3079,31B46,Ⅵ,60,1,31A17,Ⅵ,47,1,1103,1.40.112,31,1,30,21,3,𘉹,𗖶,,1.14.1401,20,3,,,,,,,
𗲼,U+17CBC,,3.655.3,1741/00,K4723,L1166,L1166,S4931,,3080,31B47,Ⅵ,60,2,31A18,Ⅵ,47,2,1104,1.40.121,31,1,30,21,4,𘉹,𗖶,,1.14.1402,20,4,,,,,,,
𗨤,U+17A24,,4.416.1,2141/72,K5457,L2179,L2179,S3839,204-10o,3081,31B48,Ⅵ,61,1,31A21,Ⅵ,48,1,5103,Z.14.271,53,2,44,10,1,𘚪,𗬘,,3.05.2606,3,15,,,,,,,
𗊱,U+172B1,,1.595.1,2224/22,K2702,L2412,L2412,S4243,181-076,3082,31B51,Ⅵ,61,2,31A22,Ⅵ,48,2,5104,Z.14.272,53,2,44,10,2,𘚪,𗬘,,3.05.2607,3,16,,,,,,,
𗉇,U+17247,,1.521.2,1171/00,K0012,L0431,L0431,S5493,,3083,31B52,Ⅵ,62,1,31A25,Ⅵ,49,3,742,1.28.251,20,1,20,6,1,𗊋,𘅄,,1.11.2111,1,1,,,,,,,
𗢩,U+178A9,,4.001.2,2742/00,K1524,L3179,L3179,S3920,,3084,31B53,Ⅵ,62,2,31A23,Ⅵ,49,1,743,1.28.252,20,1,20,6,2,𗊋,𘅄,,1.11.2201,1,2,,,,,,,
𗉅,U+17245,,1.519.1,1270/48,K0174,L0618,L0618,S5505,184-101,3085,31B54,Ⅵ,62,3,31A24,Ⅵ,49,2,744,1.28.253,20,1,20,6,3,𗊋,𘅄,,1.11.2202,1,3,,,,,,,
𘜁,U+18701,,8.412.2,1154/00,K3063,L0416,L0416,S4403,,3086,31B55,Ⅵ,62,4,31A26,Ⅵ,49,4,745,1.28.261,20,1,20,6,4,𗊋,𘅄,,1.11.2203,1,4,,,,,,,
𗈍,U+1720D,,1.460.2,1721/20,K4889,L0919,L0919,S4554,,3087,31B56,Ⅵ,62,5,31A27,Ⅵ,49,5,746,1.28.262,20,1,20,6,5,𗊋,𘅄,,1.11.2204,1,5,,,,,,,
𗪹,U+17AB9,,4.525.4,2544/42,K1968,L2879,L2879,S3478,204-12p,3088,31B57,Ⅵ,63,1,31A28,Ⅵ,50,1,5105,Z.15.111,51,2,42,11,1,𗡅,𘌑,,3.05.2608,3,17,,,,,,,
𗛎,U+176CE,,3.077.4,5044/22,K1967,L4357,L4357,S0996,,3089,31B58,Ⅵ,63,2,31A31,Ⅵ,50,2,5106,Z.15.112,51,2,42,11,2,𗡅,𘌑,,3.05.2701,3,18,,,,,,,
𗀻,U+1703B,,1.045.1,2705/00,K0364,L2979,L2979,S1598,039-052,3090,31B61,Ⅵ,64,1,31A33,Ⅵ,51,2,523,1.21.261,16,1,16,5,7,𘖸,𗓪,,1.09.2504,5,7,,,,,,,
𗢿,U+178BF,,4.027.1,2842/20,K0534,L3619,L3619,S3647,204-048,3091,31B62,Ⅵ,64,2,31A32,Ⅵ,51,1,524,1.21.262,16,1,16,5,8,𘖸,𗓪,,1.09.2505,5,8,,,,,,,
𘀕,U+18015,,6.114.2,3121/24,K4444,L3851,L3851,S2892,,3092,31B63,Ⅵ,65,1,31A35,Ⅵ,52,2,2344,1.81.272,82,1,77,1,3,𗩨,𗋥,,1.26.1401,1,3,,,,,,,
𘀌,U+1800C,,6.109.3,3224/20,K3490,L3887,L3887,S2894,,3093,31B64,Ⅵ,65,2,31A34,Ⅵ,52,1,2345,1.82.111,82,1,77,1,4,𗩨,𗋥,,1.26.1402,1,4,,,,,,,
𗿀,U+17FC0,,6.045.1,2141/22,K4272,L2107,L2107,S5716,211-085,3094,31B65,Ⅵ,65,3,31A36,Ⅵ,52,3,2346,1.82.121,82,1,77,1,5,𗩨,𗋥,,1.26.1403,1,5,,,,,,,
𗍍,U+1734D,,2.036.1,1141/24,K4435,L0281,L0281,S0626,098-091,3095,31B66,Ⅵ,65,4,31A37,Ⅵ,52,4,2347,1.82.122,82,1,77,1,6,𗩨,𗋥,,1.26.1404,1,6,,,,,,,
𗗫,U+175EB,,2.563.1,5705/40,K0344,L5957,L5957,S5471,086-081,3096,31B67,Ⅵ,65,5,31A38,Ⅵ,52,5,2348,1.82.131,82,1,77,1,7,𗩨,𗋥,,1.26.1405,1,7,,,,,,,
𗩜,U+17A5C,,4.452.2,2841/52,K3942,L3611,L3611,S3595,204-10m,3097,31B68,Ⅵ,66,1,31A41,Ⅵ,53,1,2349,1.82.132,82,1,77,2,1,𗩨,𗇗,,1.26.1406,1,8,,,,,,,
𘉯,U+1826F,,7.093.3,2122/42,K1362,L2037,L2037,S3179,243-045,3098,31B71,Ⅵ,66,2,31A42,Ⅵ,53,2,2350,1.82.141,82,1,77,2,2,𗩨,𗇗,,1.26.1407,1,9,,,,,,,
𗤟,U+1791F,,4.129.2,2842/40,K1834,L3641,L3641,S3643,,3099,31B72,Ⅵ,67,1,31A43,Ⅵ,54,1,2380,1.83.162,84,1,79,3,1,𘄩,𗟶,,1.26.2204,3,1,,,,,,,
𗚘,U+17698,,3.054.3,5042/00,K1841,L4275,L4275,S0778,017-074,3100,31B73,Ⅵ,67,2,31A44,Ⅵ,54,2,2381,1.83.171,84,1,79,3,2,𘄩,𗟶,,1.26.2205,3,2,,,,,,,
𗶋,U+17D8B,,5.094.2,1849/00,K0681,L1782,L1782,S0150,,3101,31B74,Ⅵ,67,3,31A45,Ⅵ,54,3,2382,1.83.172,84,1,79,3,3,𘄩,𗟶,,1.26.2206,3,3,,,,,,,
𗪢,U+17AA2,,4.514.2,2745/25,K1243,L3371,L3371,S3621,204-115,3102,31B75,Ⅵ,68,1,31A46,Ⅵ,55,1,4816,Z.04.132,21,1,21,14,2,𗊋,𗈿,,,,,,,,,,,
𘞵,U+187B5,,8.554.2,1244/40,K2867,L0596,L0596,S4847,026-105,3103,31B76,Ⅵ,68,2,31A47,Ⅵ,55,2,4817,Z.04.141,20,1,20,14,3,𗊋,𗈿,,3.02.2503,14,2,,,,,,,
𗵴,U+17D74,,5.080.4,1742/42,K0917,L1283,L1283,S0019,113-062,3104,31B77,Ⅵ,68,3,31A48,Ⅵ,55,3,4818,Z.04.142,20,1,20,14,4,𗊋,𗈿,,3.02.2504,14,3,,,,,,,
𘋨,U+182E8,,7.183.2,8240/80,K0168,L5306,L5306,S2125,235-054,3105,31B78,Ⅵ,69,1,31A62,Ⅵ,57,4,4819,Z.04.143,31,1,30,15,1,𗡅,𗲼,,3.02.2505,15,1,,,,,,,
𗫄,U+17AC4,,4.535.2,2844/71,K1328,L3711,L3711,S3636,204-12o,3106,32A11,Ⅵ,69,2,31A57,Ⅵ,57,1,4820,Z.04.151,31,1,30,15,2,𗡅,𗲼,,3.02.2506,15,2,,,,,,,
𗣆,U+178C6,,4.031.3,2744/00,K3142,L3277,L3277,S3919,,3107,32A12,Ⅵ,70,1,31A52,Ⅵ,56,2,3210,,20,2,17,,,,,,2.07.1203,3,3,,,,,,,
𗻘,U+17ED8,,5.330.2,2744/44,K3143,L2281,L2281,S3258,,3108,32A13,Ⅵ,70,2,31A51,Ⅵ,56,1,3211,,20,2,17,,,,,,2.07.1204,3,4,,,,,,,
𘂑,U+18091,,6.178.1,9274/42,K2601,L5883,L5883,S1740,,3109,32A14,Ⅵ,70,3,31A53,Ⅵ,56,3,3212,,20,2,17,,,,,,2.07.1205,3,5,,,,,,,
𘂢,U+180A2,,6.189.2,9771/42,K4908,L5960,L5960,S1755,,3110,32A15,Ⅵ,70,4,31A54,Ⅵ,56,4,3213,,20,2,17,,,,,,2.07.1206,3,6,,,,,,,
𗪓,U+17A93,,4.494.1,2142/24,K1792,L3232,L3232,S3436,,3111,32A16,Ⅵ,70,5,31A55,Ⅵ,56,5,3214,,20,2,17,,,,,,2.07.1207,3,7,,,,,,,
𗱱,U+17C71,,3.610.3,1724/24,K1029,L1100,L1100,S4904,026-087,3112,32A17,Ⅵ,70,6,31A56,Ⅵ,56,6,3215,,20,2,17,,,,,,2.07.1208,3,8,,,,,,,
𗒡,U+174A1,,2.291.3,8024/22,K3067,L4822,L4822,S1781,007-10c,3113,32A18,Ⅵ,71,1,31A61,Ⅵ,57,3,5108,Z.15.122,31,2,28,12,2,𗡅,𗖋,,3.05.2703,4,2,,,,,,,
𗒍,U+1748D,,2.278.1,8074/41,K1327,L5043,L5043,S2064,007-108,3114,32A21,Ⅵ,71,2,31A58,Ⅵ,57,2,5107,Z.15.121,31,2,28,12,1,𗡅,𗖋,,3.05.2702,4,1,,,,,,,
𘃚,U+180DA,,6.232.2,8421/20,K3800,L5411,L5411,S2419,056-021,3115,32A22,Ⅵ,71,3,31A63,Ⅵ,57,5,5109,Z.15.131,31,2,28,12,3,𗡅,𗖋,,3.05.2704,4,3,,,,,,,
𗚔,U+17694,,3.053.3,5024/20,K2015,L4173,L4173,S0752,017-064,3116,32A23,Ⅵ,71,4,31A64,Ⅵ,57,6,5110,Z.15.141,31,2,28,12,4,𗡅,𗖋,,3.05.2705,4,4,,,,,,,
𗉑,U+17251,,1.525.2,1244/22,K2603,L0571,L0571,S5517,185-054,3117,32A24,Ⅵ,72,1,31A65,Ⅵ,58,1,4821,Z.04.152,72,1,69,16,1,𘁯,𗯎,,3.02.2507,16,1,,,,,,,
𗺬,U+17EAC,,5.315.2,2141/42,?,L2157,L2157,S3217,,3118,32A25,Ⅵ,72,2,31A66,Ⅵ,58,2,4822,Z.04.161,72,1,69,16,2,𘁯,𗯎,,3.02.2508,16,2,,,,,,,
𘃄,U+180C4,,6.222.2,8744/50,K2328,L5669,L5669,S2388,,3119,32A26,Ⅵ,72,3,34A15,Ⅵ,D,45,4823,Z.04.162,72,1,69,16,3,𘁯,𗯎,,3.02.2601,16,3,,,,,,,
𗛚,U+176DA,,3.080.4,5024/20,K2097,L4179,L4179,S0920,017-088,3120,32A27,Ⅵ,73,1,31A67,Ⅵ,59,1,4824,Z.04.171,64,1,61,17,1,𘌱,𘄡,,3.02.2602,17,1,,,,,,,
𗰛,U+17C1B,,3.543.1,1824/22,K2082,L1640,L1640,S4475,107-061,3121,32A28,Ⅵ,73,2,31A68,Ⅵ,59,2,4825,Z.04.172,64,1,61,17,2,𘌱,𘄡,,3.02.2603,17,2,,,,,,,
𗅢,U+17162,,1.341.1,2204/22,K2704,L2364,L2364,S1399,041-082,3122,32A31,Ⅵ,74,1,31A72,Ⅵ,60,2,3825,,48,2,41,,,,,,2.11.2301,4,2,,,,,,,
𘞖,U+18796,,3.212.3,5224/50,K2717,L4442,L4442,S0973,,3123,32A32,Ⅵ,74,2,31A71,Ⅵ,60,1,3826,,48,2,41,,,,,,2.11.2302,4,3,,,,,,,
𘜸,U+18738,,8.470.1,5891/21,K5525,L4467,L4467,S0965,017c-071,3124,32A33,Ⅵ,75,1,31A73,Ⅵ,61,1,914,1.34.161,28,1,27,10,2,𘆲,𗃞,,1.12.2202,5,5,,,,,,,
𗻌,U+17ECC,,5.326.1,2841/41,K5524,L3605,L3605,S3237,,3125,32A34,Ⅵ,75,2,31A74,Ⅵ,61,2,915,1.34.162,28,1,27,10,3,𘆲,𗃞,,1.12.2203,5,6,,,,,,,
𘃶,U+180F6,,6.269.1,1151/40,K4384,L0398,L0398,S4452,066-071,3126,32A35,Ⅵ,76,1,31A76,Ⅵ,62,2,3933,,53,2,44,,,,,,2.12.1602,8,1,,,,,,,
𗹃,U+17E43,,5.222.3,1122/22,K1357,L0204,L0204,S1110,,3127,32A36,Ⅵ,76,2,31A77,Ⅵ,62,3,3934,,53,2,44,,,,,,2.12.1603,8,2,,,,,,,
𘟜,U+187DC,,8.592.1,8441/14,K3950,L5437,L5437,S2606,,3128,32A37,Ⅵ,77,1,31B11,Ⅵ,63,2,4826,Z.04.173,56,1,54,18,1,𘇌,𘚒,,3.02.2604,18,1,,,,,,,
𗝩,U+17769,,3.164.1,5024/50,K2359,L4200,L4200,S0790,017-119,3129,32A38,Ⅵ,77,2,31A78,Ⅵ,63,1,4827,Z.04.211,56,1,54,18,2,𘇌,𘚒,,3.02.2605,18,2,,,,,,,
𘄩,U+18129,,6.310.3,1294/00,K2797,L0500,L0500,S4516,155-041,3130,32A41,Ⅵ,78,1,31B12,Ⅵ,64,1,1888,1.65.173,62,1,59,7,1,𗬓,𘟣,,1.21.1607,7,1,,,,,,,
𘄨,U+18128,,6.310.2,1792/00,K1606,L1015,L1015,S4517,155-042,3131,32A42,Ⅵ,78,2,31B14,Ⅵ,64,3,1889,1.65.211,62,1,59,7,2,𗬓,𘟣,,1.21.1608,7,2,,,,,,,
𗵵,U+17D75,,5.081.1,1244/40,K3492,L0588,L0588,S0024,113-061,3132,32A43,Ⅵ,78,3,31B16,Ⅵ,64,5,1890,1.65.212,62,1,59,7,3,𗬓,𘟣,,1.21.1701,7,3,,,,,,,
𘄫,U+1812B,,6.314.2,1794/00,K2354,L1098,L1098,S4518,,3133,32A44,Ⅵ,78,4,31B13,Ⅵ,64,2,,,62,1,59,,,,,,,,,,,,,,,
𘄭,U+1812D,,6.315.3,1894/20,K2278,L1646,L1646,S4514,155-072,3134,32A45,Ⅵ,78,5,31B15,Ⅵ,64,4,,,62,1,59,,,,,,,,,,,,,,,
𗑝,U+1745D,,2.245.2,8021/90,K3969,L4739,L4739,S1879,008-082,3135,32A46,Ⅵ,79,1,31B18,Ⅵ,65,2,2558,1.90.132,93,1,87,2,1,𗶋,𗽓,,1.28.1702,2,1,,,,,,,
𗔖,U+17516,,2.375.1,8021/40,K4369,L4711,L4711,S1869,008-123,3136,32A47,Ⅵ,79,2,31B21,Ⅵ,65,3,2559,1.90.141,93,1,87,2,2,𗶋,𗽓,,1.28.1703,2,2,,,,,,,
𗻱,U+17EF1,,5.336.3,2841/49,K3971,L3610,L3610,S3229,144-111,3137,32A48,Ⅵ,79,3,31B17,Ⅵ,65,1,2560,1.90.142,93,1,87,2,3,𗶋,𗽓,,1.28.1704,2,3,,,,,,,
𗀾,U+1703E,,1.047.3,2709/00,K0650,L2991,L2991,S1610,,3138,32A51,Ⅵ,79,4,31B22,Ⅵ,65,4,2561,1.90.143,93,1,87,2,4,𗶋,𗽓,,1.28.1705,2,4,,,,,,,
𗍹,U+17379,,2.074.1,1124/20,K5697,L0219,L0219,S0299,103-074,3139,32A52,Ⅵ,80,1,31B23,Ⅵ,66,1,4646,,93,2,78,,,,,,2.17.1408,2,1,,,,,,,
𗃔,U+170D4,,1.157.2,1525/00,K0092,L0853,L0853,S4315,040-111,3140,32A53,Ⅵ,80,2,31B25,Ⅵ,66,3,4647,,93,2,78,,,,,,2.17.1409,2,2,,,,,,,
𗸋,U+17E0B,,5.192.2,1751/50,K0084,L1435,L1435,S0377,123-092,3141,32A54,Ⅵ,80,3,31B24,Ⅵ,66,2,4648,,93,2,78,,,,,,2.17.1410,2,3,,,,,,,
𗑗,U+17457,,2.237.3,8022/22,K1541,L4751,L4751,S1855,007-105,3142,32A55,Ⅵ,81,1,31B27,Ⅵ,67,2,1195,1.43.122,34,1,33,2,1,𗫐,𘅊,,1.15.1204,2,1,,,,,,,
𗄾,U+1713E,,1.223.1,2702/22,K1540,L2931,L2931,S1378,041-087,3143,32A56,Ⅵ,81,2,31B28,Ⅵ,67,3,1196,1.43.131,34,1,33,2,2,𗫐,𘅊,,1.15.1205,2,2,,,,,,,
𗊭,U+172AD,,1.592.1,2521/22,K4762,L2845,L2845,S4180,181-07a,3144,32A57,Ⅵ,81,3,31B26,Ⅵ,67,1,,,34,1,33,,,,,,,,,,,,,,,
𗐸,U+17438,,2.215.3,8024/20,K2692,L4804,L4804,S1861,007-066,3145,32A58,Ⅵ,81,4,31B31,Ⅵ,67,4,,,34,1,33,,,,,,,,,,,,,,,
𗒀,U+17480,,2.271.1,8041/20,K5426,L4887,L4887,S2014,007-094,3146,32A61,Ⅵ,82,1,31B32,Ⅵ,68,1,1526,1.53.222,44,1,43,8,4,𘀗,𘙚,,1.18.1204,7,4,,,,,,,
𗷖,U+17DD6,,5.134.3,6041/42,K3998,L4485,L4485,S1026,020-161,3147,32A62,Ⅵ,82,2,31B34,Ⅵ,68,3,1527,1.53.231,44,1,43,8,5,𘀗,𘙚,,1.18.1205,7,5,,,,,,,
𘐔,U+18414,,7.427.2,8844/70,K3284,L5771,L5771,S2764,236-075,3148,32A63,Ⅵ,82,3,31B33,Ⅵ,68,2,1528,1.53.232,44,1,43,8,6,𘀗,𘙚,,1.18.1206,7,6,,,,,,,
𗲾,U+17CBE,,3.660.1,5702/14,K1736,L5933,L5933,S5317,071-031,3149,32A64,Ⅵ,83,1,31B37,Ⅵ,69,2,492,1.20.262,15,1,15,3,2,𗸒,𘄹,,1.09.2103,2,3,,,,,,,
𗐾,U+1743E,,2.220.1,8052/14,K1737,L4921,L4921,S2095,007-072,3150,32A65,Ⅵ,83,2,31B36,Ⅵ,69,1,493,1.20.271,15,1,15,3,3,𗸒,𘄹,,1.09.2104,2,4,,,,,,,
𘆦,U+181A6,,6.438.1,1224/52,K2596,L0520,L0520,S5208,080-053,3151,32A66,Ⅵ,84,1,31B38,Ⅵ,70,1,4828,Z.04.221,38,1,37,19,1,𗕞,𘈧,,3.02.2606,19,1,,,,,,,
𗉜,U+1725C,,1.535.1,1441/24,K3908,L0800,L0800,S5509,185-063,3152,32A67,Ⅵ,84,2,31B41,Ⅵ,70,2,4829,Z.04.222,38,1,37,19,2,𗕞,𘈧,,3.02.2607,19,2,,,,,,,
𘕨,U+18568,,8.141.2,8254/52,K2859,L5348,L5348,S2172,,3153,32A68,Ⅵ,85,1,31B42,Ⅵ,71,1,471,1.20.141,14,1,14,8,1,𗱫,𗺕,,1.09.1506,8,1,,,,,,,
𗈹,U+17239,,1.511.2,5805/45,K1196,L5985,L5985,S5490,087-121,3154,32A71,Ⅵ,85,2,31B43,Ⅵ,71,2,472,1.20.142,14,1,14,8,2,𗱫,𗺕,,1.09.1507,8,2,,,,,,,
𘍟,U+1835F,,7.277.1,8722/25,K1135,L5533,L5533,S2346,260-041,3155,32A72,Ⅵ,86,1,31B46,Ⅵ,73,1,1061,1.38.251,31,1,30,12,2,𘉹,𗝚,,1.13.2601,11,2,,,,,,,
𘂆,U+18086,,6.169.3,9072/40,K1381,L5815,L5815,S1730,157-001,3156,32A73,Ⅵ,86,2,31B47,Ⅵ,73,2,1062,1.38.261,31,1,30,12,3,𘉹,𗝚,,1.13.2602,11,3,,,,,,,
𘂖,U+18096,,6.179.3,9374/42,K5103,L5986,L5986,S1743,,3157,32A74,Ⅵ,86,3,31B48,Ⅵ,73,3,1063,1.38.262,31,1,30,12,4,𘉹,𗝚,,1.13.2603,11,4,,,,,,,
𗑵,U+17475,,2.266.2,8022/24,K1394,L4758,L4758,S1830,008-083,3158,32A75,Ⅵ,86,4,31B51,Ⅵ,73,4,1064,1.38.263,31,1,30,12,5,𘉹,𗝚,,1.13.2604,11,5,,,,,,,
𘂀,U+18080,,6.164.1,8144/42,K3582,L5243,L5243,S2329,141-051,3159,32A76,Ⅵ,87,1,31B52,Ⅵ,74,1,3617,,37,2,33,,,,,,2.10.1206,9,1,,,,,,,
𗹬,U+17E6C,,5.276.2,2801/51,K5549,L3469,L3469,S1272,075-121,3160,32A77,Ⅵ,87,2,31B53,Ⅵ,74,2,3618,,37,2,33,,,,,,2.10.1207,9,2,,,,,,,
𘙦,U+18666,,8.316.3,1141/40,K4265,L0297,L0297,S4994,297-131,3161,32A78,Ⅵ,87,3,31B55,Ⅵ,74,4,3619,,37,2,33,,,,,,2.10.1208,9,3,,,,,,,
𗝮,U+1776E,,3.167.1,8042/20,K0845,L4287,L4287,S0815,017-115,3162,32B11,Ⅵ,87,4,31B58,Ⅵ,74,7,3620,,37,2,33,,,,,,2.10.1209,9,4,,,,,,,
𘏓,U+183D3,,7.367.1,8342/20,K0844,L5383,L5383,S2742,,3163,32B12,Ⅵ,87,5,31B57,Ⅵ,74,6,3621,,37,2,33,,,,,,2.10.1210,9,5,,,,,,,
𗌝,U+1731D,,1.676.1,5151/40,K4263,L2007,L2007,S4173,181-135,3164,32B13,Ⅵ,87,6,31B56,Ⅵ,74,5,,,37,2,33,,,,,,,,,,,,,,,
𘑣,U+18463,,7.476.1,1545/70,K1488,L0881,L0881,S4436,240-071,3165,32B14,Ⅵ,87,7,29A12,Ⅵ,2,6,,,37,2,33,,,,,,,,,,,,,,,
𗾥,U+17FA5,,6.029.1,2884/20,K2109,L3683,L3683,S5705,211-067,3166,32B15,Ⅵ,88,1,31B61,Ⅵ,75,1,3216,,20,2,17,,,,,,2.07.1209,4,1,,,,,,,
𗿪,U+17FEA,,6.076.3,2441/22,K3946,L2762,L2762,S5684,,3167,32B16,Ⅵ,88,2,31B62,Ⅵ,75,2,3217,,20,2,17,,,,,,2.07.1210,4,2,,,,,,,
𗮱,U+17BB1,,3.463.2,8821/70,K5676,L5704,L5704,S2307,,3168,32B17,Ⅵ,88,3,31B63,Ⅵ,75,3,3218,,20,2,17,,,,,,2.07.1301,4,3,,,,,,,
𗙎,U+1764E,,3.016.1,1824/20,K3222,L1632,L1632,S0101,,3169,32B18,Ⅵ,89,1,31B68,Ⅵ,78,1,1512,1.53.133,44,1,43,6,3,𗝠,𗽂,,1.17.2703,5,3,,,,,,,
𘑦,U+18466,,7.476.3,1722/40,K1691,L1037,L1037,S4524,,3170,32B21,Ⅵ,89,2,31B71,Ⅵ,78,2,1513,1.53.141,44,1,43,6,4,𗝠,𗽂,,1.17.2704,5,4,,,,,,,
𘑧,U+18467,,7.476.4,1725/42,K1314,L1132,L1132,S4522,,3171,32B22,Ⅵ,89,3,31B73,Ⅵ,78,4,1514,1.53.142,44,1,43,6,5,𗝠,𗽂,,1.17.2705,5,5,,,,,,,
𗼊,U+17F0A,,5.356.1,2781/20,K4582,L3429,L3429,S3307,,3172,32B23,Ⅵ,89,4,31B77,Ⅵ,78,8,1515,1.53.143,44,1,43,6,6,𗝠,𗽂,,1.17.2706,5,6,,,,,,,
𘊊,U+1828A,,7.116.1,2122/42,K1361,L2038,L2038,S3158,243-091,3173,32B24,Ⅵ,89,5,31B74,Ⅵ,78,5,1516,1.53.151,44,1,43,6,7,𗝠,𗽂,,1.18.1101,5,7,,,,,,,
𗼽,U+17F3D,,5.426.2,2942/74,K1425,L3799,L3799,S4015,204-05d,3174,32B25,Ⅵ,90,1,31B75,Ⅵ,78,6,3743,,44,2,38,,,,,,2.11.1207,6,1,,,,,,,
𗾉,U+17F89,,6.007.1,2742/00,K1638,L3186,L3186,S5747,,3175,32B26,Ⅵ,90,2,31B72,Ⅵ,78,3,3744,,44,2,38,,,,,,2.11.1208,6,2,,,,,,,
𘏱,U+183F1,,7.390.2,8344/00,K3084,L5391,L5391,S2749,236-06h,3176,32B27,Ⅵ,90,3,31B76,Ⅵ,78,7,3745,,44,2,38,,,,,,2.11.1209,6,3,,,,,,,
𗹙,U+17E59,,5.241.2,1191/40,K4179,L0467,L0467,S1143,051-091,3177,32B28,Ⅵ,91,1,32A12,Ⅵ,79,3,2618,1.92.171,101,1,93,1,1,𘄩,𗕍,,1.29.1401,1,1,,,,,,,
𘉀,U+18240,,7.051.1,2704/50,K3430,L2975,L2975,S1311,136-051,3178,32B31,Ⅵ,91,2,32A11,Ⅵ,79,2,2619,1.92.211,101,1,93,1,2,𘄩,𗕍,,1.29.1402,1,2,,,,,,,
𘏲,U+183F2,,7.391.1,8842/40,K1837,L5742,L5742,S2724,236-07a,3179,32B32,Ⅵ,91,3,31B78,Ⅵ,79,1,2620,1.92.212,101,1,93,1,3,𘄩,𗕍,,1.29.1403,1,3,,,,,,,
𗎫,U+173AB,,2.104.1,2401/14,K4125,L2698,L2698,S1262,068-082,3180,32B33,Ⅵ,92,1,32A13,Ⅵ,80,1,4736,,101,2,86,,,,,,2.17.2709,1,5,,,,,,,
𘜝,U+1871D,,8.443.3,1744/00,K2007,L1330,L1330,S5293,050-131,3181,32B34,Ⅵ,92,2,32A15,Ⅵ,80,3,4738,,101,2,86,,,,,,2.17.2711,1,7,,,,,,,
𗎱,U+173B1,,2.123.1,2505/17,K1489,L2836,L2836,S1264,068-131,3182,32B35,Ⅵ,92,3,32A14,Ⅵ,80,2,4737,,101,2,86,,,,,,2.17.2710,1,6,,,,,,,
𘏎,U+183CE,,7.361.1,8244/40,K1088,L5333,L5333,S2757,,3183,32B36,Ⅵ,93,1,32A16,Ⅵ,81,1,5112,Z.15.151,7,2,6,13,2,𗡧,𘀄,,3.05.2707,4,6,,,,,,,
𗱚,U+17C5A,,3.596.3,1724/20,K2016,L1071,L1071,S4853,026-071,3184,32B37,Ⅵ,93,2,32A17,Ⅵ,81,2,5113,Z.15.152,7,2,6,13,3,𗡧,𘀄,,3.05.2708,4,7,,,,,,,
𗖶,U+175B6,,2.517.1,1171/41,K5492,L0441,L0441,S4638,182-101,3185,32B38,Ⅵ,94,1,32A18,Ⅵ,82,1,1106,1.40.131,31,1,30,22,2,𘏽,𗯢,,1.14.1404,20,6,,,,,,,
𗧈,U+179C8,,4.338.2,2141/27,K5617,L2125,L2125,S3650,204-08zh,3186,32B41,Ⅵ,94,2,32A23,Ⅵ,82,4,1107,1.40.132,31,1,30,22,3,𘏽,𗯢,,1.14.1405,20,7,,,,,,,
𗖋,U+1758B,,2.475.1,1171/21,K5502,L0432,L0432,S4593,182-064,3187,32B42,Ⅵ,95,1,32A21,Ⅵ,82,2,3445,,31,2,28,,,,,,2.08.2601,10,1,,,,,,,
𗧱,U+179F1,,4.377.2,2241/22,K4627,L2453,L2453,S3490,,3188,32B43,Ⅵ,95,2,32A24,Ⅵ,83,1,3446,,31,2,28,,,,,,2.08.2602,10,2,,,,,,,
𗸺,U+17E3A,,5.219.1,1221/20,K4626,L0485,L0485,S1107,109-041,3189,32B44,Ⅵ,95,3,32A25,Ⅵ,83,2,3447,,31,2,28,,,,,,2.08.2603,10,3,,,,,,,
𗹇,U+17E47,,5.223.3,1721/20,K4898,L0926,L0926,S1112,,3190,32B45,Ⅵ,95,4,32A26,Ⅵ,83,3,3448,,31,2,28,,,,,,2.08.2604,10,4,,,,,,,
𗶛,U+17D9B,,5.105.1,1121/54,K5223,L0195,L0195,S0266,,3191,32B46,Ⅵ,95,5,32A27,Ⅵ,83,4,3449,,31,2,28,,,,,,2.08.2605,10,5,,,,,,,
𗬃,U+17B03,,4.613.1,2740/00,K5761,L3100,L3100,S3829,,3192,32B47,Ⅵ,96,1,32A33,Ⅵ,85,2,253,1.13.122,8,1,8,3,3,𗫐,𘛜,,1.07.1107,3,3,,,,,,,
𗺺,U+17EBA,,5.320.1,2243/44,K5571,L2456,L2456,S3268,144-075,3193,32B48,Ⅵ,96,2,32A32,Ⅵ,85,1,254,1.13.131,8,1,8,3,4,𗫐,𘛜,,1.07.1108,3,4,,,,,,,
𗬉,U+17B09,,4.615.2,2840/00,K5762,L3563,L3563,S3596,276-101,3194,32B51,Ⅵ,96,3,32A34,Ⅵ,85,3,,,8,1,8,,,,,,,,,,,,,,,
𗙐,U+17650,,3.022.1,1729/20,K0756,L1007,L1007,S0123,102-073,3195,32B52,Ⅵ,97,1,32A36,Ⅵ,86,2,2867,,8,2,7,,,,,,2.04.1202,4,1,,,,,,,
𗁸,U+17078,,1.086.1,2101/40,K4832,L1921,L1921,S1542,039-092,3196,32B53,Ⅵ,97,2,32A35,Ⅵ,86,1,2868,,8,2,7,,,,,,2.04.1203,4,2,,,,,,,
𗂲,U+170B2,,1.133.3,2301/52,K5046,L2556,L2556,S1505,039-123,3197,32B54,Ⅵ,98,1,32A37,Ⅵ,87,1,5114,Z.15.161,43,2,37,14,1,𗡅,𗂎,,3.05.2709,4,8,,,,,,,
𘕴,U+18574,,8.147.2,9351/52,K5045,L5894,L5894,S1666,146-053,3198,32B55,Ⅵ,98,2,32A38,Ⅵ,87,2,5115,Z.15.162,43,2,37,14,2,𗡅,𗂎,,3.06.1101,4,9,,,,,,,
𗽳,U+17F73,,5.463.1,2545/50,K1266,L2887,L2887,S3988,,3199,32B56,Ⅵ,98,3,32A41,Ⅵ,87,3,,,43,2,37,,,,,,,,,,,,,,,
𘔭,U+1852D,,8.057.1,1891/21,K5526,L1604,L1604,S1133,179-072,3200,32B57,Ⅵ,99,1,32A42,Ⅵ,88,1,4830,Z.04.223,43,1,42,20,1,𗔯,𗉖,,3.02.2608,20,1,,,,,,,
𘔪,U+1852A,,8.053.1,1294/00,K2799,L0522,L0522,S1134,179-041,3201,32B58,Ⅵ,99,2,32A43,Ⅵ,88,2,4831,Z.04.231,43,1,42,20,2,𗔯,𗉖,,3.02.2701,20,2,,,,,,,
𗿳,U+17FF3,,6.079.1,2841/29,K3972,L3589,L3589,S5676,211-121,3202,32B61,Ⅵ,99,3,32A44,Ⅵ,88,3,4832,Z.04.232,43,1,42,20,3,𗔯,𗉖,,3.02.2702,20,3,,,,,,,
𘈒,U+18212,,7.007.1,1854/50,K2984,L1801,L1801,S0027,124-053,3203,32B62,Ⅵ,100,1,32A45,Ⅵ,89,1,5116,Z.15.171,37,2,33,15,1,𗡅,𗥤,,3.06.1102,5,1,,,,,,,
𘂪,U+180AA,,6.196.1,8040/00,K2965,L4855,L4855,S2369,208-001,3204,32B63,Ⅵ,100,2,32A46,Ⅵ,89,2,5117,Z.15.172,37,2,33,15,2,𗡅,𗥤,,3.06.1103,5,2,,,,,,,
𘚹,U+186B9,,8.362.1,2152/54,K3685,L2304,L2304,S1327,315-081,3205,32B64,Ⅵ,101,1,32A47,Ⅵ,90,1,1118,1.40.212,31,1,30,26,3,𗋗,𗃀,,1.14.1602,23,3,,,,,,,
𘞗,U+18797,,8.533.2,1010/00,K0069,L0001,L0001,S0392,306-001,3206,32B65,Ⅵ,101,2,32A51,Ⅵ,90,3,1119,1.40.221,31,1,30,26,4,𗋗,𗃀,,1.14.1603,23,4,,,,,,,
𘞛,U+1879B,,8.538.2,1811/22,K3812,L1578,L1578,S0394,306-081,3207,32B66,Ⅵ,101,3,32A48,Ⅵ,90,2,1120,1.40.222,31,1,30,26,5,𗋗,𗃀,,1.14.1604,23,5,,,,,,,
𗐓,U+17413,,2.151.2,2724/00,K3571,L3038,L3038,S5567,,3208,32B67,Ⅵ,101,4,32A52,Ⅵ,90,4,1121,1.40.223,31,1,30,26,6,𗋗,𗃀,,1.14.1605,23,6,,,,,,,
𗃈,U+170C8,,1.150.1,2801/24,K4674,L3460,L3460,S1522,,3209,32B68,Ⅵ,101,5,32A53,Ⅵ,90,5,,,31,1,30,,,,,,,,,,,,,,,
𗱫,U+17C6B,,3.607.2,1752/50,K1675,L1447,L1447,S4890,026-099,3210,32B71,Ⅵ,102,1,32A54,Ⅵ,91,1,233,1.12.171,7,1,7,4,5,𗈹,𘖮,,1.06.2601,4,5,,,,,,,
𘂲,U+180B2,,6.207.2,8749/00,K0658,L5684,L5684,S2390,,3211,32B72,Ⅵ,102,2,32A55,Ⅵ,91,2,234,1.12.172,7,1,7,4,6,𗈹,𘖮,,1.06.2602,4,6,,,,,,,
𗈃,U+17203,,1.453.2,1749/00,K0659,L1422,L1422,S4537,009-111,3212,32B73,Ⅵ,102,3,32A56,Ⅵ,91,3,235,1.12.211,7,1,7,4,7,𗈹,𘖮,,1.06.2603,4,7,,,,,,,
𘆧,U+181A7,,6.440.1,1322/52,?,L0655,L0655,S5222,,3213,32B74,Ⅵ,103,1,32A64,Ⅵ,94,2,4153,,64,2,54,,,,,,2.13.2507,5,1,,,,,,,
𗈆,U+17206,,1.455.3,1722/52,K0832,L1047,L1047,S4669,,3214,32B75,Ⅵ,103,2,32A63,Ⅵ,94,1,4154,,64,2,54,,,,,,2.13.2508,5,2,,,,,,,
𘆡,U+181A1,,6.431.2,1224/50,K2710,L0516,L0516,S5230,080-042,3215,32B76,Ⅵ,103,3,32A65,Ⅵ,94,3,4155,,64,2,54,,,,,,2.13.2509,5,3,,,,,,,
𗏮,U+173EE,,2.178.2,2744/90,K1979,L3314,L3314,S5597,,3216,32B77,Ⅵ,103,4,32A66,Ⅵ,94,4,4156,,64,2,54,,,,,,2.13.2510,5,4,,,,,,,
𗡪,U+1786A,,3.308.1,1742/72,K1658,L1290,L1290,S1190,219-101,3217,32B78,Ⅵ,104,1,30A68,Ⅵ,31,2,3735,,44,2,38,,,,,,2.11.1111,4,2,,,,,,,
𗡚,U+1785A,,3.294.1,7321/42,K4492,L4569,L4569,S0514,255-144,3218,33A11,Ⅵ,104,2,30A71,Ⅵ,31,3,3736,,44,2,38,,,,,,2.11.1112,4,3,,,,,,,
𗩊,U+17A4A,,4.442.2,2844/20,K3467,L3681,L3681,S3435,,3219,33A12,Ⅵ,105,1,32A62,Ⅵ,93,2,4667,,95,2,80,,,,,,2.17.1701,1,1,,,,,,,
𘇆,U+181C6,,6.467.2,1824/50,K3468,L1654,L1654,S5218,,3220,33A13,Ⅵ,105,2,32A61,Ⅵ,93,1,4668,,95,2,80,,,,,,2.17.1702,1,2,,,,,,,
𗀈,U+17008,,1.009.1,1041/40,K3929,L0087,L0087,S1059,001-075,3221,33A14,Ⅵ,106,1,32A71,Ⅵ,95,3,1732,1.60.151,56,1,54,7,1,𗸍,𘅕,,1.19.2709,7,1,,,,,,,
𗕃,U+17543,,2.407.3,9050/00,K0361,L5813,L5813,S2870,,3222,33A15,Ⅵ,106,2,32A68,Ⅵ,95,2,,,56,1,54,,,,,,,,,,,,,,,
𗢨,U+178A8,,4.001.1,2040/00,K2587,L1886,L1886,S3344,,3223,33A16,Ⅵ,107,1,32A72,Ⅵ,96,1,5120,Z.15.221,53,2,44,17,1,𘞝,𗹃,,3.06.1106,6,1,,,,,,,
𘓐,U+184D0,,7.594.1,2254/00,K2685,L2541,L2541,S4105,061-041,3224,33A17,Ⅵ,107,2,32A73,Ⅵ,96,2,5121,Z.15.222,53,2,44,17,2,𘞝,𗹃,,3.06.1107,6,2,,,,,,,
𗬐,U+17B10,,3.366.2,2244/00,K3107,L2460,L2460,S3750,,3225,33A18,Ⅵ,108,1,32A75,Ⅵ,97,2,916,1.34.163,28,1,27,11,1,𗸒,𘈟,,1.12.2204,5,7,,,,,,,
𗁫,U+1706B,,1.077.1,2204/40,K3108,L2382,L2382,S1585,,3226,33A21,Ⅵ,108,2,32A76,Ⅵ,97,3,917,1.34.171,28,1,27,11,2,𗸒,𘈟,,1.12.2205,5,8,,,,,,,
𘄕,U+18115,,6.297.2,1244/20,K2856,L0569,L0569,S4424,,3227,33A22,Ⅵ,109,1,32A74,Ⅵ,97,1,3333,,28,2,25,,,,,,2.08.1202,2,33,,,,,,,
𗉽,U+1727D,,1.559.2,2122/40,K1825,L2031,L2031,S4149,181-057,3228,33A23,Ⅵ,109,2,32A77,Ⅵ,97,4,3334,,28,2,25,,,,,,2.08.1203,2,34,,,,,,,
𗰊,U+17C0A,,3.519.1,8141/22,K5414,L5181,L5181,S2845,188-053,3229,33A24,Ⅵ,110,1,32B12,Ⅵ,98,3,2414,1.84.241,85,1,80,7,3,𗩜,𗭹,,1.27.1106,6,3,,,,,,,
𗰌,U+17C0C,,3.519.3,8244/24,K1081,L5331,L5331,S2848,188-052,3230,33A25,Ⅵ,110,2,32B11,Ⅵ,98,2,2415,1.84.242,85,1,80,7,4,𗩜,𗭹,,1.27.1201,6,4,,,,,,,
𘟌,U+187CC,,8.576.1,1224/44,K1085,L0512,L0512,S0408,307-051,3231,33A26,Ⅵ,110,3,32B13,Ⅵ,98,4,2416,1.84.251,85,1,80,7,5,𗩜,𗭹,,1.27.1203,6,6,,,,,,,
𗆜,U+1719C,,1.387.2,2902/22,K0898,L3761,L3761,S1431,,3232,33A27,Ⅵ,110,4,32B14,Ⅵ,98,5,2417,1.84.252,85,1,80,7,6,𗩜,𗭹,,1.27.1202,6,5,,,,,,,
𗰋,U+17C0B,,3.519.2,8441/20,K0465,L5438,L5438,S2847,,3233,33A28,Ⅵ,110,5,32A78,Ⅵ,98,1,,,85,1,80,,,,,,,,,,,,,,,
𘐊,U+1840A,,7.418.2,8844/20,K2286,L5760,L5760,S2723,236-072,3234,33A31,Ⅵ,111,1,32B15,Ⅵ,99,1,44,1.06.172,1,1,1,10,4,𘄴,𗒿,,1.05.1106,11,4,,,,,,,
𘗆,U+185C6,,8.203.2,8041/44,K4173,L4917,L4917,S2553,,3235,33A32,Ⅵ,111,2,32B16,Ⅵ,99,2,43,1.06.171,1,1,1,10,3,𘄴,𗒿,,1.05.1105,11,3,,,,,,,
𘅢,U+18162,,6.372.2,1743/22,K5563,L1295,L1295,S4770,230-095,3236,33A33,Ⅵ,111,3,32B17,Ⅵ,99,3,45,1.06.211,1,1,1,10,5,𘄴,𗒿,,1.05.1107,11,5,,,,,,,
𗾀,U+17F80,,5.394.2,2321/10,K5538,L2576,L2576,S4056,,3237,33A34,Ⅵ,112,1,32B25,Ⅵ,100,6,5122,Z.15.231,1,2,1,18,1,𗱽,𗥣,,3.06.1201,7,1,,,,,,,
𗽿,U+17F7F,,5.394.1,2342/24,K1412,L2632,L2632,S4063,033-087,3238,33A35,Ⅵ,112,2,32B22,Ⅵ,100,3,5123,Z.15.241,1,2,1,18,2,𗱽,𗥣,,3.06.1202,7,2,,,,,,,
𘋗,U+182D7,,7.169.1,8742/40,K1672,L5635,L5635,S1931,,3239,33A36,Ⅵ,112,3,32B21,Ⅵ,100,2,5124,Z.15.242,1,2,1,18,3,𗱽,𗥣,,3.06.1203,7,3,,,,,,,
𘋚,U+182DA,,7.169.4,8141/42,K5007,L5201,L5201,S1926,,3240,33A37,Ⅵ,112,4,32B18,Ⅵ,100,1,5125,Z.15.243,1,2,1,18,4,𗱽,𗥣,,3.06.1204,7,4,,,,,,,
𗢒,U+17892,,3.350.3,2725/22,K0588,L3076,L3076,S3150,,3241,33A38,Ⅵ,112,5,32B23,Ⅵ,100,4,5126,Z.15.251,1,2,1,18,5,𗱽,𗥣,,3.06.1205,7,5,,,,,,,
𘙵,U+18675,,8.329.1,1174/45,K2125,L0460,L0460,S5110,,3242,33A41,Ⅵ,112,6,32B24,Ⅵ,100,5,5127,Z.15.252,1,2,1,18,6,𗱽,𗥣,,3.06.1206,7,6,,,,,,,
𗓾,U+174FE,,2.351.1,8044/40,K2449,L4990,L4990,S2003,,3243,33A42,Ⅵ,113,1,32B26,Ⅵ,101,1,3737,,44,2,38,,,,,,2.11.1201,5,1,,,,,,,
𗲖,U+17C96,,3.638.3,1724/00,K3256,L1060,L1060,?,,3244,33A43,Ⅵ,113,2,32B28,Ⅵ,101,3,3738,,44,2,38,,,,,,2.11.1202,5,2,,,,,,,
𗔲,U+17532,,2.392.3,8044/22,K2787,L4984,L4984,S2112,,3245,33A44,Ⅵ,113,3,32B27,Ⅵ,101,2,3739,,44,2,38,,,,,,2.11.1203,5,3,,,,,,,
𘆻,U+181BB,,6.454.3,1824/52,K3162,L1658,L1658,S5206,080-072,3246,33A45,Ⅵ,113,4,32B32,Ⅵ,101,5,3740,,44,2,38,,,,,,2.11.1204,5,4,,,,,,,
𗻰,U+17EF0,,5.336.2,2844/44,K2005,L3704,L3704,S3227,,3247,33A46,Ⅵ,113,5,32B33,Ⅵ,101,6,3741,,44,2,38,,,,,,2.11.1205,5,5,,,,,,,
𗻢,U+17EE2,,5.332.3,2141/44,K4180,L2167,L2167,S3205,,3248,33A47,Ⅵ,113,6,32B34,Ⅵ,101,7,3742,,44,2,38,,,,,,2.11.1206,5,6,,,,,,,
𗅻,U+1717B,,1.365.1,2701/22,K5092,L2910,L2910,S1387,041-094,3249,33A48,Ⅵ,114,1,32B35,Ⅵ,102,1,1065,1.38.271,31,1,30,13,1,𘖸,𗢹,,1.13.2605,12,1,,,,,,,
𘋬,U+182EC,,7.198.1,8742/00,K1703,L5610,L5610,S2129,,3250,33A51,Ⅵ,114,2,32B36,Ⅵ,102,2,1066,1.38.272,31,1,30,13,2,𘖸,𗢹,,1.13.2606,12,2,,,,,,,
𘋱,U+182F1,,7.201.2,8742/40,K1624,L5632,L5632,S2126,,3251,33A52,Ⅵ,114,3,32B37,Ⅵ,102,3,1067,1.39.111,31,1,30,13,3,𘖸,𗢹,,1.13.2607,12,3,,,,,,,
𗾲,U+17FB2,,6.037.1,2142/24,K1796,L2209,L2209,S5693,211-086,3252,33A53,Ⅵ,114,4,32B44,Ⅵ,102,8,1068,1.39.112,31,1,30,13,4,𘖸,𗢹,,1.13.2701,12,4,,,,,,,
𘆘,U+18198,,6.422.1,5401/14,K4149,L5909,L5909,S5334,072-061,3253,33A54,Ⅵ,114,5,32B42,Ⅵ,102,6,1069,1.39.113,31,1,30,13,5,𘖸,𗢹,,1.13.2702,12,5,,,,,,,
𗿘,U+17FD8,,6.066.1,2741/22,K5094,L3127,L3127,S5696,,3254,33A55,Ⅵ,114,6,32B43,Ⅵ,102,7,1070,1.39.121,31,1,30,13,6,𘖸,𗢹,,1.13.2703,12,6,,,,,,,
𗅺,U+1717A,,1.364.2,2204/22,K3103,L2367,L2367,S1386,041-09f,3255,33A56,Ⅵ,114,7,32B38,Ⅵ,102,4,1071,1.39.122,31,1,30,13,7,𘖸,𗢹,,1.13.2704,12,7,,,,,,,
𗰃,U+17C03,,3.515.1,8141/24,K4361,L5186,L5186,S2826,194-091,3256,33A57,Ⅵ,115,1,32B45,Ⅵ,102,9,3427,,31,2,28,,,,,,2.08.2405,7,1,,,,,,,
𗆯,U+171AF,,1.402.1,2802/25,K1214,L3479,L3479,S1385,,3257,33A58,Ⅵ,115,2,32B41,Ⅵ,102,5,3428,,31,2,28,,,,,,2.08.2406,7,2,,,,,,,
𘉃,U+18243,,7.057.1,2792/00,K1594,L3445,L3445,S1252,055-041,3258,33A61,Ⅵ,116,1,32B46,Ⅵ,103,1,5128,Z.15.261,62,2,52,19,1,𘁯,𘙍,,3.06.1207,7,7,,,,,,,
𗺜,U+17E9C,,5.310.2,2842/44,K1855,L3650,L3650,S3242,,3259,33A62,Ⅵ,116,2,32B47,Ⅵ,103,2,5129,Z.15.262,62,1,59,19,2,𘁯,𘙍,,3.06.1208,7,8,,,,,,,
𗄭,U+1712D,,1.210.1,2102/22,K0978,L1941,L1941,S1366,041-051,3260,33A63,Ⅵ,117,1,32B48,Ⅵ,104,1,5130,Z.15.271,72,2,61,20,1,𘁯,𗌇,,3.06.1209,7,9,,,,,,,
𗽐,U+17F50,,5.439.2,2142/22,K0981,L2199,L2199,S3992,210-075,3261,33A64,Ⅵ,117,2,32B51,Ⅵ,104,2,5131,Z.15.272,72,2,61,20,2,𘁯,𗌇,,3.06.1301,7,10,,,,,,,
𘛅,U+186C5,,8.374.1,3125/22,K5402,L3865,L3865,S2936,006-121,3262,33A65,Ⅵ,117,3,32B53,Ⅵ,104,4,5132,Z.16.111,72,2,61,20,3,𘁯,𗌇,,3.06.1302,7,11,,,,,,,
𗑈,U+17448,,2.226.2,8022/22,K0979,L4750,L4750,S1849,007-071,3263,33A66,Ⅵ,117,4,32B52,Ⅵ,104,3,,,72,2,61,,,,,,,,,,,,,,,
𗘛,U+1761B,,2.585.3,1744/22,K2830,L1367,L1367,S5419,073-101,3264,33A67,Ⅵ,118,1,32B56,Ⅵ,105,3,156,1.09.262,3,1,3,14,1,𗅻,𘇄,,1.06.1205,14,1,,,,,,,
𘀗,U+18017,,6.115.2,3722/22,K0924,L3950,L3950,S2884,,3265,33A68,Ⅵ,118,2,32B54,Ⅵ,105,1,157,1.09.271,3,1,3,14,2,𗅻,𘇄,,1.06.1206,14,2,,,,,,,
𗘚,U+1761A,,2.585.2,1842/52,K3941,L1702,L1702,S5415,073-102,3266,33A71,Ⅵ,118,3,32B55,Ⅵ,105,2,158,1.09.272,3,1,3,14,3,𗅻,𘇄,,1.06.1207,14,3,,,,,,,
𗬓,U+17B13,,3.368.3,2842/40,K1835,L3642,L3642,S4001,,3267,33A72,Ⅵ,118,4,32B58,Ⅵ,105,5,159,1.09.273,3,1,3,14,4,𗅻,𘇄,,1.06.1301,14,4,,,,,,,
𘈉,U+18209,,6.500.1,2821/22,K3999,L3525,L3525,S4125,180-132,3268,33A73,Ⅵ,118,5,32B61,Ⅵ,105,6,160,1.10.111,3,1,3,14,5,𗅻,𘇄,,1.06.1302,14,5,,,,,,,
𗍽,U+1737D,,2.076.2,1824/27,K3282,L1651,L1651,S0296,103-073,3269,33A74,Ⅵ,118,6,32B62,Ⅵ,105,7,161,1.10.112,3,1,3,14,6,𗅻,𘇄,,1.06.1303,14,6,,,,,,,
𗘔,U+17614,,2.583.3,1741/00,K4892,L1169,L1169,S5420,,3270,33A75,Ⅵ,118,7,32B57,Ⅵ,105,4,162,1.10.113,3,1,3,14,7,𗅻,𘇄,,1.06.1304,14,7,,,,,,,
𘟎,U+187CE,,8.577.2,7751/21,K5516,L4634,L4634,S0582,,3271,33A76,Ⅵ,118,8,32B64,Ⅵ,105,9,163,1.10.121,3,1,3,14,8,𗅻,𘇄,,1.06.1305,14,8,,,,,,,
𗘗,U+17617,,2.584.3,1142/20,K0540,L0319,L0319,S5404,073-091,3272,33A77,Ⅵ,118,9,32B63,Ⅵ,105,8,,,3,1,3,,,,,,,,,,,,,,,
𘀜,U+1801C,,6.117.4,3224/20,K3382,L3888,L3888,S2895,,3273,33A78,Ⅵ,118,10,32B65,Ⅵ,105,10,,,3,1,3,,,,,,,,,,,,,,,
𗺚,U+17E9A,,5.309.4,2144/44,K1343,L2279,L2279,S3216,,3274,33B11,Ⅵ,119,1,32B72,Ⅵ,107,3,617,1.24.251,17,1,17,22,2,𗝚,𗬄,,1.10.2201,19,2,,,,,,,
𗢀,U+17880,,3.342.2,4304/40,K2200,L4045,L4045,S1286,134-052,3275,33B12,Ⅵ,119,2,32B68,Ⅵ,107,1,618,1.24.252,17,1,17,22,3,𗝚,𗬄,,1.10.2202,19,3,,,,,,,
𗡿,U+1787F,,3.342.1,4104/40,K2138,L4021,L4021,S1285,134-051,3276,33B13,Ⅵ,119,3,32B71,Ⅵ,107,2,,,17,1,17,,,,,,,,,,,,,,,
𗠹,U+17839,,3.277.1,7421/44,K4222,L4584,L4584,S0561,,3277,33B14,Ⅵ,120,1,32B73,Ⅵ,108,1,5133,Z.16.112,14,2,12,21,1,𗆚,𘀽,,3.06.1303,8,1,,,,,,,
𘕀,U+18540,,8.079.4,2942/71,K1459,L3809,L3809,S5775,,3278,33B15,Ⅵ,120,2,32B75,Ⅵ,108,3,5134,Z.16.121,14,2,12,21,2,𗆚,𘀽,,3.06.1304,8,2,,,,,,,
𗡧,U+17867,,3.307.2,1344/20,K2585,L0703,L0703,S1187,,3279,33B16,Ⅵ,120,3,32B74,Ⅵ,108,2,5135,Z.16.122,14,2,12,21,3,𗆚,𘀽,,3.06.1305,8,3,,,,,,,
𗈋,U+1720B,,1.458.3,1771/44,K4135,L1490,L1490,S4442,009-116,3280,33B17,Ⅵ,121,1,32B78,Ⅵ,109,3,2299,1.80.161,80,1,75,2,2,𗶋,𗪙,,1.25.2306,2,2,,,,,,,
𘅏,U+1814F,,6.361.1,1141/40,K4411,L0295,L0295,S4759,230-078,3281,33B18,Ⅵ,121,2,32B76,Ⅵ,109,1,2300,1.80.171,80,1,75,2,3,𗶋,𗪙,,1.25.2307,2,3,,,,,,,
𘅥,U+18165,,6.382.1,1541/40,K4807,L0867,L0867,S4758,,3282,33B21,Ⅵ,121,3,32B77,Ⅵ,109,2,2301,1.80.172,80,1,75,2,4,𗶋,𗪙,,1.25.2401,2,4,,,,,,,
𘂛,U+1809B,,6.182.1,9571/42,K4750,L5919,L5919,S1741,157-064,3283,33B22,Ⅵ,122,1,33A12,Ⅵ,110,2,2865,,8,2,7,,,,,,2.04.1111,3,1,,,,,,,
𘗅,U+185C5,,8.203.1,8022/40,K3673,L4781,L4781,S2595,028-112,3284,33B23,Ⅵ,122,2,33A11,Ⅵ,110,1,2866,,8,2,7,,,,,,2.04.1201,3,2,,,,,,,
𗉀,U+17240,,1.516.1,1874/00,K3286,L1825,L1825,S5498,184-061,3285,33B24,Ⅵ,123,1,33A14,Ⅵ,111,2,755,1.29.141,20,1,20,9,4,𗗴,𘄻,,,,,,,,,,,
𘖰,U+185B0,,8.194.1,8074/00,K3288,L5041,L5041,S2596,028-101,3286,33B25,Ⅵ,123,2,33A13,Ⅵ,111,1,756,1.29.142,20,1,20,9,5,𗗴,𘄻,,,,,,,,,,,
𗴸,U+17D38,,5.010.1,1024/44,K1342,L0054,L0054,S0189,,3287,33B26,Ⅵ,124,1,33A15,Ⅵ,112,1,614,1.24.233,17,1,17,21,1,𗸍,𗶆,,1.10.2109,18,1,,,,,,,
𗬄,U+17B04,,4.613.2,2740/00,K5753,L3097,L3097,S3883,204-06j,3288,33B27,Ⅵ,124,2,33A16,Ⅵ,112,2,615,1.24.241,17,1,17,21,2,𗸍,𗶆,,1.10.2110,18,2,,,,,,,
𗺖,U+17E96,,5.308.2,2742/44,K1728,L3256,L3256,S3215,144-042,3289,33B28,Ⅵ,125,1,33A23,Ⅵ,114,3,573,1.23.171,17,1,17,11,1,𗸍,𗒉,,1.10.1403,10,1,,,,,,,
𗢈,U+17888,,3.348.1,4204/40,K2909,L4037,L4037,S5303,093-041,3290,33B31,Ⅵ,125,2,33A22,Ⅵ,114,2,574,1.23.172,17,1,17,11,2,𗸍,𗒉,,1.10.1404,10,2,,,,,,,
𗢉,U+17889,,3.348.2,4802/42,K0564,L4084,L4084,S5302,093-061,3291,33B32,Ⅵ,125,3,33A21,Ⅵ,114,1,575,1.23.211,17,1,17,11,3,𗸍,𗒉,,1.10.1405,10,3,,,,,,,
𗜍,U+1770D,,3.109.1,5041/20,K5306,L4225,L4225,S0981,017-096,3292,33B33,Ⅵ,126,1,33A24,Ⅵ,115,1,748,1.28.272,20,1,20,7,2,𗝠,𘅄,,1.11.2206,1,0,,,,,,,
𘅄,U+18144,,6.345.1,1841/40,K5155,L1693,L1693,S4739,230-061,3293,33B34,Ⅵ,126,2,33A25,Ⅵ,115,2,749,1.29.111,20,1,20,7,3,𗝠,𘅄,,,,,,,,,,,
𘉿,U+1827F,,7.100.3,2525/47,K1472,L2850,L2850,S3173,243-074,3294,33B35,Ⅵ,127,1,33A27,Ⅵ,116,2,139,1.09.162,3,1,3,9,1,𘂆,𗔠,,1.05.2705,9,1,,,,,,,
𘉹,U+18279,,7.098.1,2224/42,K3626,L2426,L2426,S3185,,3295,33B36,Ⅵ,127,2,33A26,Ⅵ,116,1,140,1.09.163,3,1,3,9,2,𘂆,𗔠,,1.05.2706,9,2,,,,,,,
𘛝,U+186DD,,8.384.1,8374/42,K2163,L5409,L5409,S1950,,3296,33B37,Ⅵ,127,3,33A28,Ⅵ,116,3,141,1.09.171,3,1,3,9,3,𘂆,𗔠,,1.05.2707,9,3,,,,,,,
𘚀,U+18680,,8.335.2,2325/40,K0294,L2597,L2597,S4127,,3297,33B38,Ⅵ,128,1,33A31,Ⅵ,117,1,628,1.25.131,17,1,17,26,3,𗋗,𘐆,,1.10.2303,23,3,,,,,,,
𘈥,U+18225,,7.050.2,2305/42,K0288,L2572,L2572,S1245,258-061,3298,33B41,Ⅵ,128,2,33A32,Ⅵ,117,2,629,1.25.132,17,1,17,26,4,𗋗,𘐆,,1.10.2304,23,4,,,,,,,
𘟤,U+187E4,,3.658.1,1221/27,K5603,L0487,L0487,S4919,026-124,3299,33B42,Ⅵ,129,1,33A33,Ⅵ,118,1,4106,,62,2,52,,,,,,2.13.1711,7,1,,,,,,,
𗢘,U+17898,,3.355.2,2124/20,K2264,L2048,L2048,S3130,,3300,33B43,Ⅵ,129,2,33A34,Ⅵ,118,2,4107,,62,2,52,,,,,,2.13.2101,7,2,,,,,,,
𗸗,U+17E17,,5.160.2,1240/12,K0480,L0528,L0528,S0328,,3301,33B44,Ⅵ,130,1,33A35,Ⅵ,119,1,4834,Z.04.242,92,1,86,21,2,𗦂,𗲗,,3.02.2704,21,2,,,,,,,
𗟜,U+177DC,,3.733.1,2250/00,K0025,L2520,L2520,S3081,159B-041,3302,33B45,Ⅵ,130,2,33A36,Ⅵ,119,2,4835,Z.04.251,92,1,86,21,3,𗦂,𗲗,,3.02.2705,21,3,,,,,,,
𗡅,U+17845,,3.281.1,7121/44,K4543,L4517,L4517,S0524,255-091,3303,33B46,Ⅵ,131,1,33A37,Ⅵ,120,1,4836,Z.04.252,10,1,10,22,1,𗒁,𗱪,,3.02.2706,22,1,,,,,,,
𘎊,U+1838A,,7.307.1,8041/41,K5296,L4912,L4912,S2536,,3304,33B47,Ⅵ,131,2,33A38,Ⅵ,120,2,4837,Z.04.261,10,1,10,22,2,𗒁,𗱪,,3.02.2707,22,2,,,,,,,
𘜃,U+18703,,8.412.3,1145/25,K1138,L0382,L0382,S4871,,3305,33B48,Ⅵ,131,3,33A41,Ⅵ,120,3,4838,Z.04.262,10,1,10,22,3,𗒁,𗱪,,3.02.2708,22,3,,,,,,,
𘓛,U+184DB,,7.634.1,2752/00,K0267,L3411,L3411,S4111,061-071,3306,33B51,Ⅵ,132,1,33A42,Ⅵ,121,1,4839,Z.04.263,11,1,11,23,1,𘒩,𗦣,,3.02.2709,23,1,,,,,,,
𘇌,U+181CC,,6.469.4,1325/52,K0291,L0672,L0672,S5214,080-111,3307,33B52,Ⅵ,132,2,33A43,Ⅵ,121,2,4840,Z.04.271,11,1,11,23,2,𘒩,𗦣,,3.02.2710,23,2,,,,,,,
𗑰,U+17470,,2.264.1,8092/80,K0164,L4769,L4769,S1778,007-097,3308,33B53,Ⅵ,133,1,33A44,Ⅵ,122,1,1193,1.43.113,34,1,33,1,7,𗈢,𗚯,,1.15.1202,1,7,,,,,,,
𗁽,U+1707D,,1.088.3,2502/54,K1740,L2832,L2832,S1246,039-113,3309,33B54,Ⅵ,133,2,33A45,Ⅵ,122,2,1194,1.43.121,34,1,33,1,8,𗈢,𗚯,,1.15.1203,1,8,,,,,,,
𗴨,U+17D28,,3.739.1,2772/20,K0125,L1493,L1493,S4140,,3310,33B55,Ⅵ,134,1,33A46,Ⅵ,123,1,2202,1.76.222,72,1,69,10,1,𗦙,𗦪,,1.24.2302,10,1,,,,,,,
𗐷,U+17437,,2.215.2,8025/22,K1129,L4843,L4843,S1853,,3311,33B56,Ⅵ,134,2,33A47,Ⅵ,123,2,2203,1.76.231,72,1,69,10,2,𗦙,𗦪,,1.24.2303,10,2,,,,,,,
𘅮,U+1816E,,6.396.2,1541/40,K4380,L0868,L0868,S4720,230-111,3312,33B57,Ⅵ,135,1,33A52,Ⅵ,124,3,2594,1.91.212,97,1,91,2,2,𗦷,𗈡,,1.28.2702,1,5,,,,,,,
𗝙,U+17759,,3.150.3,5041/40,K4658,L4257,L4257,S0845,017-11g,3313,33B58,Ⅵ,135,2,33A51,Ⅵ,124,2,2595,1.91.221,97,1,91,2,3,𗦷,𗈡,,1.28.2703,1,6,,,,,,,
𗴭,U+17D2D,,3.747.3,2721/20,K4655,L2999,L2999,S4142,180-131,3314,33B61,Ⅵ,136,1,33A53,Ⅵ,125,1,2709,,1,2,1,,,,,,2.02.2506,11,1,,,,,,,
𘎎,U+1838E,,7.308.4,8021/52,K4933,L4734,L4734,S2531,027-101,3315,33B62,Ⅵ,136,2,33A54,Ⅵ,125,2,2710,,1,2,1,,,,,,2.02.2507,11,2,,,,,,,
𘝋,U+1874B,,8.481.2,1742/20,K0926,L1242,L1242,S0424,303-071,3316,33B63,Ⅵ,137,1,33A55,Ⅵ,126,1,5096,Z.14.241,31,2,28,7,1,𘇌,𗤺,,3.05.2508,3,8,,,,,,,
𗟎,U+177CE,,3.206.3,5042/20,K0927,L4289,L4289,S0697,,3317,33B64,Ⅵ,137,2,33A56,Ⅵ,126,2,5097,Z.14.242,31,2,28,7,2,𘇌,𗤺,,3.05.2509,3,9,,,,,,,
𘔃,U+18503,,8.032.1,7945/47,K1454,L4670,L4670,S0570,256-071,3318,33B65,Ⅵ,138,1,33A61,Ⅵ,128,1,154,1.09.252,3,1,3,13,1,𗔂,𘀗,,1.06.1203,13,1,,,,,,,
𘗎,U+185CE,,8.209.1,8045/44,K1403,L5008,L5008,S2555,028-141,3319,33B66,Ⅵ,138,2,33A62,Ⅵ,128,2,155,1.09.261,3,1,3,13,2,𗔂,𘀗,,1.06.1204,13,2,,,,,,,
𘗏,U+185CF,,8.209.2,8044/40,K2877,L4997,L4997,S2575,028-131,3320,33B67,Ⅵ,139,1,33A64,Ⅵ,129,2,4841,Z.04.272,28,1,27,24,1,𘒩,𗻌,,3.03.1101,24,1,,,,,,,
𘐙,U+18419,,7.430.1,8244/40,K2876,L5334,L5334,S2694,,3321,33B68,Ⅵ,139,2,33A63,Ⅵ,129,1,4842,Z.05.111,28,1,27,24,2,𘒩,𗻌,,3.03.1102,24,2,,,,,,,
𗠀,U+17800,,3.243.1,1294/40,K2871,L0506,L0506,S0437,,3322,33B71,Ⅵ,139,3,33A66,Ⅵ,129,4,4843,Z.05.112,28,1,27,24,3,𘒩,𗻌,,3.03.1103,24,3,,,,,,,
𘉨,U+18268,,7.091.1,2824/12,K3241,L3543,L3543,S3298,150-061,3323,33B72,Ⅵ,139,4,33A65,Ⅵ,129,3,4844,Z.05.121,28,1,27,24,4,𘒩,𗻌,,3.03.1104,24,4,,,,,,,
𘞟,U+1879F,,8.541.1,1829/22,K0696,L1621,L1621,S0470,038-141,3324,33B73,Ⅵ,140,1,33A74,Ⅵ,132,2,4804,Z.03.251,31,1,30,10,1,𘒩,𘞗,,3.02.2401,10,1,,,,,,,
𘞝,U+1879D,,8.539.1,1022/24,K3648,L0031,L0031,S0469,038-071,3325,33B74,Ⅵ,140,2,33A73,Ⅵ,132,1,4805,Z.03.252,31,1,30,10,2,𘒩,𘞗,,3.02.2402,10,2,,,,,,,
𗾹,U+17FB9,,6.041.1,2141/50,K4505,L2175,L2175,S5664,,3326,33B75,Ⅵ,141,1,33A75,Ⅵ,133,1,2705,,1,2,1,,,,,,2.02.2502,10,1,,,,,,,
𗿏,U+17FCF,,6.053.2,2742/52,K0914,L3251,L3251,S5663,,3327,33B76,Ⅵ,141,2,33A76,Ⅵ,133,2,,,1,2,1,,,,,,,,,,,,,,,
𘆌,U+1818C,,6.410.1,1952/54,K1401,L1880,L1880,S4827,,3328,33B77,Ⅵ,142,1,33B14,Ⅵ,136,1,1988,1.68.261,65,1,62,3,1,𗽬,𗭄,,1.22.1505,3,1,,,,,,,
𗉧,U+17267,,1.550.2,1845/25,K1305,L1777,L1777,S5527,,3329,33B78,Ⅵ,142,2,33B15,Ⅵ,136,2,,,65,1,62,,,,,,,,,,,,,,,
𘆖,U+18196,,6.419.3,5204/10,K2679,L5870,L5870,S5333,072-041,3330,34A11,Ⅵ,143,1,33A78,Ⅵ,134,1,1179,1.42.222,33,1,32,11,1,𘀽,𘞄,,1.14.2608,10,1,,,,,,,
𘆜,U+1819C,,6.423.2,5102/12,K0907,L5832,L5832,S5330,072-091,3331,34A12,Ⅵ,143,2,33B11,Ⅵ,134,2,,,33,1,32,,,,,,,,,,,,,,,
𘀴,U+18034,,6.128.5,3142/24,K3686,L3875,L3875,S3045,,3332,34A13,Ⅸ,144,1,33B16,Ⅸ,137,1,3291,,27,2,24,,,,,,2.07.2501,2,7,,,,,,,
𘀸,U+18038,,6.130.2,3842/50,K1225,L4000,L4000,S3050,233-082,3333,34A14,Ⅸ,144,2,33B17,Ⅸ,137,2,,,27,2,24,,,,,,,,,,,,,,,
𗷁,U+17DC1,,5.120.4,6051/40,K4196,L4497,L4497,S1050,020-101,3334,34A15,Ⅵ,145,1,33B54,Ⅵ,D,20,4852,Z.05.152,22,1,22,26,6,𗆲,𗼍,,3.03.1202,26,6,,,,,,,
𘜐,U+18710,,8.428.1,1772/20,K1656,L1495,L1495,S4983,,3335,34A16,Ⅵ,145,2,33B55,Ⅵ,D,21,4853,Z.05.161,22,1,22,26,7,𗆲,𗼍,,3.03.1203,26,7,,,,,,,
𘃰,U+180F0,,6.267.1,1141/20,K5401,L0258,L0258,S4448,065-051,3336,34A17,Ⅵ,146,1,34A46,Ⅵ,D,71,4859,Z.05.221,44,1,43,27,6,𘇌,𗮔,,3.03.1209,27,6,,,,,,,
𘃱,U+180F1,,6.267.2,1841/20,K5098,L1676,L1676,S4449,,3337,34A18,Ⅵ,146,2,,,,,,,44,1,43,,,,,,,,,,,,,,,
𗛥,U+176E5,,3.085.2,5024/20,K3221,L4170,L4170,S0686,017-09l,3338,34A21,Ⅵ,147,1,,,,,4845,Z.05.122,17,1,17,25,1,𗨜,𘊬,,3.03.1105,25,1,,,,,,,
𘉅,U+18245,,7.058.1,2294/00,K2723,L2549,L2549,S1250,055-042,3339,34A22,Ⅵ,147,2,,,,,4846,Z.05.131,17,1,17,25,2,𗨜,𘊬,,3.03.1106,25,2,,,,,,,
𗆁,U+17181,,1.369.1,2200/24,K0156,L2355,L2355,S1453,041-093,3340,34A23,Ⅵ,148,1,34A21,Ⅵ,D,49,827,1.31.211,25,1,24,6,4,𗸒,𗱞,,1.12.1101,3,7,,,,,,,
𘋅,U+182C5,,7.160.2,3752/54,K1765,L3984,L3984,S3010,126-031,3341,34A24,Ⅵ,148,2,34A23,Ⅵ,D,51,828,1.31.212,25,1,24,6,5,𗸒,𗱞,,1.12.1102,3,8,,,,,,,
𗕴,U+17574,,2.449.2,1744/22,K2775,L1362,L1362,S4418,010-131,3342,34A25,Ⅵ,149,1,33B53,Ⅵ,D,19,1978,1.68.211,65,1,62,1,2,𗩜,𘈢,,,,,,,,,,,
𘞋,U+1878B,,8.527.3,1844/00,K3265,L1745,L1745,S4966,,3343,34A26,Ⅵ,149,2,33B52,Ⅵ,D,18,,,65,1,62,,,,,,,,,,,,,,,
𗲕,U+17C95,,3.638.2,1772/21,K1310,L1496,L1496,S4984,026-111,3344,34A27,Ⅵ,150,1,33B13,Ⅵ,135,2,,,8,1,8,,,,,,,,,,,,,,,
𘍏,U+1834F,,7.254.3,8121/12,K4307,L5063,L5063,S2335,,3345,34A28,Ⅵ,150,2,33B12,Ⅵ,135,1,252,1.13.121,8,1,8,3,2,𘂆,𗬃,,1.07.1106,3,2,,,,,,,
𗦆,U+17986,,4.265.3,2742/22,K0801,L3213,L3213,S3787,204-07zg,3346,34A41,Ⅵ,D,1,33B31,Ⅵ,D,1,526,1.21.272,16,1,16,6,2,𗣹,𘃻,,1.09.2507,6,2,,,,,,,
𘖸,U+185B8,,8.197.1,8044/40,K3234,L4996,L4996,S2552,,3347,34A42,Ⅵ,D,2,33B32,Ⅵ,D,2,142,1.09.172,3,1,3,10,1,𗣣,𘉹,,1.05.2708,10,1,,,,,,,
𗀁,U+17001,,1.001.2,1022/24,K5803,L0030,L0030,S0472,038-041,3348,34A43,Ⅵ,D,3,33B33,Ⅵ,D,3,5145,,17,2,14,,,,,,3.06.1501,8,13,,,,,,,
𗳵,U+17CF5,,3.695.2,1751/24,K3693,L1430,L1430,S5427,,3349,34A44,Ⅵ,D,4,33B34,Ⅵ,D,4,4847,Z.05.132,33,1,32,26,1,𗡧,𗪆,,3.03.1107,26,1,,,,,,,
𗷹,U+17DF9,,5.179.2,1754/50,K2355,L1464,L1464,S0371,123-052,3350,34A45,Ⅵ,D,5,33B35,Ⅵ,D,5,4848,Z.05.141,80,1,75,26,2,𗤟,𗻑,,3.03.1108,26,2,,,,,,,
𗈿,U+1723F,,1.515.1,1874/20,K2112,L1829,L1829,S5499,184-062,3351,34A46,Ⅵ,D,6,33B36,Ⅵ,D,6,747,1.28.271,20,1,20,7,1,𗣣,𘅄,,1.11.2205,1,6,,,,,,,
𗈢,U+17222,,1.473.3,1721/11,K5317,L0916,L0916,S4459,,3352,34A47,Ⅵ,D,7,33B37,Ⅵ,D,7,42,1.06.162,1,1,1,10,2,𗽖,𗸍,,1.05.1104,11,2,,,,,,,
𗼉,U+17F09,,5.355.1,2882/24,K1845,L3751,L3751,S3326,,3353,34A48,Ⅵ,D,8,33B38,Ⅵ,D,8,1366,1.48.222,37,1,36,7,5,𗖶,𘏂,,1.16.2206,14,5,,,,,,,
𘏋,U+183CB,,7.359.3,8141/20,K4940,L5171,L5171,S2699,236-065,3354,34A51,Ⅵ,D,9,33B41,Ⅵ,D,9,939,1.35.122,28,1,27,19,1,𗫐,𗷈,,1.12.2408,11,1,,,,,,,
𘞂,U+18782,,3.657.1,1724/50,K2565,L1118,L1118,S4867,290-061,3355,34A52,Ⅵ,D,10,33B42,Ⅵ,D,10,5137,Z.16.132,33,2,29,22,2,𗡧,𘋓,,3.06.1307,8,5,,,,,,,
𗑬,U+1746C,,2.263.1,8024/00,K2569,L4799,L4799,S2046,,3356,34A53,Ⅵ,D,11,33B43,Ⅵ,D,11,4849,Z.05.142,1,1,1,26,3,𘌱,𘒃,,3.03.1109,26,3,,,,,,,
𗻲,U+17EF2,,5.336.4,2744/44,K3443,L3348,L3348,S3238,,3357,34A54,Ⅵ,D,12,33B44,Ⅵ,D,12,2161,1.75.121,71,1,68,8,1,𗷹,𗅶,,1.24.1403,4,8,,,,,,,
𘟠,U+187E0,,8.596.1,1744/20,K2616,L1338,L1338,S4394,010-091,3358,34A55,Ⅵ,D,13,33B45,Ⅵ,D,13,4833,Z.04.241,1,1,1,21,1,𗱽,𗸍,,3.02.2703,21,1,,,,,,,
𗅿,U+1717F,,1.367.2,2804/20,K2501,L3494,L3494,S1416,,3359,34A56,Ⅵ,D,14,33B46,Ⅵ,D,14,4867,Z.05.261,64,1,61,27,14,𗨜,𘄡,,3.03.1306,27,14,,,,,,,
𗯓,U+17BD3,,3.473.2,9171/45,K4829,L5854,L5854,S1680,089-091,3360,34A57,Ⅵ,D,15,33B47,Ⅵ,D,15,4850,Z.05.143,53,1,51,26,4,𗔯,𗯑,,3.03.1110,26,4,,,,,,,
𗠈,U+17808,,3.252.1,7124/44,K1046,L4547,L4547,S0479,255-043,3361,34A58,Ⅵ,D,16,33B48,Ⅵ,D,16,4851,Z.05.151,53,1,51,26,5,𗡅,𘖕,,3.03.1201,26,5,,,,,,,
𘊛,U+1829B,,7.125.3,2142/20,K1014,L2191,L2191,S5768,215-051,3362,34A61,Ⅵ,D,17,33B51,Ⅵ,D,17,4815,Z.04.131,75,1,72,14,1,𘁯,𘏆,,3.02.2502,14,1,,,,,,,
𘉇,U+18247,,7.061.2,2794/41,K1184,L3447,L3447,S1251,055-071,3363,34A62,Ⅵ,D,18,33B56,Ⅵ,D,22,5138,Z.16.141,44,2,38,22,3,𗡅,𗡪,,3.06.1308,8,6,,,,,,,
𗣫,U+178EB,,4.055.2,2942/74,?,L3798,L3798,S3584,204-05c,3364,34A63,Ⅵ,D,19,33B57,Ⅵ,D,23,1435,1.50.261,41,1,40,3,1,𗸍,𗬴,,1.17.1407,3,1,,,,,,,
𗦢,U+179A2,,4.292.2,2244/40,K2873,L2492,L2492,S3502,204-083,3365,34A64,Ⅵ,D,20,33B58,Ⅵ,D,24,5136,Z.16.131,17,2,14,22,1,𗨜,𗖚,,3.06.1306,8,4,,,,,,,
𗪆,U+17A86,,4.483.3,2141/44,K4441,L2164,L2164,S3461,204-119,3366,34A65,Ⅵ,D,21,33B61,Ⅵ,D,25,1185,1.42.251,33,1,32,12,2,𗱫,𘛉,,1.14.2705,11,2,,,,,,,
𗪗,U+17A97,,4.495.4,2344/22,K1966,L2660,L2660,S3755,204-11l,3367,34A66,Ⅵ,D,22,33B63,Ⅵ,D,27,4854,Z.05.162,92,1,86,27,1,𗈹,𗭡,,3.03.1204,27,1,,,,,,,
𗲗,U+17C97,,3.638.4,1721/22,K4925,L1554,L1554,S4908,026-103,3368,34A67,Ⅵ,D,23,33B64,Ⅵ,D,28,2534,1.89.142,92,1,86,5,2,𗝠,𘋪,,1.28.1308,4,2,,,,,,,
𗥱,U+17971,,4.246.2,2741/42,K3978,L3157,L3157,S3811,204-08b,3369,34A68,Ⅵ,D,24,33B65,Ⅵ,D,29,5139,Z.16.142,34,2,30,22,4,𘟠,𘏾,,3.06.1401,8,7,,,,,,,
𗠾,U+1783E,,3.278.2,7724/42,?,L4615,L4615,S0478,255-094,3370,34A71,Ⅵ,D,25,33B66,Ⅵ,D,30,4077,,61,2,51,,,,,,2.13.1505,4,3,,,,,,,
𗦌,U+1798C,,4.275.2,2744/40,K3395,L3330,L3330,S3460,204-084,3371,34A72,Ⅵ,D,26,33B67,Ⅵ,D,31,842,1.32.111,25,1,24,10,2,𗸒,𘖴,,1.12.1207,5,11,,,,,,,
𗠯,U+1782F,,3.270.2,7824/42,K2287,L4653,L4653,S0505,255-076,3372,34A73,Ⅵ,D,27,33B68,Ⅵ,D,32,2436,1.85.221,87,1,82,5,1,𘄴,𗩸,,1.27.1501,4,1,,,,,,,
𗡃,U+17843,,3.280.1,7121/47,K5589,L4523,L4523,S0531,255-097,3373,34A74,Ⅵ,D,28,33B71,Ⅵ,D,33,3508,,34,2,30,,,,,,2.09.1508,7,1,,,,,,,
𗼍,U+17F0D,,5.358.2,2784/20,K3389,L3436,L3436,S3339,,3374,34A75,Ⅵ,D,29,33B72,Ⅵ,D,34,787,1.30.141,22,1,22,4,2,𗱫,𗭘,,1.11.2306,3,2,,,,,,,
𘊬,U+182AC,,7.141.2,3354/00,K2182,L3921,L3921,S2912,,3375,34A76,Ⅵ,D,30,33B73,Ⅵ,D,35,579,1.23.223,17,1,17,13,1,𗫐,𗖳,,1.10.1502,12,1,,,,,,,
𘇬,U+181EC,,6.487.2,1798/00,K1681,L1557,L1557,S5084,169-051,3376,34A77,Ⅵ,D,31,33B74,Ⅵ,D,36,2463,1.86.211,87,1,82,11,1,𗶋,𘍖,,1.27.2102,10,1,,,,,,,
𗕞,U+1755E,,2.436.2,1741/25,K3778,L1198,L1198,S4419,,3377,34A78,Ⅵ,D,32,33B75,Ⅵ,D,37,5140,Z.16.151,54,2,45,22,5,𗆲,𘉼,,3.06.1402,8,8,,,,,,,
𘕕,U+18555,,8.092.2,9224/02,K2527,L5865,L5865,S1718,140-061,3378,34B11,Ⅵ,D,33,33B76,Ⅵ,D,38,4855,Z.05.171,73,1,70,27,2,𗦙,𗺴,,3.03.1205,27,2,,,,,,,
𗊟,U+1729F,,1.581.1,2421/40,K4130,L2731,L2731,S4224,,3379,34B12,Ⅵ,D,34,33B77,Ⅵ,D,39,1688,1.58.242,54,1,52,2,1,𗈹,𘒖,,,,,,,,,,,
𗤕,U+17915,,4.123.1,2244/20,K3617,L2469,L2469,S3740,204-06n,3380,34B13,Ⅵ,D,35,33B78,Ⅵ,D,40,825,1.31.171,25,1,24,6,2,𗸍,𗆁,,1.11.2709,3,5,,,,,,,
𗩏,U+17A4F,,4.445.2,2744/42,K3602,L3343,L3343,S3503,,3381,34B14,Ⅵ,D,36,34A11,Ⅵ,D,41,2905,,8,2,7,,,,,,2.04.1510,9,3,,,,,,,
𘇔,U+181D4,,6.476.2,4744/40,K2874,L4075,L4075,S5314,029-121,3382,34B15,Ⅵ,D,37,34A12,Ⅵ,D,42,4856,Z.05.172,24,1,23,27,3,𗡧,𗶮,,3.03.1206,27,3,,,,,,,
𗆧,U+171A7,,1.391.3,2801/24,K4675,L3457,L3457,S1465,041-113,3383,34B16,Ⅵ,D,38,34A13,Ⅵ,D,43,1573,1.55.113,47,1,46,2,1,𗦖,𗞌,,1.18.2106,2,1,,,,,,,
𗈞,U+1721E,,1.471.2,1741/41,K5311,L1207,L1207,S4693,009-122,3384,34B17,Ⅵ,D,39,34A14,Ⅵ,D,44,5141,Z.16.161,87,2,74,22,6,𗔯,𗠯,上,3.06.1403,8,9,,,,,,,
𗭡,U+17B61,,3.418.3,3121/24,K4372,L3848,L3848,S2986,,3385,34B18,Ⅵ,D,40,34A16,Ⅵ,D,46,2550,1.89.253,92,1,86,8,1,𗊋,𘜀,上,1.28.1507,6,3,,,,,,,
𗏙,U+173D9,,2.163.1,2744/50,K1959,L3340,L3340,S5624,202-072,3386,34B21,Ⅵ,D,41,34A17,Ⅵ,D,47,4857,Z.05.211,92,1,86,27,4,𗡅,𗭡,,3.03.1207,27,4,,,,,,,
𘏆,U+183C6,,7.353.3,8141/00,K4740,L5158,L5158,S2690,236-055,3387,34B22,Ⅵ,D,42,34A18,Ⅵ,D,48,2268,1.79.121,75,1,72,3,5,𗦙,𘙏,,1.25.1502,1,14,,,,,,,
𗳍,U+17CCD,,3.669.1,1792/44,K1762,L1563,L1563,S5288,,3388,34B23,Ⅵ,D,43,34A22,Ⅵ,D,50,,,75,2,64,,,,,,,,,,,,,,,
𗦛,U+1799B,,4.288.2,2744/55,K1974,L3353,L3353,S3411,,3389,34B24,Ⅵ,D,44,34A24,Ⅵ,D,52,5142,Z.16.162,90,2,76,22,7,𗨗,𗂡,,3.06.1404,8,10,,,,,,,
𗂎,U+1708E,,1.100.1,2204/44,K3493,L2387,L2387,S1229,039-11e,3390,34B25,Ⅵ,D,45,34A25,Ⅵ,D,53,3705,,43,2,37,,,,,,2.10.2505,6,1,,,,,,,
𗢖,U+17896,,3.354.2,2421/20,K4581,L2721,L2721,S3145,045-071,3391,34B26,Ⅵ,D,46,34A26,Ⅵ,D,54,1490,1.52.211,43,1,42,12,1,𗣣,𘈽,,1.17.2403,10,1,,,,,,,
𗆲,U+171B2,,1.403.3,2101/24,K4370,L1912,L1912,S1408,,3392,34B27,Ⅵ,D,47,34A27,Ⅵ,D,55,4780,Z.02.272,8,1,8,6,1,𘞂,𘂋,,3.02.2106,5,4,,,,,,,
𗅒,U+17152,,1.332.2,2705/24,K1509,L2982,L2982,S1473,041-074,3393,34B28,Ⅵ,D,48,34A28,Ⅵ,D,56,4858,Z.05.212,17,1,17,27,5,𘟠,𗂐,,3.03.1208,27,5,,,,,,,
𗝄,U+17744,,3.141.2,5021/24,K4342,L4112,L4112,S0937,,3394,34B31,Ⅵ,D,49,34A31,Ⅵ,D,57,3289,,27,2,24,,,,,,2.07.2408,2,5,,,,,,,
𗇂,U+171C2,,1.410.3,2704/25,K2688,L2967,L2967,S1479,041-141,3395,34B32,Ⅵ,D,50,34A32,Ⅵ,D,58,4535,,85,2,73,,,,,,2.16.1705,2,6,,,,,,,
𗘬,U+1762C,,2.593.5,1744/22,K1970,L1363,L1363,S5132,,3396,34B33,Ⅵ,D,51,34A33,Ⅵ,D,59,754,1.29.132,20,1,20,9,3,𘏽,𗍎,合,,,,,,,,,,
𘜂,U+18702,,1.478.1,1141/00,K4355,L0249,L0249,S4538,,3397,34B34,Ⅵ,D,52,34A34,Ⅵ,D,60,5143,Z.16.171,38,2,34,22,8,𘟠,𗣫,上,3.06.1405,8,11,,,,,,,
𗜌,U+1770C,,3.113.1,5051/22,K5015,L4386,L4386,S0974,,3398,34B35,Ⅵ,D,53,34A35,Ⅵ,D,61,5144,Z.16.172,38,2,34,22,9,?,?,,3.06.1406,8,12,,,,,,,
𘊭,U+182AD,,7.141.3,3854/00,K2452,L4006,L4006,S2910,,3399,34B36,Ⅵ,D,54,34A36,Ⅵ,D,62,4612,,90,2,76,,,,,,2.17.1102,6,1,,,,,,,
𗀗,U+17017,,1.024.3,1074/40,K2014,L0145,L0145,S1057,,3400,34B37,Ⅵ,D,55,34A38,Ⅵ,D,64,3824,,48,2,41,,,,,,2.11.2211,4,1,,,,,,,
𗈝,U+1721D,,1.471.1,1771/24,K4109,L1486,L1486,S4689,009-131,3401,34B38,Ⅵ,D,56,34A41,Ⅵ,D,65,482,1.20.221,15,1,15,1,6,𗸍,𗬌,,1.09.1702,1,6,,,,,,,
𗜰,U+17730,,3.132.2,5042/40,K1673,L4305,L4305,S0773,,3402,34B41,Ⅵ,D,57,34A42,Ⅵ,D,66,2636,1.93.132,104,1,96,1,2,𗊋,𘔘,,1.29.1706,1,2,,,,,,,
𗵖,U+17D56,,5.048.4,1044/22,K1987,L0131,L0131,S0163,,3403,34B42,Ⅵ,D,58,34A43,Ⅵ,D,67,522,1.21.253,16,1,16,5,6,𘉹,𗓪,,1.09.2503,5,6,,,,,,,
𗂐,U+17090,,1.102.1,2502/44,K1409,L2831,L2831,S1247,039-122,3404,34B43,Ⅵ,D,59,34A44,Ⅵ,D,68,616,1.24.242,17,1,17,22,1,𘐊,𗢀,,1.10.2111,19,1,,,,,,,
𗯑,U+17BD1,,3.472.4,9171/42,K5295,L5848,L5848,S1679,089-051,3405,34B44,Ⅵ,D,60,34A45,Ⅵ,D,69,1677,1.58.161,53,1,51,7,2,𗅻,𗔆,,1.19.2101,7,2,,,,,,,
𗱟,U+17C5F,,3.600.1,1742/20,K0765,L1226,L1226,S4988,026-072,3406,34B45,Ⅵ,D,61,34A47,Ⅵ,D,70,,,?,0,?,,,,,,,,,,,,,,,
𘋷,U+182F7,,7.205.3,8744/20,K2400,L5651,L5651,S2121,,3407,34B46,Ⅵ,D,62,34A48,Ⅵ,D,72,,,?,0,?,,,,,,,,,,,,,,,
𗊑,U+17291,,1.571.2,2724/00,K2371,L3039,L3039,S4277,,3408,34B47,Ⅵ,D,63,34A51,Ⅵ,D,73,4860,Z.05.222,27,1,26,27,7,𗡅,𗴰,,3.03.1210,27,7,,,,,,,
𘚎,U+1868E,,8.342.2,5744/40,K1101,L4453,L4452,S0886,1.70E-50,3409,34B48,Ⅵ,D,64,34A52,Ⅵ,D,74,4861,Z.05.231,47,1,46,27,8,𗡧,𗆧,,3.03.1211,27,8,,,,,,,
𗵟,U+17D5F,,5.063.1,1072/40,K1626,L0144,L0144,S0220,018-121,3410,34B51,Ⅵ,D,65,34A53,Ⅵ,D,75,867,1.32.252,27,1,26,2,9,𗣣,𗤩,,1.12.1502,2,9,,,,,,,
𘓗,U+184D7,,7.633.1,2754/00,K2329,L3420,L3420,S4107,,3411,34B52,Ⅵ,D,66,34A55,Ⅵ,D,76,4862,Z.05.232,28,1,27,27,9,𗆲,𗬐,,3.03.1301,27,9,,,,,,,
𘓢,U+184E2,,7.642.2,2221/50,K3773,L2407,L2407,S4106,061-111,3412,34B53,Ⅵ,D,67,34A54,Ⅵ,D,77,5111,Z.15.142,38,2,34,13,1,𗆲,𗥉,,3.05.2706,4,5,,,,,,,
𗮃,U+17B83,,3.440.3,8121/25,K5328,L5084,L5084,S2244,,3413,34B54,Ⅵ,D,68,34A56,Ⅵ,D,78,420,1.18.222,11,1,11,19,4,𘂆,𘏽,,1.08.2505,18,4,,,,,,,
𗃀,U+170C0,,1.146.1,2101/54,K4833,L1933,L1933,S1608,,3414,34B55,Ⅵ,D,69,34A57,Ⅵ,D,79,1116,1.40.172,31,1,30,26,1,𗊋,𘞗,,1.14.1507,23,1,,,,,,,
𘊃,U+18283,,7.103.1,2724/40,?,L3063,L3063,S3190,243-073,3415,34B56,Ⅵ,D,70,34A58,Ⅵ,D,80,4160,,64,2,54,,,,,,2.13.2604,6,4,,,,,,,
𗆚,U+1719A,,1.386.3,2104/22,K1982,L1968,L1968,S1346,,3416,34B57,Ⅵ,D,71,34A61,Ⅵ,D,81,4863,Z.05.241,7,1,7,27,10,𗡧,𗱫,,3.03.1302,27,10,,,,,,,
𘏽,U+183FD,,7.403.1,8244/20,K2640,L5323,L5323,S2643,236-07f,3417,34B58,Ⅵ,D,72,34A62,Ⅵ,D,82,421,1.18.223,11,1,11,19,5,𗫐,𗜠,,1.08.2506,18,5,,,,,,,
𗂜,U+1709C,,1.109.2,2101/22,K4937,L1900,L1900,S1525,,3418,34B61,Ⅵ,D,73,34A63,Ⅵ,D,83,2906,,8,2,7,,,,,,2.04.1601,9,4,,,,,,,
𘂡,U+180A1,,6.189.1,9171/44,K4405,L5853,L5853,S1749,,3419,34B62,Ⅵ,D,74,34A64,Ⅵ,D,84,1680,1.58.172,53,1,51,8,1,𘂆,𘚏,,1.19.2104,7,5,,,,,,,
𘖕,U+18595,,8.180.2,8341/40,K4487,L5376,L5376,S2527,,3420,34B63,Ⅵ,D,75,34A65,Ⅵ,D,85,1676,1.58.152,53,1,51,7,1,𘂆,𗔆,,1.19.1708,7,1,,,,,,,
𘂝,U+1809D,,6.187.1,9374/42,K2238,L5902,L5902,S1745,157-061,3421,34B64,Ⅵ,D,76,34A66,Ⅵ,D,86,4864,Z.05.242,41,1,40,27,11,𘍒,𗬴,,3.03.1303,27,11,,,,,,,
𘏁,U+183C1,,7.352.1,8441/40,K3728,L5448,L5448,S2666,,3422,34B65,Ⅵ,D,77,34A67,Ⅵ,D,87,1227,1.44.131,34,1,33,10,4,𗫐,𘜛,,1.15.1604,8,4,,,,,,,
𘎩,U+183A9,,7.324.1,8342/00,K1571,L5380,L5380,S2751,236-05d,3423,34B66,Ⅵ,D,78,34A68,Ⅵ,D,88,1226,1.44.122,34,1,33,10,3,𗸒,𗑸,,1.15.1603,8,3,,,,,,,
𘉂,U+18242,,7.056.2,2101/54,K4446,L1935,L1935,S1312,,3424,34B67,Ⅵ,D,79,34A71,Ⅵ,D,89,4865,Z.05.251,43,1,42,27,12,𗶋,𘄉,平,3.03.1304,27,12,,,,,,,
𘖴,U+185B4,,8.195.2,8021/24,K3733,L4705,L4705,S2563,,3425,34B68,Ⅵ,D,80,34A72,Ⅵ,D,90,841,1.31.272,25,1,24,10,1,?,?,,1.12.1206,5,10,,,,,,,
𘑷,U+18477,,7.488.1,1441/42,K4025,L0814,L0814,S4570,,3426,34B71,Ⅵ,D,81,34A74,Ⅵ,D,92,4237,,67,2,57,,,,,,2.14.1602,4,2,,,,,,,
𘖥,U+185A5,,8.190.2,8041/00,K4537,L4877,L4877,S2611,,3427,34B72,Ⅵ,D,82,34A73,Ⅵ,D,91,2409,1.84.211,85,1,80,6,1,𗸍,𗂒,,1.27.1101,5,1,,,,,,,
𘍒,U+18352,,7.259.1,8121/50,K4527,L5097,L5097,S2333,145-041,3428,34B73,Ⅵ,D,83,34A75,Ⅵ,D,93,4866,Z.05.252,34,1,33,27,13,𗡅,𘐤,,3.03.1305,27,13,,,,,,,
𗮟,U+17B9F,,3.457.2,8121/70,K5616,L5100,L5100,S2279,,3429,34B74,Ⅵ,D,84,34A76,Ⅵ,D,94,280,1.13.272,8,1,8,8,2,𗅻,𘒿,,1.07.1601,8,2,,,,,,,
𘀽,U+1803D,,6.133.1,3742/40,K1634,L3974,L3974,S3053,233-101,3430,34B75,Ⅵ,D,85,34A77,Ⅵ,D,95,3085,,14,2,12,,,,,,2.05.2605,7,4,,,,,,,
𗯅,U+17BC5,,3.470.2,8121/70,K5615,L5111,L5111,S2289,,3431,34B76,Ⅵ,D,86,34A78,Ⅵ,D,96,59,1.06.262,1,1,1,14,5,𗝠,𗋅,,1.05.1306,15,5,,,,,,,
𘙨,U+18668,,8.318.1,1821/62,K5112,L1610,L1610,S5255,,3432,34B77,Ⅵ,D,87,34B11,Ⅵ,D,97,3982,,56,2,47,,,,,,2.12.2307,4,1,,,,,,,
𘙪,U+1866A,,8.319.1,1324/60,K3293,L0670,L0670,S5254,,3433,34B78,Ⅵ,D,88,34B12,Ⅵ,D,98,3358,,28,2,25,,,,,,2.08.1406,7,7,,,,,,,
𗙶,U+17676,,3.037.1,1144/20,K2429,L0364,L0364,S0058,187-042,3434,35A11,Ⅵ,D,89,34B42,Ⅵ,D,122,1487,1.52.171,43,1,42,11,2,𘉹,𗊄,,1.17.2308,9,2,,,,,,,
𗗴,U+175F4,,2.567.1,1141/50,K5335,L0311,L0311,S5348,218-063,3435,35A12,Ⅵ,D,90,34B13,Ⅵ,D,99,1117,1.40.211,31,1,30,26,2,𘀗,𘞗,,1.14.1601,23,2,,,,,,,
𗸙,U+17E19,,5.160.4,1540/12,K0308,L0861,L0861,S0330,,3436,35A13,Ⅵ,D,91,34B14,Ⅵ,D,100,2533,1.89.141,92,1,86,5,1,𘄴,𘋪,,1.28.1307,4,1,,,,,,,
𗯌,U+17BCC,,3.472.1,8721/70,K5672,L5521,L5521,S2305,269-122,3437,35A14,Ⅵ,D,92,34B15,Ⅵ,D,101,2903,,8,2,7,,,,,,2.04.1508,9,1,,,,,,,
𗞿,U+177BF,,3.200.1,5042/20,K0549,L4288,L4288,S0825,,3438,35A15,Ⅵ,D,93,34B16,Ⅵ,D,102,1365,1.48.221,37,1,36,7,4,𗣣,𘏂,,1.16.2205,14,4,,,,,,,
𗓪,U+174EA,,2.340.2,8022/54,K1824,L4792,L4792,S1965,,3439,35A16,Ⅵ,D,94,34B17,Ⅵ,D,103,525,1.21.271,16,1,16,6,1,𗔠,𗵖,,1.09.2506,6,1,,,,,,,
𗑘,U+17458,,2.241.1,8021/24,K5190,L4694,L4694,S1857,,3440,35A17,Ⅵ,D,95,34B18,Ⅵ,D,104,1233,1.44.161,34,1,33,12,2,𗫐,𘞲,,1.15.1704,10,2,,,,,,,
𗴏,U+17D0F,,3.712.1,2772/42,K1521,L3408,L3408,S3089,,3441,35A18,Ⅵ,D,96,34B21,Ⅵ,D,105,4868,Z.05.262,19,1,19,27,15,𗊋,𗪿,,3.03.1307,27,15,,,,,,,
𗧡,U+179E1,,4.364.1,2744/70,K3331,L3356,L3356,S3775,,3442,35A21,Ⅵ,D,97,34B22,Ⅵ,D,106,1420,1.50.163,40,1,39,7,1,𘉹,𗦤,,1.17.1205,6,1,,,,,,,
𗣭,U+178ED,,4.063.1,2742/20,K0805,L3193,L3193,S3798,204-05k,3443,35A22,Ⅵ,D,98,34B23,Ⅵ,D,107,527,1.21.273,16,1,16,6,3,𗣣,𘃻,,1.09.2508,6,3,,,,,,,
𘐤,U+18424,,7.438.1,8842/20,K0583,L5737,L5737,S2722,236-097,3444,35A23,Ⅵ,D,99,34B24,Ⅵ,D,108,1225,1.44.121,34,1,33,10,2,𘐊,𗓭,,1.15.1602,8,2,,,,,,,
𘝑,U+18751,,8.484.1,2912/74,K1382,L3770,L3770,S3951,,3445,35A24,Ⅵ,D,100,34B25,Ⅵ,D,109,437,1.19.123,12,1,12,3,2,𗸍,𗂉,,1.08.2709,3,2,,,,,,,
𗋍,U+172CD,,1.614.1,2924/41,K1322,L3776,L3776,S4214,181-085,3446,35A25,Ⅵ,D,101,34B26,Ⅵ,D,110,1848,1.64.131,61,1,58,6,1,𗊋,𗧷,,1.21.1105,6,1,,,,,,,
𗭘,U+17B58,,3.415.4,3725/24,K1376,L3964,L3964,S3001,105-082,3447,35A26,Ⅵ,D,102,34B27,Ⅵ,D,111,786,1.30.134,22,1,22,4,1,𘝑,𗼍,,1.11.2305,3,1,,,,,,,
𗭙,U+17B59,,3.415.5,3124/24,K1118,L3863,L3863,S2974,,3448,35A27,Ⅵ,D,103,34B28,Ⅵ,D,112,,,?,0,?,,,,,,,,,,,,,,,
𘛉,U+186C9,,8.379.1,3741/20,K5287,L3965,L3965,S3022,,3449,35A28,Ⅵ,D,104,34B31,Ⅵ,D,113,1186,1.42.252,33,1,32,12,3,𗊋,𗪆,,1.14.2706,11,3,,,,,,,
𘛆,U+186C6,,8.375.1,3742/20,K0763,L3972,L3972,S3021,005-082,3450,35A31,Ⅵ,D,105,34B32,Ⅵ,D,114,1981,1.68.222,65,1,62,1,5,𗝠,𗅍,,1.22.1405,1,4,,,,,,,
𗩕,U+17A55,,4.447.1,2141/24,K4846,L2112,L2112,S3741,,3451,35A32,Ⅵ,D,106,34B33,Ⅵ,D,115,4869,Z.05.271,17,1,17,27,16,𗆲,𗧓,,3.03.1308,27,16,,,,,,,
𗌅,U+17305,,1.667.2,2124/22,K2574,L2049,L2049,S4194,181-10b,3452,35A33,Ⅵ,D,107,34B34,Ⅵ,D,116,,,27,2,24,,,,,,,,,,,,,,,
𗚼,U+176BC,,3.070.1,5042/74,K1391,L4310,L4310,S0707,,3453,35A34,Ⅵ,D,108,34B35,Ⅵ,D,117,,,25,1,24,,,,,,,,,,,,,,,
𗚮,U+176AE,,3.065.1,5071/42,K3958,L4409,L4409,S0766,,3454,35A35,Ⅵ,D,109,34B36,Ⅵ,D,118,,,56,1,54,,,,,,,,,,,,,,,
𘕘,U+18558,,8.106.2,9722/22,K0852,L5925,L5925,S1724,140-081,3455,35A36,Ⅵ,D,110,34B37,Ⅵ,D,119,,,28,1,27,,,,,,,,,,,,,,,
𘀰,U+18030,,6.128.2,3744/00,K3093,L3976,L3976,S3062,,3456,35A37,Ⅵ,D,111,34B38,Ⅵ,D,120,,,19,2,16,,,,,,,,,,,,,,,
𘙁,U+18641,,8.295.2,1841/00,K4710,L1672,L1672,S5014,,3457,35A38,Ⅵ,D,112,34B43,Ⅵ,D,123,3485,,34,2,30,,,,,,2.09.1303,3,2,,,,,,,
𘀓,U+18013,,6.113.4,3126/22,K1329,L3866,L3866,S2873,,3458,35A41,Ⅵ,D,113,34B45,Ⅵ,D,125,,,34,0,?,,,,,,,,,,,,,,,
𗲯,U+17CAF,,3.648.1,1744/20,K3623,L1344,L1344,S4928,,3459,35A42,Ⅵ,D,114,34B44,Ⅵ,D,124,1372,1.48.251,37,1,36,9,2,𗊋,𗩯,,1.16.2304,16,2,,,,,,,
𘂊,U+1808A,,6.174.3,9172/42,K0501,L5857,L5857,S1732,,3460,35A43,Ⅵ,D,115,34B46,Ⅵ,D,126,,,?,0,?,,,,,,,,,,,,,,,
𗘊,U+1760A,,2.579.2,1142/20,K0220,L0318,L0318,S5406,,3461,35A44,Ⅵ,D,116,34B47,Ⅵ,D,127,,,3,2,3,,,,,,,,,,,,,,,
𗋜,U+172DC,,1.631.2,2824/40,K0434,L3550,L3550,S4249,181-09d,3462,35A45,Ⅵ,D,117,34B48,Ⅵ,D,128,,,20,2,17,,,,,,,,,,,,,,,
𗋴,U+172F4,,1.643.1,2824/22,K2095,L3548,L3548,S4195,181-109,3463,35A46,Ⅵ,D,118,34B51,Ⅵ,D,129,5146,,?,0,?,,,,,,3.06.1502,8,14,,,,,,,
𘑶,U+18476,,7.487.5,1842/40,K1838,L1724,L1724,S4568,,3464,35A47,Ⅵ,D,119,28B72,Ⅵ,1,2,1339,1.47.243,37,1,36,3,1,𘉹,𗫈,,1.16.1603,10,1,,,,,,,
𗾫,U+17FAB,,6.031.2,2341/40,K4473,L2621,L2621,S5662,211-064,3465,35A48,Ⅵ,D,120,29A15,Ⅵ,3,1,3671,,40,2,35,,,,,,2.10.2106,3,2,,,,,,,
𗦙,U+17999,,4.287.2,2841/24,K5189,L3580,L3580,S3437,,3466,35A51,Ⅵ,D,121,29B73,Ⅵ,22,3,2126,1.73.251,70,1,67,10,1,𗴩,𗮆,,1.23.2508,7,1,,,,,,,
𘉆,U+18246,,7.061.1,2894/00,K0425,L3755,L3755,S1248,055-051,3467,35A52,Ⅵ,D,122,29B31,Ⅵ,16,4,576,1.23.212,17,1,17,12,1,𘐊,𗒉,,1.10.1406,11,1,,,,,,,
𘅡,U+18161,,6.372.1,1744/70,K2383,L1398,L1398,S4769,,3468,35A53,Ⅵ,D,123,29A16,Ⅵ,3,2,1422,1.50.172,40,1,39,7,3,𗱫,𗦤,,1.17.1207,6,3,,,,,,,
𗔂,U+17502,,2.357.2,8041/20,K5031,L4888,L4888,S1983,007-124,3469,35A54,Ⅵ,D,124,30A13,Ⅵ,23,7,425,1.18.242,11,1,11,20,1,𘂆,𘇭,,1.08.2603,19,1,,,,,,,
𗥙,U+17959,,4.217.1,2742/22,K1664,L3214,L3214,S3735,,3470,35A55,Ⅵ,D,125,29B26,Ⅵ,16,1,826,1.31.172,25,1,24,6,3,𘗆,𗆁,,1.11.2710,3,6,,,,,,,
𗜀,U+17700,,3.097.3,5044/00,K2654,L4324,L4324,S1032,,3471,35A56,Ⅵ,D,126,30A67,Ⅵ,31,1,1510,1.53.131,44,1,43,6,1,𗸍,𘈩,,1.17.2701,5,1,,,,,,,
𗔠,U+17520,,2.381.4,8021/52,K4748,L4732,L4732,S1967,007-134,3472,35A57,Ⅵ,D,127,30B42,Ⅵ,36,4,143,1.09.211,3,1,3,10,2,𗝠,𗿉,,1.06.1101,10,2,,,,,,,
𗸍,U+17E0D,,5.193.2,1152/59,K1713,L0415,L0415,S0379,,3473,35A58,Ⅵ,D,128,30B65,Ⅵ,40,2,41,1.06.161,1,1,1,10,1,𗊋,𘀏,,1.05.1103,11,1,,,,,,,
𗥣,U+17963,,4.225.2,2942/20,K0897,L3788,L3788,S3575,204-07h,3474,35A61,Ⅵ,D,129,30B64,Ⅵ,40,1,2656,,1,2,1,,,,,,2.02.1502,5,1,,,,,,,
𘚏,U+1868F,,3.213.2,5224/25,K2669,L4441,L4441,S0784,017-133,3475,35A62,Ⅵ,D,130,31A75,Ⅵ,62,1,1681,1.58.211,53,1,51,8,2,𗋗,𘂡,,1.19.2105,7,6,,,,,,,
𗷀,U+17DC0,,5.120.3,6074/00,K2547,L4500,L4500,S1045,,3476,35A63,Ⅵ,D,131,31B35,Ⅵ,68,4,,,44,1,43,,,,,,,,,,,,,,,
𗭼,U+17B7C,,3.434.1,8122/24,K1821,L5120,L5120,S2245,047-051,3477,35A64,Ⅵ,D,132,31B44,Ⅵ,72,1,1530,1.53.241,44,1,43,9,2,𗋗,𘔳,,1.18.1208,8,2,,,,,,,
𗮔,U+17B94,,3.452.2,8821/22,K4670,L5692,L5692,S2246,047-111,3478,35A65,Ⅵ,D,133,31B45,Ⅵ,72,2,1529,1.53.233,44,1,43,9,1,𘇭,𘏶,,1.18.1207,8,1,,,,,,,
𗡱,U+17871,,3.317.3,1942/74,K1415,L1871,L1871,S1174,220-052,3479,35A66,Ⅵ,D,134,31B54,Ⅵ,74,3,1344,1.47.271,37,1,36,4,1,𗓂,𘊏,,1.16.1608,11,1,,,,,,,
𘏾,U+183FE,,7.404.1,8541/40,K5218,L5478,L5478,S2677,236-07b,3480,35A67,Ⅵ,D,135,31B64,Ⅵ,76,1,1192,1.43.112,34,1,33,1,6,𗸍,𗚯,,1.15.1201,1,6,,,,,,,
𘎪,U+183AA,,7.325.1,8742/00,K1633,L5612,L5612,S2777,236-041,3481,35A68,Ⅵ,D,136,31B66,Ⅵ,77,1,1421,1.50.171,40,1,39,7,2,𘆖,𗗔,,1.17.1206,6,2,,,,,,,
𘜞,U+1871E,,8.444.1,1742/20,K0947,L1224,L1224,S5129,034-051,3482,35A71,Ⅵ,D,137,31B65,Ⅵ,76,2,3484,,34,2,30,,,,,,2.09.1302,3,1,,,,,,,
𘝥,U+18765,,8.393.4,8742/00,K1618,L5615,L5615,S2545,298-042,3483,35A72,Ⅵ,D,138,31B67,Ⅵ,77,2,3670,,40,2,35,,,,,,2.10.2105,3,1,,,,,,,
𗻿,U+17EFF,,5.341.1,2841/24,K5188,L3585,L3585,S3959,,3484,35A73,Ⅵ,D,139,32A22,Ⅵ,82,3,1105,1.40.122,31,1,30,22,1,𗜫,𗨥,,1.14.1403,20,5,,,,,,,
𘙏,U+1864F,,8.306.1,1441/24,K3910,L0801,L0801,S5007,297-081,3485,35A74,Ⅵ,D,140,32A31,Ⅵ,84,2,2267,1.79.112,75,1,72,3,4,𗤟,𘏹,,1.25.1501,1,13,,,,,,,
𘏠,U+183E0,,7.377.2,8441/50,K3789,L5457,L5457,S2670,236-06g,3486,35A75,Ⅵ,D,141,32A28,Ⅵ,84,1,4371,,75,2,64,,,,,,2.15.1503,4,2,,,,,,,
𗰹,U+17C39,,3.569.1,1755/20,K0314,L1476,L1476,S4797,,3487,35A76,Ⅵ,D,142,32A67,Ⅵ,95,1,3971,,56,2,47,,,,,,2.12.2209,3,3,,,,,,,
𗊛,U+1729B,,1.578.3,2724/20,K2314,L3045,L3045,S4185,181-064,3488,35A77,Ⅵ,D,143,32B31,Ⅵ,101,4,1511,1.53.132,44,1,43,6,2,𘐊,𘈩,,1.17.2702,5,2,,,,,,,
𘈽,U+1823D,,7.049.2,2204/51,K2676,L2392,L2392,S1320,138-081,3489,35A78,Ⅵ,D,144,32B67,Ⅵ,106,2,1491,1.52.212,43,1,42,12,2,𗋗,𗢖,,1.17.2404,10,2,,,,,,,
𗭛,U+17B5B,,3.416.1,3421/24,K0462,L3924,L3924,S2991,105-101,3490,35B11,Ⅵ,D,145,32B66,Ⅵ,106,1,3706,,43,2,37,,,,,,2.10.2506,6,2,,,,,,,
𗩯,U+17A6F,,4.462.3,2841/22,K4653,L3576,L3576,S3819,204-103,3491,35B12,Ⅵ,D,146,33A17,Ⅵ,113,1,1376,1.48.271,37,1,36,10,1,𘇭,𗲯,,1.16.2308,17,1,,,,,,,
𘅆,U+18146,,6.345.2,1841/00,K4673,L1670,L1670,S4733,,3492,35B13,Ⅵ,D,147,33A18,Ⅵ,113,2,1377,1.48.272,37,1,36,10,2,𗐓,𘒻,,1.16.2309,17,2,,,,,,,
𗧽,U+179FD,,4.386.3,2244/40,K2913,L2496,L2496,S3937,204-09t,3493,35B14,Ⅵ,D,148,33A48,Ⅵ,124,1,4698,,97,2,82,,,,,,2.17.2305,3,1,,,,,,,
𘖁,U+18581,,8.160.2,9774/42,K3392,L5969,L5969,S1762,,3494,35B15,Ⅵ,D,149,33A58,Ⅵ,127,2,627,1.25.122,17,1,17,26,2,𗆎,𘐆,,1.10.2302,23,2,,,,,,,
𗝧,U+17767,,3.163.3,5021/42,K5061,L4132,L4132,S0781,,3495,35B16,Ⅵ,D,150,33A57,Ⅵ,127,1,2013,1.69.241,66,1,63,5,1,𘆲,𗁅,,1.22.2108,3,1,,,,,,,
𗕣,U+17563,,2.438.2,1721/24,K4607,L0945,L0945,S4337,010-106,3496,35B17,Ⅵ,D,151,33A67,Ⅵ,130,1,2053,1.71.131,67,1,64,8,4,𘖸,𘕥,,1.22.2703,8,4,,,,,,,
𗺔,U+17E94,,3.356.1,2124/22,K2571,L2352,L2352,S3195,,3497,35B18,Ⅵ,D,152,33A68,Ⅵ,130,2,4236,,67,2,57,,,,,,2.14.1601,4,1,,,,,,,
𗗆,U+175C6,,2.527.3,1771/42,K4977,L1489,L1489,S4641,182-125,3498,35B21,Ⅵ,D,153,33A71,Ⅵ,131,1,483,1.20.222,15,1,15,1,7,𗸒,𗺀,,1.09.1703,1,7,,,,,,,
𗖗,U+17597,,2.487.1,1871/40,K5203,L1813,L1813,S4629,,3499,35B22,Ⅵ,D,154,33A72,Ⅵ,131,2,3093,,15,2,13,,,,,,2.05.2707,3,1,,,,,,,
𗤽,U+1793D,,4.182.1,2341/40,?,L2617,L2617,S3455,,3500,35B23,Ⅵ,D,155,,,,,,,?,0,?,,,,,,,,,,,,,,,
𘆲,U+181B2,,6.447.4,1721/54,K5171,L0984,L0984,S5234,080-068,3501,35B24,Ⅵ,D,156,33A77,Ⅵ,133,3,58,1.06.261,1,1,1,14,4,𗅻,𗋅,,1.05.1305,15,4,,,,,,,
𗮜,U+17B9C,,3.456.1,8421/70,K5612,L5431,L5431,S2285,,3502,35B25,Ⅵ,D,157,55A43,Ⅸ,D,91,,,?,0,?,,,,,,,,,,,,,,,
𗠊,U+1780A,,3.255.1,7822/44,K1875,L4642,L4642,S0528,255-056,3503,35B26,Ⅵ,D,158,41A53,Ⅶ,D,131,,,27,1,26,,,,,,,,,,,,,,,
𗲪,U+17CAA,,3.647.1,1722/24,K1439,L1023,L1023,S4881,,3504,35B27,Ⅵ,D,159,41A55,Ⅶ,D,133,,,25,1,24,,,,,,,,,,,,,,,
𗑎,U+1744E,,2.235.2,8042/44,K1759,L4942,L4942,S2059,,3505,35B28,Ⅵ,D,160,30A58,Ⅵ,30,2,3467,,33,2,29,,,,,,2.09.1105,6,2,,,,,,,
𗣼,U+178FC,,4.071.4,2441/22,K3855,L2748,L2748,S3555,204-064,3506,35B41,Ⅶ,1,1,35A11,Ⅶ,1,1,3181,,19,2,16,,,,,,2.06.2505,1,2,,,,,,,
𗄸,U+17138,,1.217.1,2102/22,K0580,L1942,L1942,S1364,,3507,35B42,Ⅶ,1,2,35A12,Ⅶ,1,2,3180,,19,2,16,,,,,,2.06.2504,1,1,,,,,,,
𘄠,U+18120,,6.301.2,1744/40,K3423,L1385,L1385,S4502,,3508,35B43,Ⅶ,1,3,35A13,Ⅶ,1,3,3182,,19,2,16,,,,,,2.06.2506,1,3,,,,,,,
𗀌,U+1700C,,1.012.1,1044/00,K2419,L0116,L0116,S0140,001-061,3509,35B44,Ⅶ,2,1,35A15,Ⅶ,2,2,682,1.26.261,19,1,19,3,1,𗳷,𘍻,,1.11.1205,3,1,,,,,,,
𘋭,U+182ED,,7.198.2,8441/22,K3823,L5440,L5440,S2118,235-071,3510,35B45,Ⅶ,2,2,35A14,Ⅶ,2,1,683,1.26.262,19,1,19,3,2,𗳷,𘍻,,1.11.1206,3,2,,,,,,,
𗤀,U+17900,,4.081.2,2741/25,K5271,L3139,L3139,S3433,204-062,3511,35B46,Ⅶ,3,1,35A16,Ⅶ,3,1,1275,,36,1,35,,,?,?,,1.15.2505,3,1,,,,,,,
𗡶,U+17876,,3.321.1,1241/72,K4238,L0535,L0535,S1175,221-082,3512,35B47,Ⅶ,3,2,35A17,Ⅶ,3,2,1276,,36,1,35,,,?,?,,1.15.2506,3,2,,,,,,,
𗻧,U+17EE7,,5.333.3,2141/42,K4281,L2160,L2160,S3232,144-092,3513,35B48,Ⅶ,3,3,35A18,Ⅶ,3,3,1277,,36,1,35,,,?,?,,1.15.2507,3,3,,,,,,,
𗿆,U+17FC6,,6.050.1,2142/24,K1822,L2210,L2210,S5703,,3514,35B51,Ⅶ,3,4,35A21,Ⅶ,3,4,1278,,36,1,35,,,?,?,,1.15.2601,3,4,,,,,,,
𗷉,U+17DC9,,5.129.4,6081/22,K4010,L4501,L4501,S1041,020-121,3515,35B52,Ⅶ,3,5,35A22,Ⅶ,3,5,1279,,36,1,35,,,?,?,,1.15.2602,3,5,,,,,,,
𘘐,U+18610,,8.260.2,1144/00,K2425,L0356,L0356,S4838,296-042,3516,35B53,Ⅶ,3,6,35A23,Ⅶ,3,6,1280,,36,1,35,,,?,?,,1.15.2603,3,6,,,,,,,
𗪘,U+17A98,,4.496.1,2141/22,K5446,L2104,L2104,S3699,,3517,35B54,Ⅶ,4,1,35A24,Ⅶ,4,1,325,1.15.171,10,1,10,5,1,𘜲,𗱪,,1.07.2603,4,5,,,,,,,
𗫍,U+17ACD,,4.547.1,2141/42,K5455,L2152,L2152,S3691,204-111,3518,35B55,Ⅶ,4,2,35A25,Ⅶ,4,2,326,1.15.211,10,1,10,5,2,𘜲,𗱪,,1.07.2604,4,6,,,,,,,
𘑘,U+18458,,7.471.1,8040/00,K3345,L4860,L4860,S2862,030-041,3519,35B56,Ⅶ,4,3,35A26,Ⅶ,4,3,327,1.15.212,10,1,10,5,3,𘜲,𗱪,,1.07.2605,4,7,,,,,,,
𗐑,U+17411,,2.150.1,2771/42,K3959,L3398,L3398,S5558,,3520,35B57,Ⅶ,4,4,35A27,Ⅶ,4,4,328,1.15.221,10,1,10,5,4,𘜲,𗱪,,1.07.2606,4,8,,,,,,,
𗣖,U+178D6,,4.045.1,2142/00,K0256,L2183,L2183,S3504,,3521,35B58,Ⅶ,5,1,35A28,Ⅶ,5,1,1807,1.62.251,59,1,57,2,1,𗪘,𗨇,,1.20.2303,2,1,,,,,,,
𘋺,U+182FA,,7.206.2,8224/50,K2713,L5297,L5297,S2235,078-043,3522,35B61,Ⅶ,5,2,35A32,Ⅶ,5,3,1808,1.62.252,59,1,57,2,2,𗪘,𗨇,,1.20.2304,2,2,,,,,,,
𘋾,U+182FE,,7.210.3,8124/50,K3454,L5144,L5144,S2233,078-061,3523,35B62,Ⅶ,5,3,35A36,Ⅶ,5,7,1809,1.62.261,59,1,57,2,3,𗪘,𗨇,,1.20.2305,2,3,,,,,,,
𘆤,U+181A4,,6.434.1,1122/50,K0252,L0212,L0212,S5202,080-057,3524,35B63,Ⅶ,5,4,35A31,Ⅶ,5,2,1810,1.62.262,59,1,57,2,4,𗪘,𗨇,,1.20.2306,2,4,,,,,,,
𗵞,U+17D5E,,5.062.1,1042/24,K3655,L0106,L0106,S0251,018-101,3525,35B64,Ⅶ,5,5,35A33,Ⅶ,5,4,1811,1.62.263,59,1,57,2,5,𗪘,𗨇,,1.20.2307,2,5,,,,,,,
𗙬,U+1766C,,3.033.1,1041/10,K5547,L0075,L0075,S0159,016-041,3526,35B65,Ⅶ,5,6,35A35,Ⅶ,5,6,1812,1.62.271,59,1,57,2,6,𗪘,𗨇,,1.20.2308,2,6,,,,,,,
𗍇,U+17347,,2.031.1,1842/20,K1723,L1706,L1706,S0628,,3527,35B66,Ⅶ,5,7,35A34,Ⅶ,5,5,1813,1.62.272,59,1,57,2,7,𗪘,𗨇,,1.20.2309,2,7,,,,,,,
𗩭,U+17A6D,,4.462.1,2141/22,K4557,L2105,L2105,S3831,204-108,3528,35B67,Ⅶ,6,1,35A37,Ⅶ,6,1,1776,1.61.251,58,1,56,3,1,𘂆,𘟪,,1.20.1605,3,1,,,,,,,
𗳊,U+17CCA,,2.543.2,1421/22,K4011,L0843,L0843,S5265,,3529,35B68,Ⅶ,6,2,35A38,Ⅶ,6,2,1778,1.61.261,58,1,56,3,3,𘂆,𘟪,,1.20.1608,3,4,,,,,,,
𗤛,U+1791B,,4.125.2,2344/20,K2241,L2649,L2649,S3717,,3530,35B71,Ⅶ,6,3,35A42,Ⅶ,6,4,1779,1.61.262,58,1,56,3,4,𘂆,𘟪,,1.20.1701,3,5,,,,,,,
𘍣,U+18363,,7.277.5,8824/22,K2110,L5715,L5715,S2349,260-062,3531,35B72,Ⅶ,6,4,35A41,Ⅶ,6,3,1777,1.61.252,58,1,56,3,2,𘂆,𘟪,,1.20.1607,3,3,,,,,,,
𘑲,U+18472,,7.485.5,1722/24,K1780,L1030,L1030,S4521,263-031,3532,35B73,Ⅶ,6,5,40A35,Ⅶ,D,5,1780,1.61.263,58,1,56,3,5,𘂆,𘟪,,1.20.1606,3,2,,,,,,,
𗨏,U+17A0F,,4.404.1,2844/00,K3529,L3663,L3663,S3640,,3533,35B74,Ⅶ,7,1,35A44,Ⅶ,7,2,4871,Z.06.112,58,1,56,1,2,𗃲,𗬎,,3.03.1502,1,2,,,,,,,
𗺭,U+17EAD,,5.315.3,2141/42,K4853,L2156,L2156,S3212,,3534,35B75,Ⅶ,7,2,35A48,Ⅶ,7,6,4872,Z.06.121,58,1,56,1,3,𗃲,𗬎,,3.03.1503,1,3,,,,,,,
𘟊,U+187CA,,3.213.3,5744/22,K2520,L4452,L4453,S0710,,3535,35B76,Ⅶ,7,3,35A52,Ⅶ,7,8,4873,Z.06.122,58,1,56,1,4,𗃲,𗬎,,3.03.1504,1,4,,,,,,,
𘋉,U+182C9,,7.164.1,3742/00,K1695,L3970,L3970,S3034,,3536,35B77,Ⅶ,7,4,35A45,Ⅶ,7,3,4874,Z.06.131,58,1,56,1,5,𗃲,𗬎,,3.03.1505,1,5,,,,,,,
𘋊,U+182CA,,7.164.2,3744/00,K2498,L3977,L3977,S3032,234-062,3537,35B78,Ⅶ,7,5,35A46,Ⅶ,7,4,4875,Z.06.132,58,1,56,1,6,𗃲,𗬎,,3.03.1506,1,6,,,,,,,
𘞃,U+18783,,8.523.1,1744/00,K3435,L1329,L1329,S5177,291-051,3538,36A11,Ⅶ,7,6,35A53,Ⅶ,7,9,4876,Z.06.133,58,1,56,1,7,𗃲,𗬎,,3.03.1507,1,7,,,,,,,
𘝪,U+1876A,,8.509.2,8141/00,K4364,L5163,L5163,S2613,299-031,3539,36A12,Ⅶ,7,7,35A47,Ⅶ,7,5,4877,Z.06.141,58,1,56,1,8,𗃲,𗬎,,3.03.1508,1,8,,,,,,,
𗻙,U+17ED9,,5.330.3,2842/45,?,L3653,L3653,S3221,,3540,36A13,Ⅶ,7,8,35A51,Ⅶ,7,7,,,58,1,56,,,,,,,,,,,,,,,
𗢶,U+178B6,,4.017.1,2144/40,K1037,L2263,L2263,S3397,204-043,3541,36A14,Ⅶ,7,9,35A43,Ⅶ,7,1,4870,Z.06.111,58,1,56,1,1,𗃲,𗬎,,3.03.1501,1,1,,,,,,,
𗲙,U+17C99,,3.639.1,1724/20,K2189,L1077,L1077,S4923,,3542,36A15,Ⅶ,8,1,35A54,Ⅶ,8,1,4878,Z.06.142,10,1,10,2,1,𗏴,𗛈,,3.03.1509,2,1,,,,,,,
𘋁,U+182C1,,7.158.3,3722/50,K1676,L3956,L3956,S3012,125-051,3543,36A16,Ⅶ,8,2,35A55,Ⅶ,8,2,4879,Z.06.151,10,1,10,2,2,𗏴,𗛈,,3.03.1510,2,2,,,,,,,
𘜇,U+18707,,8.416.3,1742/00,K1818,L1218,L1218,S5170,019-031,3544,36A17,Ⅶ,9,1,35A57,Ⅶ,9,2,1652,1.57.211,52,1,50,2,5,𗳶,𗀚,,1.19.1408,2,5,,,,,,,
𘒄,U+18484,,7.496.1,1742/24,K1747,L1255,L1255,S5173,019-061,3545,36A18,Ⅶ,9,2,35A58,Ⅶ,9,3,1653,1.57.212,52,1,50,2,6,𗳶,𗀚,,1.19.1501,2,6,,,,,,,
𘀚,U+1801A,,6.117.2,3322/22,K0847,L3906,L3906,S2893,,3546,36A21,Ⅶ,9,3,35A56,Ⅶ,9,1,1651,1.57.172,52,1,50,2,4,𗳶,𗀚,,1.19.1407,2,4,,,,,,,
𘌎,U+1830E,,7.220.1,9421/24,K4166,L5905,L5905,S1708,139-062,3547,36A22,Ⅶ,10,1,35A63,Ⅶ,10,3,2941,,10,2,9,,,,,,2.04.2302,5,2,,,,,,,
𘂩,U+180A9,,6.195.3,9171/43,K4864,L5852,L5852,S1681,166-051,3548,36A23,Ⅶ,10,2,35A64,Ⅶ,10,4,2942,,10,2,9,,,,,,2.04.2303,5,3,,,,,,,
𗶹,U+17DB9,,5.115.2,6021/21,K5476,L4469,L4469,S1020,020-092,3549,36A24,Ⅶ,10,3,35A62,Ⅶ,10,2,2943,,10,2,9,,,,,,2.04.2304,5,4,,,,,,,
𗽹,U+17F79,,5.467.2,2241/00,K0061,L2450,L2450,S4022,,3550,36A25,Ⅶ,10,4,35A61,Ⅶ,10,1,2944,,10,2,9,,,,,,2.04.2305,5,5,,,,,,,
𗩬,U+17A6C,,4.461.3,2844/44,K2982,L3702,L3702,S3827,204-10x,3551,36A26,Ⅶ,10,5,35A65,Ⅶ,10,5,2940,,10,2,9,,,,,,2.04.2301,5,1,,,,,,,
𗤸,U+17938,,4.176.2,2142/22,K1358,L2197,L2197,S3781,,3552,36A27,Ⅶ,11,1,35A67,Ⅶ,11,2,315,1.15.131,10,1,10,3,3,𘄀,𗱪,,1.07.2408,3,3,,,,,,,
𗚋,U+1768B,,3.050.1,5040/00,K2224,L4207,L4207,S0838,017-055,3553,36A28,Ⅶ,11,2,35A71,Ⅶ,11,4,316,1.15.132,10,1,10,3,4,𘄀,𗱪,,1.07.2501,3,4,,,,,,,
𗞫,U+177AB,,3.195.3,5021/40,K4885,L4129,L4129,S0780,,3554,36A31,Ⅶ,11,3,35B11,Ⅶ,11,12,317,1.15.133,10,1,10,3,5,𘄀,𗱪,,1.07.2502,3,5,,,,,,,
𗤝,U+1791D,,4.128.2,2441/22,K3832,L2749,L2749,S3710,,3555,36A32,Ⅶ,11,4,35A68,Ⅶ,11,3,318,1.15.141,10,1,10,3,6,𘄀,𗱪,,,3,6,,,,,,,
𗕁,U+17541,,2.404.2,8121/22,K5013,L5068,L5068,S2185,046-091,3556,36A33,Ⅶ,11,5,35A72,Ⅶ,11,5,319,1.15.142,10,1,10,3,7,𘄀,𗱪,,1.07.2503,3,7,,,,,,,
𗐖,U+17416,,2.152.2,2751/40,K4197,L3392,L3392,S5572,032-101,3557,36A34,Ⅶ,11,6,35A78,Ⅶ,11,11,320,1.15.151,10,1,10,3,8,𘄀,𗱪,,1.07.2504,3,8,,,,,,,
𘂺,U+180BA,,6.216.1,8244/22,K2826,L5328,L5328,S2378,,3558,36A35,Ⅶ,11,7,35A66,Ⅶ,11,1,314,1.15.122,10,1,10,3,2,𘄀,𗱪,,1.07.2407,3,2,,,,,,,
𗶃,U+17D83,,5.088.2,1844/00,K2461,L1733,L1733,S0151,,3559,36A36,Ⅶ,12,1,35A75,Ⅶ,11,8,2935,,10,2,9,,,,,,2.04.2204,3,2,,,,,,,
𗔃,U+17503,,2.357.3,8044/00,K2575,L4959,L4959,S1938,007-12a,3560,36A37,Ⅶ,12,2,35A76,Ⅶ,11,9,2936,,10,2,9,,,,,,2.04.2205,3,3,,,,,,,
𗐟,U+1741F,,2.197.2,3021/40,K4074,L3816,L3816,S2925,,3561,36A38,Ⅶ,12,3,35A74,Ⅶ,11,7,2937,,10,2,9,,,,,,2.04.2206,3,4,,,,,,,
𗄐,U+17110,,1.193.2,1041/22,K3836,L0081,L0081,S0069,003-101,3562,36A41,Ⅶ,12,4,35A73,Ⅶ,11,6,2934,,10,2,9,,,,,,2.04.2203,3,1,,,,,,,
𗫇,U+17AC7,,4.536.1,2741/72,K4909,L3176,L3176,S3588,204-121,3563,36A42,Ⅶ,13,1,35B12,Ⅶ,12,1,1869,1.64.262,62,1,59,3,3,𗛐,𗤧,,1.21.1405,3,3,,,,,,,
𗩣,U+17A63,,4.455.1,2344/72,K2201,L2684,L2684,S3587,,3564,36A43,Ⅶ,13,2,35B14,Ⅶ,12,3,1871,1.64.272,62,1,59,3,5,𗛐,𗤧,,1.21.1407,3,5,,,,,,,
𗪧,U+17AA7,,4.517.1,2841/72,K5354,L3616,L3616,S3586,,3565,36A44,Ⅶ,13,3,35B13,Ⅶ,12,2,1870,1.64.271,62,1,59,3,4,𗛐,𗤧,,1.21.1406,3,4,,,,,,,
𗀔,U+17014,,1.018.1,1041/40,K4147,L0089,L0089,S0074,001-091,3566,36A45,Ⅶ,14,1,35B16,Ⅶ,13,2,764,1.29.211,21,1,21,2,2,𗁮,𗁋,,,,,,,,,,,
𗀊,U+1700A,,1.010.2,1042/20,K0555,L0104,L0104,S0073,,3567,36A46,Ⅶ,14,2,35B15,Ⅶ,13,1,765,1.29.212,21,1,21,2,3,𗁮,𗁋,,,,,,,,,,,
𗀡,U+17021,,1.033.1,1041/42,K4018,L0095,L0095,S0072,,3568,36A47,Ⅶ,14,3,35B17,Ⅶ,13,3,766,1.29.221,21,1,21,2,4,𗁮,𗁋,,,,,,,,,,,
𗀂,U+17002,,1.002.1,1042/00,K1659,L0101,L0101,S0076,001-081,3569,36A48,Ⅶ,14,4,35B18,Ⅶ,13,4,763,1.29.173,21,1,21,2,1,𗁮,𗁋,,,,,,,,,,,
𘛣,U+186E3,,8.386.1,8721/42,K4618,L5505,L5505,S2355,,3570,36A51,Ⅶ,15,1,35B26,Ⅶ,15,3,686,1.27.111,19,1,19,4,3,𗋐,𘍻,,1.11.1209,4,3,,,,,,,
𗞔,U+17794,,3.182.2,5021/42,K4619,L4135,L4135,S0793,017-128,3571,36A52,Ⅶ,15,2,35B28,Ⅶ,15,5,685,1.26.272,19,1,19,4,2,𗋐,𘍻,,1.11.1208,4,2,,,,,,,
𗶯,U+17DAF,,8.387.1,8710/00,K0068,L5492,L5492,S2356,,3572,36A53,Ⅶ,15,3,35B27,Ⅶ,15,4,687,1.27.112,19,1,19,4,4,𗋐,𘍻,,1.11.1301,4,4,,,,,,,
𘏳,U+183F3,,7.393.1,8942/20,K0882,L5790,L5790,S2725,,3573,36A54,Ⅶ,15,4,35B25,Ⅶ,15,2,684,1.26.271,19,1,19,4,1,𗋐,𘍻,,1.11.1207,4,1,,,,,,,
𗐃,U+17403,,2.191.4,2742/44,K3646,L3253,L3253,S5610,202-171,3574,36A55,Ⅶ,16,1,35B22,Ⅶ,14,2,689,1.27.121,19,1,19,5,2,𘜲,𘍻,,1.11.1303,5,2,,,,,,,
𗇒,U+171D2,,1.425.1,3075/20,K1347,L3841,L3841,S3067,005-101,3575,36A56,Ⅶ,16,2,35B31,Ⅶ,15,6,690,1.27.122,19,1,19,5,3,𘜲,𘍻,,1.11.1304,5,3,,,,,,,
𘏙,U+183D9,,7.369.2,8741/00,K4471,L5582,L5582,S2767,236-05e,3576,36A57,Ⅶ,16,3,35B23,Ⅶ,14,3,691,1.27.131,19,1,19,5,4,𘜲,𘍻,,1.11.1305,5,4,,,,,,,
𗰭,U+17C2D,,1.462.3,1722/44,K3645,L1040,L1040,S4687,009-11b,3577,36A58,Ⅶ,16,4,35B21,Ⅶ,14,1,688,1.27.113,19,1,19,5,1,𘜲,𘍻,,1.11.1302,5,1,,,,,,,
𗻆,U+17EC6,,5.324.4,2345/42,K1352,L2687,L2687,S3245,,3578,36A61,Ⅶ,17,1,35B24,Ⅶ,15,1,3185,,19,2,16,,,,,,2.06.2601,2,3,,,,,,,
𗜓,U+17713,,3.119.2,5024/22,K2732,L4184,L4184,S0909,017-09a,3579,36A62,Ⅶ,17,2,35B32,Ⅶ,15,7,,,19,2,16,,,,,,,,,,,,,,,
𗝌,U+1774C,,3.143.2,5024/22,K3105,L4185,L4185,S0910,,3580,36A63,Ⅶ,17,3,35B33,Ⅶ,15,8,3184,,19,2,16,,,,,,2.06.2508,2,2,,,,,,,
𗵻,U+17D7B,,5.083.2,1144/00,K2431,L0346,L0346,S0138,,3581,36A64,Ⅶ,17,4,35B34,Ⅶ,15,9,3183,,19,2,16,,,,,,2.06.2507,2,1,,,,,,,
𗩟,U+17A5F,,4.453.4,2744/22,K2346,L3318,L3318,S3622,204-106,3582,36A65,Ⅶ,18,1,35B35,Ⅶ,16,1,1920,1.66.212,64,1,61,2,2,𘝍,𗓆,,1.21.2307,1,6,,,,,,,
𗱗,U+17C57,,3.595.2,1774/22,K1971,L1518,L1518,S4955,026-063,3583,36A66,Ⅶ,18,2,35B37,Ⅶ,16,3,1921,1.66.221,64,1,61,2,3,𘝍,𗓆,,1.21.2401,1,7,,,,,,,
𘅩,U+18169,,6.384.2,1141/22,K4828,L0274,L0274,S4738,230-101,3584,36A67,Ⅶ,18,3,35B42,Ⅶ,16,6,1922,1.66.222,64,1,61,2,4,𘝍,𗓆,,1.21.2402,1,8,,,,,,,
𗖞,U+1759E,,2.491.2,1874/20,K3175,L1828,L1828,S4609,182-072,3585,36A68,Ⅶ,18,4,35B41,Ⅶ,16,5,1919,1.66.211,64,1,61,2,1,𘝍,𗓆,,1.21.2306,1,5,,,,,,,
𗱤,U+17C64,,3.604.1,1774/00,K2263,L1515,L1515,S4956,,3586,36A71,Ⅶ,19,1,35B38,Ⅶ,16,4,,,64,2,54,,,,,,,,,,,,,,,
𗿩,U+17FE9,,6.076.2,2744/22,K2347,L3324,L3324,S5686,211-109,3587,36A72,Ⅶ,19,2,35B36,Ⅶ,16,2,4139,,64,2,54,,,,,,2.13.2402,1,7,,,,,,,
𗨯,U+17A2F,,4.426.1,2742/90,K1682,L3267,L3267,S3888,,3588,36A73,Ⅶ,20,1,35B46,Ⅶ,17,4,4722,,100,2,85,,,,,,2.17.2604,2,2,,,,,,,
𗉨,U+17268,,1.550.3,1849/20,K0680,L1783,L1783,S5524,,3589,36A74,Ⅶ,20,2,35B44,Ⅶ,17,2,4723,,100,2,85,,,,,,2.17.2605,2,3,,,,,,,
𗉕,U+17255,,1.530.1,1744/20,K3429,L1349,L1349,S5549,,3590,36A75,Ⅶ,20,3,35B43,Ⅶ,17,1,4724,,100,2,85,,,,,,2.17.2606,2,4,,,,,,,
𗇖,U+171D6,,1.429.1,3024/20,K3226,L3826,L3826,S3027,005-105,3591,36A76,Ⅶ,20,4,35B53,Ⅶ,18,1,4725,,100,2,85,,,,,,2.17.2607,2,5,,,,,,,
𘓒,U+184D2,,7.622.2,2151/00,K4821,L2321,L2321,S4097,061-042,3592,36A77,Ⅶ,20,5,35B52,Ⅶ,17,8,4726,,100,2,85,,,,,,2.17.2608,2,6,,,,,,,
𗂳,U+170B3,,1.134.1,2802/00,?,L3471,L3471,S1532,,3593,36A78,Ⅶ,20,6,35B48,Ⅶ,17,6,4727,,100,2,85,,,,,,2.17.2609,2,7,,,,,,,
𘛶,U+186F6,,8.401.1,8142/40,K1804,L5223,L5223,S2853,302-042,3594,36B11,Ⅶ,20,7,35B54,Ⅶ,18,2,4728,,100,2,85,,,,,,2.17.2610,2,8,,,,,,,
𗥽,U+1797D,,4.255.1,2441/90,K3967,L2803,L2803,S3887,204-08zs,3595,36B12,Ⅶ,20,8,35B45,Ⅶ,17,3,4721,,100,2,85,,,,,,2.17.2603,2,1,,,,,,,
𗀳,U+17033,,1.042.2,2804/00,K2549,L3483,L3483,S1530,,3596,36B13,Ⅶ,21,1,35B51,Ⅶ,17,7,,,100,1,92,,,,,,,,,,,,,,,
𗂴,U+170B4,,1.134.2,2802/74,K1441,L3482,L3482,S1533,039-12a,3597,36B14,Ⅶ,21,2,35B47,Ⅶ,17,5,2604,1.91.271,100,1,92,2,1,𘘈,𗥃,,1.29.1104,2,1,,,,,,,
𗊕,U+17295,,1.572.1,2122/40,K0231,L2032,L2032,S4162,181-06a,3598,36B15,Ⅶ,22,1,35B56,Ⅶ,19,2,950,1.35.173,29,1,28,2,2,𗐨,𗙌,,1.12.2602,1,10,,,,,,,
𘇹,U+181F9,,7.581.2,1244/00,K2905,L0544,L0544,S5140,239-041,3599,36B16,Ⅶ,22,2,35B57,Ⅶ,19,3,951,1.35.211,29,1,28,2,3,𗐨,𗙌,,1.12.2603,1,11,,,,,,,
𘈁,U+18201,,7.585.1,1842/20,K1023,L1713,L1713,S5141,239-062,3600,36B17,Ⅶ,22,3,35B58,Ⅶ,19,4,952,1.35.212,29,1,28,2,4,𗐨,𗙌,,1.12.2604,1,12,,,,,,,
𗵨,U+17D68,,5.069.3,1042/28,K0147,L0107,L0107,S0253,,3601,36B18,Ⅶ,22,4,35B61,Ⅶ,19,5,953,1.35.221,29,1,28,2,5,𗐨,𗙌,,1.12.2605,1,13,,,,,,,
𗳳,U+17CF3,,3.694.2,1254/20,K2592,L0612,L0612,S5424,074-051,3602,36B21,Ⅶ,22,5,35B62,Ⅶ,19,6,954,1.35.222,29,1,28,2,6,𗐨,𗙌,,1.12.2606,1,14,,,,,,,
𘏸,U+183F8,,7.398.1,8441/22,K3889,L5442,L5442,S2770,236-06c,3603,36B22,Ⅶ,22,6,35B63,Ⅶ,19,7,949,1.35.172,29,1,28,2,1,𗐨,𗙌,,1.12.2601,1,9,,,,,,,
𗑀,U+17440,,2.221.2,8042/22,K0773,L4931,L4931,S2107,007-074,3604,36B23,Ⅶ,23,1,35B65,Ⅶ,20,2,5149,,71,2,60,,,,,,3.06.1703,1,3,,,,,,,
𗁎,U+1704E,,1.059.2,2704/22,K1972,L2959,L2959,S1600,,3605,36B24,Ⅶ,23,2,35B66,Ⅶ,20,3,,,70,2,60,,,,,,,,,,,,,,,
𘇾,U+181FE,,7.584.1,1844/00,K2990,L1742,L1742,S5142,239-053,3606,36B25,Ⅶ,23,3,35B67,Ⅶ,20,4,5150,,71,2,60,,,,,,3.06.1705,1,5,,,,,,,
𗾷,U+17FB7,,6.039.1,2741/00,K4921,L3110,L3110,S5743,211-071,3607,36B26,Ⅶ,23,4,35B68,Ⅶ,20,5,5147,,71,2,60,,,,,,3.06.1701,1,1,,,,,,,
𗥢,U+17962,,4.225.1,2849/00,K0697,L3636,L3636,S3594,,3608,36B27,Ⅶ,23,5,35B64,Ⅶ,20,1,5148,,71,2,60,,,,,,3.06.1702,1,2,,,,,,,
𗧻,U+179FB,,4.386.1,2144/82,K2123,L2282,L2282,S3739,,3609,36B28,Ⅶ,24,1,35B71,Ⅶ,21,1,,,?,0,?,,,,,,,,,,,,,,,
𘖗,U+18597,,8.181.1,8141/00,K0006,L5173,L5173,S2517,238-111,3610,36B31,Ⅶ,24,2,35B72,Ⅶ,21,2,,,72,0,?,,,,,,,,,,,,,,,
𘝦,U+18766,,8.394.1,8741/50,K5282,L5604,L5604,S2543,298-041,3611,36B32,Ⅶ,24,3,35B74,Ⅶ,21,4,,,?,0,?,,,,,,,,,,,,,,,
𗶜,U+17D9C,,1.557.1,1710/00,K0044,L0905,L0905,S5548,,3612,36B33,Ⅶ,24,4,35B75,Ⅶ,21,5,,,72,0,?,,,,,,,,,,,,,,,
𗒖,U+17496,,2.287.1,8041/20,K0045,L4885,L4885,S2110,,3613,36B34,Ⅶ,24,5,35B76,Ⅶ,21,6,,,72,0,?,,,,,,,,,,,,,,,
𗭅,U+17B45,,3.397.2,8022/10,K5788,L4742,L4742,S3967,,3614,36B35,Ⅶ,24,6,35B73,Ⅶ,21,3,,,?,0,?,,,,,,,,,,,,,,,
𗞛,U+1779B,,3.188.1,5055/00,K0290,L4422,L4422,S0905,017-12j,3615,36B36,Ⅶ,24,7,40A57,Ⅶ,D,23,,,72,0,?,,,,,,,,,,,,,,,
𘓫,U+184EB,,8.002.3,1744/00,K2579,L1309,L1309,S0321,,3616,36B37,Ⅶ,25,1,36A11,Ⅶ,22,3,1267,1.45.172,36,1,35,2,2,𗚋,𗄕,,1.15.2404,1,4,,,,,,,
𗑥,U+17465,,2.254.1,8041/20,K4324,L4886,L4886,S1942,,3617,36B38,Ⅶ,25,2,36A14,Ⅶ,22,6,1268,1.45.173,36,1,35,2,3,𗚋,𗄕,,1.15.2405,1,5,,,,,,,
𗐳,U+17433,,2.212.1,8041/00,K4252,L4865,L4865,S1817,,3618,36B41,Ⅶ,25,3,36A15,Ⅶ,22,7,1269,,36,1,35,,,?,?,,1.15.2406,1,6,,,,,,,
𘄙,U+18119,,6.299.1,1541/20,K4800,L0865,L0865,S4426,,3619,36B42,Ⅶ,25,4,36A16,Ⅶ,22,8,1270,,36,1,35,,,?,?,,1.15.2407,2,1,,,,,,,
𗿌,U+17FCC,,6.052.3,2744/00,K3526,L3297,L3297,S5748,,3620,36B43,Ⅶ,25,5,35B77,Ⅶ,22,1,1266,1.45.171,36,1,35,2,1,𗚋,𗄕,,1.15.2403,1,3,,,,,,,
𗗯,U+175EF,,2.564.3,1741/00,K4603,L1170,L1170,S5366,218-041,3621,36B44,Ⅶ,26,1,36A12,Ⅶ,22,4,3532,,36,2,32,,,,,,2.09.2103,2,2,,,,,,,
𗹛,U+17E5B,,1.040.1,1271/41,K5386,L0623,L0623,S1092,,3622,36B45,Ⅶ,26,2,36A13,Ⅶ,22,5,3533,,36,2,32,,,,,,2.09.2104,2,3,,,,,,,
𗜙,U+17719,,3.123.1,5044/40,K3233,L4365,L4365,S0689,,3623,36B46,Ⅶ,26,3,35B78,Ⅶ,22,2,3531,,36,2,32,,,,,,2.09.2102,2,1,,,,,,,
𗍺,U+1737A,,2.074.2,1421/24,K4082,L0752,L0752,S0297,103-071,3624,36B47,Ⅶ,27,1,36A21,Ⅶ,23,3,676,1.26.232,19,1,19,2,3,𘄀,𘍻,,1.11.1107,2,3,,,,,,,
𗵘,U+17D58,,5.049.2,1021/24,K4083,L0020,L0020,S0173,018-107,3625,36B48,Ⅶ,27,2,36A23,Ⅶ,23,5,678,1.26.242,19,1,19,2,5,𘄀,𘍻,,1.11.1201,2,5,,,,,,,
𗎀,U+17380,,2.078.1,1224/24,K2893,L0503,L0503,S0298,103-093,3626,36B51,Ⅶ,27,3,36A22,Ⅶ,23,4,677,1.26.241,19,1,19,2,4,𘄀,𘍻,,1.11.1108,2,4,,,,,,,
𗳻,U+17CFB,,3.698.2,1151/44,K4287,L0402,L0402,S5431,074-082,3627,36B52,Ⅶ,27,4,36A24,Ⅶ,23,6,679,1.26.243,19,1,19,2,6,𘄀,𘍻,,1.11.1202,2,6,,,,,,,
𗎷,U+173B7,,2.125.2,7894/20,K2091,L4085,L4085,S1655,042-061,3628,36B53,Ⅶ,27,5,36A25,Ⅶ,23,7,680,1.26.251,19,1,19,2,7,𘄀,𘍻,,1.11.1203,2,7,,,,,,,
𗜊,U+1770A,,3.108.2,5024/22,K2309,L4428,L4428,S0976,,3629,36B54,Ⅶ,27,6,36A18,Ⅶ,23,2,681,1.26.252,19,1,19,2,8,𘄀,𘍻,,1.11.1204,2,8,,,,,,,
𗎂,U+17382,,2.079.1,1821/22,K5077,L1588,L1588,S0293,,3630,36B55,Ⅶ,27,7,36A17,Ⅶ,23,1,675,1.26.231,19,1,19,2,2,𘄀,𘍻,,1.11.1106,2,2,,,,,,,
𗝶,U+17776,,3.168.4,5054/22,K1973,L4397,L4397,S0948,017-117,3631,36B56,Ⅶ,28,1,36A27,Ⅶ,23,9,,,19,2,16,,,,,,,,,,,,,,,
𗎸,U+173B8,,2.125.3,7591/00,K4622,L4054,L4054,S1653,,3632,36B57,Ⅶ,28,2,36A26,Ⅶ,23,8,,,19,2,16,,,,,,,,,,,,,,,
𗜞,U+1771E,,3.125.1,5024/40,K3194,L4191,L4191,S0728,,3633,36B58,Ⅶ,29,1,36A32,Ⅶ,24,3,1663,1.57.261,53,1,51,2,2,𗁮,𘃤,,1.19.1604,2,2,,,,,,,
𗧏,U+179CF,,4.343.4,2441/22,K3822,L2754,L2754,S3812,,3634,36B61,Ⅶ,29,2,36A34,Ⅶ,25,2,1664,1.57.262,53,1,51,2,3,𗁮,𘃤,,1.19.1605,2,3,,,,,,,
𗞇,U+17787,,3.178.3,5044/20,K2644,L4347,L4347,S0874,,3635,36B62,Ⅶ,29,3,36A28,Ⅶ,24,1,1662,1.57.253,53,1,51,2,1,𗁮,𘃤,,1.19.1603,2,1,,,,,,,
𘇀,U+181C0,,6.458.1,1725/55,K0586,L0525,L0525,S5203,,3636,36B63,Ⅶ,30,1,36A33,Ⅶ,25,1,3906,,53,2,44,,,,,,2.12.1310,1,4,,,,,,,
𗵠,U+17D60,,5.063.2,1051/20,K4787,L0138,L0138,S0231,,3637,36B64,Ⅶ,30,2,36A37,Ⅶ,25,5,3907,,53,2,44,,,,,,2.12.1311,1,5,,,,,,,
𗼔,U+17F14,,5.369.2,2181/22,K5441,L2336,L2336,S3322,,3638,36B65,Ⅶ,30,3,36A35,Ⅶ,25,3,3908,,53,2,44,,,,,,2.12.1401,1,6,,,,,,,
𗟯,U+177EF,,3.230.1,1544/40,K3297,L0876,L0876,S0308,,3639,36B66,Ⅶ,30,4,36A31,Ⅶ,24,2,3905,,53,2,44,,,,,,2.12.1309,1,3,,,,,,,
𘜵,U+18735,,8.456.1,5192/20,K0499,L4439,L4439,S0963,017c-041,3640,36B67,Ⅶ,31,1,36A42,Ⅶ,26,3,87,1.07.243,2,1,2,7,3,𗪘,𗢛,,1.05.1709,7,3,,,,,,,
𗭑,U+17B51,,3.410.3,3921/24,K5212,L4010,L4010,S2984,105-064,3641,36B68,Ⅶ,31,2,36A41,Ⅶ,26,2,88,1.07.251,2,1,2,7,4,𗪘,𗢛,,1.05.2101,7,4,,,,,,,
𘜲,U+18732,,8.452.3,5090/00,K0667,L4425,L4425,S0962,017-063,3642,36B71,Ⅶ,31,3,36A38,Ⅶ,26,1,86,1.07.242,2,1,2,7,2,𗪘,𗢛,,1.05.1708,7,2,,,,,,,
𗬤,U+17B24,,3.378.2,2171/40,K5126,L2315,L2315,S5802,183-042,3643,36B72,Ⅶ,32,1,36A46,Ⅶ,26,7,2719,,2,2,2,,,,,,2.02.2703,1,9,,,,,,,
𗂂,U+17082,,1.090.4,2204/42,K2608,L2385,L2385,S1514,039-106,3644,36B73,Ⅶ,32,2,36A47,Ⅶ,26,8,2720,,2,2,2,,,,,,2.02.2704,1,10,,,,,,,
𗲺,U+17CBA,,3.655.1,1744/22,K2783,L1365,L1365,S4989,,3645,36B74,Ⅶ,32,3,36A44,Ⅶ,26,5,2721,,2,2,2,,,,,,2.02.2705,1,11,,,,,,,
𗻗,U+17ED7,,5.330.1,2244/40,K5755,L2502,L2502,S3257,,3646,36B75,Ⅶ,32,4,36A45,Ⅶ,26,6,2722,,2,2,2,,,,,,2.02.2706,1,12,,,,,,,
𘕱,U+18571,,8.146.1,9151/50,K4306,L5843,L5843,S1715,146-031,3647,36B76,Ⅶ,32,5,36A51,Ⅶ,26,10,2723,,2,2,2,,,,,,2.02.2707,1,13,,,,,,,
𘜒,U+18712,,8.429.1,1421/20,K3804,L0743,L0743,S4916,,3648,36B77,Ⅶ,32,6,36A43,Ⅶ,26,4,2718,,2,2,2,,,,,,2.02.2702,1,8,,,,,,,
𘋤,U+182E4,,7.182.2,9491/24,K3924,L5907,L5907,S1769,176-091,3649,36B78,Ⅶ,33,1,36A54,Ⅶ,27,3,3277,,26,2,23,,,,,,2.07.2304,1,2,,,,,,,
𘀒,U+18012,,6.113.3,3421/24,K4119,L3927,L3927,S2888,,3650,37A11,Ⅶ,33,2,36A53,Ⅶ,27,2,3278,,26,2,23,,,,,,2.07.2305,1,3,,,,,,,
𗈈,U+17208,,1.458.1,1741/44,K3920,L1210,L1210,S4445,009-118,3651,37A12,Ⅶ,33,3,36A55,Ⅶ,27,4,3279,,26,2,23,,,,,,2.07.2306,1,4,,,,,,,
𗜳,U+17733,,3.134.1,5074/44,K1079,L4419,L4419,S0764,,3652,37A13,Ⅶ,33,4,36A52,Ⅶ,27,1,3276,,26,2,23,,,,,,2.07.2303,1,1,,,,,,,
𘄀,U+18100,,6.276.2,1722/22,K0791,L1013,L1013,S4344,108-066,3653,37A14,Ⅶ,34,1,36A56,Ⅶ,28,1,76,1.07.171,2,1,2,5,2,𗚋,𗢛,,1.05.1605,5,2,,,,,,,
𗉠,U+17260,,1.544.3,1742/24,K1732,L1260,L1260,S5519,185-071,3654,37A15,Ⅶ,34,2,36A58,Ⅶ,28,3,77,1.07.172,2,1,2,5,3,𗚋,𗢛,,1.05.1606,5,3,,,,,,,
𘗩,U+185E9,,8.237.2,1722/55,K1183,L1055,L1055,S4372,,3655,37A16,Ⅶ,34,3,36A57,Ⅶ,28,2,75,1.07.163,2,1,2,5,1,𗚋,𗢛,,1.05.1604,5,1,,,,,,,
𘅫,U+1816B,,6.385.2,1844/00,K2505,L1736,L1736,S4737,230-092,3656,37A17,Ⅶ,34,4,36A61,Ⅶ,28,4,78,1.07.211,2,1,2,5,4,𗚋,𗢛,,1.05.1607,5,4,,,,,,,
𗓞,U+174DE,,2.334.3,8049/00,K0749,L5012,L5012,S2005,007-12c,3657,37A18,Ⅶ,34,5,36A63,Ⅶ,28,6,79,1.07.212,2,1,2,5,5,𗚋,𗢛,,1.05.1701,5,5,,,,,,,
𗑄,U+17444,,2.225.1,8090/00,K0752,L5054,L5054,S1803,007-089,3658,37A21,Ⅶ,34,6,36A62,Ⅶ,28,5,80,1.07.213,2,1,2,5,6,𗚋,𗢛,,1.05.1702,5,6,,,,,,,
𘇸,U+181F8,,6.491.3,1974/44,K1060,L1882,L1882,S5100,,3659,37A22,Ⅶ,34,7,36A64,Ⅶ,28,7,81,1.07.221,2,1,2,5,7,𗚋,𗢛,,1.05.1703,5,7,,,,,,,
𗴬,U+17D2C,,3.747.2,2744/00,K2986,L3272,L3272,S4136,,3660,37A23,Ⅶ,34,8,36A65,Ⅶ,28,8,82,1.07.222,2,1,2,5,8,𗚋,𗢛,,1.05.1704,5,8,,,,,,,
𗦰,U+179B0,,4.307.2,2141/25,K5324,L2120,L2120,S3733,204-08zr,3661,37A24,Ⅶ,35,1,37A68,Ⅶ,57,1,2423,1.85.121,86,1,81,2,1,𗐨,𗆿,,1.27.1301,1,5,,,,,,,
𗇆,U+171C6,,1.413.2,2121/50,K5322,L2017,L2017,S3101,043-061,3662,37A25,Ⅶ,35,2,37A71,Ⅶ,57,2,2424,1.85.122,86,1,81,2,2,𗐨,𗆿,,1.27.1302,1,6,,,,,,,
𗉾,U+1727E,,1.559.3,2121/00,K4532,L1988,L1988,S4147,181-046,3663,37A26,Ⅶ,35,3,37A72,Ⅶ,57,3,2425,1.85.123,86,1,81,2,3,𗐨,𗆿,,,,,,,,,,,
𗖂,U+17582,,2.468.1,1172/24,K1898,L0447,L0447,S4605,182-065,3664,37A27,Ⅶ,36,1,36A67,Ⅶ,29,2,1584,1.55.163,50,1,48,2,3,𗁮,𗄈,,1.18.2301,2,4,,,,,,,
𘃩,U+180E9,,6.261.1,8122/24,K3684,L5122,L5122,S2412,,3665,37A28,Ⅶ,36,2,36A71,Ⅶ,30,2,1585,1.55.171,50,1,48,2,4,𗁮,𗄈,,1.18.2302,2,5,,,,,,,
𘏉,U+183C9,,7.356.1,8142/24,K1897,L5218,L5218,S2703,236-06f,3666,37A31,Ⅶ,36,3,36A66,Ⅶ,29,1,1583,1.55.162,50,1,48,2,2,𗁮,𗄈,,1.18.2208,2,2,,,,,,,
𗑒,U+17452,,2.236.1,8022/28,K0152,L4768,L4768,S1782,,3667,37A32,Ⅶ,37,1,36A77,Ⅶ,31,6,702,1.27.211,19,1,19,8,4,𗮙,𘄰,,1.11.1406,8,4,,,,,,,
𗐭,U+1742D,,2.205.2,8022/24,K1753,L4761,L4761,S1784,007-064,3668,37A33,Ⅶ,37,2,36A72,Ⅶ,31,1,703,1.27.212,19,1,19,8,5,𗮙,𘄰,,1.11.1407,8,5,,,,,,,
𘄝,U+1811D,,6.300.2,1824/20,K3244,L1636,L1636,S4463,,3669,37A34,Ⅶ,37,3,36A74,Ⅶ,31,3,704,1.27.221,19,1,19,8,6,𗮙,𘄰,,1.11.1408,8,6,,,,,,,
𗉢,U+17262,,1.546.1,1844/20,K3257,L1751,L1751,S5528,,3670,37A35,Ⅶ,37,4,36A75,Ⅶ,31,4,705,1.27.222,19,1,19,8,7,𗮙,𘄰,,1.11.1501,8,7,,,,,,,
𗡴,U+17874,,3.319.2,1441/40,K4155,L0807,L0807,S1179,220-061,3671,37A36,Ⅶ,37,5,36A76,Ⅶ,31,5,706,1.27.231,19,1,19,8,8,𗮙,𘄰,,1.11.1502,8,8,,,,,,,
𗉍,U+1724D,,1.524.1,1144/24,K1033,L0372,L0372,S5508,,3672,37A37,Ⅶ,37,6,36A78,Ⅶ,31,7,707,1.27.232,19,1,19,8,9,𗮙,𘄰,,1.11.1503,8,9,,,,,,,
𗕤,U+17564,,2.440.1,1742/40,K1836,L1268,L1268,S4386,,3673,37A38,Ⅶ,37,7,36A73,Ⅶ,31,2,701,1.27.172,19,1,19,8,3,𗮙,𘄰,,1.11.1405,8,3,,,,,,,
𘟉,U+187C9,,8.575.1,1411/40,K4214,L0741,L0741,S0162,,3674,37A41,Ⅶ,38,1,36B15,Ⅶ,32,5,1553,1.54.171,46,1,45,3,3,𗁮,𗦫,,1.18.1602,3,3,,,,,,,
𗉲,U+17272,,1.555.3,1141/24,K4513,L0282,L0282,S5541,,3675,37A42,Ⅶ,38,2,38B38,Ⅶ,102,3,1554,1.54.172,46,1,45,3,4,𗁮,𗦫,,1.18.1603,3,4,,,,,,,
𘙽,U+1867D,,8.334.1,1324/40,K2040,L0664,L0664,S5080,,3676,37A43,Ⅶ,38,3,36B14,Ⅶ,32,4,1552,1.54.163,46,1,45,3,2,𗁮,𗦫,,1.18.1601,3,2,,,,,,,
𘏼,U+183FC,,7.402.3,8744/00,K2546,L5646,L5646,S2787,,3677,37A44,Ⅶ,39,1,36B12,Ⅶ,32,2,3785,,46,2,40,,,,,,2.11.1604,2,7,,,,,,,
𗀲,U+17032,,1.042.1,2102/40,K1894,L1952,L1952,S1243,,3678,37A45,Ⅶ,39,2,36B13,Ⅶ,32,3,3786,,46,2,40,,,,,,2.11.1605,2,8,,,,,,,
𘁤,U+18064,,6.152.3,8724/20,K2536,L5549,L5549,S1922,106-063,3679,37A46,Ⅶ,39,3,36B11,Ⅶ,32,1,3784,,46,2,40,,,,,,2.11.1603,2,6,,,,,,,
𗳢,U+17CE2,,3.680.1,1141/41,K5305,L0303,L0303,S5378,222-052,3680,37A47,Ⅶ,40,1,36B17,Ⅶ,33,2,,,?,0,?,,,,,,,,,,,,,,,
𗡯,U+1786F,,3.317.1,1141/41,K5298,L0302,L0302,S1169,220-053,3681,37A48,Ⅶ,40,2,36B18,Ⅶ,33,3,,,?,0,?,,,,,,,,,,,,,,,
𗓏,U+174CF,,2.327.1,8024/20,K1990,L4810,L4810,S1775,007-118,3682,37A51,Ⅶ,40,3,36B16,Ⅶ,33,1,,,?,0,?,,,,,,,,,,,,,,,
𘖛,U+1859B,,8.209.3,8254/00,K2589,L5345,L5345,S2549,,3683,37A52,Ⅶ,41,1,36B22,Ⅶ,34,2,1786,1.62.122,58,1,56,5,3,𗈤,𗤛,,1.20.1707,5,3,,,,,,,
𘟪,U+187EA,,8.605.2,8044/40,K1937,L4995,L4995,S2599,028-093,3684,37A53,Ⅶ,41,2,36B23,Ⅶ,34,3,1787,1.62.131,58,1,56,5,4,𗈤,𗤛,,1.20.1708,5,4,,,,,,,
𗸵,U+17E35,,5.216.1,1525/27,K1477,L0858,L0858,S1225,252-141,3685,37A54,Ⅶ,41,3,36B25,Ⅶ,34,5,1788,1.62.132,58,1,56,5,5,𗈤,𗤛,,1.20.1709,5,5,,,,,,,
𗬎,U+17B0E,,3.365.2,2244/00,K2920,L2459,L2459,S3748,,3686,37A55,Ⅶ,41,4,36B34,Ⅶ,35,1,1789,1.62.133,58,1,56,5,6,𗈤,𗤛,,1.20.2101,5,6,,,,,,,
𗼆,U+17F06,,5.349.2,2181/20,K4499,L2335,L2335,S3304,205-045,3687,37A56,Ⅶ,41,5,36B24,Ⅶ,34,4,1790,1.62.141,58,1,56,5,7,𗈤,𗤛,,1.20.2102,5,7,,,,,,,
𘇐,U+181D0,,6.472.2,4744/00,K2929,L4071,L4071,S5315,029-081,3688,37A57,Ⅶ,41,6,36B35,Ⅶ,35,2,1791,1.62.142,58,1,56,5,8,𗈤,𗤛,,1.20.2103,5,8,,,,,,,
𘊇,U+18287,,7.113.1,2922/42,K0893,L3774,L3774,S3167,243-083,3689,37A58,Ⅶ,41,7,36B32,Ⅶ,34,10,1792,1.62.151,58,1,56,5,9,𗈤,𗤛,,1.20.2104,5,9,,,,,,,
𘂘,U+18098,,6.180.2,9774/42,K2362,L5965,L5965,S1756,,3690,37A61,Ⅶ,41,8,36B21,Ⅶ,34,1,1785,1.62.121,58,1,56,5,2,𗈤,𗤛,,1.20.1706,5,2,,,,,,,
𗕉,U+17549,,2.410.2,9074/42,K5727,L5816,L5816,S2865,037-131,3691,37A62,Ⅶ,42,1,36B27,Ⅶ,34,7,4034,,57,2,48,,,,,,2.12.2711,3,3,,,,,,,
𗓥,U+174E5,,2.337.4,8042/28,K0148,L4937,L4937,S2133,,3692,37A63,Ⅶ,42,2,36B28,Ⅶ,34,8,4035,,57,2,48,,,,,,2.12.2712,3,4,,,,,,,
𗥁,U+17941,,5.367.1,2781/25,K5270,L2118,L2118,S3511,,3693,37A64,Ⅶ,42,3,36B31,Ⅶ,34,9,4036,,57,2,48,,,,,,2.13.1101,3,5,,,,,,,
𗀒,U+17012,,1.017.3,1041/00,K4177,L0068,L0068,S1066,001-085,3694,37A65,Ⅶ,42,4,36B33,Ⅶ,34,11,4037,,57,2,48,,,,,,2.13.1102,3,6,,,,,,,
𘂥,U+180A5,,6.194.1,9774/42,K5726,L5968,L5968,S1751,157-083,3695,37A66,Ⅶ,42,5,36B26,Ⅶ,34,6,4033,,57,2,48,,,,,,2.12.2710,3,2,,,,,,,
𗄒,U+17112,,1.194.1,1041/41,K5483,L0094,L0094,S0043,003-111,3696,37A67,Ⅶ,43,1,36B36,Ⅶ,36,1,1587,1.55.211,50,1,48,3,2,𗪘,𗩻,,1.18.2304,2,7,,,,,,,
𘈝,U+1821D,,7.018.3,1141/24,K4408,L0284,L0284,S0041,195-071,3697,37A68,Ⅶ,43,2,36B38,Ⅶ,36,3,1588,1.55.212,50,1,48,3,3,𗪘,𗩻,,1.18.2305,2,8,,,,,,,
𘈕,U+18215,,7.011.1,1741/24,K3696,L1196,L1196,S0047,,3698,37A71,Ⅶ,43,3,36B41,Ⅶ,36,4,1589,1.55.213,50,1,48,3,4,𗪘,𗩻,,1.18.2306,2,9,,,,,,,
𗄈,U+17108,,1.182.3,1021/21,K5475,L0009,L0009,S0001,003-091,3699,37A72,Ⅶ,43,4,36B37,Ⅶ,36,2,1586,1.55.172,50,1,48,3,1,𗪘,𗩻,,1.18.2303,2,6,,,,,,,
𗽇,U+17F47,,5.431.2,2844/00,K3475,L3667,L3667,S4002,,3700,37A73,Ⅶ,44,1,36B43,Ⅶ,37,2,652,1.25.262,18,1,18,5,2,𗳶,𘛈,,1.10.2510,4,5,,,,,,,
𘍰,U+18370,,7.285.1,8742/40,K1783,L5634,L5634,S2406,212-031,3701,37A74,Ⅶ,44,2,36B44,Ⅶ,37,3,653,1.25.271,18,1,18,5,3,𗳶,𘛈,,1.10.2601,4,6,,,,,,,
𘍲,U+18372,,7.285.3,8241/21,K5389,L5311,L5311,S2404,,3702,37A75,Ⅶ,44,3,36B45,Ⅶ,37,4,654,1.25.272,18,1,18,5,4,𗳶,𘛈,,1.10.2602,4,7,,,,,,,
𗠋,U+1780B,,3.255.2,7725/40,K0351,L4621,L4621,S0547,,3703,37A76,Ⅶ,44,4,36B46,Ⅶ,37,5,655,1.26.111,18,1,18,5,5,𗳶,𘛈,,1.10.2603,4,8,,,,,,,
𗒓,U+17493,,2.282.2,8024/50,K2712,L4837,L4837,S2091,,3704,37A77,Ⅶ,44,5,36B42,Ⅶ,37,1,651,1.25.261,18,1,18,5,1,𗳶,𘛈,,1.10.2509,4,4,,,,,,,
𗿜,U+17FDC,,6.066.4,2741/50,K4587,L3170,L3170,S5736,,3705,37A78,Ⅶ,45,1,36B48,Ⅶ,38,2,322,1.15.153,10,1,10,4,2,𗋐,𗄋,,1.07.2506,4,2,,,,,,,
𗺋,U+17E8B,,5.305.1,4101/11,K5465,L4017,L4017,S3110,070-062,3706,37B11,Ⅶ,45,2,36B52,Ⅶ,39,2,323,1.15.161,10,1,10,4,3,𗋐,𗄋,,1.07.2601,4,3,,,,,,,
𘙩,U+18669,,8.318.2,1721/61,K5391,L0985,L0985,S5256,082-071,3707,37B12,Ⅶ,45,3,36B54,Ⅶ,39,4,324,1.15.162,10,1,10,4,4,𗋐,𗄋,,1.07.2602,4,4,,,,,,,
𗁮,U+1706E,,1.079.1,2801/42,K5106,L3465,L3465,S1582,039-093,3708,37B13,Ⅶ,45,4,36B47,Ⅶ,38,1,321,1.15.152,10,1,10,4,1,𗋐,𗄋,,1.07.2505,4,1,,,,,,,
𘜓,U+18713,,8.429.2,1121/22,K5011,L0170,L0170,S4902,,3709,37B14,Ⅶ,46,1,36B53,Ⅶ,39,3,2939,,10,2,9,,,,,,2.04.2208,4,2,,,,,,,
𗺉,U+17E89,,5.297.1,4101/12,K5009,L4018,L4018,S3109,070-041,3710,37B15,Ⅶ,46,2,36B51,Ⅶ,39,1,2938,,10,2,9,,,,,,2.04.2207,4,1,,,,,,,
𗃲,U+170F2,,1.175.2,2171/24,K4452,L2311,L2311,S4073,180-101,3711,37B16,Ⅶ,47,1,36B57,Ⅶ,40,3,4886,Z.06.212,42,1,41,4,4,?,?,,3.03.1607,4,4,,,,,,,
𗃙,U+170D9,,1.159.1,2774/20,K2494,L3414,L3414,S4071,180-076,3712,37B17,Ⅶ,47,2,36B56,Ⅶ,40,2,4887,Z.06.221,42,1,41,4,5,?,?,,3.03.1608,4,5,,,,,,,
𗷱,U+17DF1,,5.173.1,1852/54,K1857,L1790,L1790,S0352,,3713,37B18,Ⅶ,47,3,36B63,Ⅶ,40,7,4888,Z.06.222,42,1,41,4,6,?,?,,3.03.1609,4,6,,,,,,,
𗸉,U+17E09,,5.191.3,1855/52,K0452,L1807,L1807,S0340,,3714,37B21,Ⅶ,47,4,36B62,Ⅶ,40,6,4889,Z.06.231,42,1,41,4,7,?,?,,3.03.1610,4,7,,,,,,,
𘈮,U+1822E,,7.037.3,1541/40,K4784,L0869,L0869,S1117,117-051,3715,37B22,Ⅶ,47,5,36B58,Ⅶ,40,4,4890,Z.06.232,42,1,41,4,8,?,?,,3.03.1701,4,8,,,,,,,
𗅷,U+17177,,1.363.2,2704/22,K2343,L2962,L2962,S1421,041-096,3716,37B23,Ⅶ,47,6,36B64,Ⅶ,40,8,4891,Z.06.241,42,1,41,4,9,?,?,,3.03.1702,4,9,,,,,,,
𘈰,U+18230,,7.038.2,1841/40,K4656,L1690,L1690,S1115,,3717,37B24,Ⅶ,47,7,36B61,Ⅶ,40,5,,,42,2,36,,,,,,,,,,,,,,,
𗒈,U+17488,,2.274.4,8021/40,K4362,L4707,L4707,S1956,,3718,37B25,Ⅶ,47,8,36B55,Ⅶ,40,1,4885,Z.06.211,42,1,41,4,3,?,?,,3.03.1606,4,3,,,,,,,
𗿷,U+17FF7,,6.088.3,2741/22,K4947,L3126,L3126,S5753,211-122,3719,37B26,Ⅶ,48,1,36B66,Ⅶ,41,2,5158,Z.17.231,36,2,32,2,2,𗃲,𗜙,,3.06.2207,3,6,,,,,,,
𗎔,U+17394,,2.089.2,4172/80,K0179,L4033,L4033,S0601,,3720,37B27,Ⅶ,48,2,36B67,Ⅶ,41,3,5159,Z.17.232,36,2,32,2,3,𗃲,𗜙,,3.06.2208,3,7,,,,,,,
𘑌,U+1844C,,7.460.3,8841/22,K4661,L5726,L5726,S2659,236-113,3721,37B28,Ⅶ,48,3,36B68,Ⅶ,41,4,5160,Z.17.241,36,2,32,2,4,𗃲,𗜙,,3.06.2209,3,8,,,,,,,
𗢋,U+1788B,,3.046.2,4704/10,?,L4057,L4057,S2967,,3722,37B31,Ⅶ,48,4,36B72,Ⅶ,41,6,5161,Z.17.242,36,2,32,2,5,𗃲,𗜙,,3.06.2301,3,9,,,,,,,
𗹳,U+17E73,,5.286.2,2401/52,K3975,L2715,L2715,S1304,135-054,3723,37B32,Ⅶ,48,5,36B71,Ⅶ,41,5,5162,Z.17.251,36,2,32,2,6,𗃲,𗜙,,3.06.2302,3,10,,,,,,,
𗓣,U+174E3,,2.337.1,8042/70,K0276,L4944,L4944,S2024,007-11e,3724,37B33,Ⅶ,48,6,36B65,Ⅶ,41,1,5157,Z.17.222,36,2,32,2,1,𗃲,𗜙,,3.06.2206,3,5,,,,,,,
𘈘,U+18218,,7.015.1,1844/20,K2106,L1760,L1760,S0049,,3725,37B34,Ⅶ,49,1,36B74,Ⅶ,42,2,1010,1.37.143,30,1,29,10,3,𗛈,𗙮,,1.13.1507,7,3,,,,,,,
𗆋,U+1718B,,1.377.3,2601/24,K4816,L2902,L2902,S1440,,3726,37B35,Ⅶ,49,2,36B76,Ⅶ,42,4,1011,1.37.151,30,1,29,10,4,𗛈,𗙮,,1.13.1508,7,4,,,,,,,
𘝟,U+1875F,,8.505.1,8421/40,K4141,L5424,L5424,S1957,,3727,37B36,Ⅶ,49,3,36B73,Ⅶ,42,1,1009,1.37.142,30,1,29,10,2,𗛈,𗙮,,1.13.1506,7,2,,,,,,,
𘁙,U+18059,,6.144.1,8522/24,K1397,L5782,L5782,S1924,106-051,3728,37B37,Ⅶ,50,1,37A11,Ⅶ,43,3,4902,Z.07.122,19,1,19,8,2,𗶧,𗉢,,3.03.2103,8,2,,,,,,,
𗳔,U+17CD4,,3.671.2,5874/22,K2093,L5988,L5988,S5341,157-063,3729,37B38,Ⅶ,50,2,37A13,Ⅶ,43,5,4903,Z.07.131,19,1,19,8,3,𗶧,𗉢,,3.03.2104,8,3,,,,,,,
𗂊,U+1708A,,1.097.1,2101/42,K5418,L1927,L1927,S1543,,3730,37B41,Ⅶ,50,3,36B78,Ⅶ,43,2,4904,Z.07.132,19,1,19,8,4,𗶧,𗉢,,3.03.2105,8,4,,,,,,,
𗒜,U+1749C,,2.288.3,8044/20,K2249,L4970,L4970,S1818,,3731,37B42,Ⅶ,50,4,36B77,Ⅶ,43,1,4901,Z.07.121,19,1,19,8,1,𗶧,𗉢,,3.03.2102,8,1,,,,,,,
𘎆,U+18386,,7.299.3,8041/20,K4992,L4889,L4889,S2537,027-061,3732,37B43,Ⅶ,51,1,37A15,Ⅶ,44,2,4893,Z.06.243,31,1,30,5,2,𗌓,𗃄,,3.03.1704,5,2,,,,,,,
𗶎,U+17D8E,,5.094.4,1244/22,K2837,L0574,L0574,S0144,221-083,3733,37B44,Ⅶ,51,2,37A14,Ⅶ,44,1,4892,Z.06.242,31,1,30,5,1,𗌓,𗃄,,3.03.1703,5,1,,,,,,,
𘊪,U+182AA,,7.140.3,3344/20,K2151,L3919,L3919,S2916,,3734,37B45,Ⅶ,52,1,37A16,Ⅶ,45,1,2180,1.75.251,72,1,69,4,3,𗉝,𗎰,,,,,,,,,,,
𗏏,U+173CF,,2.158.1,2240/40,K0103,L2441,L2441,S5594,202-064,3735,37B46,Ⅶ,52,2,37A18,Ⅶ,45,3,2181,1.75.252,72,1,69,4,4,𗉝,𗎰,,1.24.1703,4,3,,,,,,,
𗕳,U+17573,,2.449.1,1741/22,K4788,L1191,L1191,S4421,010-132,3736,37B47,Ⅶ,52,3,37A21,Ⅶ,45,4,2182,1.75.261,72,1,69,4,5,𗉝,𗎰,,1.24.1704,4,4,,,,,,,
𘁈,U+18048,,6.138.3,8744/40,K3139,L5665,L5665,S2160,099-071,3737,37B48,Ⅶ,52,4,37A22,Ⅶ,45,5,2183,1.75.262,72,1,69,4,6,𗉝,𗎰,,1.24.1705,4,5,,,,,,,
𘛸,U+186F8,,8.402.2,8244/00,K2931,L5320,L5320,S2855,302-041,3738,37B51,Ⅶ,53,1,37A23,Ⅶ,46,1,4898,Z.06.272,2,1,2,7,1,𗃲,𘝒,,3.03.1709,7,1,,,,,,,
𗸦,U+17E26,,5.202.1,1244/00,K2930,L0545,L0545,S1087,223-041,3739,37B52,Ⅶ,53,2,37A24,Ⅶ,46,2,4899,Z.07.111,2,1,2,7,2,𗃲,𘝒,,3.03.1710,7,2,,,,,,,
𗷣,U+17DE3,,5.155.2,1821/17,K5685,L1585,L1585,S0389,279-061,3740,37B53,Ⅶ,53,3,37A26,Ⅶ,47,1,4900,Z.07.112,2,1,2,7,3,𗃲,𘝒,,3.03.2101,7,3,,,,,,,
𗸯,U+17E2F,,5.208.1,1742/00,K0261,L1220,L1220,S1089,223-081,3741,37B54,Ⅶ,53,4,37A25,Ⅶ,46,3,,,2,1,2,,,,,,,,,,,,,,,
𗊝,U+1729D,,1.580.2,2824/20,K2096,L3544,L3544,S4215,181-06b,3742,37B55,Ⅶ,54,1,37A28,Ⅶ,48,1,4906,Z.07.141,21,1,21,9,2,𗃲,𗿍,,3.03.2107,9,2,,,,,,,
𘉥,U+18265,,7.089.1,2722/12,K1602,L3020,L3020,S3299,150-041,3743,37B56,Ⅶ,54,2,37A31,Ⅶ,48,2,4907,Z.07.142,21,1,21,9,3,𗃲,𗿍,,3.03.2108,9,3,,,,,,,
𘉦,U+18266,,7.090.1,2722/12,K1678,L3021,L3021,S3300,,3744,37B57,Ⅶ,54,3,37A32,Ⅶ,48,3,,,21,1,21,,,,,,,,,,,,,,,
𘘔,U+18614,,8.262.1,1142/40,K0226,L0339,L0339,S4837,296-061,3745,37B58,Ⅶ,54,4,37A34,Ⅶ,48,5,4908,Z.07.151,21,1,21,9,4,𗃲,𗿍,,3.03.2109,9,4,,,,,,,
𗯼,U+17BFC,,3.508.1,8141/24,K5258,L5185,L5185,S2818,194-072,3746,37B61,Ⅶ,54,5,37A35,Ⅶ,48,6,4909,Z.07.152,21,1,21,9,5,𗃲,𗿍,,3.03.2110,9,5,,,,,,,
𗰍,U+17C0D,,3.519.4,8742/24,K1739,L5630,L5630,S2844,188-071,3747,37B62,Ⅶ,55,1,40B36,Ⅶ,D,62,1534,1.53.261,45,1,44,1,2,𘆵,𗫦,,1.18.1305,1,2,,,,,,,
𘊌,U+1828C,,7.118.1,2724/40,K2407,L3064,L3064,S3189,,3748,37B63,Ⅶ,55,2,40B12,Ⅶ,D,42,1533,1.53.251,45,1,44,1,1,𘆵,𗫦,,1.18.1304,1,1,,,,,,,
𘘱,U+18631,,8.291.1,1142/20,K1012,L0323,L0323,S5002,297-055,3749,37B64,Ⅶ,56,1,37A42,Ⅶ,51,1,2432,1.85.171,87,1,82,3,3,𗳡,𘍇,,1.27.1403,3,3,,,,,,,
𗳓,U+17CD3,,3.671.1,5972/27,K1406,L5994,L5994,S5342,,3750,37B65,Ⅶ,56,2,37A43,Ⅶ,51,2,2433,1.85.172,87,1,82,3,4,𗳡,𘍇,,1.27.1404,3,4,,,,,,,
𗷢,U+17DE2,,5.155.1,1921/17,K5682,L1843,L1843,S0388,,3751,37B66,Ⅶ,57,1,37A45,Ⅶ,52,1,4057,,60,2,50,,,,,,2.13.1303,1,1,,,,,,,
𗗭,U+175ED,,2.564.1,5804/22,K3224,L5984,L5984,S5463,,3752,37B67,Ⅶ,57,2,37A47,Ⅶ,52,3,4058,,60,2,50,,,,,,2.13.1304,1,2,,,,,,,
𗸽,U+17E3D,,5.221.1,1321/22,K5041,L0641,L0641,S1105,,3753,37B68,Ⅶ,57,3,37A46,Ⅶ,52,2,4059,,60,2,50,,,,,,2.13.1305,1,3,,,,,,,
𘕠,U+18560,,8.129.3,8821/44,K5194,L5697,L5697,S1887,248-062,3754,37B71,Ⅶ,58,1,37A48,Ⅶ,53,1,2581,1.91.121,96,1,90,1,2,𗼛,𘇓,,1.28.2404,1,2,,,,,,,
𗋋,U+172CB,,1.612.2,2121/40,K4425,L2005,L2005,S4256,181-089,3755,37B72,Ⅶ,58,2,37A52,Ⅶ,53,3,2582,1.91.122,96,1,90,1,3,𗼛,𘇓,,1.28.2501,1,3,,,,,,,
𗩽,U+17A7D,,4.476.3,2141/24,K4426,L2113,L2113,S3786,204-10t,3756,37B73,Ⅶ,59,1,37A53,Ⅶ,53,4,4677,,96,2,81,,,,,,2.17.2103,1,1,,,,,,,
𗌒,U+17312,,1.671.4,2724/40,K3044,L3061,L3061,S4258,181-123,3757,37B74,Ⅶ,59,2,37A51,Ⅶ,53,2,4678,,96,2,81,,,,,,2.17.2104,1,2,,,,,,,
𘝓,U+18753,,8.484.3,2511/00,K4743,L2842,L2842,S3953,,3758,37B75,Ⅶ,60,1,37A55,Ⅶ,54,2,93,1.07.272,2,1,2,10,1,𗮙,𘘏,,1.05.2106,10,1,,,,,,,
𘝔,U+18754,,8.485.1,2811/40,K5135,L3521,L3521,S3950,,3759,37B76,Ⅶ,60,2,37A57,Ⅶ,54,4,94,1.08.111,2,1,2,10,2,𗮙,𘘏,,1.05.2107,10,2,,,,,,,
𘝒,U+18752,,8.484.2,2812/20,K0554,L3522,L3522,S3952,,3760,37B77,Ⅶ,60,3,37A56,Ⅶ,54,3,95,1.08.112,2,1,2,10,3,𗮙,𘘏,,1.05.2108,10,3,,,,,,,
𗉱,U+17271,,1.555.1,1341/22,K5065,L0677,L0677,S5533,,3761,37B78,Ⅶ,60,4,37A62,Ⅶ,54,7,97,1.08.122,2,1,2,10,5,𗮙,𘘏,,1.05.2201,10,5,,,,,,,
𗪪,U+17AAA,,4.518.2,2841/24,K5149,L3581,L3581,S3800,204-11y,3762,38A11,Ⅶ,60,5,37A58,Ⅶ,54,5,96,1.08.121,2,1,2,10,4,𗮙,𘘏,,1.05.2109,10,4,,,,,,,
𗼟,U+17F1F,,5.384.3,2882/22,K0849,L3750,L3750,S3325,,3763,38A12,Ⅶ,61,1,37A61,Ⅶ,54,6,2732,,2,2,2,,,,,,2.03.1107,3,1,,,,,,,
𗛂,U+176C2,,3.073.1,5044/00,K2885,L4333,L4333,S0722,,3764,38A13,Ⅶ,61,2,37A63,Ⅶ,54,8,2733,,2,2,2,,,,,,2.03.1108,3,2,,,,,,,
𗞳,U+177B3,,3.197.3,5011/00,K4746,L4094,L4094,S0899,017-143,3765,38A14,Ⅶ,61,3,37A54,Ⅶ,54,1,2734,,2,2,2,,,,,,2.03.1201,3,3,,,,,,,
𗩻,U+17A7B,,4.475.1,2142/42,K1332,L2222,L2222,S3871,,3766,38A15,Ⅶ,62,1,37A64,Ⅶ,55,1,1580,1.55.151,50,1,48,1,1,𗚋,𗄈,,1.18.2205,1,1,,,,,,,
𘌭,U+1832D,,7.239.2,8122/44,K1903,L5129,L5129,S2206,241-052,3767,38A16,Ⅶ,62,2,37A65,Ⅶ,55,2,1581,1.55.152,50,1,48,1,2,𗚋,𗄈,,1.18.2206,1,2,,,,,,,
𗨝,U+17A1D,,4.413.2,2742/42,K0776,L3249,L3249,S3810,,3768,38A17,Ⅶ,63,1,37A66,Ⅶ,56,1,510,1.21.172,16,1,16,3,1,𘜲,𗑃,,1.09.2306,3,1,,,,,,,
𗛱,U+176F1,,3.091.2,5084/20,K2612,L4424,L4424,S0844,,3769,38A18,Ⅶ,63,2,37A67,Ⅶ,56,2,511,1.21.211,16,1,16,3,2,𘜲,𗑃,,1.09.2307,3,2,,,,,,,
𗲶,U+17CB6,,3.651.1,1741/42,K3845,L1209,L1209,S5092,,3770,38A21,Ⅶ,64,1,37A73,Ⅶ,58,1,1537,1.53.272,45,1,44,2,3,𗒲,𘕵,,1.18.1401,2,3,,,,,,,
𗟤,U+177E4,,3.215.2,1344/40,K2055,L0714,L0714,S0320,,3771,38A22,Ⅶ,64,2,37A74,Ⅶ,58,2,1538,1.54.111,45,1,44,2,4,𗒲,𘕵,,1.18.1402,2,4,,,,,,,
𗈻,U+1723B,,1.514.1,1171/00,K4568,L0426,L0426,S5492,,3772,38A23,Ⅶ,64,3,37A75,Ⅶ,58,3,,,45,1,44,,,,,,,,,,,,,,,
𗖮,U+175AE,,2.505.1,1570/22,K0449,L0888,L0888,S4585,,3773,38A24,Ⅶ,65,1,37A76,Ⅶ,59,1,1781,1.61.271,58,1,56,4,1,𗚷,𘟪,,1.20.1702,4,1,,,,,,,
𗕸,U+17578,,2.453.3,1172/20,K0512,L0444,L0444,S4584,182-044,3774,38A25,Ⅶ,65,2,37A77,Ⅶ,59,2,1782,1.61.272,58,1,56,4,2,𗚷,𘟪,,1.20.1703,4,2,,,,,,,
𗈸,U+17238,,1.511.1,5302/42,K0843,L5896,L5896,S5482,087-101,3775,38A26,Ⅶ,65,3,37A78,Ⅶ,59,3,1783,1.62.111,58,1,56,4,3,𗚷,𘟪,,1.20.1704,4,3,,,,,,,
𗥨,U+17968,,4.241.1,2441/42,K4007,L2784,L2784,S3645,204-08zv,3776,38A27,Ⅶ,66,1,37B11,Ⅶ,60,1,4912,Z.07.171,50,1,48,10,3,𗃲,𘏉,,3.03.2203,10,3,,,,,,,
𗁭,U+1706D,,1.078.1,2102/44,K1906,L1955,L1955,S1591,,3777,38A28,Ⅶ,66,2,37B12,Ⅶ,60,2,4913,Z.07.172,50,1,48,10,4,𗃲,𘏉,,3.03.2204,10,4,,,,,,,
𗼹,U+17F39,,5.407.1,2142/24,K1895,L2207,L2207,S3991,210-064,3778,38A31,Ⅶ,67,1,37B13,Ⅶ,60,3,5171,Z.18.122,53,2,44,5,2,𗃲,𘘦,,3.06.2402,4,9,,,,,,,
𘐶,U+18436,,7.450.3,8741/00,K0091,L5586,L5586,S2793,236-098,3779,38A32,Ⅶ,67,2,37B14,Ⅶ,60,4,5172,Z.18.131,53,2,44,5,3,𗃲,𘘦,,3.06.2403,4,10,,,,,,,
𗤨,U+17928,,4.136.3,2841/20,K5359,L3570,L3570,S3657,204-06v,3780,38A33,Ⅶ,68,1,37B15,Ⅶ,61,1,5173,Z.18.132,2,2,2,6,1,𗃲,𗂂,,3.06.2404,4,11,,,,,,,
𘓈,U+184C8,,7.571.1,5171/50,K0071,L4434,L4434,S5121,164-101,3781,38A34,Ⅶ,68,2,37B16,Ⅶ,61,2,5174,Z.18.141,2,2,2,6,2,𗃲,𗂂,,3.06.2405,4,12,,,,,,,
𗻔,U+17ED4,,5.329.1,2145/45,K1270,L2289,L2289,S3220,144-082,3782,38A35,Ⅶ,68,3,37B17,Ⅶ,61,3,5175,Z.18.142,2,2,2,6,3,𗃲,𗂂,,3.06.2406,4,13,,,,,,,
𗏴,U+173F4,,2.181.2,2141/42,K5443,L2149,L2149,S5607,202-102,3783,38A36,Ⅶ,69,1,37B18,Ⅶ,61,4,4914,Z.07.211,2,1,2,11,1,𗃲,𘜲,,3.03.2205,11,1,,,,,,,
𘗬,U+185EC,,8.240.1,1244/14,K2810,L0557,L0557,S4370,132-042,3784,38A37,Ⅶ,69,2,37B21,Ⅶ,61,5,4915,Z.07.212,2,1,2,11,2,𗃲,𘜲,,3.03.2206,11,2,,,,,,,
𗟠,U+177E0,,3.213.5,1742/44,K1758,L1285,L1285,S0318,112-031,3785,38A38,Ⅶ,69,3,37B22,Ⅶ,61,6,4916,Z.07.221,2,1,2,11,3,𗃲,𘜲,,3.03.2207,11,3,,,,,,,
𘏗,U+183D7,,7.368.2,8844/00,K2465,L5750,L5750,S2740,,3786,38A41,Ⅶ,70,1,37B23,Ⅶ,62,1,3060,,14,2,12,,,,,,2.05.2303,1,1,,,,,,,
𘌵,U+18335,,7.242.1,8122/42,K1009,L5125,L5125,S2205,241-056,3787,38A42,Ⅶ,70,2,37B26,Ⅶ,62,4,3061,,14,2,12,,,,,,2.05.2304,1,2,,,,,,,
𗭎,U+17B4E,,3.409.1,3922/24,K1384,L4013,L4013,S2980,105-065,3788,38A43,Ⅶ,70,3,37B27,Ⅶ,62,5,3062,,14,2,12,,,,,,2.05.2305,1,3,,,,,,,
𗺣,U+17EA3,,5.312.3,2240/42,K0114,L2443,L2443,S3246,,3789,38A44,Ⅶ,70,4,37B24,Ⅶ,62,2,3063,,14,2,12,,,,,,2.05.2306,1,4,,,,,,,
𘏯,U+183EF,,7.389.3,8244/00,K3516,L5318,L5318,S2813,,3790,38A45,Ⅶ,70,5,37B25,Ⅶ,62,3,,,14,2,12,,,,,,,,,,,,,,,
𗒹,U+174B9,,2.301.2,8022/40,K3681,L4778,L4778,S1986,,3791,38A46,Ⅶ,71,1,,,,,2032,1.70.171,67,1,64,3,1,𗉝,𗤻,,1.22.2404,3,1,,,,,,,
𗛊,U+176CA,,3.076.2,5044/00,K2927,L4318,L4318,S0879,,3792,38A47,Ⅶ,71,2,,,,,2033,1.70.172,67,1,64,3,2,𗉝,𗤻,,1.22.2405,3,2,,,,,,,
𘗇,U+185C7,,8.203.3,8021/40,K4695,L4716,L4716,S2580,,3793,38A48,Ⅶ,72,1,,,,,667,1.26.161,18,1,18,10,3,𗳴,𗽝,,1.10.2706,8,3,,,,,,,
𘖻,U+185BB,,8.197.4,8049/00,K0645,L5013,L5013,S2586,,3794,38A51,Ⅶ,72,2,,,,,668,1.26.162,18,1,18,10,4,𗳴,𗽝,,1.10.2707,8,4,,,,,,,
𗩢,U+17A62,,4.454.2,2841/27,K5660,L3586,L3586,S3656,,3795,38A52,Ⅶ,73,1,,,,,773,1.29.252,21,1,21,4,2,𘜲,𗂃,,,,,,,,,,,
𗮯,U+17BAF,,3.462.1,8821/70,K5658,L5701,L5701,S2298,,3796,38A53,Ⅶ,73,2,,,,,774,1.29.261,21,1,21,4,3,𘜲,𗂃,,,,,,,,,,,
𗫥,U+17AE5,,4.571.2,2742/24,K3647,L3231,L3231,S3841,,3797,38A54,Ⅶ,74,1,,,,,4917,Z.07.222,72,1,69,11,4,𘛡,𗕳,,3.03.2208,11,4,,,,,,,
𘔂,U+18502,,8.031.1,7844/42,K2086,L4662,L4662,S0574,256-061,3798,38A55,Ⅶ,74,2,,,,,4918,Z.07.231,72,1,69,11,5,𘛡,𗕳,,3.03.2209,11,5,,,,,,,
𗫩,U+17AE9,,4.576.2,2141/74,K4374,L2180,L2180,S3767,204-13c,3799,38A56,Ⅶ,75,1,,,,,4919,Z.07.232,100,1,92,12,1,𗘧,𗉨,,3.03.2210,12,1,,,,,,,
𗮎,U+17B8E,,3.450.1,8121/24,K4563,L5076,L5076,S2253,,3800,38A57,Ⅶ,75,2,,,,,4920,Z.07.233,100,1,92,12,2,𗘧,𗉨,,3.03.2301,12,2,,,,,,,
𗈵,U+17235,,1.505.1,5101/40,K4091,L5838,L5838,S5475,,3801,38A58,Ⅶ,76,1,,,,,5176,Z.18.151,72,2,61,7,1,𘛡,𗌇,,3.06.2407,4,14,,,,,,,
𘔟,U+1851F,,8.046.2,1141/52,K3949,L0820,L0820,S1216,,3802,38A61,Ⅶ,76,2,,,,,5177,Z.18.152,72,2,61,7,2,𘛡,𗌇,,3.06.2408,4,15,,,,,,,
𗱓,U+17C53,,3.590.3,1742/40,K1769,L1270,L1270,S4978,,3803,38A62,Ⅶ,76,3,,,,,5178,Z.18.161,72,2,61,7,3,𘛡,𗌇,,3.06.2409,4,16,,,,,,,
𘔛,U+1851B,,8.044.1,1742/20,K1336,L1236,L1236,S1215,,3804,38A63,Ⅶ,76,4,,,,,,,72,2,61,,,,,,,,,,,,,,,
𗆭,U+171AD,,1.398.2,2201/21,K5387,L2356,L2356,S1436,,3805,38A64,Ⅶ,77,1,,,,,4921,Z.07.241,46,1,45,13,1,𗃲,𘕹,,3.03.2302,13,1,,,,,,,
𗾆,U+17F86,,6.001.1,2740/00,K3383,L3087,L3087,S5649,211-001,3806,38A65,Ⅶ,77,2,,,,,4922,Z.07.242,46,1,45,13,2,𗃲,𘕹,,3.03.2303,13,2,,,,,,,
𘐝,U+1841D,,7.431.4,8244/41,K2678,L5339,L5339,S3736,,3807,38A66,Ⅶ,78,1,,,,,1446,1.51.132,42,1,41,2,3,𘜲,𗹀,,1.17.1604,2,3,,,,,,,
𗻼,U+17EFC,,5.339.1,2144/20,K0392,L2256,L2256,S3958,,3808,38A67,Ⅶ,78,2,,,,,1447,1.51.141,42,1,41,2,4,𘜲,𗹀,,1.17.1605,2,4,,,,,,,
𘕂,U+18542,,8.080.2,3121/40,K4555,L3852,L3852,S2942,247B-041,3809,38A68,Ⅶ,79,1,,,,,4895,Z.06.252,36,1,35,6,2,𗃲,𗄕,,3.03.1706,6,2,,,,,,,
𘕃,U+18543,,8.086.1,3129/40,K0732,L3858,L3858,S2943,,3810,38A71,Ⅶ,79,2,,,,,4896,Z.06.261,36,1,35,6,3,𗃲,𗄕,,3.03.1707,6,3,,,,,,,
𗱠,U+17C60,,3.600.2,1721/22,K4988,L0929,L0929,S4909,026-076,3811,38A72,Ⅶ,79,3,,,,,4897,Z.06.271,36,1,35,6,4,𗃲,𗄕,,3.03.1708,6,4,,,,,,,
𗘨,U+17628,,2.590.2,1721/40,K4334,L0970,L0970,S5077,034-071,3812,38A73,Ⅶ,80,1,,,,,5179,Z.18.162,42,2,36,8,1,𗃲,𘘜,,3.06.2410,4,17,,,,,,,
𗈥,U+17225,,1.475.1,1744/70,K3096,L1396,L1396,S4325,,3813,38A74,Ⅶ,80,2,,,,,5180,Z.18.171,42,2,36,8,2,𗃲,𘘜,,3.06.2501,4,18,,,,,,,
𗿼,U+17FFC,,6.096.1,2144/22,K3356,L2262,L2262,S5717,211-142,3814,38A75,Ⅶ,81,1,,,,,4923,Z.07.251,58,1,56,14,1,𗌓,𗘌,,3.03.2304,14,1,,,,,,,
𗿤,U+17FE4,,6.071.1,2144/22,K2134,L2260,L2260,S5715,,3815,38A76,Ⅶ,81,2,,,,,4924,Z.07.252,58,1,56,14,2,𗌓,𗘌,,3.03.2305,14,2,,,,,,,
𗪛,U+17A9B,,4.508.1,2342/24,K0143,L2634,L2634,S3719,204-11x,3816,38A77,Ⅶ,81,3,,,,,4925,Z.07.261,58,1,56,14,3,𗌓,𗘌,,3.03.2306,14,3,,,,,,,
𗬵,U+17B35,,3.389.2,2174/22,K3361,L2329,L2329,S5804,183-121,3817,38A78,Ⅶ,81,4,,,,,4926,Z.07.262,58,1,56,14,4,𗌓,𗘌,,3.03.2307,14,4,,,,,,,
𗹑,U+17E51,,5.231.1,1892/40,K1911,L1836,L1836,S1146,051-053,3818,38B11,Ⅶ,82,1,,,,,1454,1.51.171,43,1,42,1,1,𘄀,𗵆,,1.17.1703,1,1,,,,,,,
𗹓,U+17E53,,5.237.1,1191/21,K5473,L0465,L0465,S1142,,3819,38B12,Ⅶ,82,2,,,,,1455,1.51.172,43,1,42,1,2,𘄀,𗵆,,1.17.1704,1,2,,,,,,,
𗱑,U+17C51,,3.590.1,1742/24,K1748,L1253,L1253,S4977,,3820,38B13,Ⅶ,83,1,,,,,3781,,46,2,40,,,,,,2.11.1511,2,3,,,,,,,
𗵣,U+17D63,,5.067.1,1024/44,K0403,L0055,L0055,S0188,018-11b,3821,38B14,Ⅶ,83,2,,,,,3782,,46,2,40,,,,,,2.11.1601,2,4,,,,,,,
𘐕,U+18415,,7.428.1,8141/22,K3868,L5184,L5184,S2641,,3822,38B15,Ⅶ,83,3,,,,,3783,,46,2,40,,,,,,2.11.1602,2,5,,,,,,,
𗚏,U+1768F,,3.051.3,5021/00,K4321,L4096,L4096,S0913,,3823,38B16,Ⅶ,84,1,,,,,656,1.26.112,18,1,18,6,1,𗾥,𘛈,,1.10.2604,4,9,,,,,,,
𗉺,U+1727A,,1.557.4,2121/00,K4319,L1987,L1987,S4161,,3824,38B17,Ⅶ,84,2,,,,,657,1.26.113,18,1,18,6,2,𗾥,𘛈,,1.10.2605,4,10,,,,,,,
𗙻,U+1767B,,3.040.1,1841/20,K4669,L1675,L1675,S0060,,3825,38B18,Ⅶ,85,1,,,,,1659,1.57.242,53,1,51,1,4,𗚋,𗊻,,1.19.1508,1,4,,,,,,,
𗾦,U+17FA6,,6.030.2,2441/22,K3891,L2759,L2759,S5740,,3826,38B21,Ⅶ,85,2,,,,,1660,1.57.251,53,1,51,1,5,𗚋,𗊻,,1.19.1601,1,5,,,,,,,
𗚀,U+17680,,3.044.3,1744/20,K3153,L1351,L1351,S0066,,3827,38B22,Ⅶ,85,3,,,,,1661,1.57.252,53,1,51,1,6,𗚋,𗊻,,1.19.1602,1,6,,,,,,,
𗛈,U+176C8,,3.075.2,5041/00,K4547,L4216,L4216,S0853,,3828,38B23,Ⅶ,86,1,,,,,335,1.15.252,10,1,10,8,1,𘜲,𘌩,,1.07.2706,7,1,,,,,,,
𗒱,U+174B1,,2.297.3,8044/20,K2321,L4971,L4971,S2012,,3829,38B24,Ⅶ,86,2,,,,,336,1.15.253,10,1,10,8,2,𘜲,𘌩,,1.07.2707,7,2,,,,,,,
𘟆,U+187C6,,8.574.1,1441/00,K0463,L0782,L0782,S0206,,3830,38B25,Ⅶ,87,1,,,,,1273,,36,1,35,,,?,?,,1.15.2503,2,4,,,,,,,
𘟅,U+187C5,,8.572.1,1040/00,K3299,L0063,L0063,S0205,,3831,38B26,Ⅶ,87,2,,,,,1274,1.4X.XXX,36,1,35,3,1,?,?,,1.15.2504,2,5,,,,,,,
𗝿,U+1777F,,3.171.1,5041/44,K4171,L4269,L4269,S0690,017-12q,3832,38B27,Ⅶ,88,1,,,,,1271,,36,1,35,,,?,?,,1.15.2501,2,2,,,,,,,
𗓓,U+174D3,,2.330.1,8022/24,K1694,L4762,L4762,S1783,,3833,38B28,Ⅶ,88,2,,,,,1272,,36,1,35,,,?,?,,1.15.2502,2,3,,,,,,,
𗚸,U+176B8,,3.067.3,5072/42,K1608,L4412,L4412,S0842,,3834,38B31,Ⅶ,89,1,,,,,340,1.15.272,10,1,10,10,2,𗋐,𗮙,,1.08.1104,9,2,,,,,,,
𘋃,U+182C3,,7.159.2,3421/57,K4231,L3929,L3929,S3011,125-071,3835,38B32,Ⅶ,89,2,,,,,341,1.16.111,10,1,10,10,3,𗋐,𗮙,,1.08.1105,9,3,,,,,,,
𘈄,U+18204,,7.587.1,1743/22,K5564,L1294,L1294,S5146,239-091,3836,38B33,Ⅶ,90,1,,,,,1149,1.41.222,33,1,32,3,1,𗮦,𘞒,,1.14.2304,3,1,,,,,,,
𘐡,U+18421,,7.436.1,8341/70,K4495,L5379,L5379,S2808,236-08d,3837,38B34,Ⅶ,90,2,,,,,1150,1.41.231,33,1,32,3,2,𗮦,𘞒,,1.14.2305,3,2,,,,,,,
𘋌,U+182CC,,7.165.1,3341/70,K4496,L3917,L3917,S3033,,3838,38B35,Ⅶ,90,3,,,,,,,33,1,32,,,,,,,,,,,,,,,
𗿲,U+17FF2,,6.078.4,2141/24,?,L2115,L2115,S5651,,3839,38B36,Ⅶ,91,1,,,,,3898,,52,2,43,,,,,,2.12.1301,3,3,,,,,,,
𗡫,U+1786B,,3.314.1,1441/00,K4094,L0778,L0778,S1176,,3840,38B37,Ⅶ,91,2,,,,,3899,,52,2,43,,,,,,2.12.1302,3,4,,,,,,,
𗀃,U+17003,,1.002.2,1022/42,?,L0038,L0038,S0009,,3841,38B38,Ⅶ,91,3,,,,,3900,,52,2,43,,,,,,2.12.1303,3,5,,,,,,,
𗀢,U+17022,,1.033.2,7121/44,K3695,L4516,L4516,S0010,,3842,38B41,Ⅶ,91,4,,,,,3901,,52,2,43,,,,,,2.12.1304,3,6,,,,,,,
𗹰,U+17E70,,5.284.3,2304/50,K2031,L2569,L2569,S1305,135-041,3843,38B42,Ⅶ,92,1,,,,,2170,1.75.162,72,1,69,1,1,𗼛,𘏨,,1.24.1506,1,1,,,,,,,
𗵯,U+17D6F,,5.078.1,1041/00,K4540,L0073,L0073,S0200,,3844,38B43,Ⅶ,92,2,,,,,2171,1.75.171,72,1,69,1,2,𗼛,𘏨,,1.24.1507,1,2,,,,,,,
𗮖,U+17B96,,3.454.2,8722/24,K1751,L5529,L5529,S2273,,3845,38B44,Ⅶ,93,1,,,,,2961,,10,2,9,,,,,,2.04.2505,7,3,,,,,,,
𗮘,U+17B98,,3.454.4,8724/20,K3421,L5546,L5546,S2274,,3846,38B45,Ⅶ,93,2,,,,,2962,,10,2,9,,,,,,2.04.2506,7,4,,,,,,,
𗳡,U+17CE1,,3.679.3,1141/00,K4839,L0245,L0245,S5382,,3847,38B46,Ⅶ,93,3,,,,,2963,,10,2,9,,,,,,2.04.2507,7,5,,,,,,,
𗜚,U+1771A,,3.123.2,5021/40,K4876,L4126,L4126,S0703,,3848,38B47,Ⅶ,94,1,,,,,4927,Z.07.271,52,1,50,15,1,𗷁,𗀚,,3.03.2308,15,1,,,,,,,
𘜈,U+18708,,8.417.1,1244/20,K2855,L0570,L0570,S5172,,3849,38B48,Ⅶ,94,2,,,,,4928,Z.07.272,52,1,50,15,2,𗷁,𗀚,,3.03.2309,15,2,,,,,,,
𘇺,U+181FA,,7.582.1,1144/00,K2144,L0352,L0352,S5134,,3850,38B51,Ⅶ,95,1,,,,,5216,Z.19.251,52,2,43,16,9,𗌓,𗜱,,3.07.1107,4,53,,,,,,,
𗡨,U+17868,,3.307.3,1244/20,K2642,L0561,L0561,S1189,,3851,38B52,Ⅶ,95,2,,,,,5217,Z.19.252,52,2,43,16,10,𗌓,𗜱,,3.07.1201,4,54,,,,,,,
𗗱,U+175F1,,2.565.2,1942/74,K1414,L1870,L1870,S5356,218-051,3852,38B53,Ⅶ,96,1,38A51,Ⅶ,?,?,4929,Z.07.273,29,1,28,16,1,𗏗,𗋼,,3.03.2310,16,1,,,,,,,
𗗽,U+175FD,,2.571.2,1244/72,K2847,L0602,L0602,S5357,,3853,38B54,Ⅶ,96,2,,,,,4930,Z.08.111,29,1,28,16,2,𗏗,𗋼,,3.03.2401,16,2,,,,,,,
𗿐,U+17FD0,,6.053.3,2144/00,K3062,L2241,L2241,S5655,,3854,38B55,Ⅶ,97,1,,,,,3803,,46,2,40,,,,,,2.11.1710,6,1,,,,,,,
𗿠,U+17FE0,,6.068.2,2144/00,K2227,L2242,L2242,S5654,,3855,38B56,Ⅶ,97,2,,,,,3804,,46,2,40,,,,,,2.11.2101,6,2,,,,,,,
𗾜,U+17F9C,,6.018.1,2142/00,K1574,L2186,L2186,S5656,,3856,38B57,Ⅶ,97,3,,,,,3805,,46,2,40,,,,,,2.11.2102,6,3,,,,,,,
𗵆,U+17D46,,5.027.1,1042/48,K0160,L0113,L0113,S0177,018-09b,3857,38B58,Ⅶ,98,1,,,,,1460,1.51.222,43,1,42,3,1,𘜲,𗨂,,1.17.1709,3,1,,,,,,,
𗵎,U+17D4E,,5.035.2,1044/22,K2730,L0128,L0128,S0239,,3858,38B61,Ⅶ,98,2,,,,,1461,1.51.223,43,1,42,3,2,𘜲,𗨂,,1.17.2101,3,2,,,,,,,
𗉄,U+17244,,1.518.1,1772/24,K1369,L1497,L1497,S5495,184-111,3859,38B62,Ⅶ,99,1,38A58,Ⅶ,91,2,4931,Z.08.112,18,1,18,17,1,𘗬,𗻻,,3.03.2402,16,3,,,,,,,
𗙠,U+17660,,3.027.4,1525/25,K1212,L0855,L0855,S0092,,3860,38B63,Ⅶ,99,2,38A61,Ⅶ,91,3,4932,Z.08.121,18,1,18,17,2,𘗬,𗻻,,3.03.2403,16,4,,,,,,,
𗝑,U+17751,,3.148.1,5051/54,K0460,L4390,L4390,S0678,,3861,38B64,Ⅶ,99,3,38A63,Ⅶ,91,5,,,18,1,18,,,,,,,,,,,,,,,
𗜔,U+17714,,3.122.1,5052/54,K1859,L4395,L4395,S0676,017-11s,3862,38B65,Ⅶ,100,1,38A62,Ⅶ,91,4,5182,Z.18.212,18,2,15,9,2,𘗬,𗺩,,3.06.2503,4,20,,,,,,,
𗳨,U+17CE8,,3.687.1,1244/20,K3620,L0562,L0562,S5395,,3863,38B66,Ⅶ,100,2,38A64,Ⅶ,91,6,5183,Z.18.221,18,2,15,9,3,𘗬,𗺩,,3.06.2504,4,21,,,,,,,
𗛐,U+176D0,,3.078.2,5022/42,K0488,L4156,L4156,S0779,,3864,38B67,Ⅶ,101,1,38A65,Ⅶ,92,1,1923,1.66.223,64,1,61,3,1,𗫇,𗩟,,1.21.2403,2,1,,,,,,,
𗈧,U+17227,,1.476.1,1741/00,K4919,L1161,L1161,S4375,,3865,38B68,Ⅶ,101,2,38A66,Ⅶ,92,2,1924,1.66.231,64,1,61,3,2,𗫇,𗩟,,1.21.2404,2,2,,,,,,,
𘗁,U+185C1,,8.200.1,5021/52,K4022,L4735,L4735,S2561,028-111,3866,38B71,Ⅶ,102,1,38A67,Ⅶ,93,1,5163,Z.17.252,19,2,16,3,1,𗶧,𘏵,,3.06.2303,4,1,,,,,,,
𗍻,U+1737B,,2.075.1,1824/22,K2274,L1641,L1641,S0294,,3867,38B72,Ⅶ,102,2,38A68,Ⅶ,93,2,5164,Z.17.261,19,2,16,3,2,𗶧,𘏵,,3.06.2304,4,2,,,,,,,
𗖊,U+1758A,,2.473.1,1174/41,K1326,L0457,L0457,S4594,182-062,3868,38B73,Ⅶ,103,1,38A76,Ⅶ,96,1,987,1.36.222,30,1,29,5,1,𘜲,𘃞,,1.13.1301,3,2,,,,,,,
𗗁,U+175C1,,2.526.1,1774/44,K2361,L1534,L1534,S4596,,3869,38B74,Ⅶ,103,2,38A77,Ⅶ,96,2,988,1.36.223,30,1,29,5,2,𘜲,𘃞,,1.13.1302,3,3,,,,,,,
𗗀,U+175C0,,2.525.5,1172/44,K0134,L0450,L0450,S4595,,3870,38B75,Ⅶ,103,3,38B15,Ⅶ,96,8,989,1.36.231,30,1,29,5,3,𘜲,𘃞,,1.13.1303,3,4,,,,,,,
𘎻,U+183BB,,7.346.4,8741/00,K4612,L5581,L5581,S2773,,3871,38B76,Ⅶ,103,4,38A78,Ⅶ,96,3,990,1.36.232,30,1,29,5,4,𘜲,𘃞,,1.13.1304,3,5,,,,,,,
𗚻,U+176BB,,3.068.3,5021/20,K3871,L4100,L4100,S0675,017-08a,3872,38B77,Ⅶ,104,1,38A73,Ⅶ,95,1,3688,,43,2,37,,,,,,2.10.2303,1,2,,,,,,,
𘌌,U+1830C,,7.218.1,9824/20,K2255,L5973,L5973,S1695,139-055,3873,38B78,Ⅶ,104,2,38A74,Ⅶ,95,2,,,43,2,37,,,,,,,,,,,,,,,
𗼃,U+17F03,,5.342.2,2280/00,K0144,L2544,L2544,S3301,205-001,3874,39A11,Ⅶ,104,3,38A75,Ⅶ,95,3,3687,,43,2,37,,,,,,2.10.2302,1,1,,,,,,,
𗶷,U+17DB7,,5.108.4,5041/20,K5280,L4481,L4481,S1052,020-071,3875,39A12,Ⅶ,105,1,38B11,Ⅶ,96,4,985,1.36.213,30,1,29,4,1,𗈤,𘚶,,1.13.1209,3,1,,,,,,,
𗶼,U+17DBC,,5.119.1,6044/00,K3511,L4492,L4492,S1054,,3876,39A13,Ⅶ,105,2,38B13,Ⅶ,96,6,986,1.36.221,30,1,29,4,2,𗈤,𘚶,,,,,,,,,,,
𗶶,U+17DB6,,5.108.3,6044/40,K1036,L4496,L4496,S1051,,3877,39A14,Ⅶ,105,3,38B14,Ⅶ,96,7,,,30,1,29,,,,,,,,,,,,,,,
𗇚,U+171DA,,1.433.1,8044/00,K1095,L4947,L4947,S2395,,3878,39A15,Ⅶ,105,4,38B16,Ⅶ,96,9,,,30,1,29,,,,,,,,,,,,,,,
𗶽,U+17DBD,,5.119.2,6042/22,K0944,L4488,L4488,S1053,,3879,39A16,Ⅶ,106,1,38B12,Ⅶ,96,5,3384,,30,2,27,,,,,,2.08.1701,3,1,,,,,,,
𗷅,U+17DC5,,5.123.2,6084/20,K2323,L4502,L4502,S1042,,3880,39A17,Ⅶ,106,2,37A17,Ⅶ,45,2,3385,,30,2,27,,,,,,2.08.1702,3,2,,,,,,,
𘑱,U+18471,,7.485.4,1152/52,K1354,L0414,L0414,S4505,,3881,39A18,Ⅶ,107,1,38B18,Ⅶ,97,1,3535,,36,2,32,,,,,,2.09.2106,3,2,,,,,,,
𗌆,U+17306,,1.667.3,2825/25,K1191,L3555,L3555,S4190,,3882,39A21,Ⅶ,107,2,38B21,Ⅶ,97,2,3536,,36,2,32,,,,,,2.09.2107,3,3,,,,,,,
𘘈,U+18608,,8.258.1,1894/20,K2092,L1647,L1647,S4683,156-061,3883,39A22,Ⅶ,108,1,38B22,Ⅶ,98,1,2378,1.83.152,84,1,79,2,2,𗤧,𗲨,,1.26.2202,2,2,,,,,,,
𘐼,U+1843C,,7.455.1,8544/00,K3298,L5484,L5484,S2679,,3884,39A23,Ⅶ,108,2,38B23,Ⅶ,98,2,2379,1.83.161,84,1,79,2,3,𗤧,𗲨,,1.26.2203,2,3,,,,,,,
𗘢,U+17622,,2.588.1,1722/22,K0941,L1004,L1004,S5450,053-061,3885,39A24,Ⅶ,109,1,38B24,Ⅶ,99,1,1457,1.51.211,43,1,42,2,2,𗋐,𗵆,,1.17.1706,2,2,,,,,,,
𗘡,U+17621,,2.587.3,1324/22,K2161,L0737,L0737,S5446,053-062,3886,39A25,Ⅶ,109,2,38B25,Ⅶ,99,2,1458,1.51.212,43,1,42,2,3,𗋐,𗵆,,1.17.1707,2,3,,,,,,,
𘌯,U+1832F,,7.240.1,8224/40,K2902,L5296,L5296,S2216,241-044,3887,39A26,Ⅶ,109,3,38B26,Ⅶ,99,3,1459,1.51.221,43,1,42,2,4,𗋐,𗵆,,1.17.1708,2,4,,,,,,,
𗖥,U+175A5,,2.502.1,1771/40,K3751,L1487,L1487,S4644,,3888,39A27,Ⅶ,110,1,38B27,Ⅶ,100,1,330,1.15.231,10,1,10,6,2,𗋐,𗒱,,1.07.2701,5,2,,,,,,,
𘐍,U+1840D,,7.420.1,8741/40,K3748,L5601,L5601,S2768,236-07d,3889,39A28,Ⅶ,110,2,38B28,Ⅶ,100,2,331,1.15.232,10,1,10,6,3,𗋐,𗒱,,1.07.2702,5,3,,,,,,,
𘌩,U+18329,,7.238.1,8121/40,K4360,L5088,L5088,S2204,241-031,3890,39A31,Ⅶ,110,3,38B31,Ⅶ,100,3,332,1.15.241,10,1,10,6,4,𗋐,𗒱,,1.07.2703,5,4,,,,,,,
𗐆,U+17406,,2.194.1,2740/00,K5704,L3089,L3089,S5579,275-071,3891,39A32,Ⅶ,111,1,38B33,Ⅶ,101,2,2258,1.78.232,75,1,72,1,4,𘍔,𗦩,,1.25.1305,1,4,,,,,,,
𗶱,U+17DB1,,5.105.2,6040/00,K2993,L4479,L4479,S1033,,3892,39A33,Ⅶ,111,2,38B34,Ⅶ,101,3,2259,1.78.241,75,1,72,1,5,𘍔,𗦩,,1.25.1306,1,5,,,,,,,
𗶗,U+17D97,,5.097.2,1725/42,K0597,L1131,L1131,S0269,112-052,3893,39A34,Ⅶ,112,1,38B35,Ⅶ,101,4,4364,,75,2,64,,,,,,2.15.1406,2,3,,,,,,,
𗶘,U+17D98,,5.098.1,1722/42,K1652,L1039,L1039,S0268,,3894,39A35,Ⅶ,112,2,38B32,Ⅶ,101,1,4365,,75,2,64,,,,,,2.15.1407,2,4,,,,,,,
𗋐,U+172D0,,1.615.2,2421/22,K3821,L2724,L2724,S4262,181-08e,3895,39A36,Ⅶ,113,1,38B42,Ⅶ,103,2,83,1.07.231,2,1,2,6,1,𗁮,𘜲,,1.05.1705,6,1,,,,,,,
𘑥,U+18465,,7.472.3,1721/22,K4897,L0940,L0940,S4457,,3896,39A37,Ⅶ,113,2,38B41,Ⅶ,103,1,84,1.07.232,2,1,2,6,2,𗁮,𘜲,,1.05.1706,6,2,,,,,,,
𗊵,U+172B5,,1.599.1,2724/20,K2149,L3048,L3048,S4263,,3897,39A38,Ⅶ,113,3,38B43,Ⅶ,103,3,,,2,1,2,,,,,,,,,,,,,,,
𗋉,U+172C9,,1.611.2,2121/44,K4293,L2013,L2013,S4246,181-08h,3898,39A41,Ⅶ,114,1,38B44,Ⅶ,104,1,5184,Z.18.222,24,2,21,10,1,𘆵,𘃕,,3.06.2505,4,22,,,,,,,
𗬭,U+17B2D,,3.387.1,2875/20,K0633,L3745,L3745,S5812,186-073,3899,39A42,Ⅶ,114,2,38B46,Ⅶ,104,3,5185,Z.18.231,24,2,21,10,2,𘆵,𘃕,,3.06.2506,4,23,,,,,,,
𗋠,U+172E0,,1.633.1,2121/22,K4282,L1992,L1992,S4211,181-09g,3900,39A43,Ⅶ,114,3,38B45,Ⅶ,104,2,,,24,2,21,,,,,,,,,,,,,,,
𗪤,U+17AA4,,4.515.2,2744/25,K2358,L3326,L3326,S3658,204-11h,3901,39A44,Ⅶ,115,1,38B48,Ⅶ,105,2,2094,1.72.231,70,1,67,2,2,𗤧,𘐏,,1.23.1705,1,9,,,,,,,
𘍔,U+18354,,7.260.2,8724/50,K2357,L5566,L5566,S2341,145-051,3902,39A45,Ⅶ,115,2,38B47,Ⅶ,105,1,2095,1.72.232,70,1,67,2,3,𗤧,𘐏,,1.23.2101,1,10,,,,,,,
𗯁,U+17BC1,,3.469.2,8821/70,K5649,L5705,L5705,S2276,269-093,3903,39A46,Ⅶ,116,1,38B52,Ⅶ,106,1,3788,,46,2,40,,,,,,2.11.1607,3,2,,,,,,,
𗱭,U+17C6D,,3.608.2,1742/20,K0825,L1227,L1227,S4941,026-083,3904,39A47,Ⅶ,116,2,38B54,Ⅶ,106,3,3789,,46,2,40,,,,,,2.11.1608,3,3,,,,,,,
𗯀,U+17BC0,,3.469.1,8221/70,K5622,L5277,L5277,S2277,,3905,39A48,Ⅶ,116,3,38B53,Ⅶ,106,2,,,46,2,40,,,,,,,,,,,,,,,
𗆏,U+1718F,,1.379.1,2905/24,K1449,L3768,L3768,S1383,,3906,39A51,Ⅶ,117,1,38B58,Ⅶ,108,2,4096,,62,2,52,,,,,,2.13.1701,3,1,,,,,,,
𘜙,U+18719,,8.442.1,1925/24,K1451,L1852,L1852,S4912,,3907,39A52,Ⅶ,117,2,38B61,Ⅶ,108,3,4097,,62,2,52,,,,,,2.13.1702,3,2,,,,,,,
𘝍,U+1874D,,8.482.2,1745/74,K1512,L1420,L1420,S0426,305-083,3908,39A53,Ⅶ,117,3,38B62,Ⅶ,108,4,4098,,62,2,52,,,,,,2.13.1703,3,3,,,,,,,
𗹤,U+17E64,,5.256.2,2101/51,K5533,L1932,L1932,S1269,075-083,3909,39A54,Ⅶ,118,1,38B64,Ⅶ,109,2,1247,1.44.251,35,1,34,3,3,𗪘,𗪵,,1.15.2110,2,3,,,,,,,
𗒢,U+174A2,,2.291.4,8021/40,K4874,L4708,L4708,S1836,,3910,39A55,Ⅶ,118,2,38B63,Ⅶ,109,1,1248,1.44.252,35,1,34,3,4,𗪘,𗪵,,1.15.2201,2,4,,,,,,,
𗔉,U+17509,,2.368.1,8044/20,K2628,L4981,L4981,S2054,007-128,3911,39A56,Ⅶ,119,1,38B65,Ⅶ,110,1,1805,1.62.241,59,1,57,1,2,𗁮,𗣖,,1.20.2301,1,2,,,,,,,
𘝛,U+1875B,,8.492.1,9321/17,K5689,L5886,L5886,S1727,280-042,3912,39A57,Ⅶ,119,2,38B66,Ⅶ,110,2,1806,1.62.242,59,1,57,1,3,𗁮,𗣖,,1.20.2302,1,3,,,,,,,
𗓗,U+174D7,,2.331.3,8021/25,K3753,L4706,L4706,S1841,008-101,3913,39A58,Ⅶ,120,1,38B67,Ⅶ,111,1,5187,Z.18.241,7,2,6,11,2,𘆵,𗪀,,3.06.2508,4,25,,,,,,,
𗳥,U+17CE5,,3.682.2,1744/00,K3441,L1324,L1324,S5400,222-055,3914,39A61,Ⅶ,120,2,38B68,Ⅶ,111,2,5188,Z.18.242,7,2,6,11,3,𘆵,𗪀,,3.06.2509,4,26,,,,,,,
𘞞,U+1879E,,8.540.1,1722/22,K0521,L1019,L1019,S0471,038-101,3915,39A62,Ⅶ,121,1,38B71,Ⅶ,112,1,3248,,23,2,20,,,,,,2.07.1607,2,4,,,,,,,
𗳾,U+17CFE,,3.700.1,1791/00,K4594,L1552,L1552,S5459,,3916,39A63,Ⅶ,121,2,38B72,Ⅶ,112,2,3249,,23,2,20,,,,,,2.07.1608,2,5,,,,,,,
𗔙,U+17519,,2.376.3,8044/00,K2507,L4952,L4952,S2019,007-135,3917,39A64,Ⅶ,122,1,38B73,Ⅶ,113,1,450,1.19.221,14,1,14,2,2,𗺎,𘘀,,1.09.1206,2,2,,,,,,,
𗕮,U+1756E,,2.447.3,1744/22,K3292,L1361,L1361,S4415,,3918,39A65,Ⅶ,122,2,38B74,Ⅶ,113,2,451,1.19.222,14,1,14,2,3,𗺎,𘘀,,1.09.1207,2,3,,,,,,,
𘝂,U+18742,,8.476.1,1344/00,K2210,L0700,L0700,S0418,,3919,39A66,Ⅶ,123,1,38B77,Ⅶ,115,1,,,87,2,74,,,,,,,,,,,,,,,
𘕋,U+1854B,,8.111.1,8194/40,K1030,L5148,L5148,S1824,177-041,3920,39A67,Ⅶ,123,2,38B78,Ⅶ,115,2,,,87,2,74,,,,,,,,,,,,,,,
𘝈,U+18748,,8.480.2,1849/00,K0698,L1716,L1716,S0415,305-074,3921,39A68,Ⅶ,123,3,39A11,Ⅶ,115,3,,,87,2,74,,,,,,,,,,,,,,,
𗆤,U+171A4,,1.390.2,2101/24,K4526,L1913,L1914,S1450,041-111,3922,39A71,Ⅶ,123,4,39A12,Ⅶ,115,4,,,70,2,60,,,,,,,,,,,,,,,
𗓍,U+174CD,,2.324.1,8024/22,K2741,L4826,L4826,S2035,,3923,39A72,Ⅶ,124,1,39A13,Ⅶ,116,1,3251,,23,2,20,,,,,,2.07.1610,3,2,,,,,,,
𗻕,U+17ED5,,5.329.2,2141/45,K5323,L2170,L2170,S3250,,3924,39A73,Ⅶ,124,2,39A14,Ⅶ,116,2,3252,,23,2,20,,,,,,2.07.1701,3,3,,,,,,,
𘐚,U+1841A,,7.431.1,8141/21,?,L5178,L5178,S2686,,3925,39A74,Ⅶ,125,1,39A15,Ⅶ,117,1,1154,1.41.251,33,1,32,4,4,𗒱,𗏅,,1.14.2401,4,4,,,,,,,
𘒾,U+184BE,,7.592.2,1121/51,K5534,L0188,L0188,S5437,052-121,3926,39A75,Ⅶ,125,2,39A16,Ⅶ,117,2,1155,1.41.252,33,1,32,4,5,𗒱,𗏅,,1.14.2402,4,5,,,,,,,
𗡖,U+17856,,3.291.2,7721/44,?,L4599,L4599,S0552,,3927,39A76,Ⅶ,126,1,39A21,Ⅶ,118,3,,,36,2,32,,,,,,,,,A18.011,,?,?,?,?,
𗆅,U+17185,,1.374.1,2101/24,?,L1911,L1911,S1349,,3928,39A77,Ⅶ,126,2,39A17,Ⅶ,118,1,5153,,36,2,32,,,,,,3.06.2202,3,1,A18.012,,?,?,?,?,
𗡇,U+17847,,3.286.2,7723/42,K5570,L4610,L4610,S0551,255-103,3929,39A78,Ⅶ,126,3,39A18,Ⅶ,118,2,5154,Z.17.211,36,2,32,1,1,?,?,,3.06.2203,3,2,A18.013,,?,?,?,?,
𘊔,U+18294,,7.123.4,2841/00,K4700,L3568,L3568,S5797,,3930,39B11,Ⅶ,126,4,37B28,Ⅶ,63,1,5155,Z.17.212,36,2,32,1,2,?,?,,3.06.2204,3,3,A18.021,,?,?,?,?,
𘊕,U+18295,,7.124.1,2545/70,K1503,L2891,L2891,S5801,,3931,39B12,Ⅶ,126,5,37B31,Ⅶ,63,2,5156,Z.17.221,36,2,32,1,3,?,?,,3.06.2205,3,4,A18.022,,?,?,?,?,
𗋼,U+172FC,,1.647.1,2222/42,K0124,L2408,L2408,S4228,181-103,3932,39B13,Ⅶ,127,1,39A22,Ⅶ,119,1,946,1.35.161,29,1,28,1,6,𗳶,𘇹,,1.12.2508,1,7,A18.023,274,𗳶,𘇹,𗀔,𗙌,平
𗆽,U+171BD,,1.409.2,2301/22,K0013,L2552,L2552,S1418,041-142,3933,39B14,Ⅶ,127,2,39A23,Ⅶ,119,2,947,1.35.162,29,1,28,1,7,𗳶,𘇹,,1.12.2507,1,6,A18.024,275,𗳶,𘇹,𗀔,𗙌,平
𗳴,U+17CF4,,3.695.1,1152/24,K1750,L0411,L0411,S5422,070-473,3934,39B15,Ⅶ,127,3,40B33,Ⅶ,D,59,948,1.35.171,29,1,28,1,8,𗳶,𘇹,,1.12.2509,1,8,A18.031,276,𗳶,𘇹,𗀔,𗙌,平
𗶙,U+17D99,,5.098.2,1224/50,K2668,L0514,L0514,S0267,,3935,39B16,Ⅶ,128,1,39A26,Ⅶ,121,1,5189,Z.18.251,31,2,28,12,1,𗌓,𘍓,,3.06.2510,4,26,A18.032,1263,𗌓,𘍓,/,/,上雑
𗴆,U+17D06,,3.709.3,1791/40,K3734,L1556,L1556,S5458,,3936,39B17,Ⅶ,128,2,39A27,Ⅶ,121,2,5190,Z.18.252,31,2,28,12,2,𗌓,𘍓,,3.06.2601,4,27,A18.033,1264,𗌓,𘍓,/,/,上雑
𗢗,U+17897,,3.355.1,2224/24,K2658,L2420,L2420,S3133,,3937,39B18,Ⅶ,129,1,39A28,Ⅶ,122,1,3806,,46,2,40,,,,,,2.11.2103,7,1,A18.041,971,𘋃,𗆼,𗞇,𗺶,上
𗭢,U+17B62,,3.418.4,3421/21,K3713,L3922,L3922,S2997,105-121,3938,39B21,Ⅶ,129,2,39A31,Ⅶ,122,2,3807,,46,2,40,,,,,,2.11.2104,7,2,A18.042,972,𘋃,𗆼,𗞇,𗺶,上
𘎍,U+1838D,,7.308.3,8041/20,K5064,L4890,L4890,S2584,,3939,39B22,Ⅶ,129,3,39A32,Ⅶ,122,3,3808,,46,2,40,,,,,,2.11.2105,7,3,A18.051,973,𘋃,𗆼,𗞇,𗺶,上
𘎌,U+1838C,,7.308.2,8052/00,K1229,L5023,L5023,S2534,028-086,3940,39B23,Ⅶ,129,4,39A33,Ⅶ,122,4,,,46,2,40,,,,,,,,,A18.052,702,𘋃,𗆼,𗞇,𗺶,上
𘎒,U+18392,,7.313.1,8024/00,K2121,L4802,L4802,S2532,,3941,39B24,Ⅶ,129,5,39A34,Ⅶ,122,5,,,46,2,40,,,,,,,,,A18.053,703,𘋃,𗆼,𗞇,𗺶,上
𘁻,U+1807B,,6.162.1,8244/00,K2865,L5315,L5315,S2049,232-041,3942,39B25,Ⅶ,130,1,39A35,Ⅶ,123,1,3064,,14,2,12,,,,,,2.05.2307,2,1,A18.061,825,𘞐,𘏗,𗹤,𘏗,上
𘝇,U+18747,,8.477.3,1742/40,K1629,L1281,L1281,S0420,305-082,3943,39B26,Ⅶ,130,2,39A38,Ⅶ,123,4,3065,,14,2,12,,,,,,2.05.2308,2,2,A18.062,826,𘞐,𘏗,𗹤,𘏗,上
𘁼,U+1807C,,6.162.2,8344/00,K3082,L5387,L5387,S2048,232-061,3944,39B27,Ⅶ,130,3,39A36,Ⅶ,123,2,,,14,2,12,,,,,,,,,A18.063,681,𘞐,𘏗,𗹤,𘏗,上
𘁽,U+1807D,,6.162.3,8742/20,K1335,L5616,L5616,S2050,232-062,3945,39B28,Ⅶ,130,4,39A37,Ⅶ,123,3,,,14,2,12,,,,,,,,,A18.071,682,𘞐,𘏗,𗹤,𘏗,上
𗻤,U+17EE4,,5.332.5,2244/40,K2229,L2501,L2501,S3294,144-093,3946,39B31,Ⅶ,131,1,39A43,Ⅶ,124,3,964,1.35.263,29,1,28,5,1,𗋮,𘎀,,1.12.2705,3,1,A18.072,277,𗋮,𘎀,𗄕,𗙌,平去
𗺱,U+17EB1,,5.316.4,2244/40,K3496,L2500,L2500,S3295,144-064,3947,39B32,Ⅶ,131,2,39A42,Ⅶ,124,2,965,1.35.271,29,1,28,5,2,𗋮,𘎀,,1.12.2706,3,2,A18.073,278,𗋮,𘎀,𗄕,𗙌,平去
𗰁,U+17C01,,3.513.1,8141/21,K5535,L5176,L5176,S2819,194-081,3948,39B33,Ⅶ,132,1,39A46,Ⅶ,126,1,5191,Z.18.261,60,2,50,13,1,𘘤,𘉐,,3.06.2602,4,28,A18.081,1273,𘘤,𘉐,/,/,上雑
𗎌,U+1738C,,2.084.2,4871/20,K5349,L4089,L4089,S0604,085-061,3949,39B34,Ⅶ,132,2,39A47,Ⅶ,126,2,5192,Z.18.262,60,2,50,13,2,𘘤,𘉐,,3.06.2603,4,29,A18.082,1274,𘘤,𘉐,/,/,上雑
𘂒,U+18092,,6.178.2,9274/44,K1077,L5884,L5884,S1747,,3950,39B35,Ⅶ,133,1,39A48,Ⅶ,127,1,2919,,9,2,8,,,,,,2.04.1706,3,4,A18.083,801,𗻗,𘆞,𗹤,𗎃,上
𘴄,U+18D04,,6.030.1,2844/20,?,L3684,L3684,S5706,,3951,39B36,Ⅶ,133,2,39A51,Ⅶ,127,2,2920,,9,2,8,,,,,,2.04.1707,3,5,A18.084,802,𗻗,𘆞,𗹤,𗎃,上
𗷂,U+17DC2,,5.122.1,6021/40,?,L4470,L4470,S1023,,3952,39B37,Ⅶ,133,3,39A52,Ⅶ,127,3,2921,,9,2,8,,,,,,2.04.1708,3,6,A18.091,803,𗻗,𘆞,𗹤,𗎃,上
𗶵,U+17DB5,,5.108.2,6022/42,K0493,L4472,L4472,S1024,,3953,39B38,Ⅶ,133,4,39A53,Ⅶ,127,4,2922,,9,2,8,,,,,,2.04.1709,3,7,A18.092,804,𗻗,𘆞,𗹤,𗎃,上
𗠳,U+17833,,3.274.2,7729/40,K0762,L4606,L4606,S0548,255-077,3954,39B41,Ⅶ,133,5,39A54,Ⅶ,127,5,2923,,9,2,8,,,,,,2.04.2101,3,8,A18.093,805,𗻗,𘆞,𗹤,𗎃,上
𗧗,U+179D7,,4.350.1,2743/22,K5565,L3268,L3268,S3893,204-09r,3955,39B42,Ⅶ,134,1,39A55,Ⅶ,128,1,1464,1.51.241,43,1,42,4,3,𘋃,𗘏,,1.17.2104,4,3,A18.101,369,𘋃,𗘏,𗀔,𗵆,平
𗩶,U+17A76,,4.473.2,2742/20,K0790,L3199,L3199,S3894,,3956,39B43,Ⅶ,134,2,39A56,Ⅶ,128,2,1465,1.51.242,43,1,42,4,4,𘋃,𗘏,,1.17.2105,4,4,A18.102,370,𘋃,𗘏,𗀔,𗵆,平
𗴲,U+17D32,,5.001.4,1041/00,K4043,L0071,L0071,S0241,018-051,3957,39B44,Ⅶ,135,1,39A61,Ⅶ,130,1,5193,Z.18.271,36,2,32,14,1,𗌓,?,,3.06.2604,4,30,A18.103,1266,𗌓,𗩡,/,/,上雑
𗎲,U+173B2,,2.123.2,2501/17,K4466,L2821,L2821,S1254,068-132,3958,39B45,Ⅶ,135,2,39A64,Ⅶ,130,4,5194,Z.19.111,36,2,32,14,2,𗌓,?,,3.06.2605,4,31,A18.111,1267,𗌓,𗩡,/,/,上雑
𘒑,U+18491,,7.520.1,1744/22,K2731,L1366,L1366,S5175,019-092,3959,39B46,Ⅶ,135,3,39A66,Ⅶ,130,6,5195,Z.19.112,36,2,32,14,3,𗌓,?,,3.06.2606,4,32,A18.112,1268,𗌓,𗩡,/,/,上雑
𗨼,U+17A3C,,4.433.1,2141/40,K4046,L2130,L2130,S3388,204-10zm,3960,39B47,Ⅶ,135,4,39A63,Ⅶ,130,3,5196,Z.19.113,36,2,32,14,4,𗌓,?,,3.06.2607,4,33,A18.113,1269,𗌓,𗩡,/,/,上雑
𗵪,U+17D6A,,5.070.2,1042/50,K1224,L0114,L0114,S0242,018-112,3961,39B48,Ⅶ,135,5,39A62,Ⅶ,130,2,,,36,2,32,,,,,,,,,A18.114,731,𗌓,𗩡,/,/,上雑
𗉉,U+17249,,1.522.2,1374/22,?,L0735,L0735,?,,3962,39B51,Ⅶ,136,1,39A67,Ⅶ,130,7,4938,Z.08.151,36,1,35,18,6,𗶧,𘎱,,3.03.2409,17,6,A18.121,658,𗶧,𘎱,/,/,平雑
𗍌,U+1734C,,2.035.1,1141/24,K4714,L0280,L0280,S0620,098-093,3963,39B52,Ⅶ,136,2,39A65,Ⅶ,130,5,4939,Z.08.152,36,1,35,18,7,𗶧,𘎱,,3.03.2410,17,7,A18.122,659,𗶧,𘎱,/,/,平雑
𗙵,U+17675,,3.036.1,1141/22,K5017,L0279,L0279,S0055,,3964,39B53,Ⅶ,137,1,39A71,Ⅶ,131,2,761,1.29.171,21,1,21,1,3,𗚋,𘊹,,,,,A18.123,243,𗚋,𘊹,𗙻,𘄢,平
𘑔,U+18454,,7.463.4,8841/42,K4331,L5732,L5732,S2738,236-142,3965,39B54,Ⅶ,137,2,39A68,Ⅶ,131,1,762,1.29.172,21,1,21,1,4,𗚋,𘊹,,,,,A18.131,244,𗚋,𘊹,𗙻,𘄢,平
𘕍,U+1854D,,8.121.3,8722/40,?,L6067,?,?,,3965.1,HB,Ⅶ,,,,,,,,,46,1,45,,,,,,,,,A18.132,14,𗺉,𘝖,𗞇,𘝖,平
𘛑,U+186D1,,8.123.1,8822/44,?,L6068,?,?,,3965.2,HB,Ⅶ,,,,,,,,,46,1,45,,,,,,,,,A18.141,15,𗺉,𘝖,𗞇,𘝖,平
𘎛,U+1839B,,7.316.4,8244/44,K2872,L5340,L5340,S2450,,3966,39B55,Ⅶ,138,1,39A72,Ⅶ,132,1,442,1.19.151,13,1,13,2,1,𘇹,𘐅,,1.09.1106,2,1,A18.142,165,𘇹,𘐅,𗹤,𘎛,平
𗰠,U+17C20,,3.555.2,1722/22,K0813,L1011,L1011,S4485,,3967,39B56,Ⅶ,138,2,39A73,Ⅶ,132,2,443,1.19.152,13,1,13,2,2,𘇹,𘐅,,1.09.1107,2,2,A18.143,166,𘇹,𘐅,𗹤,𘎛,平
𗭉,U+17B49,,3.398.3,3922/24,K1396,L4012,L4012,S2983,105-053,3968,39B57,Ⅶ,139,1,39A76,Ⅶ,134,1,3457,,33,2,29,,,,,,2.08.2704,3,1,A18.151,905,𗮦,𘝅,𗙻,𗠸,上
𘛘,U+186D8,,2.403.1,8745/15,K1235,L5673,L5673,S1988,,3969,39B58,Ⅶ,139,2,39A77,Ⅶ,134,2,3458,,33,2,29,,,,,,2.08.2705,3,2,A18.152,906,𗮦,𘝅,𗙻,𗠸,上
𘔜,U+1851C,,8.044.2,1141/40,K4416,L0298,L0298,S1213,226-071,3970,39B61,Ⅶ,140,1,39A78,Ⅶ,135,1,508,1.21.162,16,1,16,2,5,𗁮,𗙃,,1.09.2304,2,5,A18.153,191,𗁮,𗙃,𗞇,𗑃,平
𘇰,U+181F0,,6.488.3,1772/40,K1368,L1500,L1500,S5097,161-001,3971,39B62,Ⅶ,140,2,39B11,Ⅶ,135,2,509,1.21.171,16,1,16,2,6,𗁮,𗙃,,1.09.2305,2,6,A18.161,192,𗁮,𗙃,𗞇,𗑃,平
𘆬,U+181AC,,6.444.3,1521/50,K4768,L0847,L0847,S5236,,3972,39B63,Ⅶ,141,1,39B12,Ⅶ,136,1,1906,1.66.121,63,1,60,1,9,𘘌,𗹽,,1.21.2201,1,9,A18.162,463,𘘌,𗹽,𗹤,𗧎,平
𘆿,U+181BF,,6.457.2,1124/54,K1117,L0234,L0234,S5196,,3973,39B64,Ⅶ,141,2,39B14,Ⅶ,136,3,1907,1.66.122,63,1,60,1,10,𘘌,𗹽,,1.21.2202,1,10,A18.163,464,𘘌,𗹽,𗹤,𗧎,平
𘇁,U+181C1,,6.458.2,1125/55,K1268,L0238,L0238,S5209,080-084,3974,39B65,Ⅶ,141,3,39B13,Ⅶ,136,2,1908,1.66.123,63,1,60,1,11,𘘌,𗹽,,1.21.2203,1,11,A19.011,465,𘘌,𗹽,𗹤,𗧎,平
𗐨,U+17428,,2.201.3,3224/22,K2756,L3893,L3893,S2923,094-091,3975,39B66,Ⅶ,142,1,39B16,Ⅶ,137,1,293,1.14.162,9,1,9,4,4,𘜲,𗎍,,1.07.2104,4,4,A19.012,138,𘜲,𗎍,𗹤,𗠭,平
𗐩,U+17429,,2.203.1,3525/27,K1475,L3938,L3938,S2924,094-121,3976,39B67,Ⅶ,142,2,39B17,Ⅶ,137,2,294,1.14.171,9,1,9,4,5,𘜲,𗎍,,1.07.2105,4,5,A19.013,139,𘜲,𗎍,𗹤,𗠭,平
𗩳,U+17A73,,4.469.1,2744/40,K3433,L3332,L3332,S3853,,3977,39B68,Ⅶ,143,1,39B18,Ⅶ,138,1,4941,Z.08.162,9,1,9,19,2,𘘤,𘔓,,3.03.2501,18,2,A19.014,647,𘘤,𘔓,/,/,平雑
𗱝,U+17C5D,,3.599.2,1722/22,K0497,L1002,L1002,S4936,026-073,3978,39B71,Ⅶ,143,2,39B21,Ⅶ,138,2,4942,Z.08.171,9,1,9,19,3,𘘤,𘔓,,3.03.2502,18,3,A19.021,648,𘘤,𘔓,/,/,平雑
𗕭,U+1756D,,2.447.2,1721/24,K4058,L0946,L0946,S4382,010-111,3979,39B72,Ⅶ,144,1,39B22,Ⅶ,139,1,2525,1.88.263,92,1,86,2,8,𗨇,𗑦,,1.28.1207,2,8,A19.022,627,𗨇,𗑦,𗙻,𗲆,平
𗕲,U+17572,,2.448.4,1724/22,K3164,L1090,L1090,S4381,010-122,3980,39B73,Ⅶ,144,2,39B23,Ⅶ,139,2,2526,1.88.271,92,1,86,2,9,𗨇,𗑦,,1.28.1208,2,9,A19.031,628,𗨇,𗑦,𗙻,𗲆,平
𘘄,U+18604,,8.255.1,1191/00,K4529,L0169,L0169,S4679,156-041,3981,39B74,Ⅶ,145,1,39B26,Ⅶ,140,3,333,1.15.242,10,1,10,7,1,𗈤,𘌩,,1.07.2704,6,1,A19.032,145,𗈤,𘌩,𗹤,𗚋,平
𘘇,U+18607,,8.257.3,1294/00,K3106,L0501,L0501,S4684,156-051,3982,39B75,Ⅶ,145,2,39B24,Ⅶ,140,1,334,1.15.251,10,1,10,7,2,𗈤,𘌩,,1.07.2705,6,2,A19.033,146,𗈤,𘌩,𗹤,𗚋,平
𘘊,U+1860A,,8.258.3,1892/50,K1221,L1620,L1620,S4682,156-081,3983,39B76,Ⅶ,145,3,39B25,Ⅶ,140,2,,,10,1,10,,,,,,,,,A19.041,23,𗈤,𘌩,𗹤,𗚋,平
𘙣,U+18663,,8.314.2,1344/40,K2153,L0716,L0716,S5016,297-101,3984,39B77,Ⅶ,146,1,39B28,Ⅶ,141,2,452,1.19.231,14,1,14,3,1,𘞒,𗮦,,1.09.1208,3,1,A19.042,175,𗈤,𘌩,𗹤,𗚋,平
𗃢,U+170E2,,1.165.1,2772/22,K0269,L3404,L3404,S4072,180-083,3985,39B78,Ⅶ,146,2,39B27,Ⅶ,141,1,453,1.19.232,14,1,14,3,2,𘞒,𗮦,,1.09.1301,3,2,A19.043,176,𘞒,𗮦,𗄕,𗮦,平
𘄏,U+1810F,,6.292.1,1421/24,K4185,L0756,L0756,S4360,108-091,3986,40A11,Ⅶ,147,1,39B36,Ⅶ,144,2,5206,Z.19.171,2,2,2,15,10,𗆤,𗋾,,3.06.2706,4,43,A19.051,1257,𗆤,𗋾,/,/,上雑
𘝏,U+1874F,,8.483.2,1441/40,K4189,L0812,L0812,S0427,305-091,3987,40A12,Ⅶ,147,2,39B35,Ⅶ,144,1,5207,Z.19.172,2,2,2,15,11,𗆤,𗋾,,3.06.2707,4,44,A19.052,1258,𗆤,𗋾,/,/,上雑
𘗭,U+185ED,,8.241.1,1841/12,K5102,L1673,L1673,S4369,132-051,3988,40A13,Ⅶ,148,1,39B31,Ⅶ,142,1,5199,Z.19.131,62,2,52,15,3,𘛡,𗤧,,3.06.2610,4,36,A19.053,1275,𘛡,𗤧,/,/,上雑
𘗮,U+185EE,,8.241.2,1744/14,K2497,L1333,L1333,S4368,132-062,3989,40A14,Ⅶ,148,2,39B32,Ⅶ,142,2,5200,Z.19.141,62,2,52,15,4,𘛡,𗤧,,3.06.2611,4,37,A19.061,1276,𘛡,𗤧,/,/,上雑
𘎋,U+1838B,,7.308.1,8041/00,K4470,L4876,L4876,S2541,,3990,40A15,Ⅶ,149,1,39B38,Ⅶ,145,2,4881,Z.06.161,30,1,29,3,2,𗃲,𘎻,,3.03.1602,3,2,A19.062,654,𗃲,𘎻,/,/,平雑
𘎈,U+18388,,7.305.2,8042/20,K0532,L4929,L4929,S2540,,3991,40A16,Ⅶ,149,2,39B37,Ⅶ,145,1,4882,Z.06.162,30,1,29,3,3,𗃲,𘎻,,3.03.1603,3,3,A19.063,655,𗃲,𘎻,/,/,平雑
𗉰,U+17270,,1.554.2,1545/25,K1182,L0879,L0879,S5506,,3992,40A17,Ⅶ,150,1,39B46,Ⅶ,146,6,980,1.36.163,30,1,29,2,1,𗋐,𘚶,,1.13.1204,2,1,A19.071,292,𗋐,𘚶,𗞇,𘎻,平
𗚷,U+176B7,,3.067.2,5044/24,K1099,L4361,L4361,S0988,017-08m,3993,40A18,Ⅶ,150,2,39B41,Ⅶ,146,1,981,1.36.171,30,1,29,2,2,𗋐,𘚶,,1.13.1205,2,2,A19.072,293,𗋐,𘚶,𗞇,𘎻,平
𗉘,U+17258,,1.532.1,1744/24,K1098,L1374,L1374,S5540,185-052,3994,40A21,Ⅶ,151,1,39B42,Ⅶ,146,2,982,1.36.172,30,1,29,3,1,𗋐,𘃞,,1.13.1206,2,3,A19.073,294,𗋐,𘃞,𗀔,𘎻,平去
𗇅,U+171C5,,1.413.1,7221/70,K5576,L4560,L4560,S1620,268-041,3995,40A22,Ⅶ,151,2,39B47,Ⅶ,146,7,983,1.36.211,30,1,29,3,2,𗋐,𘃞,,1.13.1207,2,4,A19.081,295,𗋐,𘃞,𗀔,𘎻,平去
𗉤,U+17264,,1.549.1,1240/25,K0110,L0530,L0530,S5546,185-068,3996,40A23,Ⅶ,151,3,39B45,Ⅶ,146,5,984,1.36.212,30,1,29,3,3,𗋐,𘃞,,1.13.1208,2,5,A19.082,296,𗋐,𘃞,𗀔,𘎻,平去
𗮫,U+17BAB,,3.460.3,8221/70,K5665,L5272,L5272,S2303,269-062,3997,40A24,Ⅶ,152,1,39B48,Ⅶ,146,8,3380,,30,2,27,,,,,,2.08.1609,2,2,A19.083,892,𗺉,𗤆,𗞇,𗶽,上
𗉴,U+17274,,1.555.4,1841/22,K5099,L1687,L1687,S5542,,3998,40A25,Ⅶ,152,2,39B43,Ⅶ,146,3,3381,,30,2,27,,,,,,2.08.1610,2,3,A19.084,893,𗺉,𗤆,𗞇,𗶽,上
𗉮,U+1726E,,1.553.2,1445/20,K0020,L0824,L0824,S5532,185-081,3999,40A26,Ⅶ,152,3,39B44,Ⅶ,146,4,3382,,30,2,27,,,,,,2.08.1611,2,4,A19.091,894,𗺉,𗤆,𗞇,𗶽,上
𘐪,U+1842A,,7.443.1,8144/44,K1042,L5245,L5245,S2801,,4000,40A27,Ⅶ,153,1,39B52,Ⅶ,147,1,970,1.36.122,30,1,29,1,3,𘅫,𘚶,,1.13.1104,1,3,A19.092,282,𘅫,𘚶,𗙻,𘎻,平
𘏭,U+183ED,,7.389.1,8245/50,?,L5343,L5343,S2758,,4001,40A28,Ⅶ,153,2,39B53,Ⅶ,147,2,971,1.36.131,30,1,29,1,4,𘅫,𘚶,,1.13.1105,1,4,A19.101,283,𘅫,𘚶,𗙻,𘎻,平
𗐠,U+17420,,2.197.3,3024/22,K3129,L3828,L3828,S2928,006-071,4002,40A31,Ⅶ,153,3,39B54,Ⅶ,147,3,972,1.36.132,30,1,29,1,5,𘅫,𘚶,,1.13.1106,1,5,A19.102,284,𘅫,𘚶,𗙻,𘎻,平
𗐞,U+1741E,,2.197.1,3024/20,K3138,L3825,L3825,S2948,,4003,40A32,Ⅶ,153,4,39B55,Ⅶ,147,4,973,1.36.141,30,1,29,1,6,𘅫,𘚶,,1.13.1107,1,6,A19.103,285,𘅫,𘚶,𗙻,𘎻,平
𗐡,U+17421,,2.198.1,3022/22,K0865,L3820,L3820,S2947,,4004,40A33,Ⅶ,153,5,39B56,Ⅶ,147,5,974,1.36.142,30,1,29,1,7,𘅫,𘚶,,1.13.1108,1,7,A19.104,286,𘅫,𘚶,𗙻,𘎻,平
𘕈,U+18548,,8.087.2,3721/42,K4998,L3947,L3947,S2950,247-031,4005,40A34,Ⅶ,153,6,39B57,Ⅶ,147,6,975,1.36.143,30,1,29,1,8,𘅫,𘚶,,1.13.1109,1,8,A19.111,287,𘅫,𘚶,𗙻,𘎻,平
𗬑,U+17B11,,3.368.1,2844/00,K2463,L3664,L3664,S3686,,4006,40A35,Ⅶ,153,7,39B58,Ⅶ,147,7,976,1.36.151,30,1,29,1,9,𘅫,𘚶,,1.13.1110,1,9,A19.112,288,𘅫,𘚶,𗙻,𘎻,平
𗭋,U+17B4B,,3.399.1,3725/20,K0378,L3963,L3963,S3000,105-061,4007,40A36,Ⅶ,153,8,39B62,Ⅶ,147,9,977,1.36.152,30,1,29,1,10,𘅫,𘚶,,1.13.1201,1,10,A19.113,289,𘅫,𘚶,𗙻,𘎻,平
𗯵,U+17BF5,,3.503.1,8244/22,K3611,L5326,L5326,S2832,194-061,4008,40A37,Ⅶ,153,9,39B63,Ⅶ,147,10,978,1.36.161,30,1,29,1,11,𘅫,𘚶,,1.13.1202,1,11,A19.121,290,𘅫,𘚶,𗙻,𘎻,平
𘓝,U+184DD,,7.634.3,2355/20,K1350,L2697,L2697,S4103,061-074,4009,40A38,Ⅶ,153,10,39B61,Ⅶ,147,8,979,1.36.162,30,1,29,1,12,𘅫,𘚶,,1.13.1203,1,12,A19.122,291,𘅫,𘚶,𗙻,𘎻,平
𗲁,U+17C81,,3.625.4,1741/41,K5302,L1208,L1208,S4945,026-097,4010,40A41,Ⅶ,154,1,39B64,Ⅶ,148,1,649,1.25.252,18,1,18,4,2,𗒲,𗉺,,1.10.2507,4,2,A19.123,233,𗒲,𗉺,/,𗉺,平
𗻻,U+17EFB,,5.338.5,2244/42,K3615,L2507,L2507,S3286,,4011,40A42,Ⅶ,154,2,39B66,Ⅶ,148,3,650,1.25.253,18,1,18,4,3,𗒲,𗉺,,1.10.2508,4,3,A19.131,234,𗒲,𗉺,/,𗉺,平
𗄶,U+17136,,1.214.3,2802/22,K0558,L3474,L3474,S1406,,4012,40A43,Ⅶ,155,1,39B67,Ⅶ,149,1,1539,1.54.112,45,1,44,3,1,𗳶,𗫦,,1.18.1403,3,1,A19.132,374,𗳶,𗫦,𗞇,𗶥,平
𘒝,U+1849D,,7.528.1,1721/44,K5161,L0976,L0976,S5149,,4013,40A44,Ⅶ,155,2,39B68,Ⅶ,149,2,,,45,1,44,,,,,,,,,A19.133,35,𗳶,𗫦,𗞇,𗶥,平
𗨇,U+17A07,,4.397.1,2941/21,K5380,L3780,L3780,S3582,204-093,4014,40A45,Ⅶ,156,1,39B71,Ⅶ,150,1,1804,1.62.232,59,1,57,1,1,𗚋,𗣖,,1.20.2208,1,1,Y02.011,436,𗚋,𗣖,𗙻,𘉐,平
𗣘,U+178D8,,4.046.1,2142/20,K1010,L2188,L2188,S3489,,4015,40A46,Ⅶ,156,2,39B72,Ⅶ,150,2,,,59,1,57,,,,,,,,,Y02.012,40,𗚋,𗣖,𗙻,𘉐,平
𗉋,U+1724B,,1.523.1,1742/24,K1745,L1259,L1259,S5547,185-031,4016,40A47,Ⅶ,157,1,39B74,Ⅶ,151,2,1765,1.61.171,57,1,55,3,4,𗒲,𘙠,,1.20.1501,1,9,Y02.021,433,𗒲,𘙠,𗙻,𘙠,平
𗮛,U+17B9B,,3.455.3,8721/70,K5641,L5511,L5511,S2319,,4017,40A48,Ⅶ,157,2,39B73,Ⅶ,151,1,1766,1.61.172,57,1,55,3,5,𗒲,𘙠,,1.20.1502,1,10,Y02.022,434,𗒲,𘙠,𗙻,𘙠,平
𘘤,U+18624,,8.279.1,1740/00,K3003,L1153,L1153,S4990,297-001,4018,40A51,Ⅶ,158,1,39B76,Ⅶ,152,1,4883,Z.06.171,31,1,30,4,1,𗆤,𘘥,,3.03.1604,4,1,Y02.023,657,𗆤,𘘥,/,/,平雑
𘘬,U+1862C,,8.286.2,1144/00,K2147,L0353,L0353,S4993,,4019,40A52,Ⅶ,158,2,39B77,Ⅶ,152,2,,,31,1,30,,,,,,,,,Y02.031,55,𗆤,𘘥,/,/,平雑
𗚴,U+176B4,,3.066.3,5040/00,?,L4208,L4208,S0953,,4020,40A53,Ⅶ,158,3,,,,,,,31,1,30,,,,,,,,,Y02.032,56,𗆤,𘘥,/,/,平雑
𗺡,U+17EA1,,5.312.1,2244/42,K2599,L2506,L2506,S3214,144-053,4021,40A54,Ⅶ,159,1,39B78,Ⅶ,153,1,5208,Z.19.211,23,2,20,16,1,𗳥,𘎟,,3.06.2708,4,45,Y02.033,1262,𗳥,𘎟,/,/,上雑
𗺗,U+17E97,,5.309.1,2744/40,K0306,L3335,L3335,S3293,,4022,40A55,Ⅶ,159,2,40A11,Ⅶ,153,2,,,23,2,20,,,,,,,,,Y02.041,728,𗳥,𘎟,/,/,上雑
𗉐,U+17250,,1.525.1,1540/22,K0450,L0862,L0862,S5513,,4023,40A56,Ⅶ,160,1,39B75,Ⅶ,151,3,,,57,2,48,,,,,,,,,Y02.042,708,𗄐,𗬩,𗙻,𗽕,上
𗔷,U+17537,,2.394.1,8044/40,K2379,L4994,L4994,S1980,,4024,40A57,Ⅶ,160,2,41A54,Ⅶ,D,132,,,57,2,48,,,,,,,,,Y02.043,709,𗄐,𗬩,𗙻,𗽕,上
𗐼,U+1743C,,2.217.1,8040/00,K3295,L4858,L4858,S1975,007-063,4025,40A58,Ⅶ,161,1,41A62,Ⅶ,D,138,4933,Z.08.122,21,1,21,18,1,𗌓,𗮯,,3.03.2404,17,1,Y02.051,651,𗌓,𗮯,/,/,平雑
𗕵,U+17575,,2.450.1,1742/74,K1420,L1291,L1291,S4380,,4026,40A61,Ⅶ,161,2,,,,,,,21,1,21,,,,,,,,,Y02.052,52,𗌓,𗮯,/,/,平雑
𗦝,U+1799D,,4.289.2,2142/24,K3688,L2202,L2202,S3418,,4027,40A62,Ⅶ,162,1,37A36,Ⅶ,49,1,5167,Z.17.272,64,2,54,4,3,𘛡,𘜶,,3.06.2307,4,5,Y02.053,1278,𘛡,𘜶,/,/,上雑
𗷃,U+17DC3,,5.122.2,6043/22,K5560,L4491,L4491,S1025,020-102,4028,40A63,Ⅶ,162,2,39B33,Ⅶ,143,1,5168,Z.18.111,64,2,54,4,4,𘛡,𘜶,,3.06.2308,4,6,Y02.061,1279,𘛡,𘜶,/,/,上雑
𗷍,U+17DCD,,5.131.1,6044/00,K2495,L4493,L4493,S1027,,4029,40A64,Ⅶ,162,3,39B34,Ⅶ,143,2,5169,Z.18.112,64,2,54,4,5,𘛡,𘜶,,3.06.2309,4,7,Y02.062,1280,𘛡,𘜶,/,/,上雑
𗙊,U+1764A,,3.014.2,1122/22,K0819,L0205,L0205,S0113,102-076,4030,40B11,Ⅶ,D,1,40A31,Ⅶ,D,1,4952,,26,1,25,,,,,,3.03.2603,19,10,Y02.071,66,𘆵,𗄽,/,/,平雑
𗘷,U+17637,,3.003.2,1124/22,K3539,L0222,L0222,S0087,,4031,40B12,Ⅶ,D,2,45A42,Ⅷ,D,2,4950,,97,1,91,,,,,,3.03.2601,19,8,Y02.072,69,𗩴,𗝙,/,/,平雑
𗘧,U+17627,,2.590.1,1721/40,K5170,L0969,L0969,S5075,034-061,4032,40B13,Ⅶ,D,3,40A32,Ⅶ,D,2,5215,Z.19.242,84,2,72,16,8,𘗭,𘜕,,3.07.1106,4,52,Y02.073,1282,𘗭,𘜕,/,/,上雑
𘉱,U+18271,,7.095.1,2725/40,K0350,L3079,L3079,S3188,,4033,40B14,Ⅶ,D,4,40A33,Ⅶ,D,3,1577,1.55.132,49,1,47,2,2,𘘀,𘞘,,1.18.2201,2,2,Y02.081,385,𘘀,𘞘,𗄕,𘞘,平
𗸂,U+17E02,,5.186.1,1250/54,K0140,L0606,L0606,S0346,,4034,40B15,Ⅶ,D,5,40A34,Ⅶ,D,4,1262,1.45.151,35,1,34,7,1,𗋮,𗂇,,1.15.2307,5,3,Y02.082,340,𗋮,𗂇,𗄕,𗷘,平
𗴛,U+17D1B,,3.720.2,2174/42,K0413,L2331,L2331,S3073,159-071,4035,40B16,Ⅶ,D,6,40A36,Ⅶ,D,6,4055,,58,2,49,,,,,,2.13.1212,2,10,Y02.091,1036,?,?,?,?,
𗨟,U+17A1F,,4.415.1,2244/40,K2900,L2494,L2494,S3851,204-09zq,4036,40B17,Ⅶ,D,7,40A37,Ⅶ,D,7,4943,Z.08.172,69,1,66,20,1,?,?,,3.03.2503,19,1,Y02.092,668,𘛡,𗰝,/,/,平雑
𘎟,U+1839F,,7.317.4,8844/42,K3211,L5766,L5766,S2455,152-101,4037,40B18,Ⅶ,D,8,40A38,Ⅶ,D,8,3245,,23,2,20,,,,,,2.07.1604,2,1,Y02.101,866,?,?,?,?,
𗲳,U+17CB3,,3.649.3,1742/24,K3687,L1254,L1254,S4933,026-132,4038,40B21,Ⅶ,D,9,40A41,Ⅶ,D,9,5198,Z.19.122,92,2,77,15,2,𗑀,𗕭,,3.06.2609,4,35,,,,,,,
𗫋,U+17ACB,,4.540.1,2141/40,K4373,L2136,L2136,S3677,204-126,4039,40B22,Ⅶ,D,10,40A42,Ⅶ,D,10,1784,1.62.112,58,1,56,5,1,𗇅,𗭴,,1.20.1705,5,1,,,,,,,
𗲱,U+17CB1,,3.649.1,1741/00,K4698,L1164,L1164,S4874,026-131,4040,40B23,Ⅶ,D,11,40A43,Ⅶ,D,11,4032,,57,2,48,,,,,,2.12.2709,3,1,,,,,,,
𗉝,U+1725D,,1.537.1,1244/24,K1064,L0585,L0585,S5516,185-064,4041,40B24,Ⅶ,D,12,40A44,Ⅶ,D,12,4265,,70,2,60,,,,,,2.14.2202,3,2,,,,,,,
𘘀,U+18600,,8.252.3,1841/42,K5084,L1699,L1699,S4676,118-061,4042,40B25,Ⅶ,D,13,40A45,Ⅶ,D,13,454,1.19.233,14,1,14,4,1,𘞐,𗕮,,1.09.1302,4,1,,,,,,,
𗣦,U+178E6,,4.053.1,2341/20,K5062,L2603,L2603,S3712,,4043,40B26,Ⅶ,D,14,40A46,Ⅶ,D,14,1562,1.54.241,46,1,45,6,3,𗘌,𗿠,平,1.18.1704,4,3,,,,,,,
𗗹,U+175F9,,2.569.1,1744/00,K3465,L1311,L1311,S5367,218-071,4044,40B27,Ⅶ,D,15,40A47,Ⅶ,D,15,3224,,21,2,18,,,,,,2.07.1308,1,3,,,,,,,
𗤵,U+17935,,4.160.2,2141/70,K4715,L2176,L2176,S3756,,4045,40B28,Ⅶ,D,16,40A48,Ⅶ,D,16,2520,1.88.241,92,1,86,2,3,𘄀,𗒅,,1.28.1202,2,3,,,,,,,
𘐽,U+1843D,,7.455.2,8541/20,K4891,L5475,L5475,S2682,,4046,40B31,Ⅶ,D,17,40A51,Ⅶ,D,17,1914,1.66.151,63,1,60,3,2,𘐼,𗔪,,1.21.2209,2,2,,,,,,,
𘟈,U+187C8,,8.574.3,1814/00,K3156,L1581,L1581,S0161,,4047,40B32,Ⅶ,D,18,40A52,Ⅶ,D,18,3456,,33,2,29,,,,,,2.08.2703,2,1,,,,,,,
𗊿,U+172BF,,1.603.2,2121/52,K5008,L2020,L2020,S4167,181-08j,4048,40B33,Ⅶ,D,19,40A53,Ⅶ,D,19,497,1.21.112,15,1,15,4,4,𗾥,𗄝,,1.09.2108,2,8,,,,,,,
𘏵,U+183F5,,7.394.1,2844/20,K2107,L5759,L5759,S2732,236-06d,4049,40B34,Ⅶ,D,20,40A54,Ⅶ,D,20,3192,,19,2,16,,,,,,2.06.2608,5,2,,,,,,,
𗫬,U+17AEC,,4.578.2,2244/52,K3609,L2512,L2512,S3560,,4050,40B35,Ⅶ,D,21,40A55,Ⅶ,D,21,3255,,23,2,20,,,,,,2.07.1704,5,1,,,,,,,
𗜁,U+17701,,3.097.4,5024/20,K2336,L4178,L4178,S0783,017-094,4051,40B36,Ⅶ,D,22,40A56,Ⅶ,D,22,5201,Z.19.142,75,2,64,15,5,𘛡,𘙫,,3.06.2701,4,38,,,,,,,
𗓌,U+174CC,,2.323.3,8071/45,K4315,L5032,L5032,S2080,007-11h,4052,40B37,Ⅶ,D,23,40A58,Ⅶ,D,24,5151,,?,0,?,,,,,,3.06.1706,1,6,,,,,,,
𗋂,U+172C2,,1.605.1,2224/22,K2835,L2417,L2417,S4191,181-08b,4053,40B38,Ⅶ,D,24,40A61,Ⅶ,D,25,1591,1.55.222,50,1,48,4,2,𗳡,𗷬,合,1.18.2308,3,2,,,,,,,
𗚹,U+176B9,,3.068.1,5024/20,K1927,L4180,L4180,S0915,,4054,40B41,Ⅶ,D,25,40A62,Ⅶ,D,26,855,1.32.171,26,1,25,2,9,𘜲,𗼐,,1.12.1310,1,10,,,,,,,
𗞅,U+17785,,3.178.1,5042/24,K3689,L4294,L4294,S0856,,4055,40B42,Ⅶ,D,26,40A63,Ⅶ,D,27,865,1.32.242,27,1,26,2,7,𘄀,𗤩,,1.12.1410,2,7,,,,,,,
𗢟,U+1789F,,3.359.1,2121/24,K4837,L2001,L2001,S3139,,4056,40B43,Ⅶ,D,27,40A64,Ⅶ,D,28,2960,,10,2,9,,,,,,2.04.2504,7,2,,,,,,,
𗜱,U+17731,,3.133.1,5022/24,K1398,L4151,L4151,S0770,017-10i,4057,40B44,Ⅶ,D,28,40A65,Ⅶ,D,29,3902,,52,2,43,,,,,,2.12.1305,3,7,,,,,,,
𗚍,U+1768D,,3.051.1,5072/40,K1437,L4411,L4411,S0762,017-052,4058,40B45,Ⅶ,D,29,40A66,Ⅶ,D,30,861,1.32.222,27,1,26,2,3,𘆵,𗴋,,1.12.1406,2,3,,,,,,,
𗙦,U+17666,,3.030.3,1822/22,K0533,L1613,L1613,S0107,102-132,4059,40B46,Ⅶ,D,30,40A67,Ⅶ,D,31,498,1.21.121,16,1,16,1,1,𘇿,𗑃,,1.09.2202,1,1,,,,,,,
𗻒,U+17ED2,,5.328.1,2141/42,K3862,L2161,L2161,S3197,144-081,4060,40B47,Ⅶ,D,31,40A68,Ⅶ,D,32,3286,,27,2,24,,,,,,2.07.2405,2,2,,,,,,,
𗨀,U+17A00,,4.387.3,2344/20,K2181,L2652,L2652,S3697,,4061,40B48,Ⅶ,D,32,40A71,Ⅶ,D,33,4944,,?,0,?,,,,,,3.03.2505,19,2,,,,,,,
𗊧,U+172A7,,1.587.4,2121/22,K4271,L1990,L1990,S4145,,4062,40B51,Ⅶ,D,33,40A72,Ⅶ,D,34,866,1.32.251,27,1,26,2,8,𘌩,𗤩,,1.12.1501,2,8,,,,,,,
𗡮,U+1786E,,3.315.1,1244/00,K2887,L0541,L0541,S1177,220-041,4063,40B52,Ⅶ,D,34,40A73,Ⅶ,D,35,3915,,53,2,44,,,,,,2.12.1408,3,2,,,,,,,
𗲄,U+17C84,,3.626.3,1771/00,K4719,L1481,L1481,S4980,026-107,4064,40B53,Ⅶ,D,35,40A74,Ⅶ,D,36,1769,1.61.221,57,1,55,4,3,𘜨,𗓕,,1.20.1505,1,13,,,,,,,
𗍵,U+17375,,2.070.2,1722/24,K1752,L1026,L1026,S0305,,4065,40B54,Ⅶ,D,36,40A75,Ⅶ,D,37,666,1.26.152,18,1,18,10,2,𘔓,𗽝,,1.10.2705,8,2,,,,,,,
𗚭,U+176AD,,3.064.4,5021/70,K5637,L4142,L4142,S0786,,4066,40B55,Ⅶ,D,37,40A76,Ⅶ,D,38,5202,Z.19.151,26,2,23,15,6,𗃲,𗇆,,3.06.2702,4,39,,,,,,,
𘘌,U+1860C,,8.259.1,1271/00,K5784,L0621,L0621,S4467,285-052,4067,40B56,Ⅶ,D,38,40A77,Ⅶ,D,39,1851,1.64.151,62,1,59,1,3,𗐨,𗶅,,1.21.1202,1,3,,,,,,,
𗈙,U+17219,,1.466.4,1744/72,K2292,L1399,L1399,S4558,,4068,40B57,Ⅶ,D,39,40A78,Ⅶ,D,40,219,1.11.271,7,1,7,2,1,𗮦,𘞐,,1.06.2403,2,1,,,,,,,
𗷬,U+17DEC,,5.168.1,1752/54,K1763,L1449,L1449,S0370,123-032,4069,40B58,Ⅶ,D,40,40B11,Ⅶ,D,41,5203,Z.19.152,95,2,80,15,7,𘝛,𘑠,,3.06.2703,4,40,,,,,,,
𗖦,U+175A6,,2.502.3,1774/50,K3405,L1536,L1536,S4662,182-085,4070,40B61,Ⅶ,D,41,40B13,Ⅶ,D,43,4054,,58,2,49,,,,,,2.13.1210,2,8,,,,,,,
𘗳,U+185F3,,1.477.4,1421/50,K3771,L0766,L0766,S4583,,4071,40B62,Ⅶ,D,42,40B14,Ⅶ,D,44,1450,1.51.151,42,1,41,4,1,𘔓,𗄵,,1.17.1608,3,1,A20.011,,?,?,?,?,
𗘌,U+1760C,,2.580.1,1244/20,K2591,L0559,L0559,S5411,073-052,4072,40B63,Ⅶ,D,43,40B15,Ⅶ,D,45,1800,1.62.213,58,1,56,7,2,𗳡,𗶿,,1.20.2203,6,2,A20.012,435,𗳡,𗶿,𗄕,𗭴,借平
𗵷,U+17D77,,5.081.3,1744/40,K2303,L1383,L1383,S0021,,4073,40B64,Ⅶ,D,44,40B16,Ⅶ,D,46,1284,,36,1,35,,,?,?,,1.15.2607,3,10,A20.013,58,𘝒,𘎱,𗹤,𘟅,平
𗘏,U+1760F,,2.582.2,1141/21,K5460,L0267,L0267,S5408,073-072,4074,40B65,Ⅶ,D,45,40B17,Ⅶ,D,47,1466,1.51.251,43,1,42,5,1,𗮙,𗧗,,1.17.2106,5,1,A20.021,371,𗮙,𗧗,𗹤,𗵆,平
𗎰,U+173B0,,2.121.2,2101/11,K5479,L1891,L1891,S1256,068-121,4075,40B66,Ⅶ,D,46,40B18,Ⅶ,D,48,2178,1.75.241,72,1,69,4,1,𗤧,𗍥,,1.24.1701,4,1,A20.022,547,𗤧,𗍥,𗙻,𗥇,平
𗁞,U+1705E,,1.064.2,2704/50,K1953,L2973,L2973,S1599,039-088,4076,40B67,Ⅶ,D,47,40B21,Ⅶ,D,49,3222,,21,2,18,,,,,,2.07.1306,1,1,A20.031,859,𗺉,𗴦,𗀔,𘏧,上
𗊻,U+172BB,,1.601.2,2521/40,K5234,L3772,L3772,S4304,181-071,4077,40B68,Ⅶ,D,48,40B22,Ⅶ,D,50,3909,,53,2,44,,,,,,2.12.1402,2,1,A20.032,1008,𗶹,𗤾,𗄕,𗚂,上
𗠟,U+1781F,,3.263.1,7324/40,K2158,L4571,L4571,S0530,255-064,4078,40B71,Ⅶ,D,49,40B23,Ⅶ,D,51,1703,1.59.151,55,1,53,2,7,𘘀,𗉩,,1.19.2404,2,7,A20.033,413,𘘀,𗉩,𗄕,𗠟,平
𘙫,U+1866B,,8.319.2,5244/40,K2796,L5872,L5872,S5318,,4079,40B72,Ⅶ,D,50,40B24,Ⅶ,D,52,4366,,75,2,64,,,,,,2.15.1408,3,1,A20.041,1116,𗉝,𗶗,𗹤,𘈎,上
𗋎,U+172CE,,1.614.2,2122/42,K0505,L2034,L2034,S4223,,4080,40B73,Ⅶ,D,51,40B25,Ⅶ,D,53,2512,1.88.162,91,1,85,2,2,𗳶,𗙄,,1.28.1101,1,4,A20.042,620,𗳶,𗙄,𗀔,𗱘,平
𗙄,U+17644,,3.012.2,1421/24,K4128,L0751,L0751,S0105,102-063,4081,40B74,Ⅶ,D,52,40B26,Ⅶ,D,54,2513,1.88.171,91,1,85,2,3,𗐨,𘍁,,1.28.1102,1,5,A20.051,621,𗐨,𘍁,𗄕,𗱘,平
𗎬,U+173AC,,2.107.1,2102/12,K0821,L1938,L1938,S1259,068-093,4082,40B75,Ⅶ,D,53,40B27,Ⅶ,D,55,5204,Z.19.161,92,2,77,15,8,𘛡,𗤵,,3.06.2704,4,41,A20.052,1283,𘛡,𗤵,/,/,上雑
𗳷,U+17CF7,,3.696.1,1854/20,K2071,L1796,L1796,S5428,074-061,4083,40B76,Ⅶ,D,54,40B31,Ⅶ,D,57,1850,1.64.142,62,1,59,1,2,𗕮,𘘌,,1.21.1201,1,2,A20.053,460,𗕮,𘘌,𗞇,𗤧,平
𘍃,U+18343,,7.251.1,8729/40,K0758,L5540,L5540,S2225,241-073,4084,40B77,Ⅶ,D,55,40B32,Ⅶ,D,58,4578,,89,2,75,,,,,,2.16.2407,2,1,A20.061,1209,𘏗,𗌬,𗙻,𗡗,上
𗳶,U+17CF6,,3.695.3,1754/20,K2490,L1456,L1456,S5425,074-072,4085,40B78,Ⅶ,D,56,40B34,Ⅶ,D,60,292,1.14.161,9,1,9,4,3,𗳷,𗒲,,1.07.2103,4,3,A20.062,137,𗳷,𗒲,𗞇,𗠭,平
𗋮,U+172EE,,1.639.1,2224/22,K3484,L2416,L2416,S4244,181-099,4086,41A11,Ⅶ,D,57,40B28,Ⅶ,D,56,302,1.14.232,9,1,9,6,4,𘇹,𘏐,,1.07.2207,6,4,A20.063,,?,?,?,?,
𗉷,U+17277,,1.556.3,1144/22,?,L0366,L0366,S5536,185-131,4087,41A12,Ⅶ,D,58,40B35,Ⅶ,D,61,2829,,7,2,6,,,,,,2.03.2504,1,2,A20.071,775,𗕮,𘀄,𗞇,𗩈,上
𗋀,U+172C0,,1.604.1,2224/22,K2740,L2413,L2413,S4146,181-08i,4088,41A13,Ⅶ,D,59,40B37,Ⅶ,D,63,4312,,72,2,61,,,,,,2.14.2602,11,3,A20.072,1113,?,?,?,?,
𗤰,U+17930,,4.153.2,2440/27,K0299,L2739,L2739,S3911,204-06w,4089,41A14,Ⅶ,D,60,40B38,Ⅶ,D,64,4639,,92,2,77,,,,,,2.17.1311,3,3,,,,,,,
𗒴,U+174B4,,2.300.1,8044/27,K0300,L4988,L4988,S2028,,4090,41A15,Ⅶ,D,61,40B41,Ⅶ,D,65,1153,1.41.242,33,1,32,4,3,𘌵,𘐚,,1.14.2308,4,3,,,,,,,
𗶧,U+17DA7,,4.582.2,2210/00,K0038,L2397,L2397,S3515,319-101,4091,41A16,Ⅶ,D,62,40B42,Ⅶ,D,66,5205,Z.19.162,10,2,9,15,9,𗠫,𗮖,,3.06.2705,4,42,,,,,,,
𗙮,U+1766E,,3.033.3,1724/20,K2348,L1083,L1083,S0016,,4092,41A17,Ⅶ,D,63,40B43,Ⅶ,D,67,1008,1.37.141,30,1,29,10,1,𘌩,𘝟,,1.13.1505,7,1,,,,,,,
𘂁,U+18081,,6.167.1,8142/44,K0132,L5225,L5225,S2330,,4093,41A18,Ⅶ,D,64,40B44,Ⅶ,D,68,3772,,45,2,39,,,,,,2.11.1501,3,1,,,,,,,
𘕵,U+18575,,8.148.1,9354/50,K2198,L5897,L5897,S1668,146-051,4094,41A21,Ⅶ,D,65,40B46,Ⅶ,D,70,1540,1.54.113,45,1,44,3,2,𗐨,𗟤,,1.18.1404,3,2,,,,,,,
𘎐,U+18390,,7.309.2,8024/22,K2441,L4827,L4827,S2579,027-102,4095,41A22,Ⅶ,D,66,40B45,Ⅶ,D,69,4130,,63,2,53,,,,,,2.13.2301,2,1,,,,,,,
𗶅,U+17D85,,5.089.2,1744/20,K2316,L1354,L1354,S0142,221-061,4096,41A23,Ⅶ,D,67,40B47,Ⅶ,D,71,1849,1.64.141,62,1,59,1,1,𗼛,𘘌,,1.21.1107,1,1,,,,,,,
𗑲,U+17472,,2.265.2,8044/20,K1934,L4980,L4980,S1801,,4097,41A24,Ⅶ,D,68,40B48,Ⅶ,D,72,1576,1.55.131,49,1,47,2,1,𗕮,𘞘,,1.18.2110,2,1,,,,,,,
𗸅,U+17E05,,5.187.2,1754/50,?,L1466,L1466,S0383,123-073,4098,41A25,Ⅶ,D,69,40B51,Ⅶ,D,73,517,1.21.232,16,1,16,5,1,𗁮,𗤭,,1.09.2405,5,1,,,,,,,
𗒋,U+1748B,,2.277.3,8022/24,K0155,L4763,L4763,S2056,,4099,41A26,Ⅶ,D,70,40B52,Ⅶ,D,74,1767,1.61.211,57,1,55,4,1,𗐨,𘄘,,1.20.1503,1,11,,,,,,,
𗑃,U+17443,,2.224.2,8091/00,K3805,L5055,L5055,S1804,007-075,4100,41A27,Ⅶ,D,71,40B53,Ⅶ,D,75,507,1.21.161,16,1,16,2,4,𗤝,𗕌,,1.09.2303,2,4,,,,,,,
𗽤,U+17F64,,5.450.3,2141/42,K5425,L2153,L2153,S4028,210-092,4101,41A28,Ⅶ,D,72,40B54,Ⅶ,D,76,3523,,35,2,31,,,,,,2.09.1703,3,1,,,,,,,
𗽅,U+17F45,,5.430.3,2345/00,K0293,L2685,L2685,S4016,,4102,41A31,Ⅶ,D,73,40B55,Ⅶ,D,77,945,1.35.152,29,1,28,1,5,𗒲,𗦘,,1.12.2506,1,5,,,,,,,
𗔨,U+17528,,2.385.1,8041/22,K3869,L4896,L4896,S1976,007-144,4103,41A32,Ⅶ,D,74,40B56,Ⅶ,D,78,3372,,29,2,26,,,,,,2.08.1512,3,1,,,,,,,
𘎀,U+18380,,7.297.1,8822/22,K0781,L5527,L5527,S2491,,4104,41A33,Ⅶ,D,75,40B57,Ⅶ,D,79,3374,,29,2,26,,,,,,2.08.1602,3,3,,,,,,,
𗀓,U+17013,,3.333.1,1072/21,K1514,L0147,L0147,S1124,035-061,4105,41A34,Ⅶ,D,76,40B58,Ⅶ,D,80,3534,,36,2,32,,,,,,2.09.2105,3,1,,,,,,,
𗄕,U+17115,,1.195.1,1044/40,K1113,L0132,L0132,S0054,003-112,4106,41A35,Ⅶ,D,77,40B61,Ⅶ,D,81,1281,,36,1,35,,,?,?,,1.15.2604,3,7,,,,,,,
𗒅,U+17485,,2.273.2,8041/00,K4804,L4867,L4867,S2025,007-09h,4107,41A36,Ⅶ,D,78,40B62,Ⅶ,D,82,2521,1.88.251,92,1,86,2,4,𘜲,𗤵,,1.28.1203,2,4,,,,,,,
𗄖,U+17116,,1.195.2,1044/20,K2643,L0123,L0123,S0044,003-122,4108,41A37,Ⅶ,D,79,40B63,Ⅶ,D,83,4945,,10,1,10,,,,,,3.03.2506,19,3,,,,,,,
𗒲,U+174B2,,2.299.1,8044/20,K2493,L4972,L4972,S2013,,4109,41A38,Ⅶ,D,80,40B64,Ⅶ,D,84,291,1.14.152,9,1,9,4,2,𗪺,𗐨,,1.07.2102,4,2,,,,,,,
𘋫,U+182EB,,7.197.2,8341/22,K5035,L5375,L5375,S2119,235-063,4110,41A41,Ⅶ,D,81,40B65,Ⅶ,D,85,4949,,19,1,19,,,,,,3.03.2510,19,7,,,,,,,
𘁧,U+18067,,6.154.1,8722/29,K1605,L5526,L5526,S1896,106-082,4111,41A42,Ⅶ,D,82,40B66,Ⅶ,D,86,1398,1.49.241,40,1,39,1,1,𗉷,𗦤,,1.16.2608,1,1,,,,,,,
𘌕,U+18315,,7.226.4,9121/24,K4348,L5822,L5822,S1697,139-082,4112,41A43,Ⅶ,D,83,40B67,Ⅶ,D,87,5209,Z.19.212,60,2,50,16,2,𘛡,𗨇,,3.06.2709,4,46,,,,,,,
𗶻,U+17DBB,,5.118.2,6041/20,K5063,L4482,L4482,S1043,020-091,4113,41A44,Ⅶ,D,84,40B68,Ⅶ,D,88,,,72,2,61,,,,,,,,,,,,,,,
𗠫,U+1782B,,3.268.1,7122/42,K0766,L4534,L4534,S0532,255-072,4114,41A45,Ⅶ,D,85,40B71,Ⅶ,D,89,5210,Z.19.221,46,2,40,16,3,𗶧,𗭢,,3.07.1101,4,47,,,,,,,
𗏻,U+173FB,,2.190.1,2144/41,K2469,L2274,L2274,S5606,202-121,4115,41A46,Ⅶ,D,86,40B72,Ⅶ,D,90,5211,Z.19.222,92,2,77,16,4,𘆵,𗤵,,3.07.1102,4,48,,,,,,,
𘓟,U+184DF,,7.636.1,2854/20,K3112,L3744,L3744,S4100,061-072,4116,41A47,Ⅶ,D,87,40B73,Ⅶ,D,91,5212,Z.19.231,35,2,31,16,5,𘌕,𗵡,,3.07.1103,4,49,,,,,,,
𘚢,U+186A2,,8.350.2,1421/42,K4228,L0762,L0762,S0468,262-021,4117,41A48,Ⅶ,D,88,40B74,Ⅶ,D,92,5213,Z.19.232,35,2,31,16,6,𘘤,𗒢,上,3.07.1104,4,50,,,,,,,
𘝅,U+18745,,8.477.1,1341/40,K4472,L0680,L0680,S0409,305-072,4118,41A51,Ⅶ,D,89,40B75,Ⅶ,D,93,3459,,33,2,29,,,,,,2.08.2706,4,1,,,,,,,
𘝢,U+18762,,8.443.5,5854/00,?,L5983,L5983,S5346,,4119,41A52,Ⅶ,D,90,40B76,Ⅶ,D,94,2179,1.75.242,72,1,69,4,2,𗕮,𗍥,,1.24.1702,4,2,,,,,,,
𘞐,U+18790,,8.531.1,1090/00,K0677,L0151,L0151,S0227,018-062,4120,41A53,Ⅶ,D,91,40B77,Ⅶ,D,95,220,1.11.272,7,1,7,2,2,𘘀,𗈙,,1.06.2404,2,2,,,,,,,
𗷠,U+17DE0,,5.154.1,1121/17,K5680,L0157,L0157,S0386,,4121,41A54,Ⅶ,D,92,40B78,Ⅶ,D,96,1257,1.45.122,35,1,34,6,1,𗐠,𗙜,,1.15.2302,4,1,,,,,,,
𗙜,U+1765C,,3.026.4,1425/20,K0019,L0777,L0777,S0111,,4122,41A55,Ⅶ,D,93,41A11,Ⅶ,D,97,1259,1.45.132,35,1,34,6,3,𘎻,𗷠,,1.15.2304,4,3,,,,,,,
𘜨,U+18728,,8.448.2,2851/00,K4879,L3723,L3723,S3098,,4123,41A56,Ⅶ,D,94,41A12,Ⅶ,D,98,1258,1.45.131,35,1,34,6,2,𗉘,𗙜,,1.15.2303,4,2,,,,,,,
𘔓,U+18513,,8.039.1,1344/00,K2046,L0696,L0696,S1218,226-041,4124,41A57,Ⅶ,D,95,41A13,Ⅶ,D,99,300,1.14.222,9,1,9,6,2,𗔨,𗎎,,1.07.2205,6,2,,,,,,,
𗇁,U+171C1,,1.410.2,2804/24,K2504,L3504,L3504,S1356,041-161,4125,41A58,Ⅶ,D,96,41A14,Ⅶ,D,100,860,1.32.221,27,1,26,2,2,𘜲,𗙪,,1.12.1405,2,2,,,,,,,
𗪅,U+17A85,,4.483.2,2145/70,K0477,L2292,L2292,S3385,204-11s,4126,41A61,Ⅶ,D,97,41A15,Ⅶ,D,101,3897,,52,2,43,,,,,,2.12.1209,3,2,,,,,,,
𗧖,U+179D6,,4.349.1,2742/40,K1819,L3239,L3239,S3892,204-09w,4127,41A62,Ⅶ,D,98,41A16,Ⅶ,D,102,4012,,57,2,48,,,,,,2.12.2602,2,1,,,,,,,
𗉪,U+1726A,,1.551.2,1745/25,K0326,L1409,L1409,S5511,185-082,4128,41A63,Ⅶ,D,99,41A17,Ⅶ,D,103,3680,,42,2,36,,,,,,2.10.2205,2,3,,,,,,,
𘖔,U+18594,,8.180.1,8142/80,K0184,L5230,L5230,S2519,238-101,4129,41A64,Ⅶ,D,100,41A18,Ⅶ,D,104,3178,,18,2,15,,,,,,2.06.2502,4,4,,,,,,,
𗹀,U+17E40,,5.221.4,1124/20,K2387,L0220,L0220,S1096,,4130,41A65,Ⅶ,D,101,41A21,Ⅶ,D,105,1444,1.51.123,42,1,41,2,1,𗒲,𘐝,,1.17.1602,2,1,,,,,,,
𗕏,U+1754F,,2.411.2,1744/22,K0391,L1359,L1359,S4409,010-073,4131,41A66,Ⅶ,D,102,41A22,Ⅶ,D,106,4628,,92,2,77,,,,,,2.17.1209,2,6,,,,,,,
𘍁,U+18341,,7.249.2,8821/40,K4884,L5695,L5695,S2209,,4132,41A67,Ⅶ,D,103,41A23,Ⅶ,D,107,2511,1.88.161,91,1,85,2,1,𗒲,𗙄,,1.27.2707,1,3,,,,,,,
𘄰,U+18130,,6.317.1,1749/00,K0688,L0821,L0821,S4726,,4133,41A68,Ⅶ,D,104,41A24,Ⅶ,D,108,700,1.27.171,19,1,19,8,2,𗢟,𗉢,,1.11.1404,8,2,,,,,,,
𗭜,U+17B5C,,3.416.2,3221/24,K4636,L3886,L3886,S2992,105-103,4134,41A71,Ⅶ,D,105,41A25,Ⅶ,D,109,5214,Z.19.241,23,2,20,16,7,𘆵,𗓍,,3.07.1105,4,51,,,,,,,
𗗅,U+175C5,,2.527.2,1172/22,K0506,L0446,L0446,S4619,182-113,4135,41A72,Ⅶ,D,106,41A26,Ⅶ,D,110,1282,,36,1,35,,,?,?,,1.15.2605,3,8,,,,,,,
𗀐,U+17010,,1.015.2,1071/44,K5120,L0143,L0143,S1056,001-092,4136,41A73,Ⅶ,D,107,41A27,Ⅶ,D,111,4894,Z.06.251,36,1,35,6,1,𗆤,𗗯,,3.03.1705,6,1,,,,,,,
𗲅,U+17C85,,3.627.1,1775/20,K1348,L1539,L1539,S4981,026-095,4137,41A74,Ⅶ,D,108,41A28,Ⅶ,D,112,1453,1.51.162,42,1,41,4,4,𘋃,𗡽,平,1.17.1701,3,4,,,,,,,
𘑓,U+18453,,7.463.3,8544/25,K1955,L5485,L5485,S2678,,4138,41A75,Ⅶ,D,109,41A31,Ⅶ,D,113,4579,,89,2,75,,,,,,2.16.2408,2,2,,,,,,,
𗺎,U+17E8E,,5.306.2,4705/14,K0346,L4059,L4059,S3112,070-101,4139,41A76,Ⅶ,D,110,41A32,Ⅶ,D,114,1151,1.41.232,33,1,32,4,1,𗕮,𘞒,,1.14.2306,4,1,,,,,,,
𗏗,U+173D7,,2.161.1,2741/00,?,L3104,L3104,S5619,202-073,4140,41A77,Ⅶ,D,111,41A33,Ⅶ,D,115,4946,,?,0,?,,,,,,3.03.2507,19,4,,,,,,,
𗦕,U+17995,,4.284.3,2244/24,K1062,L2486,L2486,S3431,,4141,41A78,Ⅶ,D,112,41A34,Ⅶ,D,116,848,1.32.132,26,1,25,2,2,𗳴,𗇹,,1.12.1303,1,3,,,,,,,
𗢄,U+17884,,3.346.1,7722/50,?,L4609,L4609,S1628,,4142,41B11,Ⅶ,D,113,41A35,Ⅶ,D,117,3290,,27,2,24,,,,,,2.07.2409,2,6,,,,,,,
𘞒,U+18792,,8.532.2,1891/40,K0469,L1833,L1833,S0228,,4143,41B12,Ⅶ,D,114,41A36,Ⅶ,D,118,1152,1.41.241,33,1,32,4,2,𘞐,𗺎,,1.14.2307,4,2,,,,,,,
𗤁,U+17901,,4.087.2,2742/20,K1650,L3200,L3200,S3448,204-07e,4144,41B13,Ⅶ,D,115,41A37,Ⅶ,D,119,1564,1.54.251,47,1,46,1,1,𗁮,𗞌,,1.18.1707,1,1,,,,,,,
𗺍,U+17E8D,,5.306.1,4204/14,K2897,L4036,L4036,S5336,,4145,41B14,Ⅶ,D,116,41A38,Ⅶ,D,120,4947,,29,1,28,,,,,,3.03.2508,19,5,,,,,,,
𘊥,U+182A5,,7.139.2,3341/20,K5060,L3915,L3915,S2918,,4146,41B15,Ⅶ,D,117,41A41,Ⅶ,D,121,4948,,?,0,?,,,,,,3.03.2509,19,6,,,,,,,
𗂃,U+17083,,1.091.1,2801/27,K5659,L3461,L3461,S1527,,4147,41B16,Ⅶ,D,118,41A42,Ⅶ,D,122,775,1.29.262,21,1,21,4,4,𗁮,𗮯,,,,,,,,,,,
𘇨,U+181E8,,6.485.2,1852/00,K1726,L1787,L1787,S5064,,4148,41B17,Ⅶ,D,119,41A43,Ⅶ,D,123,301,1.14.231,9,1,9,6,3,𗣖,𗎎,,1.07.2206,6,3,,,,,,,
𗹽,U+17E7D,,5.292.2,2702/52,K0814,L2950,L2950,S1301,135-073,4149,41B18,Ⅶ,D,120,41A44,Ⅶ,D,124,1905,1.66.111,63,1,60,1,8,𗼛,𗗞,,1.21.2109,1,8,,,,,,,
𗫓,U+17AD3,,4.552.1,2745/74,K1461,L3386,L3386,S3896,,4150,41B21,Ⅶ,D,121,41A45,Ⅶ,D,125,2625,1.92.242,102,1,94,1,3,𗉝,𗂌,,1.29.1504,1,3,,,,,,,
𗡽,U+1787D,,3.341.1,2804/20,K3527,L3495,L3495,S1314,,4151,41B22,Ⅶ,D,122,41A46,Ⅶ,D,126,3686,,42,2,36,,,,,,2.10.2211,2,9,,,,,,,
𘎱,U+183B1,,7.337.3,8144/20,K0393,L5237,L5237,S2701,236-04d,4152,41B23,Ⅶ,D,123,41A47,Ⅶ,D,127,3537,,36,1,35,,,,,,2.09.2108,4,1,,,,,,,
𘘁,U+18601,,8.252.4,1642/42,K1337,L0893,L0893,S4674,118-081,4153,41B24,Ⅶ,D,124,41A48,Ⅶ,D,128,3957,,55,2,46,,,,,,2.12.2106,2,2,,,,,,,
𗮞,U+17B9E,,3.457.1,8121/70,K5610,L5099,L5099,S2275,269-042,4154,41B25,Ⅶ,D,125,41A51,Ⅶ,D,129,2638,1.93.151,105,1,97,1,1,𗛈,𗇝,,1.29.2103,1,1,,,,,,,
𗔈,U+17508,,2.367.1,8049/00,K0725,L4936,L4936,S1978,007-12e,4155,41B26,Ⅶ,D,126,41A52,Ⅶ,D,130,,,26,1,25,,,,,,,,,,,,,,,
𗘦,U+17626,,2.589.3,1724/00,K2998,L1058,L1058,S5074,,4156,41B27,Ⅶ,D,127,41A56,Ⅶ,D,134,,,37,1,36,,,,,,,,,,,,,,,
𗫻,U+17AFB,,4.596.2,2740/00,K5763,L3099,L3099,S3926,276-062,4157,41B28,Ⅶ,D,128,41A57,Ⅶ,D,135,4884,Z.06.172,40,1,39,4,2,𘆵,𘗖,,3.03.1605,4,2,,,,,,,
𘙲,U+18672,,8.324.2,1171/45,K4312,L0443,L0443,S5109,162-032,4158,41B31,Ⅶ,D,129,41A58,Ⅶ,D,136,4911,Z.07.162,53,1,51,10,2,𗃲,𗊻,,3.03.2202,10,2,,,,,,,
𗌓,U+17313,,1.671.5,2421/27,K4232,L2729,L2729,S4237,181-138,4159,41B32,Ⅶ,D,130,41A61,Ⅶ,D,137,4951,,?,0,?,,,,,,3.03.2602,19,9,,,,,,,
𗰈,U+17C08,,3.518.2,8742/24,K1730,L5629,L5629,S2842,188-051,4160,41B33,Ⅶ,D,131,41A63,Ⅶ,D,139,5186,Z.18.232,21,2,18,11,1,𗶧,𗗹,,3.06.2507,4,24,,,,,,,
𘛡,U+186E1,,2.406.1,8121/44,K5264,L5094,L5094,S2195,244-071,4161,41B34,Ⅶ,D,132,41A64,Ⅶ,D,140,4880,Z.06.152,70,1,67,3,1,𘗭,𗆈,,3.03.1601,3,1,,,,,,,
𗄔,U+17114,,1.194.3,1041/24,K4407,L0086,L0086,S0042,003-123,4162,41B35,Ⅶ,D,133,41A65,Ⅶ,D,141,1803,1.62.231,58,1,56,8,1,𘘀,𗀇,,1.20.2206,7,1,,,,,,,
𘘜,U+1861C,,8.274.2,1220/24,K0153,L0479,L0479,S5057,289-052,4163,41B36,Ⅶ,D,134,41A66,Ⅶ,D,142,1395,1.49.221,39,1,38,3,1,𗰠,𘏡,,1.16.2604,3,1,A21.010,350,𗰠,𘏡,𗄕,𘘅,平
𗲉,U+17C89,,3.631.1,1724/20,K2335,L1075,L1075,S4920,026-09a,4164,41B37,Ⅶ,D,135,41A67,Ⅶ,D,143,5170,Z.18.121,53,2,44,5,1,𗃲,𗊻,,3.06.2401,4,8,A21.011,1272,𗃲,𗊻,/,/,上雑
𗮦,U+17BA6,,3.459.1,8321/70,K5647,L5357,L5357,S2301,269-053,4165,41B38,Ⅶ,D,136,35A77,Ⅶ,11,10,449,1.19.212,14,1,14,2,1,𗈙,𘘀,,1.09.1205,2,1,A21.012,174,𗈙,𘘀,𗙻,𗮦,平
𗤦,U+17926,,4.136.1,2844/20,K2105,L3676,L3676,S3660,204-06p,4166,41B41,Ⅶ,D,137,35B55,Ⅶ,19,1,3373,,29,2,26,,,,,,2.08.1601,3,2,A21.013,887,𘇹,𗝓,𗄕,𗞨,上
𗞗,U+17797,,3.186.1,5045/75,?,L6050,?,?,,4166.1,HB,Ⅶ,,,,,,,,,45,1,44,,,,,,,,,A21.021,16,𘴄,𗟤,𗄕,𗶥,平
𗘇,U+17607,,2.578.1,1545/27,?,L6013,?,?,,4166.2,HB,Ⅶ,,,,,,,,,2,2,2,,,,,,,,,A21.022,17,𗚋,𗊜,𗙻,𗲺,上
𗈤,U+17224,,1.474.3,1740/00,K5357,L1181,L1181,S4560,,4167,41B42,Ⅶ,D,138,36A48,Ⅶ,26,9,85,1.07.241,2,1,2,7,1,𗶷,𘄀,,1.05.1707,7,1,A21.023,82,𗶷,𘄀,𗄕,𘜲,平
𘘦,U+18626,,8.283.2,1142/20,K1331,L0322,L0322,S5009,297-031,4168,41B43,Ⅶ,D,139,36A68,Ⅶ,30,1,1582,1.55.161,50,1,48,2,1,𘒏,𗩻,,1.18.2207,2,1,A21.031,386,𘒏,𗩻,𗞇,𗄈,平
𘕹,U+18579,,8.151.1,8121/44,K5125,L5093,L5093,S2188,242-042,4169,41B44,Ⅶ,D,140,38B37,Ⅶ,102,2,1555,1.54.211,46,1,45,4,1,𗁮,𘝖,,1.18.1604,3,5,A21.032,376,𗁮,𘝖,𗞇,𘝖,平
𗑦,U+17466,,2.254.2,8022/22,K1576,L4753,L4753,S1954,,4170,41B45,Ⅶ,D,141,36B75,Ⅶ,42,3,2527,1.89.111,92,1,86,3,1,𗣖,𗕭,,1.28.1301,3,1,A21.041,629,𗣖,𗕭,𗄕,𗲆,平
𘃪,U+180EA,,6.261.2,8824/20,K3334,L5712,L5712,S2417,056-081,4171,41B46,Ⅶ,D,142,37A12,Ⅶ,43,4,4905,Z.07.133,19,1,19,9,1,𗌓,𘏵,,3.03.2106,9,1,A21.042,649,𗌓,𘏵,/,/,平雑
𗠨,U+17828,,3.266.2,7124/42,K3554,L4545,L4545,S0539,255-061,4172,41B47,Ⅶ,D,143,37A27,Ⅶ,47,2,5165,Z.17.262,2,2,2,4,1,𗌓,𗦮,,3.06.2305,4,3,A21.043,1259,𗌓,𗼟,/,/,上雑
𘉧,U+18267,,7.090.2,2821/12,K5353,L3523,L3523,S3297,,4173,41B48,Ⅶ,D,144,37A33,Ⅶ,48,4,5166,Z.17.271,21,2,18,4,2,𗃲,𗁞,,3.06.2306,4,4,A21.051,1261,𗃲,𗁞,/,/,上雑
𗭍,U+17B4D,,3.400.1,3121/21,K5478,L3844,L3844,S2977,105-063,4174,41B51,Ⅶ,D,145,37A37,Ⅶ,49,2,4910,Z.07.161,64,1,61,10,1,𘛡,𗛐,,3.03.2201,10,1,A21.052,663,𘛡,𗛐,/,/,平雑
𗪵,U+17AB5,,4.524.2,2144/42,K1921,L2275,L2275,S3387,204-123,4175,41B52,Ⅶ,D,146,37A38,Ⅶ,50,1,1246,1.44.243,35,1,34,3,2,𗐠,𗒢,,1.15.2109,2,2,A21.053,339,𗐠,𗒢,𗙻,𗷘,平
𗵡,U+17D61,,5.064.1,1054/00,K2686,L0146,L0146,S0209,018-109,4176,41B53,Ⅶ,D,147,37A41,Ⅶ,50,2,3520,,35,2,31,,,,,,2.09.1611,2,1,A21.061,916,𗒲,𗪐,𗙻,𗷛,上
𘜡,U+18721,,8.445.4,2152/20,K0817,L2303,L2303,S3093,,4177,41B54,Ⅶ,D,148,37A44,Ⅶ,51,3,2431,1.85.161,87,1,82,3,2,𗳡,𗪑,,1.27.1402,3,2,A21.062,604,𗳡,𗪑,𗄕,𗸪,平
𘜠,U+18720,,8.445.3,2752/00,?,L6042,?,?,,4177.1,HB,Ⅶ,,,,,,,,,85,2,73,,,,,,,,,A21.063,18,𗙄,𗍵,𗄕,𗐔,上
𗅬,U+1716C,,1.347.1,2104/24,K1048,L1969,L1969,S1347,041-09h,4178,41B55,Ⅶ,D,149,,,,,5181,Z.18.211,46,2,40,9,1,𗃲,𘏼,,3.06.2502,4,19,A21.071,1271,𗃲,𘏼,/,/,上雑
𗨆,U+17A06,,4.396.2,2341/42,K5052,L2623,L2623,S3725,,4179,41B56,Ⅶ,D,150,,,,,3681,,42,2,36,,,,,,2.10.2206,2,4,A21.072,944,𗐨,𗹱,𗄕,𗨆,上
𗉭,U+1726D,,1.553.1,1244/22,K2765,L0572,L0572,S5538,185-084,4180,41B57,Ⅶ,D,151,,,,,1456,1.51.173,43,1,42,2,1,𗚋,𗨂,,1.17.1705,2,1,A21.081,368,𗚋,𗨂,𗙻,𗵆,平
𗉔,U+17254,,1.526.2,1344/20,K2957,L0707,L0707,S5534,185-055,4181,41B58,Ⅶ,D,152,,,,,1551,1.54.162,46,1,45,3,1,𘅫,𘝖,,1.18.1508,3,1,A21.082,375,𘅫,𘝖,𗙻,𘝖,平
𗺩,U+17EA9,,5.314.2,2141/42,K4320,L2158,L2158,S3262,,4182,41B61,Ⅶ,D,153,38A11,Ⅶ,76,?,3175,,18,2,15,,,,,,2.06.2407,4,1,A21.091,853,𘴄,𗋖,𗄕,𗺩,上
𗜖,U+17716,,3.122.3,5041/20,?,L4230,L4230,S0684,,4183,41B62,Ⅶ,D,154,,,,,3904,,53,2,44,,,,,,2.12.1308,1,2,A21.092,1007,𗄐,𗤾,𗙻,𗚂,上
𗀚,U+1701A,,1.026.2,7121/40,K4872,L4507,L4507,S0008,002-091,4184,41B63,Ⅶ,D,155,,,,,1654,1.57.221,52,1,50,3,1,𗐨,𗇳,,1.19.1502,3,1,A21.093,398,𗐨,𗇳,𗄕,𗆉,平
𗮙,U+17B99,,3.455.1,8722/24,K1776,L5530,L5530,S2272,,4185,41B64,Ⅶ,D,156,,,,,342,1.16.112,10,1,10,11,1,𘝓,𘋃,,1.08.1106,9,4,A21.101,147,𘝓,𘋃,𗄕,𗚋,平
𗰖,U+17C16,,3.527.1,1220/24,K0154,L0478,L0478,S4482,107-053,4186,41B65,Ⅶ,D,157,38A71,Ⅶ,94,1,1700,1.59.131,55,1,53,2,4,𘎛,𗁏,,1.19.2401,2,4,A21.102,412,𘎛,𗁏,𗄕,𗠟,平
𘂰,U+180B0,,6.206.1,8844/00,K2987,L5747,L5747,S2381,208-052,4187,41B66,Ⅶ,D,158,38A72,Ⅶ,94,2,3953,,55,2,46,,,,,,2.12.2102,1,2,A21.111,1012,𘎛,𗨕,𗄕,𘘁,上
𗕬,U+1756C,,2.447.1,1745/74,K1456,L1418,L1418,S4387,,4188,41B67,Ⅶ,D,159,38B17,Ⅶ,96,10,4748,,30,4,27,,,,,,2.18.1404,2,2,A21.112,896,𘞐,𘐳,𗄕,𗲸,上借入
𘎏,U+1838F,,7.309.1,8021/40,K4875,L4714,L4714,S2533,027-103,4189,41B68,Ⅶ,D,160,38B36,Ⅶ,102,1,3787,,46,2,40,,,,,,2.11.1606,3,1,A21.121,970,𗋐,𗶫,𗀔,𗺶,上
𗬙,U+17B19,,3.372.1,2141/50,K5417,L2172,L2172,S5639,,4190,41B71,Ⅶ,D,161,36A36,Ⅶ,25,4,2717,,2,2,2,,,,,,2.02.2701,1,7,A21.122,743,𗁮,𗂂,𗞇,𗲺,上
𘆮,U+181AE,,6.445.1,1121/54,K3729,L0194,L0194,S5204,080-065,4191,41B72,Ⅶ,D,162,38B51,Ⅶ,105,3,4264,,70,2,60,,,,,,2.14.2201,3,1,A21.123,1100,𗤧,𗉝,𗙻,𗒣,上
𗿍,U+17FCD,,6.052.4,2844/42,K2098,L3698,L3698,S3921,,4192,41B73,Ⅶ,D,163,38B56,Ⅶ,107,2,767,1.29.222,21,1,21,3,1,𘜲,𘄢,,,,,A21.131,245,𘜲,𘄢,𗹤,𘄢,平
𗔗,U+17517,,2.376.1,8024/40,?,L4830,L4830,S1989,007-136,4193,41B74,Ⅶ,D,164,38B55,Ⅶ,107,1,3223,,21,2,18,,,,,,2.07.1307,1,2,A21.132,860,𗂂,𗒃,𗄕,𘏧,上
𗤧,U+17927,,4.136.2,2945/40,K1450,L3805,L3805,S3574,,4194,41B75,Ⅶ,D,165,38B57,Ⅶ,108,1,1868,1.64.261,62,1,59,3,2,𗪤,𗴿,,1.21.1404,3,2,A21.141,459,𗪤,𗴿,𗙻,𗤧,平
𗂝,U+1709D,,1.109.3,2401/40,K4143,L2711,L2711,S1536,,4195,41B76,Ⅶ,D,166,38B75,Ⅶ,114,1,4934,Z.08.131,70,1,67,18,2,𘛡,𘙂,,3.03.2405,17,2,A21.142,669,𘛡,𘙂,/,/,平雑
𘞯,U+187AF,,8.509.1,8441/00,K4142,L5436,L5436,S2617,299-021,4196,41B77,Ⅶ,D,167,38B76,Ⅶ,114,2,4935,Z.08.132,70,1,67,18,3,𘗬,𘎮,,3.03.2406,17,3,A21.143,670,𘗬,𘎮,/,/,平雑
𘚳,U+186B3,,8.356.1,2151/51,K5486,L2301,L2301,S1326,,4197,41B78,Ⅶ,D,168,39A25,Ⅶ,120,2,849,1.32.141,26,1,25,2,3,𘇹,𗒈,,1.12.1304,1,4,A21.151,259,𘇹,𗒈,𗹤,𘅻,平
𗄽,U+1713D,,1.221.1,2909/20,K0716,L3763,L3763,S1391,041-061,4198,42A11,Ⅶ,D,169,39A24,Ⅶ,120,1,850,1.32.142,26,1,25,2,4,𗐩,𘅻,,1.12.1305,1,5,A21.152,260,𗐩,𘅻,𗄕,𘅻,平
𘛕,U+186D5,,8.132.1,8722/49,K0113,L5542,L5542,S1889,,4199,42A12,Ⅶ,D,170,39A41,Ⅶ,124,1,3375,,29,2,26,,,,,,2.08.1603,3,4,A21.153,888,𗋮,𘎀,𗄕,𗞨,上
𗸑,U+17E11,,5.196.1,1254/52,K3622,L0617,L0617,S0349,123-123,4200,42A13,Ⅶ,D,171,39A45,Ⅶ,125,2,4936,Z.08.141,91,1,85,18,4,𘆵,𘍁,,3.03.2407,17,4,A21.161,673,𘆵,𘍁,/,/,平雑
𘗥,U+185E5,,8.236.1,8191/00,?,L5255,L5255,S2430,172-031,4201,42A14,Ⅶ,D,172,39A44,Ⅶ,125,1,4937,Z.08.142,29,1,28,18,5,𘆵,𗔨,,3.03.2408,17,5,A21.162,653,𘆵,𗔨,/,/,平雑
𗼄,U+17F04,,5.346.1,2182/20,K0218,L2341,L2341,S3302,205-031,4202,42A15,Ⅶ,D,173,39A57,Ⅶ,129,1,2371,1.83.112,83,1,78,2,1,𗋀,𗖣,上,1.26.1708,2,1,A21.171,581,𗋀,𗖣,𗙻,𗈮,平去
𗼛,U+17F1B,,5.382.1,2284/22,K2824,L2547,L2547,S3303,205-071,4203,42A16,Ⅶ,D,174,39A58,Ⅶ,129,2,2372,1.83.121,83,1,78,2,2,𗹰,𗖣,,1.26.2101,2,2,A21.172,582,𗹰,𗖣,𗙻,𗈮,平
𘘙,U+18619,,8.271.1,1421/20,K3843,L0742,L0742,S5056,,4204,42A17,Ⅶ,D,175,39A75,Ⅶ,133,2,4940,Z.08.161,63,1,60,19,1,𘛡,𘆬,,3.03.2411,18,1,A21.173,662,𘛡,𘆬,/,/,平雑
𗄦,U+17126,,1.205.3,7121/72,K4910,L4527,L4527,S1058,,4205,42A18,Ⅶ,D,176,39A74,Ⅶ,133,1,5197,Z.19.121,63,2,53,15,1,𘛡,𘇋,,3.06.2608,4,34,A21.181,1277,𘛡,𘇋,/,/,上雑
𘇋,U+181CB,,6.469.3,1321/54,K4494,L0650,L0650,S5229,,4206,42A21,Ⅶ,D,177,39B15,Ⅶ,136,4,4131,,63,2,53,,,,,,2.13.2302,2,2,A21.182,1058,𘘌,𘎐,𗹤,𗐯,上
𘇵,U+181F5,,6.490.3,1274/44,K1076,L0633,L0633,S5102,161-051,4207,42A22,Ⅶ,D,178,39B51,Ⅶ,146,9,3383,,30,2,27,,,,,,2.08.1612,2,5,A22.011,895,𗋐,𘙇,𗀔,𗬼,上
𗱎,U+17C4E,,3.589.1,1722/00,K0916,L0988,L0988,S4885,026-021,4208,42A23,Ⅶ,D,179,39B65,Ⅶ,148,2,,,18,1,18,,,,,,,,,A22.012,53,𗄐,𗙒,𗄕,𗉺,平雑
𘆗,U+18197,,6.421.1,5704/10,K3401,L5937,L5937,S5338,072-051,4209,42A24,Ⅶ,D,180,34A37,Ⅶ,D,63,,,29,2,26,,,,,,,,,A22.013,730,𗶷,𗔨,/,/,上雑
𗢆,U+17886,,3.347.2,7525/57,K1463,L4591,L4591,S1627,,4210,42A25,Ⅶ,D,181,38A16,Ⅶ,78,?,,,30,1,29,,,,,,,,,A22.021,32,𗉛,𗤵,𗹤,𘎻,平
𗋨,U+172E8,,1.635.2,2220/24,K0158,L2400,L2400,S4266,181-09f,4211,42A26,Ⅶ,D,182,55B44,Ⅸ,D,148,5152,,?,0,?,,,,,,3.06.2102,2,1,,,,,,,
𗥦,U+17966,,4.229.2,2441/22,K3838,L2750,L2750,S3619,204-075,4212,42A41,Ⅷ,1,1,41B21,Ⅷ,1,1,181,1.10.232,4,1,4,3,2,𘟄,𗾂,,1.06.1508,3,2,A22.031,93,𘟄,𗾂,𗫔,𘙼,平
𗦯,U+179AF,,4.307.1,2441/22,K3833,L2751,L2751,S3512,204-113,4213,42A42,Ⅷ,1,2,41B23,Ⅷ,1,3,182,1.10.241,4,1,4,3,3,𘟄,𗾂,,1.06.1509,3,3,A22.032,94,𘟄,𗾂,𗫔,𘙼,平
𗪠,U+17AA0,,4.513.1,2441/24,?,L2763,L2763,S3625,,4214,42A43,Ⅷ,1,3,41B24,Ⅷ,1,4,183,1.10.242,4,1,4,3,4,𘟄,𗾂,,1.06.1601,3,4,A22.041,95,𘟄,𗾂,𗫔,𘙼,平
𘆒,U+18192,,6.417.1,1774/22,K2980,L1519,L1519,S5186,,4215,42A44,Ⅷ,1,4,41B33,Ⅷ,1,11,184,1.10.251,4,1,4,3,5,𘟄,𗾂,,1.06.1602,3,5,A22.042,96,𘟄,𗾂,𗫔,𘙼,平
𘒈,U+18488,,6.416.1,1772/50,K1295,L1510,L1510,S5185,,4216,42A45,Ⅷ,1,5,41B34,Ⅷ,1,12,185,1.10.252,4,1,4,3,6,𘟄,𗾂,,1.06.1603,3,6,A22.043,97,𘟄,𗾂,𗫔,𘙼,平
𘴂,U+18D02,,5.358.1,2784/20,K3388,L3435,L3435,S3308,,4217,42A46,Ⅷ,1,6,41B26,Ⅷ,1,6,186,1.10.253,4,1,4,3,7,𘟄,𗾂,,1.06.1604,3,7,A22.051,98,𘟄,𗾂,𗫔,𘙼,平
𗼙,U+17F19,,5.381.1,2481/22,K3876,L2813,L2813,S3331,,4218,42A47,Ⅷ,2,1,41B22,Ⅷ,1,2,2806,,4,2,4,,,,,,2.03.2301,2,2,A22.052,763,𘟄,𗎛,𗫔,𘓩,上
𗍀,U+17340,,2.014.2,1441/22,K3878,L0789,L0789,S0649,,4219,42A48,Ⅷ,2,2,41B27,Ⅷ,1,7,2807,,4,2,4,,,,,,2.03.2302,2,3,A22.053,764,𘟄,𗎛,𗫔,𘓩,上
𗛠,U+176E0,,3.084.1,5041/22,K3879,L4235,L4235,S0712,,4220,42A51,Ⅷ,2,3,41B28,Ⅷ,1,8,2808,,4,2,4,,,,,,2.03.2303,2,4,A22.054,765,𘟄,𗎛,𗫔,𘓩,上
𗮵,U+17BB5,,3.465.1,8721/70,K5668,L5513,L5513,S2312,269-072,4221,42A52,Ⅷ,2,4,41B31,Ⅷ,1,9,2809,,4,2,4,,,,,,2.03.2304,2,5,A22.061,766,𘟄,𗎛,𗫔,𘓩,上
𗺯,U+17EAF,,5.316.2,2245/45,?,L2517,L2517,S3253,,4222,42A53,Ⅷ,2,5,41B32,Ⅷ,1,10,2810,,4,2,4,,,,,,2.03.2305,2,6,A22.062,767,𘟄,𗎛,𗫔,𘓩,上
𗨫,U+17A2B,,4.420.2,2742/20,K0584,L3197,L3197,S3868,204-10e,4223,42A54,Ⅷ,2,6,41B25,Ⅷ,1,5,,,4,2,4,,,,,,,,,A22.063,678,𘟄,𗎛,𗫔,𘓩,上
𗴄,U+17D04,,3.709.1,1794/00,K2555,L1571,L1571,S5462,,4224,42A55,Ⅷ,3,1,41B35,Ⅷ,2,1,4620,,92,2,77,,,,,,2.17.1201,1,3,A22.064,1221,𗋿,𗬼,𗫔,𗬼,上
𗡦,U+17866,,3.307.1,1244/40,K2663,L0592,L0592,S1182,219-081,4225,42A56,Ⅷ,3,2,41B37,Ⅷ,2,3,4621,,92,2,77,,,,,,2.17.1202,1,4,A22.071,1222,𗋿,𗬼,𗫔,𗬼,上
𗸐,U+17E10,,5.194.3,1754/59,K2556,L1474,L1474,S0380,123-111,4226,42A57,Ⅷ,3,3,41B36,Ⅷ,2,2,4622,,92,2,77,,,,,,2.17.1203,1,5,A22.072,1223,𗋿,𗬼,𗫔,𗬼,上
𗡥,U+17865,,3.306.2,1945/50,K1265,L1877,L1877,S1188,219-072,4227,42A58,Ⅷ,3,4,41B38,Ⅷ,2,4,4619,,92,2,77,,,,,,2.17.1110,1,2,A22.073,720,𗋿,𗬼,𗫔,𗬼,上
𘘻,U+1863B,,8.294.2,1141/21,K5493,L0268,L0268,S4999,297-065,4228,42A61,Ⅷ,3,5,45A13,Ⅷ,100,2,,,92,2,77,,,,,,,,,A22.081,721,𗋿,𗬼,𗫔,𗬼,上
𗨄,U+17A04,,4.395.2,2141/40,K4538,L2132,L2132,S3731,204-094,4229,42A62,Ⅷ,4,1,41B41,Ⅷ,3,1,3790,,46,2,40,,,,,,2.11.1609,4,1,A22.082,974,𘕤,𘐕,𗫔,𗺶,上
𗫜,U+17ADC,,4.559.3,2842/45,?,L3652,L3652,S3726,,4230,42A63,Ⅷ,4,2,41B42,Ⅷ,3,2,3791,,46,2,40,,,,,,2.11.1610,4,2,A22.083,975,𘕤,𘐕,𗫔,𗺶,上
𗺘,U+17E98,,5.309.2,2141/40,K4516,L2142,L2142,S3198,144-043,4231,42A64,Ⅷ,4,3,41B43,Ⅷ,3,3,3792,,46,2,40,,,,,,2.11.1611,4,3,A22.091,976,𘕤,𘐕,𗫔,𗺶,上
𗴤,U+17D24,,3.732.1,2875/45,K1197,L3747,L3747,S3091,,4232,42A65,Ⅷ,4,4,41B44,Ⅷ,3,4,3793,,46,2,40,,,,,,2.11.1612,4,4,A22.092,977,𘕤,𘐕,𗫔,𗺶,上
𗰔,U+17C14,,3.525.1,1722/20,K1669,L0997,L0997,S4491,107-051,4233,42A66,Ⅷ,4,5,41B45,Ⅷ,3,5,3794,,46,2,40,,,,,,2.11.1701,4,5,A22.093,978,𘕤,𘐕,𗫔,𗺶,上
𗷸,U+17DF8,,5.179.1,1752/52,K0800,L1448,L1448,S0361,123-051,4234,42A67,Ⅷ,4,6,41B46,Ⅷ,3,6,3795,,46,2,40,,,,,,2.11.1702,4,6,A22.094,979,𘕤,𘐕,𗫔,𗺶,上
𗰨,U+17C28,,3.559.3,1921/24,K5210,L1844,L1844,S4483,107-111,4235,42A68,Ⅷ,4,7,41B47,Ⅷ,3,7,3796,,46,2,40,,,,,,2.11.1703,4,7,A22.101,,𘕤,𘐕,𗫔,𗺶,上
𗺶,U+17EB6,,5.318.2,2841/44,K5213,L3785,L3785,S3233,,4236,42A71,Ⅷ,4,8,41B48,Ⅷ,3,8,3797,,46,2,40,,,,,,2.11.1704,4,8,,,,,,,
𗍃,U+17343,,2.025.1,1441/40,K4194,L0805,L0805,S0661,098-074,4237,42A72,Ⅷ,4,9,41B51,Ⅷ,3,9,3798,,46,2,40,,,,,,2.11.1705,4,9,,,,,,,
𗗐,U+175D0,,2.534.1,4744/20,K1922,L4073,L4073,S5307,,4238,42A73,Ⅷ,4,10,41B52,Ⅷ,3,10,3799,,46,2,40,,,,,,2.11.1706,4,10,,,,,,,
𗣮,U+178EE,,4.063.2,2742/40,K1817,L3238,L3238,S3809,,4239,42A74,Ⅷ,5,1,41B53,Ⅷ,4,1,1352,1.48.131,37,1,36,5,1,𗫔,𘊏,,1.16.2101,12,1,,,,,,,
𘝵,U+18775,,2.411.3,1742/22,K0774,L1245,L1245,S4412,010-071,4240,42A75,Ⅷ,5,2,41B55,Ⅷ,4,3,1353,1.48.132,37,1,36,5,2,𗫔,𘊏,,1.16.2102,12,2,,,,,,,
𘍦,U+18366,,7.278.3,8721/22,K4978,L5498,L5498,S2352,260-081,4241,42A76,Ⅷ,5,3,41B56,Ⅷ,4,4,1354,1.48.141,37,1,36,5,3,𗫔,𘊏,,1.16.2103,12,3,,,,,,,
𗗟,U+175DF,,2.546.1,1724/24,K3132,L1101,L1101,S5273,049-101,4242,42A77,Ⅷ,5,4,41B62,Ⅷ,4,8,1355,1.48.142,37,1,36,5,4,𗫔,𘊏,,1.16.2104,12,4,,,,,,,
𗏃,U+173C3,,2.139.1,2421/22,K3840,L2722,L2722,S3120,044-082,4243,42A78,Ⅷ,5,5,45A62,Ⅷ,D,18,1356,1.48.151,37,1,36,5,5,𗫔,𘊏,,1.16.2105,12,5,,,,,,,
𗗙,U+175D9,,2.539.1,1729/20,K0652,L1139,L1139,S5283,049-061,4244,42B11,Ⅷ,5,6,41B61,Ⅷ,4,7,1357,1.48.152,37,1,36,5,6,𗫔,𘊏,,1.16.2106,12,6,,,,,,,
𗥬,U+1796C,,4.245.1,2842/20,K0811,L3623,L3623,S3664,204-07zb,4245,42B12,Ⅷ,5,7,41B54,Ⅷ,4,2,1358,1.48.161,37,1,36,5,7,𗫔,𘊏,,1.16.2107,12,7,,,,,,,
𘍢,U+18362,,7.277.4,8929/22,K0727,L5784,L5784,S2347,260-061,4246,42B13,Ⅷ,5,8,41B57,Ⅷ,4,5,,,37,1,36,,,,,,,,,,,,,,,
𘍡,U+18361,,7.277.3,8324/22,K2177,L5365,L5365,S2345,260-063,4247,42B14,Ⅷ,5,9,41B58,Ⅷ,4,6,,,37,1,36,,,,,,,,,,,,,,,
𗲣,U+17CA3,,3.645.2,1724/20,K2572,L1076,L1076,S4907,,4248,42B15,Ⅷ,5,10,41B63,Ⅷ,4,9,,,37,1,36,,,,,,,,,,,,,,,
𗿉,U+17FC9,,6.051.2,2844/00,K3343,L3673,L3673,S5712,211-081,4249,42B16,Ⅷ,6,1,41B64,Ⅷ,5,1,147,1.09.223,3,1,3,11,2,𗍥,𗂿,,1.06.1105,11,2,,,,,,,
𗾤,U+17FA4,,6.027.1,2841/40,K5164,L3600,L3600,S5688,211-061,4250,42B17,Ⅷ,6,2,41B65,Ⅷ,5,2,148,1.09.231,3,1,3,11,3,𗍥,𗂿,,1.06.1106,11,3,,,,,,,
𗤹,U+17939,,4.176.3,2741/22,K5275,L3121,L3121,S3783,204-06r,4251,42B18,Ⅷ,7,1,41B66,Ⅷ,5,3,144,1.09.212,3,1,3,10,3,𘟄,𗕾,,1.06.1102,10,3,,,,,,,
𗊀,U+17280,,1.560.2,2721/20,K5274,L3000,L3000,S4197,181-042,4252,42B21,Ⅷ,7,2,41B67,Ⅷ,5,4,145,1.09.221,3,1,3,10,4,𘟄,𗕾,,1.06.1103,10,4,,,,,,,
𗋇,U+172C7,,1.610.2,2725/25,K0331,L3077,L3077,S4201,181-08g,4253,42B22,Ⅷ,7,3,41B68,Ⅷ,5,5,,,3,1,3,,,,,,,,,,,,,,,
𗧭,U+179ED,,4.374.2,2144/00,K3373,L2235,L2235,S3413,204-09zm,4254,42B23,Ⅷ,8,1,41B72,Ⅷ,6,1,2535,1.89.151,92,1,86,5,3,𗏨,𗂮,,1.28.1403,4,5,,,,,,,
𘓸,U+184F8,,8.018.1,1124/42,K3374,L0231,L0231,S0453,261-093,4255,42B24,Ⅷ,8,2,41B75,Ⅷ,6,4,2538,1.89.162,92,1,86,5,6,𗏨,𗂮,,1.28.1401,4,3,,,,,,,
𘓵,U+184F5,,8.015.1,1724/42,K3330,L1108,L1108,S0463,,4256,42B25,Ⅷ,8,3,41B73,Ⅷ,6,2,2536,1.89.152,92,1,86,5,4,𗏨,𗂮,,1.28.1402,4,4,,,,,,,
𘓰,U+184F0,,8.009.1,1124/42,K3597,L0230,L0230,S0454,,4257,42B26,Ⅷ,8,4,41B74,Ⅷ,6,3,2537,1.89.161,92,1,86,5,5,𗏨,𗂮,,1.28.1404,4,6,,,,,,,
𗧅,U+179C5,,4.337.1,2841/40,K4035,L3592,L3592,S3638,204-08zi,4258,42B27,Ⅷ,8,5,41B76,Ⅷ,6,5,2539,1.89.171,92,1,86,5,7,𗏨,𗂮,,1.28.1405,4,7,,,,,,,
𘃨,U+180E8,,6.259.1,8121/22,K3860,L5072,L5072,S2408,056-082,4259,42B28,Ⅷ,8,6,42A12,Ⅷ,6,9,2540,1.89.172,92,1,86,5,8,𗏨,𗂮,,1.28.1406,4,8,,,,,,,
𗲆,U+17C86,,3.628.1,1744/00,K2895,L1303,L1303,S4934,,4260,42B31,Ⅷ,8,7,42A11,Ⅷ,6,8,2541,1.89.211,92,1,86,5,9,𗏨,𗂮,,1.28.1407,4,9,,,,,,,
𗼣,U+17F23,,5.386.2,2181/24,K4344,L2338,L2338,S3314,,4261,42B32,Ⅷ,8,8,41B78,Ⅷ,6,7,2542,1.89.212,92,1,86,5,10,𗏨,𗂮,,1.28.1408,4,10,,,,,,,
𗦏,U+1798F,,4.282.1,2344/22,K2021,L2662,L2662,S3360,,4262,42B33,Ⅷ,8,9,41B77,Ⅷ,6,6,2543,1.89.221,92,1,86,5,11,𗏨,𗂮,,1.28.1501,4,11,,,,,,,
𗍥,U+17365,,2.003.2,1021/24,K4347,L0015,L0015,S1070,,4263,42B34,Ⅷ,9,1,42A13,Ⅷ,7,1,2184,1.75.271,72,1,69,5,1,𗿉,𘝢,,1.24.1706,5,1,,,,,,,
𗝒,U+17752,,3.148.2,5021/24,K4345,L4113,L4113,S0682,017-11b,4264,42B35,Ⅷ,9,2,42A15,Ⅷ,7,3,2185,1.76.111,72,1,69,5,2,𗿉,𘝢,,1.24.1707,5,2,,,,,,,
𗓐,U+174D0,,2.327.2,8021/24,K4346,L4691,L4691,S1772,009-117,4265,42B36,Ⅷ,9,3,42A14,Ⅷ,7,2,2186,1.76.112,72,1,69,5,3,𗿉,𘝢,,1.24.2101,5,3,,,,,,,
𗽁,U+17F41,,5.428.1,2542/00,K1528,L2871,L2871,S3989,210-084,4266,42B37,Ⅷ,9,4,42A16,Ⅷ,7,4,2187,1.76.121,72,1,69,5,4,𗿉,𘝢,,1.24.2102,5,4,,,,,,,
𗢹,U+178B9,,4.025.1,2741/50,K5283,L3167,L3167,S3564,,4267,42B38,Ⅷ,10,1,42A17,Ⅷ,8,1,1075,1.39.141,31,1,30,15,2,𗢛,𗈶,,1.13.2708,14,2,,,,,,,
𘙃,U+18643,,8.296.2,1942/20,K0881,L1859,L1859,S5020,,4268,42B41,Ⅷ,10,2,42A18,Ⅷ,8,2,1076,1.39.142,31,1,30,15,3,𗢛,𗈶,,1.13.2709,14,3,,,,,,,
𘘥,U+18625,,8.282.1,1742/40,?,L1279,L1279,S5050,297-032,4269,42B42,Ⅷ,10,3,42A22,Ⅷ,8,4,1077,1.39.151,31,1,30,15,4,𗢛,𗈶,,1.14.1101,14,4,,,,,,,
𗿅,U+17FC5,,6.049.1,2842/80,K0236,L3657,L3657,S5691,211-082,4270,42B43,Ⅷ,10,4,42A26,Ⅷ,8,8,1078,1.39.152,31,1,30,15,5,𗢛,𗈶,,1.14.1102,14,5,,,,,,,
𘘣,U+18623,,7.531.1,1742/40,K1775,L1278,L1278,S4979,,4271,42B44,Ⅷ,11,1,42A21,Ⅷ,8,3,3434,,31,2,28,,,,,,2.08.2501,9,1,,,,,,,
𗐻,U+1743B,,2.216.2,8040/00,K2266,L4857,L4857,S1939,,4272,42B45,Ⅷ,11,2,42A25,Ⅷ,8,7,3435,,31,2,28,,,,,,2.08.2502,9,2,,,,,,,
𗒑,U+17491,,2.254.4,8042/40,K1774,L4940,L4940,S2078,007-09c,4273,42B46,Ⅷ,11,3,42A23,Ⅷ,8,5,3436,,31,2,28,,,,,,2.08.2503,9,3,,,,,,,
𘁇,U+18047,,6.138.2,8141/20,K5442,L5168,L5168,S2152,099-061,4274,42B47,Ⅷ,11,4,42A27,Ⅷ,8,9,3437,,31,2,28,,,,,,2.08.2504,9,4,,,,,,,
𘃊,U+180CA,,6.224.1,8124/22,K3576,L5136,L5136,S2444,151-051,4275,42B48,Ⅷ,11,5,45A58,Ⅷ,D,16,3438,,31,2,28,,,,,,2.08.2505,9,5,,,,,,,
𗆡,U+171A1,,1.389.1,2204/25,K2813,L2379,L2379,S1394,,4276,42B51,Ⅷ,12,1,42A28,Ⅷ,9,1,2724,,2,2,2,,,,,,2.02.2708,2,1,,,,,,,
𗙼,U+1767C,,3.040.2,1845/25,K1193,L1778,L1778,S0062,187-072,4277,42B52,Ⅷ,12,2,42A32,Ⅷ,9,3,2725,,2,2,2,,,,,,2.02.2709,2,2,,,,,,,
𗙿,U+1767F,,3.044.2,1844/20,K2396,L1756,L1756,S0061,187-081,4278,42B53,Ⅷ,12,3,42A37,Ⅷ,9,8,2726,,2,2,2,,,,,,2.03.1101,2,3,,,,,,,
𘕤,U+18564,,8.135.1,8254/50,K2808,L5346,L5346,S2173,147-041,4279,42B54,Ⅷ,12,4,42A36,Ⅷ,9,7,2727,,2,2,2,,,,,,2.03.1102,2,4,,,,,,,
𗏹,U+173F9,,2.187.1,2244/55,K2814,L2513,L2513,S5595,202-111,4280,42B55,Ⅷ,12,5,42A35,Ⅷ,9,6,2728,,2,2,2,,,,,,2.03.1103,2,5,,,,,,,
𗃭,U+170ED,,1.171.1,2171/40,K4433,L2314,L2314,S4090,,4281,42B56,Ⅷ,12,6,42A38,Ⅷ,9,9,2729,,2,2,2,,,,,,2.03.1104,2,6,,,,,,,
𗵢,U+17D62,,5.066.1,1045/25,K1195,L0134,L0134,S0164,018-124,4282,42B57,Ⅷ,12,7,42A34,Ⅷ,9,5,2730,,2,2,2,,,,,,2.03.1105,2,7,,,,,,,
𗚉,U+17689,,3.049.3,5024/20,K1962,L4172,L4172,S0746,017-053,4283,42B58,Ⅷ,12,8,42A31,Ⅷ,9,2,2731,,2,2,2,,,,,,2.03.1106,2,8,,,,,,,
𗙺,U+1767A,,3.039.3,1344/20,K2156,L0709,L0709,S0064,187-051,4284,42B61,Ⅷ,12,9,42A33,Ⅷ,9,4,,,2,2,2,,,,,,,,,,,,,,,
𗟃,U+177C3,,3.203.1,5044/00,K3051,L4339,L4339,S0955,,4285,42B62,Ⅷ,13,1,42A41,Ⅷ,10,1,3810,,46,2,40,,,,,,2.11.2107,8,2,,,,,,,
𗾬,U+17FAC,,6.035.1,2142/24,K3668,L2208,L2208,S5672,211-074,4286,42B63,Ⅷ,13,2,42A42,Ⅷ,10,2,3811,,46,2,40,,,,,,2.11.2108,8,3,,,,,,,
𗲈,U+17C88,,3.629.1,1721/22,K3987,L0933,L0933,S4905,026-102,4287,42B64,Ⅷ,13,3,42A43,Ⅷ,10,3,3812,,46,2,40,,,,,,2.11.2109,8,4,,,,,,,
𘀻,U+1803B,,6.132.1,3244/22,K2802,L3899,L3899,S3044,,4288,42B65,Ⅷ,13,4,42A44,Ⅷ,10,4,3813,,46,2,40,,,,,,2.11.2110,8,5,,,,,,,
𗐝,U+1741D,,2.196.2,3022/40,K1632,L3822,L3822,S2951,,4289,42B66,Ⅷ,13,5,42A45,Ⅷ,10,5,,,46,2,40,,,,,,,,,,,,,,,
𗑸,U+17478,,2.267.1,8022/27,K1646,L4767,L4767,S1864,007-111,4290,42B67,Ⅷ,14,1,42A47,Ⅷ,11,2,1228,1.44.132,34,1,33,10,5,𗥦,𗘒,,1.15.1605,8,5,,,,,,,
𗔼,U+1753C,,2.395.1,8041/44,K4336,L4916,L4916,S1964,007-191,4291,42B68,Ⅷ,14,2,42A46,Ⅷ,11,1,1229,1.44.141,34,1,33,10,6,𗥦,𗘒,,1.15.1606,8,6,,,,,,,
𗬋,U+17B0B,,4.616.1,2140/00,K5713,L2062,L2062,S3376,276-111,4292,42B71,Ⅷ,15,1,42A52,Ⅷ,11,5,1230,1.44.142,34,1,33,11,1,𘅰,𘘓,,1.15.1701,9,1,,,,,,,
𘜛,U+1871B,,3.656.2,1821/70,K5602,L1611,L1611,S4963,273-051,4293,42B72,Ⅷ,15,2,42A53,Ⅷ,11,6,1231,1.44.151,34,1,33,11,2,𘅰,𘘓,,1.15.1702,9,2,,,,,,,
𗽪,U+17F6A,,5.454.1,2141/25,K4299,L2122,L2122,S4030,210-093,4294,42B73,Ⅷ,16,1,42A48,Ⅷ,11,3,3506,,34,2,30,,,,,,2.09.1506,6,2,,,,,,,
𗽟,U+17F5F,,5.448.2,2741/50,K5376,L3169,L3169,S4046,,4295,42B74,Ⅷ,16,2,42A51,Ⅷ,11,4,3507,,34,2,30,,,,,,2.09.1507,6,3,,,,,,,
𗓧,U+174E7,,2.339.1,8042/40,K0229,L4938,L4938,S1985,007-11o,4296,42B75,Ⅷ,17,1,42A55,Ⅷ,12,2,580,1.23.231,17,1,17,13,2,𗥦,𗳦,,1.10.1503,12,2,,,,,,,
𘀬,U+1802C,,6.126.1,3142/40,K0228,L3876,L3876,S3047,233-061,4297,42B76,Ⅷ,17,2,42A54,Ⅷ,12,1,581,1.23.232,17,1,17,13,3,𗥦,𗳦,,1.10.1504,12,3,,,,,,,
𘗢,U+185E2,,8.235.1,8151/54,K5225,L5251,L5251,S2463,,4298,42B77,Ⅷ,17,3,42A56,Ⅷ,12,3,582,1.23.241,17,1,17,13,4,𗥦,𗳦,,1.10.1505,12,4,,,,,,,
𘗠,U+185E0,,8.224.1,8754/50,K2356,L5689,L5689,S2468,153-051,4299,42B78,Ⅷ,17,4,42A57,Ⅷ,12,4,583,1.23.242,17,1,17,13,5,𗥦,𗳦,,1.10.1506,12,5,,,,,,,
𘋐,U+182D0,,7.166.1,8441/20,K4016,L5439,L5439,S2178,189-022,4300,43A11,Ⅷ,17,5,42A62,Ⅷ,12,7,586,1.23.261,17,1,17,13,8,𗥦,𗳦,,1.10.1509,12,8,,,,,,,
𘋽,U+182FD,,7.210.1,8721/50,K4589,L5507,L5507,S2238,078-042,4301,43A12,Ⅷ,17,6,42A61,Ⅷ,12,6,584,1.23.251,17,1,17,13,6,𗥦,𗳦,,1.10.1507,12,6,,,,,,,
𘏍,U+183CD,,7.359.2,8744/20,K3124,L5653,L5653,S2716,,4302,43A13,Ⅷ,17,7,42A71,Ⅷ,13,6,585,1.23.252,17,1,17,13,7,𗥦,𗳦,,1.10.1508,12,7,,,,,,,
𗿵,U+17FF5,,6.088.1,2441/24,K4062,L2767,L2767,S5720,,4303,43A14,Ⅷ,17,8,42A63,Ⅷ,12,8,587,1.23.262,17,1,17,13,9,𗥦,𗳦,,1.10.1601,12,9,,,,,,,
𗝐,U+17750,,3.147.1,5041/22,K4274,L4236,L4236,S0708,017-11h,4304,43A15,Ⅷ,18,1,44B72,Ⅷ,96,1,3136,,17,2,14,,,,,,2.06.1508,7,1,,,,,,,
𘕿,U+1857F,,8.155.1,9171/45,K4311,L5856,L5856,S1763,158-031,4305,43A16,Ⅷ,18,2,42A58,Ⅷ,12,5,3137,,17,2,14,,,,,,2.06.1601,7,2,,,,,,,
𗚈,U+17688,,3.049.2,5042/00,K1517,L4276,L4276,S0714,017-073,4306,43A17,Ⅷ,18,3,44B73,Ⅷ,96,2,,,17,2,14,,,,,,,,,,,,,,,
𘘯,U+1862F,,8.289.2,1141/41,K5309,L0304,L0304,S4998,297-052,4307,43A18,Ⅷ,19,1,42A68,Ⅷ,13,5,589,1.23.272,17,1,17,14,2,𘅰,𘊬,,1.10.1604,13,3,,,,,,,
𗻸,U+17EF8,,5.338.3,2141/41,K5313,L2148,L2148,S3284,,4308,43A21,Ⅷ,19,2,42A67,Ⅷ,13,4,590,1.24.111,17,1,17,14,3,𘅰,𘊬,,1.10.1605,13,4,,,,,,,
𗉼,U+1727C,,1.559.1,2722/20,K0515,L3023,L3023,S4307,181-031,4309,43A22,Ⅷ,19,3,42A72,Ⅷ,13,7,591,1.24.112,17,1,17,14,4,𘅰,𘊬,,1.10.1606,13,5,,,,,,,
𗼷,U+17F37,,5.405.1,2141/41,K5304,L2145,L2145,S3983,210-054,4310,43A23,Ⅷ,19,4,42A66,Ⅷ,13,3,592,1.24.113,17,1,17,14,5,𘅰,𘊬,,1.10.1607,13,6,,,,,,,
𘖧,U+185A7,,8.190.4,8042/24,K1411,L4935,L4935,S2597,028-081,4311,43A24,Ⅷ,19,5,42A65,Ⅷ,13,2,593,1.24.121,17,1,17,14,6,𘅰,𘊬,,1.10.1608,13,7,,,,,,,
𘓠,U+184E0,,7.639.1,2151/40,K4443,L2322,L2322,S4110,061-081,4312,43A25,Ⅷ,19,6,42A64,Ⅷ,13,1,594,1.24.122,17,1,17,14,7,𘅰,𘊬,,1.10.1609,13,8,,,,,,,
𘈆,U+18206,,7.588.1,1544/20,K2297,L0875,L0875,S5136,,4313,43A26,Ⅷ,20,1,42A73,Ⅷ,14,1,2578,1.90.271,95,1,89,2,1,𗏨,𗢵,,1.28.2306,1,5,,,,,,,
𗚬,U+176AC,,3.064.2,5024/00,K2296,L4164,L4164,S0769,017-07c,4314,43A27,Ⅷ,20,2,42A74,Ⅷ,14,2,2579,1.91.111,95,1,89,2,2,𗏨,𗢵,,1.28.2401,1,6,,,,,,,
𗛫,U+176EB,,3.088.3,5059/50,K0654,L4404,L4404,S0754,,4315,43A28,Ⅷ,21,1,42A75,Ⅷ,15,1,4670,,95,2,80,,,,,,2.17.1704,2,2,,,,,,,
𗅌,U+1714C,,1.329.1,2804/22,K0405,L3498,L3498,S1377,041-076,4316,43A31,Ⅷ,21,2,42A76,Ⅷ,15,2,4671,,95,2,80,,,,,,2.17.1705,2,3,,,,,,,
𗎅,U+17385,,2.080.1,4772/72,K0522,L4081,L4081,S0612,,4317,43A32,Ⅷ,21,3,42A77,Ⅷ,15,3,4672,,95,2,80,,,,,,2.17.1706,2,4,,,,,,,
𗺟,U+17E9F,,5.311.2,2742/42,K0523,L3246,L3246,S3261,,4318,43A33,Ⅷ,21,4,42A78,Ⅷ,15,4,4673,,95,2,80,,,,,,2.17.1707,2,5,,,,,,,
𘏴,U+183F4,,7.393.2,8941/40,K5215,L5788,L5788,S2727,236-06k,4319,43A34,Ⅷ,21,5,42B11,Ⅷ,15,5,,,95,2,80,,,,,,,,,,,,,,,
𗅹,U+17179,,1.364.1,2204/24,K2666,L2375,L2375,S1390,,4320,43A35,Ⅷ,22,1,42B12,Ⅷ,16,1,750,1.29.112,20,1,20,8,1,𘕤,𗡝,,,,,,,,,,,
𗉟,U+1725F,,1.544.2,1844/22,K2443,L1767,L1767,S5515,185-066,4321,43A36,Ⅷ,22,2,45B22,Ⅷ,D,42,751,1.29.121,20,1,20,8,2,𘕤,𗡝,,,,,,,,,,,
𘁂,U+18042,,6.136.2,8244/00,K2665,L5314,L5314,S2156,099-041,4322,43A37,Ⅷ,23,1,42B13,Ⅷ,16,2,3219,,20,2,17,,,,,,2.07.1302,5,1,,,,,,,
𘁃,U+18043,,6.137.1,8744/00,K3396,L5640,L5640,S2161,,4323,43A38,Ⅷ,23,2,42B14,Ⅷ,16,3,,,20,2,17,,,,,,,,,,,,,,,
𗭃,U+17B43,,3.396.4,8022/40,K5799,L4774,L4774,S3968,,4324,43A41,Ⅷ,24,1,45B72,Ⅷ,D,82,,,58,2,49,,,,,,,,,,,,,,,
𗂠,U+170A0,,1.111.1,2304/40,K2964,L2567,L2567,S1560,039-119,4325,43A42,Ⅷ,24,2,42B15,Ⅷ,17,1,4045,,58,2,49,,,,,,2.13.1201,1,1,,,,,,,
𗼵,U+17F35,,5.402.1,2342/40,K1811,L2635,L2635,S4019,210-053,4326,43A43,Ⅷ,24,3,42B16,Ⅷ,17,2,4046,,58,2,49,,,,,,2.13.1202,1,2,,,,,,,
𗦾,U+179BE,,4.327.2,2841/42,K4002,L3606,L3606,S3598,204-09a,4327,43A44,Ⅷ,25,1,42B18,Ⅷ,18,1,238,1.12.222,7,1,7,5,3,𘜯,𘞩,,1.06.2606,5,3,,,,,,,
𘋍,U+182CD,,7.165.2,3841/42,K4003,L3998,L3998,S3030,234-091,4328,43A45,Ⅷ,25,2,42B21,Ⅷ,18,2,239,1.12.231,7,1,7,5,4,𘜯,𘞩,,1.06.2701,5,4,,,,,,,
𘔍,U+1850D,,8.036.3,1841/42,K3997,L1698,L1698,S1222,254-091,4329,43A46,Ⅷ,25,3,42B22,Ⅷ,18,3,240,1.12.232,7,1,7,5,5,𘜯,𘞩,,1.06.2702,5,5,,,,,,,
𘌈,U+18308,,7.214.2,9121/22,K5408,L5821,L5821,S1691,139-054,4330,43A47,Ⅷ,25,4,42B23,Ⅷ,18,4,241,1.12.233,7,1,7,5,6,𘜯,𘞩,,1.06.2703,5,6,,,,,,,
𘌂,U+18302,,7.211.4,9022/00,K0866,L5806,L5806,S1684,139-001,4331,43A48,Ⅷ,25,5,42B24,Ⅷ,18,5,,,7,1,7,,,,,,,,,,,,,,,
𗩷,U+17A77,,4.474.1,2744/00,K3531,L3288,L3288,S3879,204-10h,4332,43A51,Ⅷ,26,1,42B25,Ⅷ,19,1,399,1.17.262,11,1,11,15,1,𘘥,𘎫,,1.08.2207,14,1,,,,,,,
𗩹,U+17A79,,4.474.3,2744/00,K2436,L3289,L3289,S3891,,4333,43A52,Ⅷ,26,2,42B28,Ⅷ,19,4,400,1.17.271,11,1,11,15,2,𘘥,𘎫,,1.08.2208,14,2,,,,,,,
𗫔,U+17AD4,,4.552.2,2741/22,K4945,L3119,L3119,S3866,204-127,4334,43A53,Ⅷ,26,3,42B26,Ⅷ,19,2,401,1.17.272,11,1,11,15,3,𘘥,𘎫,,1.08.2301,14,3,,,,,,,
𗟑,U+177D1,,3.207.2,5041/22,K4946,L4239,L4239,S0888,017-162,4335,43A54,Ⅷ,26,4,42B32,Ⅷ,19,6,402,1.18.111,11,1,11,15,4,𘘥,𘎫,,1.08.2302,14,4,,,,,,,
𗻠,U+17EE0,,5.332.1,2741/42,K4966,L3161,L3161,S3285,,4336,43A55,Ⅷ,26,5,42B27,Ⅷ,19,3,403,1.18.112,11,1,11,15,5,𘘥,𘎫,,1.08.2303,14,5,,,,,,,
𗮌,U+17B8C,,3.449.1,8121/24,K5222,L5075,L5075,S2249,,4337,43A56,Ⅷ,26,6,42B31,Ⅷ,19,5,404,1.18.113,11,1,11,15,6,𘘥,𘎫,,1.08.2304,14,6,,,,,,,
𘋯,U+182EF,,7.200.1,8744/20,K3308,L5650,L5650,S2120,235-074,4338,43A57,Ⅷ,27,1,42B35,Ⅷ,20,2,3691,,43,2,37,,,,,,2.10.2307,3,1,,,,,,,
𘋴,U+182F4,,7.204.1,8144/20,K2499,L5235,L5235,S2115,,4339,43A58,Ⅷ,27,2,42B34,Ⅷ,20,1,3692,,43,2,37,,,,,,2.10.2401,3,2,,,,,,,
𗹨,U+17E68,,5.265.2,2302/52,K0841,L2560,L2560,S1279,075-091,4340,43A61,Ⅷ,28,1,42B36,Ⅷ,20,3,3689,,43,2,37,,,,,,2.10.2304,2,1,,,,,,,
𗷩,U+17DE9,,5.158.3,1821/51,K5351,L1605,L1605,S0343,122-061,4341,43A62,Ⅷ,28,2,42B37,Ⅷ,20,4,3690,,43,2,37,,,,,,2.10.2305,2,2,,,,,,,
𗬊,U+17B0A,,4.615.3,2840/00,K5760,L3564,L3564,S3398,276-102,4342,43A63,Ⅷ,29,1,42B41,Ⅷ,21,2,937,1.35.112,28,1,27,18,1,𘅰,𘁘,,1.12.2406,10,7,,,,,,,
𗫹,U+17AF9,,4.595.1,2840/00,K5718,L3559,L3559,S3635,276-041,4343,43A64,Ⅷ,29,2,42B42,Ⅷ,21,3,938,1.35.121,28,1,27,18,2,𘅰,𘁘,,1.12.2407,10,8,,,,,,,
𗨋,U+17A0B,,4.400.1,2141/22,K4509,L2096,L2096,S3614,204-09g,4344,43A65,Ⅷ,30,1,42B38,Ⅷ,21,1,3353,,28,2,25,,,,,,2.08.1401,7,2,,,,,,,
𘁞,U+1805E,,6.148.1,8421/22,K4013,L5416,L5416,S1894,106-071,4345,43A66,Ⅷ,30,2,42B43,Ⅷ,21,4,3354,,28,2,25,,,,,,2.08.1402,7,3,,,,,,,
𘁭,U+1806D,,6.157.1,8121/24,K5224,L5079,L5079,S1895,,4346,43A67,Ⅷ,30,3,42B44,Ⅷ,21,5,3355,,28,2,25,,,,,,2.08.1403,7,4,,,,,,,
𘁴,U+18074,,6.159.3,8524/20,K2481,L5468,L5468,S1901,,4347,43A68,Ⅷ,30,4,42B45,Ⅷ,21,6,3356,,28,2,25,,,,,,2.08.1404,7,5,,,,,,,
𗦡,U+179A1,,4.292.1,2144/00,?,L2234,L2234,S3505,204-08zl,4348,43A71,Ⅷ,31,1,42B46,Ⅷ,22,1,4038,,57,2,48,,,,,,2.13.1103,4,1,,,,,,,
𘚨,U+186A8,,8.352.2,1244/00,K2919,L0551,L0551,S1220,227-041,4349,43A72,Ⅷ,31,2,42B55,Ⅷ,22,8,4039,,57,2,48,,,,,,2.13.1104,4,2,,,,,,,
𗑁,U+17441,,2.222.1,8022/20,K1666,L4744,L4744,S1785,007-08a,4350,43A73,Ⅷ,31,3,42B51,Ⅷ,22,4,4040,,57,2,48,,,,,,2.13.1105,4,3,,,,,,,
𗿹,U+17FF9,,6.094.1,2144/22,?,L2261,L2261,S5718,211-131,4351,43A74,Ⅷ,31,4,42B48,Ⅷ,22,3,4041,,57,2,48,,,,,,2.13.1106,4,4,,,,,,,
𗒎,U+1748E,,2.279.1,8075/20,K0630,L5048,L5048,S2068,007-09a,4352,43A75,Ⅷ,31,5,42B53,Ⅷ,22,6,4042,,57,2,48,,,,,,2.13.1107,4,5,,,,,,,
𗻓,U+17ED3,,5.328.2,2144/40,?,L2272,L2272,S3208,,4353,43A76,Ⅷ,31,6,42B47,Ⅷ,22,2,4043,,57,2,48,,,,,,2.13.1108,4,6,,,,,,,
𗡙,U+17859,,3.293.1,7122/42,K1005,L4531,L4531,S0491,255-143,4354,43A77,Ⅷ,31,7,42B54,Ⅷ,22,7,4044,,57,2,48,,,,,,2.13.1109,4,7,,,,,,,
𘉐,U+18250,,7.073.3,7529/42,K0693,L4587,L4587,S1633,259-052,4355,43A78,Ⅷ,32,1,42B57,Ⅷ,23,2,1814,1.63.111,59,1,57,3,1,𗱪,𗨇,,1.20.2401,3,1,,,,,,,
𘜆,U+18706,,8.416.2,1744/55,K3020,L1395,L1395,S4870,301-121,4356,43B11,Ⅷ,32,2,42B56,Ⅷ,23,1,1815,1.63.112,59,1,57,3,2,𗱪,𗨇,,1.20.2402,3,2,,,,,,,
𗍝,U+1735D,,2.043.3,1144/94,K1031,L0371,L0371,S0638,098-112,4357,43B12,Ⅷ,32,3,42B58,Ⅷ,23,3,1816,1.63.113,59,1,57,3,3,𗱪,𗨇,,1.20.2403,3,3,,,,,,,
𘉗,U+18257,,7.083.1,7525/47,K1464,L4590,L4590,S1646,259-072,4358,43B13,Ⅷ,32,4,42B61,Ⅷ,23,4,,,59,1,57,,,,,,,,,,,,,,,
𗪟,U+17A9F,,4.511.1,2141/22,K5445,L2103,L2103,S3615,204-112,4359,43B14,Ⅷ,33,1,42B62,Ⅷ,24,1,188,1.10.262,4,1,4,4,2,𗞣,𗝎,,1.06.1606,3,9,,,,,,,
𗉞,U+1725E,,1.544.1,1942/24,K1385,L1862,L1862,S5514,,4360,43B15,Ⅷ,33,2,42B64,Ⅷ,24,3,189,1.10.271,4,1,4,4,3,𗞣,𗝎,,1.06.1607,3,10,,,,,,,
𘅰,U+18170,,6.397.2,1541/25,K4796,L0866,L0866,S4725,230-103,4361,43B16,Ⅷ,33,3,42B63,Ⅷ,24,2,190,1.10.272,4,1,4,4,4,𗞣,𗝎,,1.06.1608,3,11,,,,,,,
𘟫,U+187EB,,8.608.1,8141/44,K4335,L5205,L5205,S2601,028-122,4362,43B17,Ⅷ,34,1,42B67,Ⅷ,25,3,2014,1.69.242,66,1,63,5,2,𘅰,𘏿,,1.22.2109,3,2,,,,,,,
𗑻,U+1747B,,2.268.1,8021/44,K3919,L4725,L4725,S1866,008-081,4363,43B18,Ⅷ,34,2,42B66,Ⅷ,25,2,2015,1.69.251,66,1,63,5,3,𘅰,𘏿,,1.22.2201,3,3,,,,,,,
𗒧,U+174A7,,2.293.2,8024/50,K3186,L4836,L4836,S1828,008-092,4364,43B21,Ⅷ,34,3,42B65,Ⅷ,25,1,2016,1.69.252,66,1,63,5,4,𘅰,𘏿,,1.22.2202,3,4,,,,,,,
𗼩,U+17F29,,5.388.2,2784/22,K3420,L3441,L3441,S3332,,4365,43B22,Ⅷ,35,1,42B71,Ⅷ,26,2,4214,,66,2,56,,,,,,2.14.1312,6,1,,,,,,,
𗰗,U+17C17,,3.529.1,1724/20,K3419,L1084,L1084,S4489,107-052,4366,43B23,Ⅷ,35,2,42B68,Ⅷ,26,1,4215,,66,2,56,,,,,,2.14.1401,6,2,,,,,,,
𗕶,U+17576,,2.453.1,1772/40,K1785,L1504,L1504,S4660,182-031,4367,43B24,Ⅷ,35,3,42B72,Ⅷ,26,3,4216,,66,2,56,,,,,,2.14.1402,6,3,,,,,,,
𗌏,U+1730F,,1.670.2,2729/00,K0737,L3028,L3028,S4291,,4368,43B25,Ⅷ,36,1,42B77,Ⅷ,27,5,4459,,81,2,70,,,,,,2.15.2702,2,4,,,,,,,
𗌧,U+17327,,1.679.2,2121/40,K4459,L2006,L2006,S4293,,4369,43B26,Ⅷ,36,2,42B76,Ⅷ,27,4,4460,,81,2,70,,,,,,2.15.2703,2,5,,,,,,,
𗔴,U+17534,,2.393.2,8021/40,K4460,L4712,L4712,S2045,,4370,43B27,Ⅷ,36,3,,,,,,,81,2,70,,,,,,,,,,,,,,,
𗟍,U+177CD,,3.206.2,5021/40,K4461,L4130,L4130,S0927,017-152,4371,43B28,Ⅷ,37,1,42B74,Ⅷ,27,2,2325,1.81.151,81,1,76,3,2,𗟶,𗞵,,,,,,,,,,,
𗋿,U+172FF,,1.663.1,2724/00,K2581,L3042,L3042,S4292,181-104,4372,43B31,Ⅷ,37,2,42B75,Ⅷ,27,3,2326,1.81.152,81,1,76,3,3,𗟶,𗞵,,1.26.1103,3,2,,,,,,,
𗞯,U+177AF,,3.196.3,5010/00,K0048,L4093,L4093,S0814,,4373,43B32,Ⅷ,38,1,42B78,Ⅷ,28,1,2811,,4,2,4,,,,,,2.03.2306,2,7,,,,,,,
𗘖,U+17616,,2.584.2,1844/22,K3217,L1766,L1766,S5414,,4374,43B33,Ⅷ,38,2,43A12,Ⅷ,28,3,2812,,4,2,4,,,,,,2.03.2307,2,8,,,,,,,
𘜯,U+1872F,,8.451.2,5041/00,K5245,L4214,L4214,S0928,017-056,4375,43B34,Ⅷ,39,1,43A13,Ⅷ,29,1,4266,,70,2,60,,,,,,2.14.2203,3,3,,,,,,,
𗫸,U+17AF8,,4.591.2,2740/00,K5737,L3101,L3101,S3927,276-061,4376,43B35,Ⅷ,39,2,43A14,Ⅷ,29,2,4267,,70,2,60,,,,,,2.14.2204,3,4,,,,,,,
𘑇,U+18447,,7.459.1,8141/75,K4314,L5209,L5209,S2786,,4377,43B36,Ⅷ,39,3,43A15,Ⅷ,29,3,4268,,70,2,60,,,,,,2.14.2205,3,5,,,,,,,
𘝐,U+18750,,5.295.2,2852/20,K0553,L3725,L3725,S1295,,4378,43B37,Ⅷ,40,1,43A18,Ⅷ,30,3,1249,1.44.261,35,1,34,4,1,𗵼,𗑌,,1.15.2202,3,1,,,,,,,
𗟝,U+177DD,,5.295.1,2150/00,K0022,L2297,L2297,S1292,,4379,43B38,Ⅷ,40,2,43A17,Ⅷ,30,2,1250,1.44.262,35,1,34,4,2,𗵼,𗑌,,1.15.2203,3,2,,,,,,,
𗝵,U+17775,,3.168.3,5044/40,K1112,L4367,L4367,S0941,,4380,43B41,Ⅷ,40,3,43A16,Ⅷ,30,1,1251,1.44.271,35,1,34,4,3,𗵼,𗑌,,1.15.2204,3,3,,,,,,,
𗔎,U+1750E,,2.370.2,8095/20,K1351,L5061,L5061,S2085,,4381,43B42,Ⅷ,40,4,43A25,Ⅷ,30,8,1252,1.44.272,35,1,34,4,4,𗵼,𗑌,,1.15.2205,3,4,,,,,,,
𗭓,U+17B53,,3.413.1,3124/20,K2393,L3860,L3860,S2975,105-081,4382,43B43,Ⅷ,40,5,43A26,Ⅷ,30,9,1253,1.45.111,35,1,34,4,5,𗵼,𗑌,,1.15.2206,3,5,,,,,,,
𗊘,U+17298,,1.577.2,2822/24,K1848,L3536,L3536,S4178,,4383,43B44,Ⅷ,40,6,43A21,Ⅷ,30,4,1254,1.45.112,35,1,34,4,6,𗵼,𗑌,,1.15.2207,3,6,,,,,,,
𗒘,U+17498,,2.283.3,8092/00,K1683,L5057,L5057,S2087,007-11a,4384,43B45,Ⅷ,41,1,43A22,Ⅷ,30,5,1255,1.45.113,35,1,34,5,1,𗞣,𘚩,,1.15.2208,3,7,,,,,,,
𗒙,U+17499,,2.285.1,8092/20,K0530,L5058,L5058,S2084,,4385,43B46,Ⅷ,41,2,43A24,Ⅷ,30,7,1256,1.45.121,35,1,34,5,2,𗞣,𘚩,,1.15.2301,3,8,,,,,,,
𗓋,U+174CB,,2.323.2,8094/00,K3104,L5060,L5060,S2086,,4386,43B47,Ⅷ,41,3,43A23,Ⅷ,30,6,,,35,1,34,,,,,,,,,,,,,,,
𘏧,U+183E7,,7.381.1,8244/20,K3101,L5322,L5322,S2709,,4387,43B48,Ⅷ,42,1,43A27,Ⅷ,31,1,3226,,21,2,18,,,,,,2.07.1401,1,5,,,,,,,
𗠮,U+1782E,,3.270.1,7724/40,?,L4611,L4611,S0562,,4388,43B51,Ⅷ,42,2,43A28,Ⅷ,31,2,3227,,21,2,18,,,,,,2.07.1402,1,6,,,,,,,
𗁳,U+17073,,1.083.1,2501/20,K4753,L2822,L2822,S1520,,4389,43B52,Ⅷ,42,3,43A31,Ⅷ,31,3,3228,,21,2,18,,,,,,2.07.1403,1,7,,,,,,,
𗔹,U+17539,,2.394.2,8024/44,K1940,L4835,L4835,S1870,008-161,4390,43B53,Ⅷ,43,1,43A32,Ⅷ,32,1,2279,1.79.221,79,1,74,2,1,𗟍,𘛢,,1.25.1701,1,5,,,,,,,
𗲽,U+17CBD,,3.656.1,1724/44,K1941,L1109,L1109,S4875,,4391,43B54,Ⅷ,43,2,43A33,Ⅷ,32,2,2280,1.79.222,79,1,74,2,2,𗟍,𘛢,,1.25.1702,1,6,,,,,,,
𗃎,U+170CE,,1.152.1,2804/44,K1938,L3510,L3510,S1537,039-166,4392,43B55,Ⅷ,43,3,43A34,Ⅷ,32,3,2281,1.79.231,79,1,74,2,3,𗟍,𘛢,,1.25.1703,1,7,,,,,,,
𗔻,U+1753B,,2.394.4,8041/10,K3712,L4883,L4883,S2132,,4393,43B56,Ⅷ,44,1,43A35,Ⅷ,33,1,,,87,2,74,,,,,,,,,,,,,,,
𘈐,U+18210,,7.003.2,1152/52,K0992,L0413,L0413,S0025,124-052,4394,43B57,Ⅷ,44,2,43A37,Ⅷ,33,3,4563,,87,2,74,,,,,,2.16.2301,1,1,,,,,,,
𗂬,U+170AC,,1.129.1,2604/20,K2484,L2904,L2904,S1516,,4395,43B58,Ⅷ,44,3,43A36,Ⅷ,33,2,,,87,2,74,,,,,,,,,,,,,,,
𘋮,U+182EE,,7.199.1,8844/20,K2251,L5755,L5755,S2117,235-061,4396,43B61,Ⅷ,45,1,43A38,Ⅷ,34,1,2437,1.85.222,87,1,82,5,2,𗋿,𗩸,,1.27.1503,4,3,,,,,,,
𗃆,U+170C6,,1.148.2,2101/20,K0033,L1894,L1894,S1515,,4397,43B62,Ⅷ,45,2,43A41,Ⅷ,34,2,2438,1.85.231,87,1,82,5,3,𗋿,𗩸,,1.27.1504,4,4,,,,,,,
𘉋,U+1824B,,7.064.4,7722/40,K3650,L4602,L4602,S1632,259-001,4398,43B63,Ⅷ,45,3,43A42,Ⅷ,34,3,2439,1.85.232,87,1,82,5,4,𗋿,𗩸,,1.27.1505,4,5,,,,,,,
𗸪,U+17E2A,,5.205.2,1742/24,K3658,L1257,L1257,S1083,,4399,43B64,Ⅷ,45,4,43A43,Ⅷ,34,4,2440,1.85.233,87,1,82,5,5,𗋿,𗩸,,1.27.1601,4,6,,,,,,,
𗶆,U+17D86,,5.091.1,1742/24,K3656,L1256,L1256,S0145,221-064,4400,43B65,Ⅷ,46,1,43A47,Ⅷ,36,2,619,1.24.261,17,1,17,23,1,𘅰,𗬄,,1.10.2203,20,1,,,,,,,
𗑣,U+17463,,2.253.1,8042/70,K1640,L4943,L4943,S2023,007-091,4401,43B66,Ⅷ,46,2,43A46,Ⅷ,36,1,620,1.24.262,17,1,17,23,2,𘅰,𗬄,,1.10.2204,20,2,,,,,,,
𗂄,U+17084,,1.091.2,2101/40,K4554,L1923,L1923,S1547,,4402,43B67,Ⅷ,46,3,43A48,Ⅷ,36,3,621,1.24.271,17,1,17,23,3,𘅰,𗬄,,1.10.2205,20,3,,,,,,,
𗉸,U+17278,,1.557.2,2722/20,K1531,L3026,L3026,S4160,,4403,43B68,Ⅷ,47,1,43A52,Ⅷ,37,2,3975,,56,2,47,,,,,,2.12.2213,3,7,,,,,,,
𗊩,U+172A9,,1.589.1,2322/22,K0829,L2581,L2581,S4158,,4404,43B71,Ⅷ,47,2,43A51,Ⅷ,37,1,3976,,56,2,47,,,,,,2.12.2301,3,8,,,,,,,
𗚎,U+1768E,,3.051.2,5022/20,K1532,L4149,L4149,S0914,,4405,43B72,Ⅷ,47,3,43A53,Ⅷ,37,3,3977,,56,2,47,,,,,,2.12.2302,3,9,,,,,,,
𗫫,U+17AEB,,4.578.1,2144/50,K3353,L2245,L2245,S3422,,4406,43B73,Ⅷ,47,4,43A54,Ⅷ,37,4,3978,,56,2,47,,,,,,2.12.2303,3,10,,,,,,,
𘙾,U+1867E,,8.334.2,1821/44,K5156,L1601,L1601,S5078,034-092,4407,43B74,Ⅷ,48,1,43A55,Ⅷ,37,5,1742,1.60.231,56,1,54,9,1,𗶡,𗛣,,1.20.1203,8,1,,,,,,,
𘔞,U+1851E,,8.046.1,1844/00,K3342,L1741,L1741,S1208,226-081,4408,43B75,Ⅷ,48,2,43A56,Ⅷ,37,6,1743,1.60.232,56,1,54,9,2,𗶡,𗛣,,1.20.1204,8,2,,,,,,,
𘉭,U+1826D,,7.093.1,2121/40,K4558,L2008,L2008,S3155,,4409,43B76,Ⅷ,48,3,43A57,Ⅷ,37,7,1744,1.60.241,56,1,54,9,3,𗶡,𗛣,,1.20.1205,8,3,,,,,,,
𗊙,U+17299,,1.578.1,2224/24,K1063,L2419,L2419,S4182,181-067,4410,43B77,Ⅷ,49,1,43A58,Ⅷ,38,1,3089,,15,2,13,,,,,,2.05.2703,1,2,,,,,,,
𗈘,U+17218,,1.466.3,1741/40,K4903,L1202,L1202,S4551,,4411,43B78,Ⅷ,49,2,43A61,Ⅷ,38,2,3090,,15,2,13,,,,,,2.05.2704,1,3,,,,,,,
𗓑,U+174D1,,2.327.3,8044/20,K2317,L4976,L4976,S1774,007-11b,4412,44A11,Ⅷ,50,1,43A44,Ⅷ,35,1,4386,,77,2,66,,,,,,2.15.1702,1,5,,,,,,,
𗵌,U+17D4C,,5.034.2,1084/20,K2629,L0149,L0149,S0211,,4413,44A12,Ⅷ,50,2,43A45,Ⅷ,35,2,4387,,77,2,66,,,,,,2.15.1703,1,6,,,,,,,
𗊈,U+17288,,1.565.4,2421/42,K4014,L2733,L2733,S4165,,4414,44A13,Ⅷ,51,1,43A62,Ⅷ,39,1,276,1.13.252,8,1,8,7,2,𗶡,𘙡,,1.07.1501,7,2,,,,,,,
𗡩,U+17869,,5.214.2,1744/20,K5725,L1353,L1353,S1074,,4415,44A14,Ⅷ,51,2,43A63,Ⅷ,39,2,277,1.13.261,8,1,8,7,3,𗶡,𘙡,,1.07.1502,7,3,,,,,,,
𗷐,U+17DD0,,5.133.2,6071/00,K5785,L4499,L4499,S1044,,4416,44A15,Ⅷ,51,3,43A64,Ⅷ,39,3,278,1.13.262,8,1,8,7,4,𗶡,𘙡,,1.07.1503,7,4,,,,,,,
𘊝,U+1829D,,7.129.1,2441/50,K3769,L2798,L2798,S5770,215-071,4417,44A16,Ⅷ,52,1,43A66,Ⅷ,40,2,4497,,84,2,72,,,,,,2.16.1309,3,1,,,,,,,
𗂦,U+170A6,,1.114.1,2902/42,K0901,L3764,L3764,S1618,039-11d,4418,44A17,Ⅷ,52,2,43A65,Ⅷ,40,1,4498,,84,2,72,,,,,,2.16.1310,3,2,,,,,,,
𘕯,U+1856F,,8.143.3,8222/42,K0495,L5281,L5281,S2184,,4419,44A18,Ⅷ,53,1,43A68,Ⅷ,41,2,405,1.18.121,11,1,11,16,1,𗾶,𘎫,,1.08.2305,15,1,,,,,,,
𘍨,U+18368,,7.282.2,8142/40,K1828,L5222,L5222,S2396,,4420,44A21,Ⅷ,53,2,43A67,Ⅷ,41,1,406,1.18.122,11,1,11,16,2,𗾶,𘎫,,1.08.2306,15,2,,,,,,,
𘜍,U+1870D,,8.418.4,1441/40,K3930,L0811,L0811,S5190,293-021,4421,44A22,Ⅷ,54,1,43A71,Ⅷ,42,1,4581,,89,2,75,,,,,,2.16.2501,2,4,,,,,,,
𗽷,U+17F77,,5.464.2,2141/21,K5472,L2085,L2085,S4034,210-114,4422,44A23,Ⅷ,54,2,43A72,Ⅷ,42,2,4582,,89,2,75,,,,,,2.16.2502,2,5,,,,,,,
𗡈,U+17848,,3.286.3,7121/45,K5329,L4521,L4521,S0556,255-104,4423,44A24,Ⅷ,55,1,44A71,Ⅷ,81,1,4583,,89,2,75,,,,,,2.16.2503,2,6,,,,,,,
𗡗,U+17857,,3.291.3,7124/42,K3354,L4546,L4546,S0557,255-131,4424,44A25,Ⅷ,55,2,44A72,Ⅷ,81,2,4584,,89,2,75,,,,,,2.16.2504,2,7,,,,,,,
𗐜,U+1741C,,2.155.4,2721/24,K4577,L3008,L3008,S5562,032-141,4425,44A26,Ⅷ,56,1,43A75,Ⅷ,43,3,3186,,19,2,16,,,,,,2.06.2602,3,1,,,,,,,
𗐒,U+17412,,2.151.1,2721/22,K3719,L3005,L3005,S5566,,4426,44A27,Ⅷ,56,2,43A73,Ⅷ,43,1,3187,,19,2,16,,,,,,2.06.2603,3,2,,,,,,,
𗐋,U+1740B,,2.147.2,2772/20,K1333,L3401,L3401,S5565,032-041,4427,44A28,Ⅷ,56,3,43A74,Ⅷ,43,2,,,19,2,16,,,,,,,,,,,,,,,
𗱿,U+17C7F,,3.625.2,1721/42,K5003,L0972,L0972,S4894,,4428,44A31,Ⅷ,57,1,43A76,Ⅷ,44,1,2210,1.76.271,72,1,69,11,1,𗿉,𘚽,,1.24.2402,11,1,,,,,,,
𗯱,U+17BF1,,3.497.2,2942/24,K1413,L5793,L5793,S2824,194-052,4429,44A32,Ⅷ,57,2,43A77,Ⅷ,44,2,2211,1.76.272,72,1,69,11,2,𗿉,𘚽,,1.24.2403,11,2,,,,,,,
𘂦,U+180A6,,6.194.2,9471/44,K4226,L5916,L5916,S1761,157-081,4430,44A33,Ⅷ,58,1,43B11,Ⅷ,45,2,830,1.31.222,25,1,24,7,2,𗶡,𗝪,,1.12.1104,4,2,,,,,,,
𗱔,U+17C54,,3.591.1,1772/40,K1787,L1502,L1502,S4964,026-075,4431,44A34,Ⅷ,58,2,43A78,Ⅷ,45,1,831,1.31.231,25,1,24,7,3,𗶡,𗝪,,1.12.1105,4,3,,,,,,,
𗲡,U+17CA1,,3.644.1,1789/20,K0714,L1547,L1547,S4939,026-114,4432,44A35,Ⅷ,59,1,43B12,Ⅷ,46,1,3091,,15,2,13,,,,,,2.05.2705,2,1,,,,,,,
𗻟,U+17EDF,,5.331.4,2742/42,K0853,L3245,L3245,S3281,,4433,44A36,Ⅷ,59,2,43B13,Ⅷ,46,2,3092,,15,2,13,,,,,,2.05.2706,2,2,,,,,,,
𘝖,U+18756,,8.485.3,3722/40,K1564,L3954,L3954,S2941,,4434,44A37,Ⅷ,60,1,43B16,Ⅷ,48,1,1558,1.54.221,46,1,45,5,1,𗢛,𘛫,,1.18.1607,3,8,,,,,,,
𘝘,U+18758,,8.487.1,3521/42,K4766,L3937,L3937,S2939,,4435,44A38,Ⅷ,60,2,43B18,Ⅷ,48,3,1559,1.54.222,46,1,45,5,2,𗢛,𘛫,,1.18.1701,3,9,,,,,,,
𘝗,U+18757,,8.486.1,3525/47,K1499,L3939,L3939,S2940,,4436,44A41,Ⅷ,60,3,43B17,Ⅷ,48,2,,,46,1,45,,,,,,,,,,,,,,,
𘁠,U+18060,,6.151.1,8121/22,K5444,L5069,L5069,S1902,,4437,44A42,Ⅷ,61,1,43B21,Ⅷ,49,1,4953,,17,1,17,,,,,,3.04.1101,1,1,,,,,,,
𘏟,U+183DF,,7.377.1,8742/20,K0936,L5620,L5620,S2781,,4438,44A43,Ⅷ,61,2,43B23,Ⅷ,49,3,4954,,17,1,17,,,,,,3.04.1102,1,2,,,,,,,
𗻭,U+17EED,,5.335.2,2141/44,K4045,L2168,L2168,S3199,,4439,44A44,Ⅷ,61,3,43B24,Ⅷ,49,4,4955,Z.09.111,17,1,17,1,1,?,?,,3.04.1103,1,3,,,,,,,
𗆻,U+171BB,,1.406.4,2801/22,K4664,L3455,L3455,S1474,041-143,4440,44A45,Ⅷ,61,4,43B22,Ⅷ,49,2,4956,Z.09.112,17,1,17,1,2,?,?,,3.04.1104,1,4,,,,,,,
𘂍,U+1808D,,6.175.2,9172/42,K1356,L5858,L5858,S1739,157-044,4441,44A46,Ⅷ,62,1,43B25,Ⅷ,50,1,955,1.35.223,29,1,28,3,1,𗪺,𗙌,,1.12.2607,2,1,,,,,,,
𗵼,U+17D7C,,5.083.3,1142/20,K1360,L0321,L0321,S0143,221-044,4442,44A47,Ⅷ,62,2,43B26,Ⅷ,50,2,956,1.35.231,29,1,28,3,2,𗪺,𗙌,,1.12.2608,2,2,,,,,,,
𗥏,U+1794F,,4.194.1,2144/20,K3453,L2250,L2250,S3394,,4443,44A48,Ⅷ,63,1,43B44,Ⅷ,55,3,4339,,73,2,62,,,,,,2.15.1108,1,2,,,,,,,
𘔰,U+18530,,8.071.1,2742/00,K1565,L3187,L3187,S5783,216-031,4444,44A51,Ⅷ,63,2,43B42,Ⅷ,55,1,,,73,2,62,,,,,,,,,,,,,,,
𗪺,U+17ABA,,4.525.5,2744/55,K3021,L3354,L3354,S3409,204-12d,4445,44A52,Ⅷ,64,1,43B45,Ⅷ,56,1,295,1.14.172,9,1,9,5,1,𗾤,𗠭,,1.07.2106,5,1,,,,,,,
𗕱,U+17571,,2.448.3,1744/40,K2884,L1378,L1378,S4384,,4446,44A53,Ⅷ,64,2,43B46,Ⅷ,56,2,296,1.14.211,9,1,9,5,2,𗾤,𗠭,,1.07.2201,5,2,,,,,,,
𗙏,U+1764F,,3.016.2,1821/20,K4881,L1586,L1586,S0099,102-072,4447,44A54,Ⅷ,65,1,43B48,Ⅷ,57,1,4253,,69,2,59,,,,,,2.14.1711,1,2,,,,,,,
𗙑,U+17651,,3.022.2,1722/22,K0795,L1010,L1010,S0134,102-081,4448,44A55,Ⅷ,65,2,43B51,Ⅷ,57,2,4254,,69,2,59,,,,,,2.14.1712,1,3,,,,,,,
𗦁,U+17981,,4.258.2,2244/72,K3628,L2516,L2516,S3772,204-079,4449,44A56,Ⅷ,65,3,43B53,Ⅷ,57,4,4255,,69,2,59,,,,,,2.14.2101,1,4,,,,,,,
𗙘,U+17658,,3.025.4,1121/24,K4288,L0178,L0178,S0121,102-083,4450,44A57,Ⅷ,65,4,43B52,Ⅷ,57,3,4256,,69,2,59,,,,,,2.14.2102,1,5,,,,,,,
𗥫,U+1796B,,4.243.1,2945/74,K1455,L3807,L3807,S3590,204-072,4451,44A58,Ⅷ,66,1,43B54,Ⅷ,58,1,1360,1.48.163,37,1,36,6,2,𗢛,𗓆,,1.16.2108,13,1,,,,,,,
𗭊,U+17B4A,,3.398.4,3824/20,K2455,L3989,L3989,S2988,105-052,4452,44A61,Ⅷ,66,2,43B55,Ⅷ,58,2,1361,1.48.171,37,1,36,6,3,𗢛,𗓆,,1.16.2201,13,2,,,,,,,
𗦑,U+17991,,4.283.1,2244/42,K2858,L2504,L2504,S3371,204-09ze,4453,44A62,Ⅷ,67,1,43B56,Ⅷ,59,1,49,1.06.222,1,1,1,12,2,𘕯,𗌭,,1.05.1203,13,2,,,,,,,
𗥑,U+17951,,4.199.2,2741/22,K4954,L3118,L3118,S3552,204-07zh,4454,44A63,Ⅷ,67,2,43B57,Ⅷ,59,2,50,1.06.231,1,1,1,12,3,𘕯,𗌭,,1.05.1204,13,3,,,,,,,
𗪞,U+17A9E,,4.510.1,2244/55,K2815,L2514,L2514,S3644,204-11q,4455,44A64,Ⅷ,68,1,43B58,Ⅷ,60,1,89,1.07.252,2,1,2,8,1,𗫔,𘄀,,1.05.2102,8,1,,,,,,,
𗂏,U+1708F,,1.101.1,2805/45,K1194,L3519,L3519,S1230,,4456,44A65,Ⅷ,68,2,43B61,Ⅷ,60,2,90,1.07.261,2,1,2,8,2,𗫔,𘄀,,1.05.2103,8,2,,,,,,,
𗧯,U+179EF,,4.375.1,2141/40,K4181,L2135,L2135,S3483,204-09c,4457,44A66,Ⅷ,69,1,43B62,Ⅷ,61,1,1423,1.50.211,40,1,39,7,4,𗦾,𘅡,,1.17.1208,6,4,,,,,,,
𗆳,U+171B3,,1.404.1,2101/21,K5499,L1896,L1896,S1412,041-124,4458,44A67,Ⅷ,69,2,43B63,Ⅷ,61,2,1424,1.50.212,40,1,39,7,5,𗦾,𘅡,,1.17.1301,6,5,,,,,,,
𗆹,U+171B9,,1.406.2,2804/22,K0408,L3500,L3500,S1413,,4459,44A68,Ⅷ,69,3,43B66,Ⅷ,61,5,1425,1.50.213,40,1,39,7,6,𗦾,𘅡,,1.17.1302,6,6,,,,,,,
𗆣,U+171A3,,1.390.1,2302/24,K1815,L2558,L2558,S1414,,4460,44A71,Ⅷ,69,4,43B64,Ⅷ,61,3,1426,1.50.221,40,1,39,7,7,𗦾,𘅡,,1.17.1303,6,7,,,,,,,
𗆪,U+171AA,,1.394.3,2905/24,K1452,L3769,L3769,S1483,041-125,4461,44A72,Ⅷ,69,5,43B65,Ⅷ,61,4,1427,1.50.222,40,1,39,7,8,𗦾,𘅡,,1.17.1304,6,8,,,,,,,
𗗔,U+175D4,,2.535.2,1124/20,K2426,L0218,L0218,S5262,049-041,4462,44A73,Ⅷ,69,6,43B67,Ⅷ,61,6,1428,1.50.223,40,1,39,7,9,𗦾,𘅡,,1.17.1305,6,9,,,,,,,
𗗗,U+175D7,,2.537.3,1822/22,K0559,L1612,L1612,S5274,,4463,44A74,Ⅷ,69,7,43B68,Ⅷ,61,7,,,40,1,39,,,,,,,,,,,,,,,
𗗝,U+175DD,,2.545.3,1822/25,?,L1619,L1619,S5275,,4464,44A75,Ⅷ,69,8,43B71,Ⅷ,61,8,,,40,1,39,,,,,,,,,,,,,,,
𗦫,U+179AB,,4.300.1,2744/22,K2554,L3316,L3316,S3532,204-08g,4465,44A76,Ⅷ,70,1,43B72,Ⅷ,62,1,1556,1.54.212,46,1,45,4,2,𗫔,𗉔,,1.18.1605,3,6,,,,,,,
𘂅,U+18085,,6.169.2,9141/22,K5018,L5831,L5831,S1671,,4466,44A77,Ⅷ,70,2,43B74,Ⅷ,62,3,1557,1.54.213,46,1,45,4,3,𗫔,𗉔,,1.18.1606,3,7,,,,,,,
𗩓,U+17A53,,4.446.3,2842/25,K1216,L3637,L3637,S3525,204-105,4467,44A78,Ⅷ,70,3,43B73,Ⅷ,62,2,,,46,1,45,,,,,,,,,,,,,,,
𗙨,U+17668,,3.031.2,1824/24,K1935,L1650,L1650,S0095,,4468,44B11,Ⅷ,71,1,43B77,Ⅷ,64,1,2282,1.79.232,79,1,74,3,1,𗋿,𗙧,,1.25.1704,2,1,,,,,,,
𘜪,U+1872A,,1.201.1,1341/42,K5056,L0681,L0681,S0046,,4469,44B12,Ⅷ,71,2,43B78,Ⅷ,64,2,2283,1.79.241,79,1,74,3,2,𗋿,𗙧,,1.25.1705,2,2,,,,,,,
𗇇,U+171C7,,1.414.1,2824/00,K3177,L3538,L3538,S3104,043-062,4470,44B13,Ⅷ,72,1,44A12,Ⅷ,65,2,622,1.24.272,17,1,17,24,1,𗶡,𗬄,,1.10.2206,21,1,,,,,,,
𗦱,U+179B1,,4.307.3,2844/20,K3179,L3680,L3680,S3734,204-08zq,4471,44B14,Ⅷ,72,2,44A68,Ⅷ,80,2,623,1.24.273,17,1,17,24,2,𗶡,𗬄,,1.10.2207,21,2,,,,,,,
𘟄,U+187C4,,8.571.2,1244/40,K2869,L0597,L0597,S0244,018-105,4472,44B15,Ⅷ,73,1,44A15,Ⅷ,66,3,991,1.36.233,30,1,29,6,1,𗿉,𘚶,,1.13.1305,4,1,,,,,,,
𘄋,U+1810B,,6.289.1,1124/22,K3601,L0225,L0225,S4341,108-101,4473,44B16,Ⅷ,73,2,44A14,Ⅷ,66,2,992,1.36.241,30,1,29,6,2,𗿉,𘚶,,1.13.1306,4,2,,,,,,,
𗰟,U+17C1F,,3.555.1,1121/24,K4536,L0175,L0175,S4486,107-072,4474,44B17,Ⅷ,74,1,44A16,Ⅷ,67,1,3043,,11,2,10,,,,,,2.05.1707,15,1,,,,,,,
𗰿,U+17C3F,,3.573.2,1854/20,K2968,L1795,L1795,S4796,058-063,4475,44B18,Ⅷ,74,2,44A17,Ⅷ,67,2,3044,,11,2,10,,,,,,2.05.2101,15,2,,,,,,,
𘌀,U+18300,,7.211.2,8721/51,K5540,L5508,L5508,S2237,078-072,4476,44B21,Ⅷ,75,1,44A21,Ⅷ,68,2,4400,,78,2,67,,,,,,2.15.2105,1,3,,,,,,,
𗞪,U+177AA,,3.195.2,5021/51,K5541,L4140,L4140,S0789,,4477,44B22,Ⅷ,75,2,44A18,Ⅷ,68,1,4401,,78,2,67,,,,,,2.15.2106,1,4,,,,,,,
𗌀,U+17300,,1.666.1,2722/20,K0885,L3025,L3025,S4287,,4478,44B23,Ⅷ,76,1,44A25,Ⅷ,69,4,3138,,17,2,14,,,,,,2.06.1602,7,3,,,,,,,
𗊺,U+172BA,,1.601.1,2722/20,?,L3024,L3024,S4295,181-077,4479,44B24,Ⅷ,76,2,44A24,Ⅷ,69,3,3139,,17,2,14,,,,,,2.06.1603,7,4,,,,,,,
𗖔,U+17594,,2.482.1,1372/22,K0828,L0728,L0728,S4610,,4480,44B25,Ⅷ,76,3,44A22,Ⅷ,69,1,3140,,17,2,14,,,,,,2.06.1604,7,5,,,,,,,
𗇑,U+171D1,,1.424.3,3072/20,K1016,L3839,L3839,S3065,,4481,44B26,Ⅷ,76,4,44A23,Ⅷ,69,2,3141,,17,2,14,,,,,,2.06.1605,7,6,,,,,,,
𗌋,U+1730B,,1.669.2,2724/40,K3444,L3060,L3060,S4229,,4482,44B27,Ⅷ,76,5,44B77,Ⅷ,98,2,,,17,2,14,,,,,,,,,,,,,,,
𗈪,U+1722A,,1.478.3,5802/40,K1908,L5981,L5981,S5479,087-061,4483,44B28,Ⅷ,77,1,44A28,Ⅷ,70,3,4957,Z.09.113,?,1,?,2,1,𗖛,𗙕,,3.04.1105,1,5,,,,,,,
𗥼,U+1797C,,4.257.1,2842/54,K1909,L3654,L3654,S3917,204-09zf,4484,44B31,Ⅷ,77,2,44A26,Ⅷ,70,1,4958,Z.09.121,?,1,?,2,2,𗖛,𗙕,,3.04.1106,1,6,,,,,,,
𗈬,U+1722C,,1.496.2,5704/00,K2327,L5951,L5951,S5485,,4485,44B32,Ⅷ,77,3,44A27,Ⅷ,70,2,4959,Z.09.131,?,1,?,2,3,𗖛,𗙕,,3.04.1107,1,7,,,,,,,
𘑨,U+18468,,7.476.5,1321/41,K5511,L0645,L0645,S4523,249-071,4486,44B33,Ⅷ,78,1,44A31,Ⅷ,71,1,4083,,61,2,51,,,,,,2.13.1511,5,1,,,,,,,
𘇃,U+181C3,,6.464.1,1722/58,K0193,L1056,L1056,S5245,,4487,44B34,Ⅷ,78,2,44A32,Ⅷ,71,2,4084,,61,2,51,,,,,,2.13.1512,5,2,,,,,,,
𘇍,U+181CD,,6.469.5,1821/54,K4708,L1609,L1609,S5219,,4488,44B35,Ⅷ,78,3,44A33,Ⅷ,71,3,4085,,61,2,51,,,,,,2.13.1601,5,3,,,,,,,
𗿕,U+17FD5,,6.063.2,2842/24,K1853,L3635,L3635,S5719,211-113,4489,44B36,Ⅷ,78,4,44A34,Ⅷ,71,4,4086,,61,2,51,,,,,,2.13.1602,5,4,,,,,,,
𘌪,U+1832A,,7.238.2,8722/40,K1620,L5538,L5538,?,,4490,44B37,Ⅷ,79,1,44A37,Ⅷ,72,3,2528,1.89.112,92,1,86,3,2,𘉐,𗕭,,1.28.1302,3,2,,,,,,,
𗘣,U+17623,,2.588.2,1821/22,K4651,L1589,L1589,S5449,053-101,4491,44B38,Ⅷ,79,2,44A38,Ⅷ,72,4,2529,1.89.121,92,1,86,3,3,𘉐,𗕭,,1.28.1303,3,3,,,,,,,
𗑹,U+17479,,2.267.2,8021/22,K4328,L4685,L4685,S1860,007-107,4492,44B41,Ⅷ,80,1,44A41,Ⅷ,73,1,4960,Z.09.132,25,1,24,3,1,𗖛,𗱞,,3.04.1108,1,8,,,,,,,
𗐹,U+17439,,2.215.4,8022/24,K1849,L4760,L4760,S1859,007-076,4493,44B42,Ⅷ,80,2,44A42,Ⅷ,73,2,4961,Z.09.141,25,1,24,3,2,𗖛,𗱞,,3.04.1109,1,9,,,,,,,
𗳭,U+17CED,,3.689.2,1942/20,K0899,L1857,L1857,S5387,222-071,4494,44B43,Ⅷ,81,1,44A45,Ⅷ,74,2,4417,,79,2,68,,,,,,2.15.2302,1,16,,,,,,,
𗓵,U+174F5,,2.347.2,8042/20,K0900,L4927,L4927,S2098,007-11m,4495,44B44,Ⅷ,81,2,44A44,Ⅷ,74,1,4418,,79,2,68,,,,,,2.15.2303,1,17,,,,,,,
𗁱,U+17071,,1.081.2,2204/24,K1065,L2372,L2372,S1518,,4496,44B45,Ⅷ,82,1,44A47,Ⅷ,75,2,3622,,37,2,33,,,,,,2.10.1211,10,1,,,,,,,
𗂼,U+170BC,,1.143.2,2301/22,K5073,L2550,L2550,S1513,,4497,44B46,Ⅷ,82,2,44A51,Ⅷ,75,4,3623,,37,2,33,,,,,,2.10.1301,10,2,,,,,,,
𗂽,U+170BD,,1.143.3,2801/22,K5086,L3452,L3452,S1512,039-131,4498,44B47,Ⅷ,82,3,44A48,Ⅷ,75,3,3624,,37,2,33,,,,,,2.10.1302,10,3,,,,,,,
𘙺,U+1867A,,8.333.2,1172/48,K0183,L0451,L0451,S5106,,4499,44B48,Ⅷ,82,4,44A54,Ⅷ,75,7,3625,,37,2,33,,,,,,2.10.1303,10,4,,,,,,,
𗶾,U+17DBE,,5.120.1,6024/20,K2457,L4474,L4474,S1040,,4500,44B51,Ⅷ,82,5,44A52,Ⅷ,75,5,3626,,37,2,33,,,,,,2.10.1304,10,5,,,,,,,
𗁵,U+17075,,1.090.3,2704/20,K2531,L2958,L2958,S1519,,4501,44B52,Ⅷ,82,6,44A46,Ⅷ,75,1,,,37,2,33,,,,,,,,,,,,,,,
𘙹,U+18679,,8.333.1,1579/45,K0670,L0890,L0890,S5111,162-101,4502,44B53,Ⅷ,82,7,44A53,Ⅷ,75,6,,,37,2,33,,,,,,,,,,,,,,,
𗞠,U+177A0,,3.192.3,5021/57,K4571,L4141,L4141,S0730,017-141,4503,44B54,Ⅷ,83,1,44A56,Ⅷ,76,2,3682,,42,2,36,,,,,,2.10.2207,2,5,,,,,,,
𗹱,U+17E71,,5.285.1,2702/50,K1686,L2949,L2949,S1308,,4504,44B55,Ⅷ,83,2,44A57,Ⅷ,76,3,3683,,42,2,36,,,,,,2.10.2208,2,6,,,,,,,
𗺁,U+17E81,,5.293.3,2101/57,K4570,L1936,L1936,S1307,135-091,4505,44B56,Ⅷ,83,3,44A55,Ⅷ,76,1,3684,,42,2,36,,,,,,2.10.2209,2,7,,,,,,,
𘜤,U+18724,,8.446.2,2250/22,K0115,L2521,L2521,S3094,159B-051,4506,44B57,Ⅷ,84,1,44A58,Ⅷ,77,1,692,1.27.132,19,1,19,6,1,𗾶,𘋭,,1.11.1306,6,1,,,,,,,
𗙣,U+17663,,3.029.2,1824/22,K2295,L1644,L1644,S0122,102-111,4507,44B58,Ⅷ,84,2,44A61,Ⅷ,77,2,693,1.27.141,19,1,19,6,2,𗾶,𘋭,,1.11.1307,6,2,,,,,,,
𘌘,U+18318,,7.227.3,9224/24,K1073,L5867,L5867,S1692,,4508,44B61,Ⅷ,85,1,44A63,Ⅷ,78,2,1745,1.60.242,56,1,54,10,1,𘅰,𗛣,,1.20.1206,9,1,,,,,,,
𗸝,U+17E1D,,5.162.1,1842/12,K0531,L1704,L1704,S0364,,4509,44B62,Ⅷ,85,2,44A64,Ⅷ,78,3,1746,1.60.243,56,1,54,10,2,𘅰,𗛣,,1.20.1207,9,2,,,,,,,
𘌄,U+18304,,7.212.2,9722/21,K1132,L5922,L5922,S1689,139-041,4510,44B63,Ⅷ,85,3,44A62,Ⅷ,78,1,1747,1.60.251,56,1,54,10,3,𘅰,𗛣,,1.20.1208,9,3,,,,,,,
𗌍,U+1730D,,1.669.4,2724/22,K2737,L3049,L3049,S4280,,4511,44B64,Ⅷ,86,1,44A73,Ⅷ,82,1,2410,1.84.212,85,1,80,6,2,𗶡,𘖥,,1.27.1102,5,2,,,,,,,
𗌛,U+1731B,,1.675.1,2724/40,K2883,L3059,L3059,S4281,,4512,44B65,Ⅷ,86,2,44A74,Ⅷ,82,2,2411,1.84.221,85,1,80,6,3,𗶡,𘖥,,1.27.1103,5,3,,,,,,,
𗏨,U+173E8,,2.175.1,2344/55,K2025,L2681,L2681,S5576,202-093,4513,44B66,Ⅷ,87,1,44A76,Ⅷ,83,2,2304,1.80.212,80,1,75,3,3,𗈮,𗻑,,1.25.2404,3,3,,,,,,,
𗏉,U+173C9,,2.157.1,2145/20,?,L2283,L2283,S5584,203-051,4514,44B67,Ⅷ,87,2,44A77,Ⅷ,83,3,2305,1.80.221,80,1,75,3,4,𗈮,𗻑,,1.25.2405,3,4,,,,,,,
𗏢,U+173E2,,2.168.4,2849/00,K0678,L3720,L3720,S5589,,4515,44B68,Ⅷ,87,3,44A75,Ⅷ,83,1,2306,1.80.222,80,1,75,3,5,𗈮,𗻑,,1.25.2406,3,5,,,,,,,
𗢝,U+1789D,,3.358.2,2724/22,K3007,L3446,L3446,S3135,,4516,44B71,Ⅷ,88,1,44B11,Ⅷ,84,2,91,1.07.262,2,1,2,9,1,𗱪,𘜲,,1.05.2104,9,1,,,,,,,
𗢛,U+1789B,,3.356.4,2721/20,K4886,L3003,L3003,S3142,045-072,4517,44B72,Ⅷ,88,2,44A78,Ⅷ,84,1,92,1.07.271,2,1,2,9,2,𗱪,𘜲,,1.05.2105,9,2,,,,,,,
𘚊,U+1868A,,8.341.2,1944/20,K1929,L1874,L1874,S0250,,4518,44B73,Ⅷ,89,1,44B12,Ⅷ,85,1,5228,Z.20.132,92,2,77,1,11,𗬼,𗼻,,3.07.1501,1,11,,,,,,,
𘚉,U+18689,,8.341.1,1941/00,K4724,L1853,L1853,S0249,,4519,44B74,Ⅷ,89,2,44B13,Ⅷ,85,2,5229,Z.20.141,92,2,77,1,12,𗬼,𗼻,,3.07.1502,1,12,,,,,,,
𗜜,U+1771C,,3.124.2,5044/20,K2168,L4349,L4349,S0724,020-106,4520,44B75,Ⅷ,90,1,44B14,Ⅷ,86,1,3910,,53,2,44,,,,,,2.12.1403,2,2,,,,,,,
𗜄,U+17704,,3.099.1,5040/00,K2519,L4210,L4210,S0809,,4521,44B76,Ⅷ,90,2,44B15,Ⅷ,86,2,3911,,53,2,44,,,,,,2.12.1404,2,3,,,,,,,
𗅁,U+17141,,1.233.2,2705/25,K1236,L2983,L2983,S1454,041-065,4522,44B77,Ⅷ,91,1,44B21,Ⅷ,87,4,2662,,1,2,1,,,,,,2.02.1603,6,2,,,,,,,
𗅦,U+17166,,1.344.1,2401/25,K3947,L2707,L2707,S1458,,4523,44B78,Ⅷ,91,2,44B16,Ⅷ,87,1,2663,,1,2,1,,,,,,2.02.1604,6,3,,,,,,,
𗰘,U+17C18,,3.539.1,1724/22,K2491,L1097,L1097,S4472,107-071,4524,45A11,Ⅷ,91,3,44B22,Ⅷ,87,5,2661,,1,2,1,,,,,,2.02.1602,6,1,,,,,,,
𗆀,U+17180,,1.367.3,2101/25,K4305,L1915,L1915,S1456,041-09a,4525,45A12,Ⅷ,91,4,44B17,Ⅷ,87,2,2664,,1,2,1,,,,,,2.02.1701,6,4,,,,,,,
𘈭,U+1822D,,7.037.2,1841/21,K5531,L1684,L1684,S1194,225-071,4526,45A13,Ⅷ,91,5,44B23,Ⅷ,87,6,2665,,1,2,1,,,,,,2.02.1702,6,5,,,,,,,
𗳯,U+17CEF,,3.691.2,1844/55,K2458,L1776,L1776,S5377,,4527,45A14,Ⅷ,91,6,44B26,Ⅷ,88,2,2666,,1,2,1,,,,,,2.02.1703,6,6,,,,,,,
𗳮,U+17CEE,,3.691.1,1144/54,K1344,L0378,L0378,S5376,,4528,45A15,Ⅷ,91,7,44B25,Ⅷ,88,1,2667,,1,2,1,,,,,,2.02.1704,6,7,,,,,,,
𗸀,U+17E00,,5.184.2,1851/52,K5352,L1786,L1786,S0342,,4529,45A16,Ⅷ,91,8,44B27,Ⅷ,88,3,2668,,1,2,1,,,,,,2.02.1705,6,8,,,,,,,
𘈫,U+1822B,,7.035.2,1244/00,K2915,L0546,L0546,S1197,225-041,4530,45A17,Ⅷ,91,9,44B24,Ⅷ,87,7,2669,,1,2,1,,,,,,2.02.1706,6,9,,,,,,,
𘑯,U+1846F,,7.485.2,1754/50,K2541,L1468,L1468,S4510,128-061,4531,45A18,Ⅷ,91,10,44B18,Ⅷ,87,3,,,1,2,1,,,,,,,,,,,,,,,
𘃽,U+180FD,,6.272.2,1822/24,K1912,L1616,L1616,S4351,108-062,4532,45A21,Ⅷ,92,1,44B31,Ⅷ,89,1,3871,,51,2,42,,,,,,2.11.2705,8,1,,,,,,,
𘄈,U+18108,,6.287.2,1321/27,K5596,L0643,L0643,S4357,,4533,45A22,Ⅷ,92,2,44B42,Ⅷ,89,10,3872,,51,2,42,,,,,,2.11.2706,8,2,,,,,,,
𗃨,U+170E8,,1.168.2,2274/42,K2862,L2538,L2538,S4066,,4534,45A23,Ⅷ,92,3,44B37,Ⅷ,89,7,3873,,51,2,42,,,,,,2.11.2707,8,3,,,,,,,
𗃘,U+170D8,,1.158.4,2872/40,K1915,L3736,L3736,S4092,180-061,4535,45A24,Ⅷ,92,4,44B32,Ⅷ,89,2,3874,,51,2,42,,,,,,2.11.2708,8,4,,,,,,,
𘄵,U+18135,,6.323.1,1743/42,K5572,L1296,L1296,S4768,230-065,4536,45A25,Ⅷ,92,5,44B33,Ⅷ,89,3,3875,,51,2,42,,,,,,2.11.2709,8,5,,,,,,,
𗊖,U+17296,,1.572.2,2124/20,K2128,L2045,L2045,S4176,181-051,4537,45A26,Ⅷ,92,6,44B36,Ⅷ,89,6,3876,,51,2,42,,,,,,2.11.2710,8,6,,,,,,,
𘍎,U+1834E,,7.254.2,8924/00,K5712,L5786,L5786,S2210,241-055,4538,45A27,Ⅷ,92,7,44B38,Ⅷ,89,8,3877,,51,2,42,,,,,,2.11.2711,8,7,,,,,,,
𗹈,U+17E48,,5.223.4,1825/22,K0614,L1662,L1662,S1101,,4539,45A28,Ⅷ,92,8,44B43,Ⅷ,89,11,3878,,51,2,42,,,,,,2.11.2712,8,8,,,,,,,
𘃬,U+180EC,,6.265.2,8321/22,K5059,L5352,L5352,S2421,,4540,45A31,Ⅷ,92,9,44B44,Ⅷ,89,12,3879,,51,2,42,,,,,,2.11.2713,8,9,,,,,,,
𗕀,U+17540,,2.403.3,8024/40,K1094,L5294,L5294,S2187,,4541,45A32,Ⅷ,92,10,44B41,Ⅷ,89,9,,,51,2,42,,,,,,,,,,,,,,,
𗳝,U+17CDD,,3.678.1,1541/00,K4641,L0863,L0863,S5394,220-043,4542,45A33,Ⅷ,93,1,44B45,Ⅷ,89,13,1624,1.56.232,51,1,49,10,1,𗰘,𘏞,,1.19.1103,9,2,,,,,,,
𗳩,U+17CE9,,3.687.2,1841/00,K4691,L1668,L1668,S5384,222-063,4543,45A34,Ⅷ,93,2,44B46,Ⅷ,89,14,1625,1.56.233,51,1,49,10,2,𗰘,𘏞,,1.19.1102,9,1,,,,,,,
𗵑,U+17D51,,5.045.1,1095/00,K0376,L0154,L0154,S0224,018-115,4544,45A35,Ⅷ,93,3,44B47,Ⅷ,89,15,1626,1.56.241,51,1,49,10,3,𗰘,𘏞,,1.19.1104,9,3,,,,,,,
𘟝,U+187DD,,8.593.1,8241/17,K5691,L5309,L5309,S2547,,4545,45A36,Ⅷ,93,4,44B48,Ⅷ,89,16,1627,1.56.242,51,1,49,10,4,𗰘,𘏞,,1.19.1105,9,4,,,,,,,
𗱀,U+17C40,,3.574.1,1854/00,K3191,L1794,L1794,S4804,058-061,4546,45A37,Ⅷ,93,5,44B34,Ⅷ,89,4,1628,1.56.243,51,1,49,10,5,𗰘,𘏞,,1.19.1106,9,5,,,,,,,
𗰼,U+17C3C,,3.572.1,1852/20,K0556,L1788,L1788,S4803,,4547,45A38,Ⅷ,93,6,44B35,Ⅷ,89,5,1629,1.56.251,51,1,49,10,6,𗰘,𘏞,,1.19.1107,9,6,,,,,,,
𘀟,U+1801F,,6.119.1,3244/22,K2605,L3900,L3900,S2903,192-051,4548,45A41,Ⅷ,94,1,44B51,Ⅷ,90,1,1630,1.56.252,51,1,49,11,1,𗢐,𗏟,,1.19.1108,9,7,,,,,,,
𘂬,U+180AC,,6.197.1,8745/00,K0340,L5670,L5670,S2386,208-041,4549,45A42,Ⅷ,94,2,44B52,Ⅷ,90,2,1631,1.56.261,51,1,49,11,2,𗢐,𗏟,,1.19.1201,9,8,,,,,,,
𘚭,U+186AD,,8.354.4,2159/50,K0640,L2305,L2305,S1329,315-053,4550,45A43,Ⅷ,95,1,44B53,Ⅷ,91,1,2253,1.78.172,74,1,71,2,3,𗝹,𗶪,,1.25.1207,2,4,,,,,,,
𗋪,U+172EA,,1.636.2,2421/22,K3846,L2725,L2725,S4296,181-096,4551,45A44,Ⅷ,95,2,44B54,Ⅷ,91,2,2254,1.78.211,74,1,71,2,4,𗝹,𗶪,,1.25.1208,2,5,,,,,,,
𘍞,U+1835E,,7.264.4,8221/22,K4245,L5258,L5258,S2350,260-031,4552,45A45,Ⅷ,96,1,44B55,Ⅷ,92,1,2251,1.78.171,74,1,71,2,2,𘄞,𗛿,,1.25.1205,2,2,,,,,,,
𘍝,U+1835D,,7.264.3,8022/20,K3632,L4743,L4743,S2343,260-001,4553,45A46,Ⅷ,96,2,44B56,Ⅷ,92,2,2252,,74,1,71,,,,,,1.25.1206,2,3,,,,,,,
𗜂,U+17702,,3.098.2,5021/22,K4246,L4102,L4102,S0792,017-095,4554,45A47,Ⅷ,96,3,44B57,Ⅷ,92,3,,,74,2,63,,,,,,,,,,,,,,,
𗛺,U+176FA,,3.096.1,5042/22,K3634,L4291,L4291,S0999,,4555,45A48,Ⅷ,96,4,44B58,Ⅷ,92,4,,,74,1,71,,,,,,,,,,,,,,,
𗰎,U+17C0E,,3.520.1,8344/20,K3322,L5398,L5398,S2846,,4556,45A51,Ⅷ,97,1,44B61,Ⅷ,93,1,1824,1.63.152,61,1,58,2,3,𘂶,𗡞,,1.20.2505,2,3,,,,,,,
𘄞,U+1811E,,6.300.3,1324/20,K3321,L0657,L0657,S4464,,4557,45A52,Ⅷ,97,2,44B62,Ⅷ,93,2,1825,1.63.161,61,1,58,2,4,𘂶,𗡞,,1.20.2506,2,4,,,,,,,
𘕑,U+18551,,8.090.3,9121/20,K4859,L5820,L5820,S1716,140-052,4558,45A53,Ⅷ,97,3,44B63,Ⅷ,93,3,1826,1.63.162,61,1,58,2,5,𘂶,𗡞,,1.20.2507,2,5,,,,,,,
𗸿,U+17E3F,,5.221.3,1125/25,K1206,L0236,L0236,S1094,,4559,45A54,Ⅷ,97,4,44B64,Ⅷ,93,4,1827,1.63.171,61,1,58,2,6,𘂶,𗡞,,1.20.2601,2,6,,,,,,,
𘓥,U+184E5,,7.645.1,2521/50,K4773,L2847,L2847,S4131,180-104,4560,45A55,Ⅷ,98,1,44B65,Ⅷ,94,1,4072,,61,2,51,,,,,,2.13.1409,3,1,,,,,,,
𗒛,U+1749B,,2.288.2,8024/20,K3119,L4811,L4811,S2037,007-095,4561,45A56,Ⅷ,98,2,44B67,Ⅷ,94,3,4073,,61,2,51,,,,,,2.13.1501,3,2,,,,,,,
𗔇,U+17507,,2.360.1,8021/50,K4771,L4730,L4730,S1968,007-122,4562,45A57,Ⅷ,98,3,44B66,Ⅷ,94,2,4074,,61,2,51,,,,,,2.13.1502,3,3,,,,,,,
𗆼,U+171BC,,1.407.1,2804/22,K3114,L3501,L3501,S1446,041-132,4563,45A58,Ⅷ,99,1,44B68,Ⅷ,95,1,3809,,46,2,40,,,,,,2.11.2106,8,1,,,,,,,
𗅅,U+17145,,1.254.1,2202/24,K1367,L2938,L2938,S1447,,4564,45A61,Ⅷ,99,2,44B71,Ⅷ,95,2,,,46,2,40,,,,,,,,,,,,,,,
𗭴,U+17B74,,3.424.4,8121/40,K4438,L5087,L5087,S2144,096-081,4565,45A62,Ⅷ,100,1,44B74,Ⅷ,97,1,1795,1.62.162,58,1,56,6,3,𗢛,𗫋,,1.20.2107,5,12,,,,,,,
𗭯,U+17B6F,,3.423.1,8525/70,K1469,L5471,L5471,S2141,096-071,4566,45A63,Ⅷ,100,2,44B75,Ⅷ,97,2,,,58,1,56,,,,,,,,,,,,,,,
𗍉,U+17349,,2.031.3,1244/44,K1083,L0599,L0599,S0654,,4567,45A64,Ⅷ,101,1,46A18,Ⅷ,D,96,3332,,28,2,25,,,,,,2.08.1201,2,32,,,,,,,
𗢂,U+17882,,3.345.1,2501/22,K4624,L2824,L2824,S1323,,4568,45A65,Ⅷ,101,2,44B78,Ⅷ,99,1,,,28,2,25,,,,,,,,,,,,,,,
𘐒,U+18412,,7.426.1,8745/74,K1379,L5683,L5683,S2785,236-084,4569,45A66,Ⅷ,102,1,45A14,Ⅷ,101,1,5227,Z.20.131,101,2,86,1,10,𗜾,𗷡,,3.07.1410,1,10,,,,,,,
𗎠,U+173A0,,2.099.3,1745/24,K1378,L1407,L1407,S1161,,4570,45A67,Ⅷ,102,2,45A15,Ⅷ,101,2,,,101,2,86,,,,,,,,,,,,,,,
𘂄,U+18084,,6.169.1,9742/20,K1522,L5935,L5935,S1672,196-041,4571,45A68,Ⅷ,103,1,45A16,Ⅷ,102,1,4060,,60,2,50,,,,,,2.13.1306,2,1,,,,,,,
𘈹,U+18239,,7.048.2,1791/00,?,L1553,L1553,S1129,,4572,45A71,Ⅷ,103,2,45A17,Ⅷ,102,2,,,60,2,50,,,,,,,,,,,,,,,
𗾶,U+17FB6,,6.037.5,2945/74,K1458,L3808,L3808,S5701,,4573,45A72,Ⅷ,104,1,45A18,Ⅷ,103,1,146,1.09.222,3,1,3,11,1,𘍨,𗕾,,1.06.1104,11,1,,,,,,,
𗘓,U+17613,,2.583.2,1842/00,K1725,L1703,L1703,S5417,,4574,45A73,Ⅷ,104,2,45A21,Ⅷ,103,2,,,3,1,3,,,,,,,,,,,,,,,
𘍪,U+1836A,,7.283.2,8741/20,K4958,L5590,L5590,S2403,209-041,4575,45A74,Ⅷ,104,3,46A26,Ⅷ,D,102,,,3,1,3,,,,,,,,,,,,,,,
𗉂,U+17242,,1.517.1,1171/40,K5228,L0440,L0440,S5494,,4576,45A75,Ⅷ,105,1,45A23,Ⅷ,104,2,,,69,1,66,,,,,,,,,,,,,,,
𗉁,U+17241,,1.516.3,1171/40,K5266,L0439,L0439,S5496,184-071,4577,45A76,Ⅷ,105,2,45A22,Ⅷ,104,1,2082,1.72.141,69,1,66,2,3,𗥦,𗵒,,1.23.1503,2,3,,,,,,,
𗺻,U+17EBB,,5.321.1,2744/40,K2385,L3339,L3339,S3272,,4578,45A77,Ⅷ,106,1,43B32,Ⅷ,52,1,658,1.26.121,18,1,18,7,1,𘕯,𘛈,,1.10.2606,5,1,,,,,,,
𘒂,U+18482,,7.493.3,1342/20,K0839,L0683,L0683,S4748,,4579,45A78,Ⅷ,106,2,43B33,Ⅷ,52,2,659,1.26.122,18,1,18,7,2,𘕯,𘛈,,1.10.2607,5,2,,,,,,,
𗠖,U+17816,,3.258.3,7822/44,K1814,L4643,L4643,S0508,255-069,4580,45B11,Ⅷ,107,1,43B34,Ⅷ,53,1,2393,1.83.271,85,1,80,1,6,𗏨,𘏺,,1.26.2406,1,6,,,,,,,
𗢎,U+1788E,,3.349.1,2722/24,K1884,L3029,L3029,S3148,,4581,45B12,Ⅷ,107,2,43B36,Ⅷ,53,3,2394,1.83.272,85,1,80,1,7,𗏨,𘏺,,1.26.2407,1,7,,,,,,,
𗙉,U+17649,,3.014.1,1725/25,K1230,L1129,L1129,S0096,,4582,45B13,Ⅷ,107,3,43B35,Ⅷ,53,2,2395,1.84.111,85,1,80,1,8,𗏨,𘏺,,1.26.2501,1,8,,,,,,,
𗏘,U+173D8,,2.162.1,2744/00,K3031,L3273,L3273,S5621,202-071,4583,45B14,Ⅷ,108,1,43B38,Ⅷ,54,2,4536,,85,2,73,,,,,,2.16.1706,2,7,,,,,,,
𗏠,U+173E0,,2.168.3,2744/20,K3008,L3303,L3303,S5581,202-083,4584,45B15,Ⅷ,108,2,43B37,Ⅷ,54,1,4537,,85,2,73,,,,,,2.16.1707,2,8,,,,,,,
𗐔,U+17414,,2.151.3,2725/50,K0328,L3083,L3083,S5570,,4585,45B16,Ⅷ,108,3,43B41,Ⅷ,54,3,4538,,85,2,73,,,,,,2.16.1708,2,9,,,,,,,
𗇜,U+171DC,,1.433.3,8050/00,K0021,L5014,L5014,S2362,,4586,45B17,Ⅷ,109,1,45B34,Ⅷ,D,52,2640,1.93.161,105,1,97,1,3,𘜦,𗮞,,1.29.2201,1,3,,,,,,,
𗇝,U+171DD,,1.433.4,8021/22,K4950,L4689,L4689,S2621,,4587,45B18,Ⅷ,109,2,45B32,Ⅷ,D,50,2639,1.93.152,105,1,97,1,2,𘜦,𗮞,,1.29.2104,1,2,,,,,,,
𘍬,U+1836C,,7.284.1,8844/00,K0435,L5748,L5748,S2399,209-051,4588,45B21,Ⅷ,110,1,46A27,Ⅷ,D,103,,,20,2,17,,,,,,,,,,,,,,,
𗾗,U+17F97,,6.016.1,2844/00,K0436,L3670,L3670,S5698,,4589,45B22,Ⅷ,110,2,46A37,Ⅷ,D,111,,,20,2,17,,,,,,,,,,,,,,,
𘆋,U+1818B,,6.409.3,1854/52,K2273,L1805,L1805,S4828,,4590,45B23,Ⅷ,111,1,43B14,Ⅷ,47,1,2240,1.77.272,73,1,70,4,1,𗝹,𘂚,平,1.24.2706,3,1,,,,,,,
𗰩,U+17C29,,3.560.1,1721/25,?,L0964,L0964,S4477,107-121,4591,45B24,Ⅷ,111,2,45A45,Ⅷ,D,5,,,73,1,70,,,,,,,,,,,,,,,
𗙕,U+17655,,3.025.1,1121/22,K5023,L0165,L0165,S0114,102-086,4592,45B41,Ⅷ,D,1,45A41,Ⅷ,D,1,4962,Z.09.142,?,1,?,4,1,𘍨,𗈪,,3.04.1110,1,10,,,,,,,
𗙫,U+1766B,,3.032.3,1422/24,K3643,L0774,L0774,S0136,102-151,4593,45B42,Ⅷ,D,2,45A43,Ⅷ,D,3,4963,Z.09.151,?,1,?,4,2,𘍨,𗈪,,3.04.1111,1,11,,,,,,,
𗙩,U+17669,,3.032.1,1521/21,K4744,L0846,L0846,S0117,102-142,4594,45B43,Ⅷ,D,3,45A44,Ⅷ,D,4,1560,1.54.231,46,1,45,6,1,𘕯,𗉔,,1.18.1702,4,1,,,,,,,
𘞘,U+18798,,8.534.1,1811/20,K5075,L1577,L1577,S0395,,4595,45B44,Ⅷ,D,4,45A46,Ⅷ,D,6,1578,1.55.141,49,1,47,2,3,𗦾,𘉱,,1.18.2202,2,3,,,,,,,
𗼚,U+17F1A,,5.381.2,2784/20,K3304,L3437,L3437,S3333,204-07zj,4596,45B45,Ⅷ,D,5,45A47,Ⅷ,D,7,3979,,56,2,47,,,,,,2.12.2304,3,11,,,,,,,
𗨍,U+17A0D,,4.400.3,2244/22,K2760,L2476,L2476,S3620,204-09o,4597,45B46,Ⅷ,D,6,45A48,Ⅷ,D,8,670,1.26.172,18,1,18,11,2,𗶡,𗽝,,1.11.1101,9,2,,,,,,,
𗸠,U+17E20,,5.166.2,1141/17,K5681,L0256,L0256,S0387,278-051,4598,45B47,Ⅷ,D,7,45A51,Ⅷ,D,9,669,1.26.171,18,1,18,11,1,𘕯,𗽝,,1.10.2708,9,1,,,,,,,
𗒆,U+17486,,2.274.1,8045/20,K0604,L5003,L5003,S2027,007-09f,4599,45B48,Ⅷ,D,8,45A52,Ⅷ,D,10,3179,,18,2,15,,,,,,2.06.2503,4,5,,,,,,,
𗫖,U+17AD6,,4.557.2,2141/22,K4952,L2094,L2094,S3383,,4600,45B51,Ⅷ,D,9,45A53,Ⅷ,D,11,520,1.21.251,16,1,16,5,4,𗢛,𗙓,,1.09.2501,5,4,,,,,,,
𗤭,U+1792D,,4.150.1,2741/24,K5183,L3128,L3128,S3813,204-07ze,4601,45B52,Ⅷ,D,10,45A54,Ⅷ,D,12,518,1.21.241,16,1,16,5,2,𗪞,𗑪,,1.09.2406,5,2,,,,,,,
𗨂,U+17A02,,4.394.1,2844/22,K2456,L3685,L3685,S3708,204-09zb,4602,45B53,Ⅷ,D,11,45A55,Ⅷ,D,13,1463,1.51.232,43,1,42,4,2,𗢛,𗹑,,1.17.2103,4,2,,,,,,,
𗤩,U+17929,,4.143.1,2842/22,K3635,L3628,L3628,S3659,204-06u,4603,45B54,Ⅷ,D,12,45A56,Ⅷ,D,14,868,1.32.253,27,1,26,2,10,𗧭,𗴋,,1.12.1503,2,10,,,,,,,
𗬼,U+17B3C,,3.393.1,8022/40,K5800,L4772,L4772,S3978,031-062,4604,45B55,Ⅷ,D,13,45A57,Ⅷ,D,15,4629,,92,2,77,,,,,,2.17.1301,2,7,,,,,,,
𗦀,U+17980,,4.258.1,2142/72,K0249,L2224,L2224,S3757,204-07zk,4605,45B56,Ⅷ,D,14,45A61,Ⅷ,D,17,4964,Z.09.152,51,1,49,4,3,𘍨,𗈪,,3.04.1201,1,12,,,,,,,
𗫦,U+17AE6,,4.572.1,2744/22,K2559,L3320,L3320,S3861,204-132,4606,45B57,Ⅷ,D,15,45A63,Ⅷ,D,19,1541,1.54.121,45,1,44,3,3,𗪺,𗶥,,1.18.1405,3,3,,,,,,,
𗦃,U+17983,,4.264.2,2841/74,K5165,L3617,L3617,S3762,204-07zi,4607,45B58,Ⅷ,D,16,45A64,Ⅷ,D,20,3505,,34,2,30,,,,,,2.09.1505,6,1,,,,,,,
𗪝,U+17A9D,,4.509.2,2244/24,K2903,L2487,L2487,S3610,204-11d,4608,45B61,Ⅷ,D,17,45A65,Ⅷ,D,21,1901,1.65.262,63,1,60,1,4,𘅰,𗒼,,1.21.2105,1,4,,,,,,,
𗇥,U+171E5,,1.438.5,1741/00,K4113,L1159,L1159,S4692,,4609,45B62,Ⅷ,D,18,45A66,Ⅷ,D,22,4747,,?,4,?,,,,,,2.18.1403,2,1,,,,,,,
𗷟,U+17DDF,,5.153.2,1721/14,K4210,L0918,L0918,S0372,122-091,4610,45B63,Ⅷ,D,19,45A67,Ⅷ,D,23,3271,,25,2,22,,,,,,2.07.2205,2,1,,,,,,,
𗽌,U+17F4C,,5.438.1,2741/22,K5276,L3122,L3122,S4031,210-067,4611,45B64,Ⅷ,D,20,45A68,Ⅷ,D,24,4381,,76,2,65,,,,,,2.15.1605,2,1,,,,,,,
𘃻,U+180FB,,6.270.3,1224/20,K2751,L0494,L0494,S4354,108-042,4612,45B65,Ⅷ,D,21,45A71,Ⅷ,D,25,512,1.21.212,16,1,16,4,1,𗱪,𗑃,,1.09.2308,4,1,,,,,,,
𘅻,U+1817B,,6.401.3,1142/42,K1008,L0343,L0343,S4736,230-141,4613,45B66,Ⅷ,D,22,45A72,Ⅷ,D,26,851,1.32.151,26,1,25,2,5,𘂍,𗄽,,1.12.1306,1,6,,,,,,,
𘏫,U+183EB,,7.386.2,8541/20,K4751,L5474,L5474,S2711,236-06m,4614,45B67,Ⅷ,D,23,45A73,Ⅷ,D,27,3176,,18,2,15,,,,,,2.06.2408,4,2,,,,,,,
𗹺,U+17E7A,,5.291.2,2909/50,K0718,L3765,L3765,S1294,135-062,4615,45B68,Ⅷ,D,24,45A74,Ⅷ,D,28,3280,,26,2,23,,,,,,2.07.2307,1,5,,,,,,,
𗀣,U+17023,,1.033.3,1024/50,K2389,L0057,L0057,S0278,001-111,4616,45B71,Ⅷ,D,25,45A75,Ⅷ,D,29,2396,1.84.112,85,1,80,2,1,𗶡,𗾃,,1.26.2502,1,9,,,,,,,
𗔩,U+17529,,2.386.1,8041/24,K5139,L4900,L4900,S1977,007-142,4617,45B72,Ⅷ,D,26,45A76,Ⅷ,D,30,4132,,63,2,53,,,,,,2.13.2303,2,3,,,,,,,
𗪲,U+17AB2,,4.522.1,2744/50,K3404,L3351,L3351,S3874,204-128,4618,45B73,Ⅷ,D,27,45A77,Ⅷ,D,31,1566,1.54.261,47,1,46,1,3,𗨚,𘀐,,1.18.1709,1,3,,,,,,,
𘕪,U+1856A,,8.141.3,8171/00,K5780,L5253,L5253,S2145,284-051,4619,45B74,Ⅷ,D,28,45A78,Ⅷ,D,32,1517,1.53.152,44,1,43,7,1,𗥦,𗣛,,1.18.1102,6,1,,,,,,,
𗽂,U+17F42,,5.429.1,2145/20,K1364,L2285,L2285,S3995,210-065,4620,45B75,Ⅷ,D,29,45B11,Ⅷ,D,33,1519,1.53.162,44,1,43,7,3,𘅰,𘈩,,1.18.1104,6,3,,,,,,,
𘄘,U+18118,,6.298.2,1744/20,K2368,L1352,L1352,S4425,,4621,45B76,Ⅷ,D,30,45B12,Ⅷ,D,34,1768,1.61.212,57,1,55,4,2,𗪺,𗽕,,1.20.1504,1,12,,,,,,,
𗒐,U+17490,,2.279.3,8055/20,K0316,L5030,L5030,S2074,007-098,4622,45B77,Ⅷ,D,31,45B13,Ⅷ,D,35,1263,1.45.152,35,1,34,7,2,𗪟,𗂇,,1.15.2308,5,4,,,,,,,
𗠝,U+1781D,,3.262.1,7124/40,K2390,L4541,L4541,S0489,255-067,4623,45B78,Ⅷ,D,32,45B14,Ⅷ,D,36,4965,Z.09.153,17,1,17,4,4,𗖛,𗶴,,3.04.1202,1,13,,,,,,,
𘔮,U+1852E,,8.062.1,1791/20,K4969,L0981,L0981,S1136,179-081,4624,46A11,Ⅷ,D,33,45B16,Ⅷ,D,38,4561,,85,2,73,,,,,,2.16.2208,7,1,,,,,,,
𘓑,U+184D1,,7.622.1,2550/00,K0362,L2896,L2896,S4108,061-043,4625,46A12,Ⅷ,D,34,45B15,Ⅷ,D,37,854,1.32.162,26,1,25,2,8,𘅰,𗼐,,1.12.1309,1,9,,,,,,,
𗱘,U+17C58,,3.596.1,1722/20,K0502,L0995,L0995,S4957,,4626,46A13,Ⅷ,D,35,45B17,Ⅷ,D,39,2514,1.88.172,91,1,85,2,4,𗪺,𘖪,,1.28.1103,1,6,,,,,,,
𗖛,U+1759B,,2.490.1,1171/40,K5269,L0434,L0434,S4598,182-071,4627,46A14,Ⅷ,D,36,45B18,Ⅷ,D,40,4966,Z.09.161,10,1,10,4,5,𗈪,𗱪,,3.04.1203,1,14,,,,,,,
𗹋,U+17E4B,,5.224.1,1821/24,K4685,L1596,L1596,S1109,109-101,4628,46A15,Ⅷ,D,37,45B21,Ⅷ,D,41,494,1.20.272,15,1,15,4,1,𗶡,𘄹,,1.09.2105,2,5,,,,,,,
𘀝,U+1801D,,6.118.1,3142/22,K0764,L3874,L3874,S2899,192-041,4629,46A16,Ⅷ,D,38,45B23,Ⅷ,D,43,4973,Z.09.223,31,1,30,4,12,𗢛,𗿬,,3.04.1210,1,21,,,,,,,
𘁣,U+18063,,6.156.1,8721/20,K4878,L5497,L5497,S1920,106-075,4630,46A17,Ⅷ,D,39,45B24,Ⅷ,D,44,1492,1.52.221,43,1,42,12,3,𗾤,𘙉,,1.17.2405,10,3,,,,,,,
𗴐,U+17D10,,3.712.2,2171/42,K4531,L2320,L2320,S3072,159-041,4631,46A18,Ⅷ,D,40,45B25,Ⅷ,D,45,2397,1.84.121,85,1,80,2,2,𗏨,𗾃,,1.26.2503,1,10,,,,,,,
𗌻,U+1733B,,2.011.2,1744/20,K2307,L1346,L1346,S0630,098-063,4632,46A21,Ⅷ,D,41,45B26,Ⅷ,D,46,4539,,85,2,73,,,,,,2.16.1709,3,1,,,,,,,
𘓻,U+184FB,,8.027.1,7742/40,K1519,L4629,L4629,S0581,,4633,46A22,Ⅷ,D,42,45B27,Ⅷ,D,47,4967,Z.09.171,14,1,14,4,6,𗖛,𗗪,,3.04.1204,1,15,,,,,,,
𗽦,U+17F66,,5.453.1,2244/22,K2761,L2482,L2482,S4008,210-094,4634,46A23,Ⅷ,D,43,45B28,Ⅷ,D,48,4013,,57,2,48,,,,,,2.12.2603,2,2,,,,,,,
𗵸,U+17D78,,5.081.4,1441/44,K4076,L0817,L0817,S0023,112-111,4635,46A24,Ⅷ,D,44,45B31,Ⅷ,D,49,1359,1.48.162,37,1,36,6,1,𗥫,𘊏,,,12,8,,,,,,,
𘋕,U+182D5,,7.168.2,8744/20,K3317,L5661,L5661,S2176,189-062,4636,46A25,Ⅷ,D,45,45B33,Ⅷ,D,51,5225,Z.20.121,51,2,42,1,8,𗙕,𗈩,,3.07.1408,1,8,,,,,,,
𗟶,U+177F6,,3.237.1,1290/80,K0163,L0481,L0481,S0444,154-051,4637,46A26,Ⅷ,D,46,45B35,Ⅷ,D,53,2383,1.83.211,84,1,79,4,1,𗋿,𗲨,,1.26.2301,3,4,,,,,,,
𗂌,U+1708C,,1.098.1,2702/45,K1287,L2947,L2947,S1596,,4638,46A27,Ⅷ,D,47,45B36,Ⅷ,D,54,2626,1.92.251,102,1,94,1,4,𗡦,𗲍,,1.29.1505,1,4,,,,,,,
𗲒,U+17C92,,3.637.1,1722/42,K0510,L1038,L1038,S4938,026-108,4639,46A28,Ⅷ,D,48,45B37,Ⅷ,D,55,4968,Z.09.172,43,1,42,4,7,𗖛,𗓘,,3.04.1205,1,16,,,,,,,
𗿑,U+17FD1,,6.053.4,2841/20,K4647,L3571,L3571,S5650,211-096,4640,46A31,Ⅷ,D,49,45B38,Ⅷ,D,56,2505,1.88.122,90,1,84,6,2,𗶡,𘓷,,1.27.2701,3,14,,,,,,,
𘍶,U+18376,,7.292.1,8121/22,K5410,L5073,L5073,S2486,,4641,46A32,Ⅷ,D,50,45B41,Ⅷ,D,57,2504,1.88.121,90,1,84,6,1,𗏨,𘓷,,1.27.2608,3,13,,,,,,,
𗸔,U+17E14,,5.199.1,1551/51,K4745,L0887,L0887,S0357,123-141,4642,46A33,Ⅷ,D,51,45B42,Ⅷ,D,58,5226,Z.20.122,92,2,77,1,9,𗾶,𗂮,,3.07.1409,1,9,,,,,,,
𗍩,U+17369,,2.049.1,5022/20,K0888,L4049,L4049,S0672,,4643,46A34,Ⅷ,D,52,45B43,Ⅷ,D,59,3379,,30,2,27,,,,,,2.08.1608,2,1,,,,,,,
𗶴,U+17DB4,,5.108.1,6024/22,K3545,L4475,L4475,S1021,020-073,4644,46A35,Ⅷ,D,53,45B44,Ⅷ,D,60,4969,Z.09.211,17,0,?,4,8,𗱪,𗠝,,3.04.1206,1,17,,,,,,,
𗰂,U+17C02,,3.514.1,8741/22,K4972,L5595,L5595,S2839,194-082,4645,46A36,Ⅷ,D,54,45B45,Ⅷ,D,61,3885,,51,2,42,,,,,,2.12.1105,10,2,,,,,,,
𗏆,U+173C6,,2.141.1,2124/24,K0404,L2052,L2052,S3126,044-092,4646,46A37,Ⅷ,D,55,45B46,Ⅷ,D,62,853,1.32.161,26,1,25,2,7,𗶡,𗼐,,1.12.1308,1,8,,,,,,,
𘌴,U+18334,,7.241.3,8125/45,K1154,L5151,L5151,S2202,241-051,4647,46A38,Ⅷ,D,56,45B47,Ⅷ,D,63,1451,1.51.152,42,1,41,4,2,𗶡,𗆆,,1.17.1609,3,2,,,,,,,
𘟘,U+187D8,,8.580.1,1722/45,K1293,L1041,L1041,S0265,267-051,4648,46A41,Ⅷ,D,57,45B48,Ⅷ,D,64,1565,1.54.252,47,1,46,1,2,𗨚,𗤁,重,1.18.1708,1,2,,,,,,,
𘇧,U+181E7,,6.485.1,1151/40,K4385,L0400,L0400,S5065,,4649,46A42,Ⅷ,D,58,45B51,Ⅷ,D,65,4047,,58,2,49,,,,,,2.13.1203,2,1,,,,,,,
𗺏,U+17E8F,,5.307.1,4704/14,K3041,L4058,L4058,S3111,070-121,4650,46A43,Ⅷ,D,59,45B52,Ⅷ,D,66,3693,,43,2,37,,,,,,2.10.2402,4,1,,,,,,,
𘏐,U+183D0,,7.361.3,8240/80,K0171,L5307,L5307,S2761,236-054,4651,46A44,Ⅷ,D,60,45B53,Ⅷ,D,67,303,1.14.241,9,1,9,6,5,𗊀,𗋮,,1.07.2208,6,5,,,,,,,
𗫁,U+17AC1,,4.560.1,2841/40,K4709,L3596,L3596,S3642,204-12f,4652,46A45,Ⅷ,D,61,45B54,Ⅷ,D,68,304,1.14.242,9,1,9,6,6,𗿉,𗋮,,1.07.2301,6,6,,,,,,,
𗈮,U+1722E,,1.497.2,5104/40,K1108,L5846,L5846,S5476,087-063,4653,46A46,Ⅷ,D,62,45B55,Ⅷ,D,69,2367,1.82.261,83,1,78,1,4,𗏨,𗫵,,1.26.1704,1,4,,,,,,,
𘍖,U+18356,,7.262.2,8525/57,K1483,L5470,L5470,S2340,145-071,4654,46A47,Ⅷ,D,63,45B56,Ⅷ,D,70,2464,1.86.212,87,1,82,11,2,𗬼,𘇬,,1.27.2103,10,2,,,,,,,
𗨹,U+17A39,,4.430.1,2141/22,K4831,L2092,L2092,S3350,,4655,46A48,Ⅷ,D,64,45B57,Ⅷ,D,71,2154,1.74.252,71,1,68,6,1,𗥦,𗃂,,1.24.1304,4,1,,,,,,,
𗙆,U+17646,,3.012.4,1724/20,K2384,L1081,L1081,S0124,,4656,46A51,Ⅷ,D,65,45B58,Ⅷ,D,72,660,1.26.131,18,1,18,8,1,𗶡,𗙒,,1.10.2608,6,1,,,,,,,
𗃸,U+170F8,,1.179.2,2774/00,K2522,L3413,L3413,S4118,,4657,46A52,Ⅷ,D,66,45B61,Ⅷ,D,73,957,1.35.232,29,1,28,4,1,𗶡,𗙌,,1.12.2609,2,3,,,,,,,
𘆊,U+1818A,,6.408.3,1751/55,?,L1440,L1440,S4821,059-131,4658,46A53,Ⅷ,D,67,45B62,Ⅷ,D,74,1793,1.62.152,58,1,56,6,1,𘟄,𗍈,,1.20.2105,5,10,,,,,,,
𘚬,U+186AC,,8.354.3,2854/50,K2550,L3727,L3727,S1333,,4659,46A54,Ⅷ,D,68,45B63,Ⅷ,D,75,484,1.20.231,15,1,15,1,8,𗥦,𗙙,,1.09.1704,1,8,,,,,,,
𗓘,U+174D8,,2.332.1,8022/42,K0880,L4784,L4784,S1875,,4660,46A55,Ⅷ,D,69,45B64,Ⅷ,D,76,1462,1.51.231,43,1,42,4,1,𗾶,𗹑,,1.17.2102,4,1,,,,,,,
𘘏,U+1860F,,8.260.1,1271/00,K5786,L0622,L0622,S4466,285-071,4661,46A56,Ⅷ,D,70,45B65,Ⅷ,D,77,98,1.08.123,2,1,2,11,1,𗰿,𘝓,,1.05.2202,11,1,,,,,,,
𗻶,U+17EF6,,5.337.3,2741/42,K4887,L3162,L3162,S3252,144-113,4662,46A57,Ⅷ,D,71,45B66,Ⅷ,D,78,4343,,73,2,62,,,,,,2.15.1202,2,1,,,,,,,
𗵶,U+17D76,,5.081.2,1942/42,K0871,L1867,L1867,S0020,,4663,46A58,Ⅷ,D,72,45B67,Ⅷ,D,79,3627,,40,2,35,,,,,,2.10.1305,11,1,,,,,,,
𘌁,U+18301,,7.211.3,8421/54,K4115,L5428,L5428,S2239,078-071,4664,46A61,Ⅷ,D,73,45B68,Ⅷ,D,80,2596,1.91.222,97,1,91,3,1,𗈮,𗔶,,1.28.2704,1,7,,,,,,,
𘞬,U+187AC,,8.549.1,8821/44,K5163,L5698,L5698,S2503,,4665,46A62,Ⅷ,D,74,45B71,Ⅷ,D,81,495,1.20.273,15,1,15,4,2,𘅰,𘄹,,1.09.2106,2,6,,,,,,,
𘟒,U+187D2,,8.552.1,8711/21,K5515,L5494,L5494,S2130,235B-101,4666,46A63,Ⅷ,D,75,45B73,Ⅷ,D,83,2869,,8,2,7,,,,,,2.04.1204,5,1,,,,,,,
𘜦,U+18726,,8.447.2,2151/21,K5459,L2298,L2298,S3096,,4667,46A64,Ⅷ,D,76,45B74,Ⅷ,D,84,2617,1.92.162,100,1,92,6,2,𗿉,𗪌,,1.29.1305,5,2,,,,,,,
𗠴,U+17834,,3.274.3,7725/44,?,L4623,L4623,S0544,255-084,4668,46A65,Ⅷ,D,77,45B75,Ⅷ,D,85,5219,Z.19.262,23,2,20,1,2,𗖛,𘄧,,3.07.1402,1,2,,,,,,,
𗖧,U+175A7,,2.502.2,1775/74,?,L1544,L1544,S4655,182-083,4669,46A66,Ⅷ,D,78,45B76,Ⅷ,D,86,5220,Z.19.271,10,2,9,1,3,𗈪,𗱪,,3.07.1403,1,3,,,,,,,
𗖱,U+175B1,,2.506.1,1774/22,K2326,L1520,L1520,S4635,182-093,4670,46A67,Ⅷ,D,79,45B77,Ⅷ,D,87,4970,Z.09.212,1,0,?,4,9,𗖛,𗢐,,3.04.1207,1,18,,,,,,,
𗗃,U+175C3,,2.526.3,1775/24,K1374,L1540,L1540,S4636,182-126,4671,46A68,Ⅷ,D,80,45B78,Ⅷ,D,88,5221,Z.19.272,62,1,59,1,4,𗖛,𗱲,,3.07.1404,1,4,,,,,,,
𗖽,U+175BD,,2.525.2,1171/00,K0037,L0427,L0427,S4588,,4672,46A71,Ⅷ,D,81,46A11,Ⅷ,D,89,4971,Z.09.221,36,1,35,4,10,𗖛,𘞿,,3.04.1208,1,19,,,,,,,
𘑤,U+18464,,7.476.2,1144/22,K3540,L0370,L0370,S4437,240-072,4673,46A72,Ⅷ,D,82,46A12,Ⅷ,D,90,5223,Z.20.112,36,2,32,1,6,𗖛,𗁁,,3.07.1406,1,6,,,,,,,
𗈩,U+17229,,1.478.2,5705/00,K0324,L5955,L5955,S5488,087-041,4674,46A73,Ⅷ,D,83,46A13,Ⅷ,D,91,4972,Z.09.222,51,1,49,4,11,𗈪,𗱀,,3.04.1209,1,20,,,,,,,
𗈳,U+17233,,1.504.1,5705/74,K1508,L5958,L5958,S5487,087-081,4675,46A74,Ⅷ,D,84,46A14,Ⅷ,D,92,5222,Z.20.111,51,2,42,1,5,𗈪,𗃘,,3.07.1405,1,5,,,,,,,
𗖯,U+175AF,,2.505.2,1674/20,K3569,L0898,L0898,S4589,182-094,4676,46A75,Ⅷ,D,85,46A15,Ⅷ,D,93,5230,Z.20.142,23,2,20,2,1,𗖛,𗶴,,3.07.1503,1,13,,,,,,,
𘄧,U+18127,,6.310.1,1541/42,K4755,L0871,L0871,S4494,,4677,46A76,Ⅷ,D,86,46A16,Ⅷ,D,94,5224,Z.20.113,23,2,20,1,7,𗜾,𗫬,,3.07.1407,1,7,,,,,,,
𗟵,U+177F5,,3.236.1,1191/00,K4830,L0167,L0167,S0449,154-043,4678,46A77,Ⅷ,D,87,46A17,Ⅷ,D,95,5218,Z.19.261,17,2,14,1,1,𗟶,𗧓,,3.07.1401,1,1,,,,,,,
𗙅,U+17645,,3.012.3,1821/24,K5191,L1594,L1594,S0108,,4679,46A78,Ⅷ,D,88,46A21,Ⅷ,D,97,2485,1.87.162,90,1,84,3,1,𗶡,𘏔,,1.27.2403,2,1,,,,,,,
𘟐,U+187D0,,8.550.3,8712/00,K1529,L5495,L5495,S2640,235B-031,4680,46B11,Ⅷ,D,89,46A22,Ⅷ,D,98,4592,,90,2,76,,,,,,2.16.2604,3,2,,,,,,,
𘟑,U+187D1,,8.551.2,8711/20,K4961,L5493,L5493,S2639,235B-061,4681,46B12,Ⅷ,D,90,46A23,Ⅷ,D,99,3275,,25,2,22,,,,,,2.07.2301,2,5,,,,,,,
𗾩,U+17FA9,,6.039.2,2441/72,K3965,L2800,L2800,S5749,211-077,4682,46B13,Ⅷ,D,91,46A24,Ⅷ,D,100,,,27,1,26,,,,,,,,,,,,,,,
𗿚,U+17FDA,,6.066.2,2541/20,K4756,L2856,L2856,S5697,,4683,46B14,Ⅷ,D,92,46A25,Ⅷ,D,101,,,23,2,20,,,,,,,,,,,,,,,
𘃟,U+180DF,,6.256.1,8522/27,K1446,L5467,L5467,S2427,,4684,46B15,Ⅷ,D,93,46A28,Ⅷ,D,104,,,27,1,26,,,,,,,,,,,,,,,
𘍮,U+1836E,,7.284.3,8844/00,K2262,L5749,L5749,S2400,209-061,4685,46B16,Ⅷ,D,94,46A31,Ⅷ,D,105,,,87,1,82,,,,,,,,,,,,,,,
𗜾,U+1773E,,3.138.2,5044/00,K5701,L4330,L4330,?,017-12o,4686,46B17,Ⅷ,D,95,46A32,Ⅷ,D,106,2096,1.72.241,70,1,67,3,1,𘐒,𘍔,,1.23.2102,2,1,,,,,,,
𘔘,U+18518,,8.040.2,1745/00,K0383,L1402,L1402,S1217,226-063,4687,46B18,Ⅷ,D,96,46A33,Ⅷ,D,107,2637,1.93.141,104,1,96,1,3,𘟒,𗜰,,1.29.2101,1,3,,,,,,,
𘄢,U+18122,,6.308.1,1842/40,K1648,L1718,L1718,S4497,116-061,4688,46B21,Ⅷ,D,97,46A34,Ⅷ,D,108,772,1.29.251,21,1,21,4,1,𗢛,𗰞,,,,,,,,,,,
𗄵,U+17135,,1.216.1,2802/24,K1910,L3477,L3477,S1417,041-069,4689,46B22,Ⅷ,D,98,46A35,Ⅷ,D,109,1452,1.51.161,42,1,41,4,3,𘟄,𗆆,,1.17.1610,3,3,,,,,,,
𘙄,U+18644,,8.297.1,1841/20,K5362,L1680,L1680,S5024,,4690,46B23,Ⅷ,D,99,46A36,Ⅷ,D,110,3685,,42,2,36,,,,,,2.10.2210,2,8,,,,,,,
𗶭,U+17DAD,,7.464.3,8110/00,K0073,L5062,L5062,S2696,,4691,46B24,Ⅷ,D,100,41B71,Ⅷ,5,6,2786,,3,2,3,,,,,,2.03.1708,7,1,,,,,,,
𗜉,U+17709,,3.108.1,5042/40,K1777,L4304,L4304,S0956,,4692,46B25,Ⅷ,D,101,42A24,Ⅷ,8,6,1074,1.39.132,31,1,30,15,1,𗫔,𘂆,,1.13.2707,14,1,,,,,,,
𗐐,U+17410,,2.149.1,2775/40,K1462,L3423,L3423,S5559,032-071,4693,46B26,Ⅷ,D,102,42B17,Ⅷ,17,3,1794,1.62.161,58,1,56,6,2,𗦑,𗃛,,1.20.2106,5,11,,,,,,,
𗱪,U+17C6A,,3.607.1,1721/22,K3900,L0932,L0932,S4879,,4694,46B27,Ⅷ,D,103,42B33,Ⅷ,19,7,329,1.15.222,10,1,10,6,1,𗢛,𗤝,,1.07.2607,5,1,,,,,,,
𗒥,U+174A5,,2.292.3,8042/20,K0245,L4923,L4923,S1811,,4695,46B28,Ⅷ,D,104,42B52,Ⅷ,22,5,4056,,58,2,49,,,,,,2.13.1301,2,11,,,,,,,
𗞜,U+1779C,,3.188.2,5024/00,K2582,L4168,L4168,S0926,017-12k,4696,46B31,Ⅷ,D,105,42B73,Ⅷ,27,1,2324,1.81.142,81,1,76,3,1,𗟶,𗱕,,1.26.1102,3,1,,,,,,,
𗶡,U+17DA1,,6.230.4,8710/00,K0047,L5491,L5491,S2638,319-082,4697,46B32,Ⅷ,D,106,43A11,Ⅷ,28,2,187,1.10.261,4,1,4,4,1,𗢁,𗾂,,1.06.1605,3,8,,,,,,,
𗨸,U+17A38,,4.429.2,2142/40,K0277,L2217,L2217,S3451,,4698,46B33,Ⅷ,D,107,43B27,Ⅷ,50,3,958,1.35.241,29,1,28,4,2,𘅰,𗦘,,1.12.2610,2,4,,,,,,,
𗺹,U+17EB9,,5.319.3,2745/45,K1244,L3379,L3379,S3269,144-065,4699,46B34,Ⅷ,D,108,43B28,Ⅷ,51,1,1518,1.53.161,44,1,43,7,2,𗶡,𗣛,,1.18.1103,6,2,,,,,,,
𘔸,U+18538,,8.076.4,2141/24,K4566,L2116,L2116,S5778,216-082,4700,46B35,Ⅷ,D,109,43B43,Ⅷ,55,2,2236,1.77.252,73,1,70,3,1,?,?,,1.24.2702,2,1,,,,,,,
𗬦,U+17B26,,3.380.2,2171/20,K5433,L2308,L2308,S5810,,4701,46B36,Ⅷ,D,110,43B31,Ⅷ,51,2,3746,,44,2,38,,,,,,2.11.1210,7,1,,,,,,,
𗼜,U+17F1C,,5.383.1,2181/24,K5252,L2337,L2337,S3319,205-073,4702,46B37,Ⅷ,D,111,43B47,Ⅷ,56,3,2924,,9,2,8,,,,,,2.04.2102,4,1,,,,,,,
𘓾,U+184FE,,8.028.2,7842/44,K1856,L4660,L4660,S0575,256-051,4703,46B38,Ⅷ,D,112,43B75,Ⅷ,63,1,859,1.32.213,27,1,26,2,1,𗱪,𗙪,,1.12.1404,2,1,,,,,,,
𗶕,U+17D95,,5.096.5,1841/40,K4697,L1692,L1692,S0139,221-131,4704,46B41,Ⅷ,D,113,43B76,Ⅷ,63,2,3285,,27,2,24,,,,,,2.07.2404,2,1,,,,,,,
𗙔,U+17654,,3.024.2,1824/22,K3178,L1643,L1643,S0112,,4705,46B42,Ⅷ,D,114,44A11,Ⅷ,65,1,843,1.32.112,25,1,24,10,3,𗶡,𗋳,,1.12.1208,5,12,,,,,,,
𗞣,U+177A3,,3.193.1,5041/40,K4260,L4253,L4253,S0875,017-09k,4706,46B43,Ⅷ,D,115,44A13,Ⅷ,66,1,993,1.36.242,30,1,29,7,1,𗿉,𘃞,,1.13.1307,5,1,,,,,,,
𗏅,U+173C5,,2.139.3,2824/22,K2116,L3546,L3546,S3125,044-091,4707,46B44,Ⅷ,D,116,44A36,Ⅷ,72,2,1156,1.41.261,33,1,32,5,1,𗰿,𘐚,,1.14.2403,5,1,,,,,,,
𘝞,U+1875E,,8.495.1,8024/00,K2115,L4797,L4797,S1955,007-061,4708,46B45,Ⅷ,D,117,44A35,Ⅷ,72,1,4638,,92,2,77,,,,,,2.17.1310,3,2,,,,,,,
𗑙,U+17459,,2.241.2,8025/25,K1470,L4848,L4848,S1863,007-09e,4709,46B46,Ⅷ,D,118,44A43,Ⅷ,73,3,829,1.31.221,25,1,24,7,1,𗥦,𘑫,,1.12.1103,4,1,,,,,,,
𗃰,U+170F0,,1.174.1,2771/24,K4032,L3397,L3397,S4119,180-106,4710,46B47,Ⅷ,D,119,44A65,Ⅷ,79,1,1197,1.43.132,34,1,33,3,1,𗶡,𘏾,,1.15.1206,3,1,,,,,,,
𗨾,U+17A3E,,4.433.3,2841/40,K4880,L3598,L3598,S3452,,4711,46B48,Ⅷ,D,120,44A66,Ⅷ,79,2,3486,,34,2,30,,,,,,2.09.1304,3,3,,,,,,,
𗇃,U+171C3,,1.412.1,7824/20,K3216,L4648,L4648,S1619,,4712,46B51,Ⅷ,D,121,44A67,Ⅷ,80,1,3160,,17,2,14,,,,,,2.06.2204,11,5,,,,,,,
𗢐,U+17890,,3.350.1,2724/20,K2325,L3044,L3044,S3149,,4713,46B52,Ⅷ,D,122,44B28,Ⅷ,88,4,48,1.06.221,1,1,1,12,1,𗱪,𗸍,,1.05.1202,13,1,,,,,,,
𗊡,U+172A1,,1.582.2,2824/00,K3252,L3540,L3540,S4227,181-065,4714,46B53,Ⅷ,D,123,44B76,Ⅷ,98,1,588,1.23.271,17,1,17,14,1,𗶡,𗳦,,1.10.1602,13,1,,,,,,,
𗢁,U+17881,,3.344.1,2801/22,K4666,L3453,L3453,S1324,,4715,46B54,Ⅷ,D,124,45A11,Ⅷ,99,2,918,1.34.172,28,1,27,12,1,𗶡,𗃞,,1.12.2206,6,1,,,,,,,
𗤄,U+17904,,4.094.2,2141/21,K5491,L2082,L2082,S3415,204-06a,4716,46B55,Ⅷ,D,125,45A12,Ⅷ,100,1,2522,1.88.252,92,1,86,2,5,𗟶,𗤵,,1.28.1204,2,5,,,,,,,
𗎈,U+17388,,2.082.1,4471/42,K4012,L4053,L4053,S0600,085-072,4717,46B56,Ⅷ,D,126,43B15,Ⅷ,47,2,2241,1.78.111,73,1,70,4,2,𗝹,𘂚,濁,1.24.2707,3,2,,,,,,,
𘕮,U+1856E,,8.143.2,8220/42,K0485,L5280,L5280,S2183,,4718,46B57,Ⅷ,D,127,,,,,,,31,1,30,,,,,,,,,,,,,,,
𘍩,U+18369,,7.283.1,8842/40,K1870,L5741,L5741,S2402,,4719,46B58,Ⅷ,D,128,,,,,,,27,1,26,,,,,,,,,,,,,,,
𗦎,U+1798E,,4.277.1,2244/22,K2744,L2474,L2474,S3357,204-08o,4720,46B71,Ⅸ,1,1,46A62,Ⅸ,1,2,4540,,85,2,73,,,,,,2.16.1710,3,2,A23.011,1195,𗨒,𘒺,𘚶,𗐔,上
𗪸,U+17AB8,,4.525.3,2842/25,K1220,L3638,L3638,S3354,204-12e,4721,46B72,Ⅸ,1,2,46A61,Ⅸ,1,1,4541,,85,2,73,,,,,,2.16.1711,3,3,A23.012,1196,𗨒,𘒺,𘚶,𗐔,上
𗣎,U+178CE,,4.037.2,2742/22,K1538,L3217,L3217,S3359,204-07a,4722,46B73,Ⅸ,1,3,46A63,Ⅸ,1,3,4542,,85,2,73,,,,,,2.16.1712,3,4,A23.013,1197,𗨒,𘒺,𘚶,𗐔,上
𗣺,U+178FA,,4.071.1,2141/22,K3697,L2088,L2088,S3345,204-06k,4723,46B74,Ⅸ,1,4,46A64,Ⅸ,1,4,4543,,85,2,73,,,,,,2.16.2101,3,5,A23.014,1198,𗨒,𘒺,𘚶,𗐔,上
𘌫,U+1832B,,7.238.3,8122/42,K0824,L5124,L5124,S2197,241-043,4724,46B75,Ⅸ,1,5,46A65,Ⅸ,1,5,4544,,85,2,73,,,,,,2.16.2102,3,6,A23.021,1199,𗨒,𘒺,𘚶,𗐔,上
𘍋,U+1834B,,7.253.3,8724/40,K2405,L5561,L5561,S2227,241-092,4725,46B76,Ⅸ,1,6,46A67,Ⅸ,1,7,4545,,85,2,73,,,,,,2.16.2103,3,7,A23.022,1200,𗨒,𘒺,𘚶,𗐔,上
𘀪,U+1802A,,6.125.2,3142/20,K0822,L3873,L3873,S3043,,4726,46B77,Ⅸ,1,7,46A68,Ⅸ,1,8,4546,,85,2,73,,,,,,2.16.2104,3,8,A23.023,1201,𗨒,𘒺,𘚶,𗐔,上
𘈓,U+18213,,7.010.1,1254/50,K3499,L0614,L0614,S0031,,4727,46B78,Ⅸ,1,8,46A72,Ⅸ,1,10,4547,,85,2,73,,,,,,2.16.2105,3,9,A23.024,1202,𗨒,𘒺,𘚶,𗐔,上
𘈏,U+1820F,,7.003.1,1852/54,K1858,L1791,L1791,S0028,,4728,47A11,Ⅸ,1,9,46A73,Ⅸ,1,11,4548,,85,2,73,,,,,,2.16.2106,3,10,A23.031,1203,𗨒,𘒺,𘚶,𗐔,上
𘉬,U+1826C,,7.092.3,2122/42,K0826,L2036,L2036,S3154,,4729,47A12,Ⅸ,1,10,46A66,Ⅸ,1,6,4549,,85,2,73,,,,,,2.16.2107,3,11,A23.032,1204,𗨒,𘒺,𘚶,𗐔,上
𗟀,U+177C0,,3.200.2,5051/20,K0082,L4385,L4385,S0945,,4730,47A13,Ⅸ,1,11,46A75,Ⅸ,1,13,4550,,85,2,73,,,,,,2.16.2108,3,12,A23.033,1205,𗨒,𘒺,𘚶,𗐔,上
𗬺,U+17B3A,,3.391.2,8022/55,K5791,L4793,L4793,S3966,031-065,4731,47A14,Ⅸ,1,12,46A77,Ⅸ,1,15,,,85,2,73,,,,,,,,,A23.034,719,𗨒,𘒺,𘚶,𗐔,上
𗙭,U+1766D,,3.033.2,1124/22,K3580,L0224,L0224,S0011,104-052,4732,47A15,Ⅸ,2,1,46A71,Ⅸ,1,9,2398,1.84.122,85,1,80,2,3,𗘁,𘏺,,1.26.2504,1,11,A23.041,591,𗘁,𘏺,𘚶,𗴐,平
𘈇,U+18207,,6.497.2,2124/20,K3152,L2046,L2046,?,180-095,4733,47A16,Ⅸ,2,2,46A76,Ⅸ,1,14,2399,1.84.131,85,1,80,2,4,𗘁,𘏺,,1.26.2505,1,12,A23.042,592,𗘁,𘏺,𘚶,𗴐,平
𗙴,U+17674,,3.035.2,1121/24,K4548,L0177,L0177,S0015,104-081,4734,47A17,Ⅸ,2,3,46A74,Ⅸ,1,12,2400,1.84.132,85,1,80,2,5,𗘁,𘏺,,1.26.2601,1,13,A23.043,593,𗘁,𘏺,𘚶,𗴐,平
𗲞,U+17C9E,,3.640.1,1721/24,K4390,L1093,L1093,S4834,026-118,4735,47A18,Ⅸ,2,4,46A78,Ⅸ,1,16,2401,1.84.141,85,1,80,2,6,𗘁,𘏺,,1.26.2602,1,14,A23.051,594,𗘁,𘏺,𘚶,𗴐,平
𗥳,U+17973,,4.249.2,2441/22,K3718,L2752,L2752,S3817,204-07w,4736,47A21,Ⅸ,3,1,46B11,Ⅸ,2,1,4295,,70,2,60,,,,,,2.14.2407,8,11,A23.052,1101,𗶤,𘏚,𘚶,𗒣,上
𗫛,U+17ADB,,4.559.2,2741/22,K4705,L3123,L3123,S3702,,4737,47A22,Ⅸ,3,2,46B12,Ⅸ,2,2,4296,,70,2,60,,,,,,2.14.2408,8,12,A23.053,1102,𗶤,𘏚,𘚶,𗒣,上
𗦷,U+179B7,,4.315.1,2241/22,K4239,L2452,L2452,S3700,,4738,47A23,Ⅸ,3,3,46B13,Ⅸ,2,3,4297,,70,2,60,,,,,,2.14.2409,8,13,A23.061,1103,𗶤,𘏚,𘚶,𗒣,上
𗪫,U+17AAB,,4.518.3,2841/22,?,L3578,L3578,S3799,204-11v,4739,47A24,Ⅸ,3,4,46B14,Ⅸ,2,4,4298,,70,2,60,,,,,,2.14.2410,8,14,A23.062,1104,𗶤,𘏚,𘚶,𗒣,上
𘄃,U+18103,,6.278.2,1821/22,K5083,L1592,L1592,S4346,108-063,4740,47A25,Ⅸ,3,5,46B17,Ⅸ,2,7,4299,,70,2,60,,,,,,2.14.2411,8,15,A23.063,1105,𗶤,𘏚,𘚶,𗒣,上
𗏱,U+173F1,,2.179.1,2744/22,K1977,L3313,L3313,S5618,202-104,4741,47A26,Ⅸ,3,6,46B18,Ⅸ,2,8,4300,,70,2,60,,,,,,2.14.2412,8,16,A23.064,1106,𗶤,𘏚,𘚶,𗒣,上
𘘖,U+18616,,8.265.2,1841/20,K5078,L1677,L1677,S4840,296-063,4742,47A27,Ⅸ,3,7,46B15,Ⅸ,2,5,4301,,70,2,60,,,,,,2.14.2413,8,17,A23.071,1107,𗶤,𘏚,𘚶,𗒣,上
𘘗,U+18617,,8.268.1,1942/20,K0867,L1856,L1856,S4841,296-062,4743,47A28,Ⅸ,3,8,46B16,Ⅸ,2,6,4302,,70,2,60,,,,,,2.14.2501,8,18,A23.072,1108,𗶤,𘏚,𘚶,𗒣,上
𗮆,U+17B86,,3.445.1,8824/20,K3210,L5710,L5710,S2259,047-062,4744,47A31,Ⅸ,4,1,46B21,Ⅸ,2,9,2127,1.73.252,70,1,67,10,2,𗶤,𗦙,,1.23.2601,7,2,A23.073,525,𗶤,𗦙,𘚶,𗳃,平
𗽈,U+17F48,,5.432.3,2844/00,K3271,L3668,L3668,S4003,210-062,4745,47A32,Ⅸ,4,2,46B23,Ⅸ,3,1,2128,1.73.261,70,1,67,10,3,𗶤,𗦙,,1.23.2602,7,3,A23.074,526,𗶤,𗦙,𘚶,𗳃,平
𗖩,U+175A9,,2.503.1,1673/22,K5568,L0897,L0897,S4590,,4746,47A33,Ⅸ,4,3,46B22,Ⅸ,2,10,2129,1.73.262,70,1,67,10,4,𗶤,𗦙,,1.23.2603,7,4,A23.081,527,𗶤,𗦙,𘚶,𗳃,平
𘍴,U+18374,,7.289.1,8121/20,K4510,L5065,L5065,S2481,111-041,4747,47A34,Ⅸ,4,4,46B24,Ⅸ,3,2,2130,1.73.271,70,1,67,10,5,𗶤,𗦙,,1.23.2604,7,5,A23.082,528,𗶤,𗦙,𘚶,𗳃,平
𗑍,U+1744D,,2.235.1,8045/00,K0444,L5001,L5001,S2029,,4748,47A35,Ⅸ,5,1,46B38,Ⅸ,4,12,4499,,84,2,72,,,,,,2.16.1401,4,1,A23.083,1159,𗞵,𗧥,𘚶,𘊝,上
𗢺,U+178BA,,4.025.2,2244/00,K2921,L2458,L2458,S3745,,4749,47A36,Ⅸ,5,2,46B25,Ⅸ,4,1,4500,,84,2,72,,,,,,2.16.1402,4,2,A23.084,1160,𗞵,𗧥,𘚶,𘊝,上
𗴞,U+17D1E,,3.724.2,2274/44,K2924,L2540,L2540,S3082,,4750,47A37,Ⅸ,5,3,46B28,Ⅸ,4,4,4501,,84,2,72,,,,,,2.16.1403,4,3,A23.091,1161,𗞵,𗧥,𘚶,𘊝,上
𗴓,U+17D13,,3.717.1,2775/42,K0335,L3426,L3426,S3084,159-043,4751,47A38,Ⅸ,5,4,46B51,Ⅸ,4,21,4502,,84,2,72,,,,,,2.16.1404,4,4,A23.092,1162,𗞵,𗧥,𘚶,𘊝,上
𗃣,U+170E3,,1.166.1,2274/40,K2926,L2537,L2537,S4114,180-086,4752,47A41,Ⅸ,5,5,46B27,Ⅸ,4,3,4503,,84,2,72,,,,,,2.16.1405,4,5,A23.093,1163,𗞵,𗧥,𘚶,𘊝,上
𗃪,U+170EA,,1.169.1,2374/40,K2961,L2693,L2693,S4115,180-096,4753,47A42,Ⅸ,5,6,46B32,Ⅸ,4,6,4504,,84,2,72,,,,,,2.16.1406,4,6,A23.094,1164,𗞵,𗧥,𘚶,𘊝,上
𗑠,U+17460,,2.251.1,8044/00,K2928,L4950,L4950,S2020,007-088,4754,47A43,Ⅸ,5,7,46B33,Ⅸ,4,7,4505,,84,2,72,,,,,,2.16.1407,4,7,A23.101,1165,𗞵,𗧥,𘚶,𘊝,上
𗎁,U+17381,,2.078.3,1724/20,K2302,L1082,L1082,S0304,103-091,4755,47A44,Ⅸ,5,8,46B41,Ⅸ,4,13,4506,,84,2,72,,,,,,2.16.1408,4,8,A23.102,1166,𗞵,𗧥,𘚶,𘊝,上
𘐯,U+1842F,,7.446.3,8244/55,K2804,L5341,L5341,S2657,236-096,4756,47A45,Ⅸ,5,9,46B42,Ⅸ,4,14,4507,,84,2,72,,,,,,2.16.1409,4,9,A23.103,1167,𗞵,𗧥,𘚶,𘊝,上
𗾾,U+17FBE,,6.044.1,2244/40,K2925,L2499,L2499,S5729,,4757,47A46,Ⅸ,5,10,46B31,Ⅸ,4,5,4508,,84,2,72,,,,,,2.16.1410,4,10,A23.104,1168,𗞵,𗧥,𘚶,𘊝,上
𗾿,U+17FBF,,6.044.2,2741/42,K4957,L3160,L3160,S5731,211-089,4758,47A47,Ⅸ,5,11,46B53,Ⅸ,4,23,4509,,84,2,72,,,,,,2.16.1411,4,11,A23.111,1169,𗞵,𗧥,𘚶,𘊝,上
𗾕,U+17F95,,6.013.1,2744/00,K3447,L3295,L3295,S5760,211-05a,4759,47A48,Ⅸ,5,12,46B34,Ⅸ,4,8,4510,,84,2,72,,,,,,2.16.1412,4,12,A23.112,1170,𗞵,𗧥,𘚶,𘊝,上
𗦲,U+179B2,,4.307.4,2341/40,K4484,L2618,L2618,S3753,204-082,4760,47A51,Ⅸ,5,13,46B56,Ⅸ,4,26,4511,,84,2,72,,,,,,2.16.1501,4,13,A23.113,1171,𗞵,𗧥,𘚶,𘊝,上
𗓡,U+174E1,,2.335.3,8082/24,K0214,L5050,L5050,S1998,007-11c,4761,47A52,Ⅸ,5,14,46B35,Ⅸ,4,9,4512,,84,2,72,,,,,,2.16.1502,4,14,A23.121,1172,𗞵,𗧥,𘚶,𘊝,上
𗒰,U+174B0,,2.297.2,8042/22,K0972,L4932,L4932,S2008,,4762,47A53,Ⅸ,5,15,46B36,Ⅸ,4,10,4513,,84,2,72,,,,,,2.16.1503,4,15,A23.122,1173,𗞵,𗧥,𘚶,𘊝,上
𗻖,U+17ED6,,5.329.3,2244/44,K2923,L2508,L2508,S3256,,4763,47A54,Ⅸ,5,16,46B26,Ⅸ,4,2,4514,,84,2,72,,,,,,2.16.1504,4,16,A23.123,1174,𗞵,𗧥,𘚶,𘊝,上
𗻨,U+17EE8,,5.334.1,2741/44,K4099,L3165,L3165,S3263,,4764,47A55,Ⅸ,5,17,46B46,Ⅸ,4,18,4515,,84,2,72,,,,,,2.16.1505,4,17,A23.124,1175,𗞵,𗧥,𘚶,𘊝,上
𗢔,U+17894,,3.351.1,2124/24,K1107,L2051,L2051,S3131,045-064,4765,47A56,Ⅸ,5,18,46B58,Ⅸ,4,28,4516,,84,2,72,,,,,,2.16.1506,4,18,A23.131,1176,𗞵,𗧥,𘚶,𘊝,上
𗓿,U+174FF,,2.352.1,8041/42,K4799,L4913,L4913,S2006,,4766,47A57,Ⅸ,5,19,46B37,Ⅸ,4,11,4517,,84,2,72,,,,,,2.16.1507,4,19,A23.132,1177,𗞵,𗧥,𘚶,𘊝,上
𗙷,U+17677,,3.037.2,1244/20,K2857,L0567,L0567,S0065,187-041,4767,47A58,Ⅸ,5,20,46B44,Ⅸ,4,16,4518,,84,2,72,,,,,,2.16.1508,4,20,A23.133,1178,𗞵,𗧥,𘚶,𘊝,上
𗕄,U+17544,,2.407.4,9044/20,K1932,L5811,L5811,S2872,037-081,4768,47A61,Ⅸ,5,21,46B52,Ⅸ,4,22,4519,,84,2,72,,,,,,2.16.1509,4,21,A23.134,1179,𗞵,𗧥,𘚶,𘊝,上
𗟧,U+177E7,,3.219.2,1841/44,K5150,L1700,L1700,S0309,112-061,4769,47A62,Ⅸ,5,22,46B48,Ⅸ,4,20,4520,,84,2,72,,,,,,2.16.1510,4,22,A23.141,1180,𗞵,𗧥,𘚶,𘊝,上
𘆎,U+1818E,,6.412.1,1511/22,K3872,L0844,L0844,S4829,288-121,4770,47A63,Ⅸ,5,23,46B54,Ⅸ,4,24,4521,,84,2,72,,,,,,2.16.1511,4,23,A23.142,1181,𗞵,𗧥,𘚶,𘊝,上
𗙸,U+17678,,3.039.1,1142/22,K1000,L0329,L0329,S0057,,4771,47A64,Ⅸ,5,24,46B45,Ⅸ,4,17,,,84,2,72,,,,,,,,,A23.143,715,𗞵,𗧥,𘚶,𘊝,上
𗢑,U+17891,,3.350.2,2521/20,K4747,L2844,L2844,S3143,,4772,47A65,Ⅸ,5,25,46B55,Ⅸ,4,25,,,84,2,72,,,,,,,,,A23.144,716,𗞵,𗧥,𘚶,𘊝,上
𘋙,U+182D9,,7.169.3,8745/42,K0629,L5680,L5680,S1930,115-061,4773,47A66,Ⅸ,5,26,46B57,Ⅸ,4,27,,,84,2,72,,,,,,,,,A23.151,717,𗞵,𗧥,𘚶,𘊝,上
𘍆,U+18346,,7.252.1,8724/40,K5729,L5562,L5562,S2217,241-081,4774,47A67,Ⅸ,6,1,46B65,Ⅸ,5,5,598,1.24.141,17,1,17,16,1,𘚶,𗢈,,1.10.1703,14,4,A23.152,209,𘚶,𗢈,𘚶,𗊡,平去清
𗆴,U+171B4,,1.404.2,2802/22,K0561,L3476,L3476,S1451,,4775,47A68,Ⅸ,6,2,46B72,Ⅸ,5,10,599,1.24.142,17,1,17,16,2,𘚶,𗢈,,1.10.1704,14,5,A23.153,210,𘚶,𗢈,𘚶,𗊡,平去清
𘍀,U+18340,,7.249.1,8724/40,K3318,L5560,L5560,S2224,241-062,4776,47A71,Ⅸ,6,3,47A11,Ⅸ,6,6,600,1.24.151,17,1,17,16,3,𘚶,𗢈,,1.10.1705,14,6,A23.161,211,𘚶,𗢈,𘚶,𗊡,平去清
𗇕,U+171D5,,1.428.4,3074/00,K2391,L3840,L3840,S3066,,4777,47A72,Ⅸ,6,4,46B63,Ⅸ,5,3,601,1.24.152,17,1,17,16,4,𘚶,𗢈,,1.10.1706,14,7,A23.162,212,𘚶,𗢈,𘚶,𗊡,平去清
𗖳,U+175B3,,2.524.1,1274/40,K2908,L0630,L0630,S4659,182-105,4778,47A73,Ⅸ,7,1,46B74,Ⅸ,6,1,595,1.24.123,17,1,17,15,1,𗒿,𘊬,,1.10.1610,14,1,A23.163,213,𗒿,𘊬,𘚶,𗊡,平
𘂎,U+1808E,,6.176.1,9274/42,K2844,L5881,L5881,S1748,,4779,47A74,Ⅸ,7,2,46B76,Ⅸ,6,3,596,1.24.131,17,1,17,15,2,𗒿,𘊬,,1.10.1701,14,2,A23.171,214,𗒿,𘊬,𘚶,𗊡,平
𗒉,U+17489,,2.276.1,8074/42,K2845,L5044,L5044,S1951,007-09b,4780,47A75,Ⅸ,7,3,46B78,Ⅸ,6,5,597,1.24.132,17,1,17,15,3,𗒿,𘊬,,1.10.1702,14,3,A23.172,215,𗒿,𘊬,𘚶,𗊡,平
𘀶,U+18036,,6.129.3,3141/21,K5536,L3868,L3868,S3046,,4781,47A76,Ⅸ,7,4,46B77,Ⅸ,6,4,,,17,1,17,,,,,,,,,A23.173,27,𗒿,𘊬,𘚶,𗊡,平
𗴷,U+17D37,,5.009.1,1011/00,K3711,L0004,L0004,S0168,018-086,4782,47A77,Ⅸ,8,1,46B62,Ⅸ,5,2,3142,,17,2,14,,,,,,2.06.1606,8,1,A23.181,840,𗄨,𘄟,𘚶,𗊺,上
𗨰,U+17A30,,4.476.2,2244/40,K2907,L2497,L2497,S3886,204-10zb,4783,47A78,Ⅸ,8,2,46B75,Ⅸ,6,2,3143,,17,2,14,,,,,,2.06.1701,8,2,A23.182,841,𗄨,𘄟,𘚶,𗊺,上
𗜩,U+17729,,3.129.2,5044/00,K2545,L4320,L4320,S0890,,4784,47B11,Ⅸ,8,3,46B64,Ⅸ,5,4,3144,,17,2,14,,,,,,2.06.1702,8,3,A23.183,842,𗄨,𘄟,𘚶,𗊺,上
𘃿,U+180FF,,6.276.1,1324/22,K2175,L0660,L0660,S4343,108-061,4785,47B12,Ⅸ,8,4,46B68,Ⅸ,5,8,3145,,17,2,14,,,,,,2.06.1703,8,4,A23.191,843,𗄨,𘄟,𘚶,𗊺,上
𘃼,U+180FC,,6.272.1,1224/24,K1071,L0505,L0505,S4353,,4786,47B13,Ⅸ,8,5,46B67,Ⅸ,5,7,,,17,2,14,,,,,,,,,A23.192,687,𗄨,𘄟,𘚶,𗊺,上
𗅐,U+17150,,1.331.3,2701/21,K5320,L2909,L2909,S1449,041-079,4787,47B14,Ⅸ,8,6,46B71,Ⅸ,5,9,3146,,17,2,14,,,,,,2.06.1704,8,5,A23.193,844,𗄨,𘄟,𘚶,𗊺,上
𗛵,U+176F5,,3.094.1,5042/74,K1423,L4312,L4312,S0873,,4788,47B15,Ⅸ,8,7,46B61,Ⅸ,5,1,3147,,17,2,14,,,,,,2.06.1705,8,6,A23.194,845,𗄨,𘄟,𘚶,𗊺,上
𗰤,U+17C24,,3.558.1,1725/24,K0379,L1125,L1125,S4481,107-101,4789,47B16,Ⅸ,8,8,46B66,Ⅸ,5,6,3148,,17,2,14,,,,,,2.06.1706,8,7,A23.201,846,𗄨,𘄟,𘚶,𗊺,上
𗬇,U+17B07,,4.614.3,2740/00,K5719,L3102,L3102,S3563,,4790,47B17,Ⅸ,8,9,46B73,Ⅸ,5,11,3149,,17,2,14,,,,,,2.06.1707,8,8,A23.202,847,𗄨,𘄟,𘚶,𗊺,上
𗒃,U+17483,,2.272.1,8044/00,K2060,L4951,L4951,S2031,,4791,47B18,Ⅸ,9,1,54A36,Ⅸ,177,1,3229,,21,2,18,,,,,,2.07.1404,2,1,A23.203,861,𗝕,𘏧,𘚶,𘏧,上
𗑢,U+17462,,2.252.3,8044/00,?,?,?,S2016,,4792,47B21,Ⅸ,9,2,54A37,Ⅸ,177,2,,,21,2,18,,,,,,,,,A24.011,693,𗝕,𘏧,𘚶,𘏧,上
𗑿,U+1747F,,2.270.1,8042/20,K1011,L4924,L4924,S2004,,4793,47B22,Ⅸ,9,3,54A38,Ⅸ,177,3,,,21,2,18,,,,,,,,,A24.012,694,𗝕,𘏧,𘚶,𘏧,上
𗤱,U+17931,,4.157.2,2742/42,K0954,L3248,L3248,S3922,204-071,4794,47B23,Ⅸ,10,1,47A31,Ⅸ,9,1,3707,,43,2,37,,,,,,2.10.2507,6,3,A24.013,946,𘜘,𗅆,𘚶,𗼃,上
𗛜,U+176DC,,3.082.1,5021/22,K3887,L4103,L4103,S0923,017-087,4795,47B24,Ⅸ,10,2,47A33,Ⅸ,9,3,3708,,43,2,37,,,,,,2.10.2508,6,4,A24.014,947,𘜘,𗅆,𘚶,𗼃,上
𘄉,U+18109,,6.287.3,1721/24,K4159,L0958,L0958,S4358,108-082,4796,47B25,Ⅸ,10,3,47A38,Ⅸ,9,8,3709,,43,2,37,,,,,,2.10.2601,6,5,A24.021,948,𘜘,𗅆,𘚶,𗼃,上
𗇡,U+171E1,,1.437.2,1741/00,K4158,L1158,L1158,S4557,,4797,47B26,Ⅸ,10,4,47A37,Ⅸ,9,7,3710,,43,2,37,,,,,,2.10.2602,6,6,A24.022,949,𘜘,𗅆,𘚶,𗼃,上
𗔣,U+17523,,2.384.1,8021/24,K4160,L4698,L4698,S2051,,4798,47B27,Ⅸ,10,5,47A41,Ⅸ,9,9,3711,,43,2,37,,,,,,2.10.2603,6,7,A24.023,950,𘜘,𗅆,𘚶,𗼃,上
𘃁,U+180C1,,6.218.3,8741/50,K4584,L5605,L5605,S2635,208-082,4799,47B28,Ⅸ,10,6,47A52,Ⅸ,9,18,3712,,43,2,37,,,,,,2.10.2604,6,8,A24.031,951,𘜘,𗅆,𘚶,𗼃,上
𘇘,U+181D8,,6.478.2,1822/42,K0566,L1622,L1622,S5295,,4800,47B31,Ⅸ,10,7,47A42,Ⅸ,9,10,3713,,43,2,37,,,,,,2.10.2605,6,9,A24.032,952,𘜘,𗅆,𘚶,𗼃,上
𗘲,U+17632,,3.001.1,5204/00,K2680,L4440,L4440,S0668,057-041,4801,47B32,Ⅸ,10,8,47A43,Ⅸ,9,11,3714,,43,2,37,,,,,,2.10.2606,6,10,A24.033,953,𘜘,𗅆,𘚶,𗼃,上
𘗈,U+185C8,,8.204.1,8051/20,K5079,L5017,L5017,S2577,,4802,47B33,Ⅸ,10,9,47A45,Ⅸ,9,13,3715,,43,2,37,,,,,,2.10.2607,6,11,A24.041,954,𘜘,𗅆,𘚶,𗼃,上
𗟊,U+177CA,,3.205.3,5044/00,K3379,L4327,L4327,S0799,,4803,47B34,Ⅸ,10,10,47A36,Ⅸ,9,6,3716,,43,2,37,,,,,,2.10.2608,6,12,A24.042,955,𘜘,𗅆,𘚶,𗼃,上
𗞬,U+177AC,,3.195.4,5041/50,?,L4271,L4271,S0801,,4804,47B35,Ⅸ,10,11,47A35,Ⅸ,9,5,3717,,43,2,37,,,,,,2.10.2701,6,13,A24.043,956,𘜘,𗅆,𘚶,𗼃,上
𗊷,U+172B7,,1.600.2,2420/27,K0301,L2720,L2720,S4265,,4805,47B36,Ⅸ,10,12,47A46,Ⅸ,9,14,3718,,43,2,37,,,,,,2.10.2702,6,14,A24.051,957,𘜘,𗅆,𘚶,𗼃,上
𘉕,U+18255,,7.082.1,7822/44,K1840,L4645,L4645,S1638,259-071,4806,47B37,Ⅸ,10,13,47A47,Ⅸ,9,15,3719,,43,2,37,,,,,,2.10.2703,6,15,A24.052,958,𘜘,𗅆,𘚶,𗼃,上
𗥪,U+1796A,,4.242.1,2942/71,?,L3796,L3796,S3589,,4807,47B38,Ⅸ,10,14,47A32,Ⅸ,9,2,3720,,43,2,37,,,,,,2.10.2704,6,16,A24.053,959,𘜘,𗅆,𘚶,𗼃,上
𗭀,U+17B40,,3.396.1,8022/22,K5790,L4749,L4749,S3973,031-066,4808,47B41,Ⅸ,10,15,47A48,Ⅸ,9,16,3721,,43,2,37,,,,,,2.10.2705,6,17,A24.054,960,𘜘,𗅆,𘚶,𗼃,上
𗬏,U+17B0F,,3.366.1,2244/20,K2610,L2465,L2465,S3543,,4809,47B42,Ⅸ,10,16,47A53,Ⅸ,9,19,3722,,43,2,37,,,,,,2.10.2706,6,18,A24.061,961,𘜘,𗅆,𘚶,𗼃,上
𗛙,U+176D9,,3.080.3,5024/00,K2259,L4167,L4167,S0921,017-08l,4810,47B43,Ⅸ,10,17,47A34,Ⅸ,9,4,,,43,2,37,,,,,,,,,A24.062,700,𘜘,𗅆,𘚶,𗼃,上
𗬹,U+17B39,,3.391.1,8022/24,K5796,L4756,L4756,S3977,031-067,4811,47B44,Ⅸ,10,18,47A51,Ⅸ,9,17,,,43,2,37,,,,,,,,,A24.063,701,𘜘,𗅆,𘚶,𗼃,上
𗧷,U+179F7,,4.379.1,2944/21,K1321,L3781,L3781,S3535,,4812,47B45,Ⅸ,11,1,47A54,Ⅸ,10,1,1845,1.64.112,61,1,58,5,1,𗜦,𗋍,,1.21.1102,5,1,A24.071,440,𗜦,𗋍,𘚶,𗚽,平
𗲲,U+17CB2,,3.649.2,1721/24,K4445,L0949,L0949,S5182,,4813,47B46,Ⅸ,11,2,47A55,Ⅸ,10,2,1846,1.64.121,61,1,58,5,2,𗜦,𗋍,,1.21.1103,5,2,A24.072,441,𗜦,𗋍,𘚶,𗚽,平
𘝮,U+1876E,,8.511.3,8742/00,K1549,L5614,L5614,S2860,303-031,4814,47B47,Ⅸ,11,3,47A56,Ⅸ,10,3,1847,1.64.122,61,1,58,5,3,𗜦,𗋍,,1.21.1104,5,3,A24.073,442,𗜦,𗋍,𘚶,𗚽,平
𗧥,U+179E5,,4.365.1,2541/22,K4779,L2858,L2858,S3358,204-09m,4815,47B48,Ⅸ,12,1,47A57,Ⅸ,11,1,4522,,84,2,72,,,,,,2.16.1601,5,1,A24.081,1182,𗑛,𘊝,𘞨,𘊝,上
𗙯,U+1766F,,3.033.4,1521/20,K4776,L0845,L0845,S0017,104-051,4816,47B51,Ⅸ,12,2,47A62,Ⅸ,11,4,4523,,84,2,72,,,,,,2.16.1602,5,2,A24.082,1183,𗑛,𘊝,𘞨,𘊝,上
𘗌,U+185CC,,8.207.1,8041/22,K4780,L4898,L4898,S2581,028-135,4817,47B52,Ⅸ,12,3,47A58,Ⅸ,11,2,4524,,84,2,72,,,,,,2.16.1603,5,3,A24.083,1184,𗑛,𘊝,𘞨,𘊝,上
𘍈,U+18348,,7.252.4,8521/42,K4778,L5463,L5463,S2198,,4818,47B53,Ⅸ,12,4,47A61,Ⅸ,11,3,4525,,84,2,72,,,,,,2.16.1604,5,4,A24.091,1185,𗑛,𘊝,𘞨,𘊝,上
𗣏,U+178CF,,4.038.1,2144/00,K2146,L2229,L2229,S3374,,4819,47B54,Ⅸ,13,1,47A75,Ⅸ,12,10,4108,,62,2,52,,,,,,2.13.2102,7,3,A24.092,1047,𘄊,𘚈,𘚶,𘝍,上
𗵍,U+17D4D,,5.035.1,1044/00,K3438,L0119,L0119,S0215,,4820,47B55,Ⅸ,13,2,47A65,Ⅸ,12,2,4109,,62,2,52,,,,,,2.13.2103,7,4,A24.093,1048,𘄊,𘚈,𘚶,𘝍,上
𗵛,U+17D5B,,5.060.3,1045/75,K1494,L0137,L0137,S0214,018-11c,4821,47B56,Ⅸ,13,3,47A67,Ⅸ,12,4,4110,,62,2,52,,,,,,2.13.2104,7,5,A24.101,1049,𘄊,𘚈,𘚶,𘝍,上
𘞏,U+1878F,,5.080.3,1545/70,?,L0884,L0884,S0256,,4822,47B57,Ⅸ,13,4,47A64,Ⅸ,12,1,4111,,62,2,52,,,,,,2.13.2105,7,6,A24.102,1050,𘄊,𘚈,𘚶,𘝍,上
𘛽,U+186FD,,8.405.1,1782/00,K0187,L1546,L1546,S4391,010-051,4823,47B58,Ⅸ,13,5,47A68,Ⅸ,12,5,4112,,62,2,52,,,,,,2.13.2106,7,7,A24.103,1051,𘄊,𘚈,𘚶,𘝍,上
𗴵,U+17D35,,5.008.1,1044/20,K1920,L0124,L0124,S0238,018-071,4824,47B61,Ⅸ,13,6,47A66,Ⅸ,12,3,4113,,62,2,52,,,,,,2.13.2107,7,8,A24.104,1052,𘄊,𘚈,𘚶,𘝍,上
𗬾,U+17B3E,,3.395.1,8022/40,K5795,L4773,L4773,S3974,031-064,4825,47B62,Ⅸ,13,7,47A74,Ⅸ,12,9,4114,,62,2,52,,,,,,2.13.2108,7,9,A17.011,1053,𘄊,𘚈,𘚶,𘝍,上
𘛾,U+186FE,,8.411.1,1384/20,K2173,L0736,L0736,S4393,010-102,4826,47B63,Ⅸ,13,8,47A71,Ⅸ,12,6,4115,,62,2,52,,,,,,2.13.2109,7,10,A17.012,1054,𘄊,𘚈,𘚶,𘝍,上
𘀥,U+18025,,6.123.4,3744/22,K3306,L3980,L3980,S2905,192-073,4827,47B64,Ⅸ,13,9,47A73,Ⅸ,12,8,4116,,62,2,52,,,,,,2.13.2110,7,11,A17.013,1055,𘄊,𘚈,𘚶,𘝍,上
𗵄,U+17D44,,5.026.1,1042/00,K0178,L0103,L0103,S0171,018-093,4828,47B65,Ⅸ,13,10,47A72,Ⅸ,12,7,4117,,62,2,52,,,,,,2.13.2111,7,12,A17.021,1056,𘄊,𘚈,𘚶,𘝍,上
𗄊,U+1710A,,1.188.2,1021/22,K4790,L0010,L0010,S0006,004-082,4829,47B66,Ⅸ,14,1,47A76,Ⅸ,13,1,3024,,11,2,10,,,,,,2.05.1505,12,1,A17.022,812,𘘨,𗊋,𘞨,𘒇,上
𗄉,U+17109,,1.188.1,1024/22,K2526,L0049,L0049,S0005,004-083,4830,47B67,Ⅸ,14,2,47B11,Ⅸ,14,1,3025,,11,2,10,,,,,,2.05.1506,12,2,A17.023,813,𘘨,𗊋,𘞨,𘒇,上
𗩾,U+17A7E,,4.476.4,2141/22,K4792,L2091,L2091,S3351,204-117,4831,47B68,Ⅸ,14,3,47A78,Ⅸ,13,3,3026,,11,2,10,,,,,,2.05.1507,12,3,A17.024,814,𘘨,𗊋,𘞨,𘒇,上
𘑹,U+18479,,7.490.1,1142/00,K1727,L0315,L0315,S4562,,4832,47B71,Ⅸ,14,4,47B12,Ⅸ,14,2,3027,,11,2,10,,,,,,2.05.1508,12,4,A17.031,815,𘘨,𗊋,𘞨,𘒇,上
𘑽,U+1847D,,7.491.4,1141/22,K4739,L0277,L0277,S4563,,4833,47B72,Ⅸ,14,5,47A77,Ⅸ,13,2,3028,,11,2,10,,,,,,2.05.1601,12,5,A17.032,816,𘘨,𗊋,𘞨,𘒇,上
𘄄,U+18104,,6.279.1,1724/20,K3014,L1085,L1085,S4359,108-072,4834,47B73,Ⅸ,15,1,47B13,Ⅸ,15,1,407,1.18.131,11,1,11,17,1,𘁮,𗣣,,1.08.2307,16,1,A17.033,155,𘁮,𗣣,𘞨,𗣣,平
𘑭,U+1846D,,7.484.1,1251/50,K4629,L0609,L0609,S4509,,4835,47B74,Ⅸ,15,2,47B14,Ⅸ,15,2,408,1.18.132,11,1,11,17,2,𘁮,𗣣,,1.08.2401,16,2,A17.041,156,𘁮,𗣣,𘞨,𗣣,平
𗅖,U+17156,,1.335.3,2102/22,K1363,L1944,L1944,S1371,041-08d,4836,47B75,Ⅸ,15,3,47B15,Ⅸ,15,3,409,1.18.141,11,1,11,17,3,𘁮,𗣣,,1.08.2402,16,3,A17.042,157,𘁮,𗣣,𘞨,𗣣,平
𗀹,U+17039,,1.044.1,2902/74,K1383,L3766,L3766,S1496,039-053,4837,47B76,Ⅸ,15,4,47B16,Ⅸ,15,4,410,1.18.151,11,1,11,17,4,𘁮,𗣣,,1.08.2403,16,4,A17.043,158,𘁮,𗣣,𘞨,𗣣,平
𘙗,U+18657,,8.309.1,1742/00,K1706,L1221,L1221,S5048,297-095,4838,47B77,Ⅸ,15,5,47B17,Ⅸ,15,5,411,1.18.152,11,1,11,17,5,𘁮,𗣣,,1.08.2404,16,5,A17.051,159,𘁮,𗣣,𘞨,𗣣,平
𗏣,U+173E3,,2.169.2,2744/50,K1958,L3349,L3349,S5616,202-082,4839,47B78,Ⅸ,16,1,47B18,Ⅸ,16,1,4420,,79,2,68,,,,,,2.15.2305,1,19,A17.052,1128,𗱕,𗳭,𘚶,𗳭,上
𗣀,U+178C0,,4.027.2,2842/40,K1866,L3639,L3639,S3693,204-05f,4840,48A11,Ⅸ,16,2,47B25,Ⅸ,16,6,4419,,79,2,68,,,,,,2.15.2304,1,18,A17.053,1129,𗱕,𗳭,𘚶,𗳭,上
𗏺,U+173FA,,2.189.1,2844/50,K3199,L3706,L3706,S5614,202-114,4841,48A12,Ⅸ,16,3,47B21,Ⅸ,16,2,4421,,79,2,68,,,,,,2.15.2306,1,20,A17.061,1130,𗱕,𗳭,𘚶,𗳭,上
𗁘,U+17058,,1.062.1,2704/42,K1930,L2971,L2971,S1658,039-086,4842,48A13,Ⅸ,16,4,47B27,Ⅸ,16,8,4422,,79,2,68,,,,,,2.15.2307,1,21,A17.062,1131,𗱕,𗳭,𘚶,𗳭,上
𗏖,U+173D6,,2.160.1,2441/50,K3755,L2796,L2796,S5615,202-075,4843,48A14,Ⅸ,16,5,47B22,Ⅸ,16,3,4423,,79,2,68,,,,,,2.15.2308,1,22,A17.063,1132,𗱕,𗳭,𘚶,𗳭,上
𘉵,U+18275,,7.097.1,2122/40,K0259,L2033,L2033,S3165,,4844,48A15,Ⅸ,16,6,47B28,Ⅸ,16,9,4424,,79,2,68,,,,,,2.15.2309,1,23,A17.064,1133,𗱕,𗳭,𘚶,𗳭,上
𗢴,U+178B4,,4.014.1,2142/20,K0507,L2187,L2187,S3349,204-047,4845,48A16,Ⅸ,16,7,47B26,Ⅸ,16,7,4425,,79,2,68,,,,,,2.15.2310,1,24,A17.071,1134,𗱕,𗳭,𘚶,𗳭,上
𗭵,U+17B75,,3.427.1,8124/00,K5710,L5133,L5133,S2137,096-092,4846,48A17,Ⅸ,16,8,47B31,Ⅸ,16,10,4426,,79,2,68,,,,,,2.15.2311,1,25,A17.072,1135,𗱕,𗳭,𘚶,𗳭,上
𗘠,U+17620,,2.587.2,1121/20,?,L0158,L0158,S5445,,4847,48A18,Ⅸ,16,9,47B32,Ⅸ,16,11,4427,,79,2,68,,,,,,2.15.2312,1,26,A17.073,1136,𗱕,𗳭,𘚶,𗳭,上
𘑐,U+18450,,7.462.1,8541/22,K3873,L5477,L5477,S2674,236-121,4848,48A21,Ⅸ,16,10,47B33,Ⅸ,16,12,4428,,79,2,68,,,,,,2.15.2401,1,27,A17.081,1137,𗱕,𗳭,𘚶,𗳭,上
𗞀,U+17780,,3.176.1,5044/00,K3347,L4335,L4335,S0723,017-12i,4849,48A22,Ⅸ,16,11,47B36,Ⅸ,16,15,4429,,79,2,68,,,,,,2.15.2402,1,28,A17.082,1138,𗱕,𗳭,𘚶,𗳭,上
𗀎,U+1700E,,1.014.1,1024/50,K2024,L0056,L0056,S0263,,4850,48A23,Ⅸ,16,12,47B37,Ⅸ,16,16,4430,,79,2,68,,,,,,2.15.2403,1,29,A17.083,1139,𗱕,𗳭,𘚶,𗳭,上
𗐀,U+17400,,2.191.1,2844/50,K3056,L3707,L3707,S5613,,4851,48A24,Ⅸ,16,13,47B24,Ⅸ,16,5,4431,,79,2,68,,,,,,2.15.2404,1,30,A17.084,1140,𗱕,𗳭,𘚶,𗳭,上
𘐻,U+1843B,,7.454.4,8541/21,K5517,L5476,L5476,S2675,,4852,48A25,Ⅸ,16,14,47B34,Ⅸ,16,13,4432,,79,2,68,,,,,,2.15.2405,1,31,A17.091,1141,𗱕,𗳭,𘚶,𗳭,上
𗏽,U+173FD,,2.190.3,2142/50,K0278,L2223,L2223,S5612,,4853,48A26,Ⅸ,16,15,47B23,Ⅸ,16,4,4433,,79,2,68,,,,,,2.15.2406,1,32,A17.092,1142,𗱕,𗳭,𘚶,𗳭,上
𘃇,U+180C7,,6.223.3,8741/50,K4893,L5606,L5606,S2387,,4854,48A27,Ⅸ,16,16,47A44,Ⅸ,9,12,4434,,79,2,68,,,,,,2.15.2407,1,33,A17.093,1143,𗱕,𗳭,𘚶,𗳭,上
𗕗,U+17557,,2.434.1,1741/20,K4325,L1182,L1182,S4377,,4855,48A28,Ⅸ,16,17,47B38,Ⅸ,16,17,4435,,79,2,68,,,,,,2.15.2408,1,34,A17.101,1144,𗱕,𗳭,𘚶,𗳭,上
𘄪,U+1812A,,6.313.1,1995/00,K0442,L1850,L1850,S4515,155-043,4856,48A31,Ⅸ,16,18,47B41,Ⅸ,16,18,4436,,79,2,68,,,,,,2.15.2409,1,35,A17.102,1145,𗱕,𗳭,𘚶,𗳭,上
𘍐,U+18350,,7.255.1,8021/00,K5346,L4675,L4675,S2342,145-001,4857,48A32,Ⅸ,16,19,47B42,Ⅸ,16,19,4437,,79,2,68,,,,,,2.15.2410,1,36,A17.103,1146,𗱕,𗳭,𘚶,𗳭,上
𗮽,U+17BBD,,3.468.2,8721/70,K5670,L5514,L5514,S2314,,4858,48A33,Ⅸ,16,20,47B43,Ⅸ,16,20,4438,,79,2,68,,,,,,2.15.2411,1,37,A17.104,1147,𗱕,𗳭,𘚶,𗳭,上
𗹠,U+17E60,,5.247.5,2401/52,K4020,L2716,L2716,S1276,075-072,4859,48A34,Ⅸ,17,1,47B44,Ⅸ,17,1,2284,1.79.242,79,1,74,4,1,𗱕,𗃎,,1.25.1706,2,3,A17.111,558,𗱕,𗃎,𘚶,𗙨,平
𗹥,U+17E65,,5.257.2,2201/51,K5383,L2358,L2358,S1280,075-084,4860,48A35,Ⅸ,17,2,47B45,Ⅸ,17,2,2285,1.79.251,79,1,74,4,2,𗱕,𗃎,,1.25.1707,2,4,A17.112,559,𗱕,𗃎,𘚶,𗙨,平
𗱳,U+17C73,,3.618.1,1722/24,K1757,L1022,L1022,S4924,,4861,48A36,Ⅸ,17,3,47B35,Ⅸ,16,14,2286,1.79.261,79,1,74,4,3,𗱕,𗃎,,1.25.2101,2,5,A17.113,560,𗱕,𗃎,𘚶,𗙨,平
𘆝,U+1819D,,6.424.2,1421/50,K3772,L0764,L0764,S5233,080-021,4862,48A37,Ⅸ,18,1,47B47,Ⅸ,17,4,2287,1.79.262,79,1,74,5,1,𗞵,𘜪,,1.25.2102,3,1,A17.121,561,𗞵,𘜪,𘚶,𗙨,平去
𘐑,U+18411,,7.425.2,8441/25,K3781,L5445,L5445,S2797,,4863,48A38,Ⅸ,18,2,47B48,Ⅸ,17,5,2288,1.79.271,79,1,74,5,2,𗞵,𘜪,,1.25.2103,3,2,A17.122,562,𗞵,𘜪,𘚶,𗙨,平去
𘇅,U+181C5,,6.467.1,1822/55,K1218,L1626,L1626,S5212,080-081,4864,48A41,Ⅸ,18,3,47B46,Ⅸ,17,3,,,79,1,74,,,,,,,,,A17.123,47,𗞵,𘜪,𘚶,𗙨,平去
𘒖,U+18496,,7.522.2,1754/00,K2687,L1535,L1535,S5166,019-101,4865,48A42,Ⅸ,19,1,47B51,Ⅸ,18,1,1689,1.58.251,54,1,52,2,2,𘚶,𗠲,,1.19.2204,2,1,A17.131,405,𘚶,𗠲,𘚶,𗫕,平
𘒉,U+18489,,7.500.1,1744/20,K2593,L1345,L1345,S5150,019-091,4866,48A43,Ⅸ,19,2,47B52,Ⅸ,18,2,1690,1.58.252,54,1,52,2,3,𘚶,𗠲,,1.19.2205,2,2,A17.132,406,𘚶,𗠲,𘚶,𗫕,平
𗥹,U+17979,,4.253.1,2441/25,K3779,L2770,L2770,S3899,204-073,4867,48A44,Ⅸ,20,1,47B55,Ⅸ,19,1,3880,,51,2,42,,,,,,2.11.2714,9,1,A17.133,1000,𗒿,𗧊,𘚶,𗟌,上
𗲀,U+17C80,,3.625.3,1745/50,K1162,L1414,L1414,S4944,026-091,4868,48A45,Ⅸ,20,2,47B56,Ⅸ,19,2,3881,,51,2,42,,,,,,2.12.1101,9,2,A17.141,1001,𗒿,𗧊,𘚶,𗟌,上
𘂔,U+18094,,6.179.1,9374/42,K2955,L5901,L5901,S1752,,4869,48A46,Ⅸ,20,3,47B57,Ⅸ,19,3,3882,,51,2,42,,,,,,2.12.1102,9,3,A17.142,1002,𗒿,𗧊,𘚶,𗟌,上
𗯘,U+17BD8,,3.477.1,9352/22,K0770,L5895,L5895,S1675,,4870,48A47,Ⅸ,20,4,47B63,Ⅸ,19,7,3883,,51,2,42,,,,,,2.12.1103,9,4,A17.143,1003,𗒿,𗧊,𘚶,𗟌,上
𗏟,U+173DF,,2.168.2,2841/22,K4650,L3573,L3573,S5587,,4871,48A48,Ⅸ,21,1,47B66,Ⅸ,19,10,1632,1.56.262,51,1,49,12,1,𗒿,𗕠,,1.19.1202,10,1,A17.144,392,𗒿,𗕠,𘚶,𘀁,平
𗓽,U+174FD,,2.350.2,8021/40,K4811,L4710,L4710,S1873,008-111,4872,48A51,Ⅸ,21,2,47B62,Ⅸ,19,6,1633,1.56.271,51,1,49,12,2,𗒿,𗕠,,1.19.1203,10,2,A17.151,393,𗒿,𗕠,𘚶,𘀁,平
𗝁,U+17741,,3.139.3,5024/20,K2132,L4182,L4182,S0804,017-11k,4873,48A52,Ⅸ,21,3,47B58,Ⅸ,19,4,1634,1.56.272,51,1,49,12,3,𗒿,𗕠,,1.19.1204,10,3,A17.152,394,𗒿,𗕠,𘚶,𘀁,平
𗈨,U+17228,,1.477.1,1741/00,K0009,L1180,L1180,S4539,,4874,48A53,Ⅸ,21,4,47B65,Ⅸ,19,9,1635,1.56.273,51,1,49,12,4,𗒿,𗕠,,1.19.1205,10,4,A17.153,395,𗒿,𗕠,𘚶,𘀁,平
𗡀,U+17840,,3.279.2,7125/45,K1167,L4553,L4553,S0533,255-096,4875,48A54,Ⅸ,21,5,47B61,Ⅸ,19,5,1636,1.57.111,51,1,49,12,5,𗒿,𗕠,,1.19.1206,10,5,A17.161,396,𗒿,𗕠,𘚶,𘀁,平
𘟇,U+187C7,,8.574.2,1010/00,K0002,L0002,L0002,S0160,016-071,4876,48A55,Ⅸ,21,6,47B64,Ⅸ,19,8,,,51,1,49,,,,,,,,,A17.162,36,𗒿,𗕠,𘚶,𘀁,平
𘀐,U+18010,,6.113.1,3121/24,K4391,L3849,L3849,S2880,,4877,48A56,Ⅸ,22,1,47B67,Ⅸ,20,1,1567,1.54.262,47,1,46,1,4,𗉛,𗤁,,1.18.2101,1,4,A17.163,377,𗉛,𗤁,𘞨,𗪲,平
𘀉,U+18009,,6.108.2,3724/20,K3416,L3960,L3960,S2891,,4878,48A57,Ⅸ,22,2,47B68,Ⅸ,20,2,1568,1.54.271,47,1,46,1,5,𗉛,𗤁,,,,,A17.164,378,𗉛,𗤁,𘞨,𗪲,平
𗞌,U+1778C,,3.180.1,5021/24,K4392,L4118,L4118,S0834,017-123,4879,48A58,Ⅸ,22,3,47B71,Ⅸ,20,3,1569,1.54.272,47,1,46,1,6,𗉛,𗤁,,1.18.2102,1,5,A17.171,379,𗉛,𗤁,𘞨,𗪲,平
𗦼,U+179BC,,4.326.1,2344/00,K3294,L2644,L2644,S3720,204-08zu,4880,48A61,Ⅸ,22,4,47B72,Ⅸ,20,4,1570,1.54.273,47,1,46,1,7,𗉛,𗤁,,1.18.2103,1,6,A17.172,380,𗉛,𗤁,𘞨,𗪲,平
𘀇,U+18007,,6.107.1,3224/22,K2597,L3891,L3891,S2874,,4881,48A62,Ⅸ,22,5,47B74,Ⅸ,20,6,1571,1.55.111,47,1,46,1,8,𗉛,𗤁,,1.18.2104,1,7,A17.173,381,𗉛,𗤁,𘞨,𗪲,平
𗦶,U+179B6,,4.314.2,2244/20,K2641,L2468,L2468,S3698,,4882,48A63,Ⅸ,22,6,47B73,Ⅸ,20,5,1572,1.55.112,47,1,46,1,9,𗉛,𗤁,,1.18.2105,1,8,A17.174,382,𗉛,𗤁,𘞨,𗪲,平
𗨛,U+17A1B,,4.412.1,2244/50,K2670,L2511,L2511,S3793,204-09p,4883,48A64,Ⅸ,23,1,47B75,Ⅸ,21,1,4630,,92,2,77,,,,,,2.17.1302,2,8,A17.181,1224,𘜘,𗬫,𘚶,𗬼,上
𘙇,U+18647,,8.299.1,1441/22,K3890,L0795,L0795,S5042,297-066,4884,48A65,Ⅸ,23,2,47B76,Ⅸ,21,2,4631,,92,2,77,,,,,,2.17.1303,2,9,A17.182,1225,𘜘,𗬫,𘚶,𗬼,上
𘀷,U+18037,,6.130.1,3244/00,K5756,L3895,L3895,S3057,,4885,48A66,Ⅸ,23,3,47B77,Ⅸ,21,3,4632,,92,2,77,,,,,,2.17.1304,2,10,A17.183,1226,𘜘,𗬫,𘚶,𗬼,上
𘈶,U+18236,,7.041.1,1194/40,K1109,L0472,L0472,S1126,171-052,4886,48A67,Ⅸ,23,4,47B78,Ⅸ,21,4,4633,,92,2,77,,,,,,2.17.1305,2,11,A17.191,1227,𘜘,𗬫,𘚶,𗬼,上
𗞘,U+17798,,3.186.2,5059/00,K0704,L4394,L4394,S0932,,4887,48A68,Ⅸ,23,5,51A66,Ⅸ,84,2,4634,,92,2,77,,,,,,2.17.1306,2,12,A17.192,1228,𘜘,𗬫,𘚶,𗬼,上
𗝂,U+17742,,3.139.4,2054/00,K3399,L4396,L4396,S0933,017-109,4888,48A71,Ⅸ,23,6,51A65,Ⅸ,84,1,4635,,92,2,77,,,,,,2.17.1307,2,13,A17.193,1229,𘜘,𗬫,𘚶,𗬼,上
𘃵,U+180F5,,6.268.2,1754/00,K3398,L1453,L1453,S4454,066-051,4889,48A72,Ⅸ,23,7,51A67,Ⅸ,84,3,,,92,2,77,,,,,,,,,A17.194,1230,𘜘,𗬫,𘚶,𗬼,上
𘖯,U+185AF,,8.193.3,8024/20,K2334,L4814,L4814,S2591,028-084,4890,48A73,Ⅸ,23,8,51A68,Ⅸ,84,4,4636,,92,2,77,,,,,,2.17.1308,2,14,A17.201,1231,𘜘,𗬫,𘚶,𗬼,上
𘛷,U+186F7,,8.402.1,8142/20,K0508,L5211,L5211,S2851,,4891,48A74,Ⅸ,23,9,48A11,Ⅸ,21,5,,,92,2,77,,,,,,,,,A17.202,722,𘜘,𗬫,𘚶,𗬼,上
𗣿,U+178FF,,4.081.1,2441/42,K4015,L2783,L2783,S3370,204-07p,4892,48A75,Ⅸ,24,1,48A12,Ⅸ,22,1,4974,Z.09.241,64,1,61,1,1,𗟨,𘉢,,3.04.1401,1,1,A17.203,664,𗟨,𘉢,/,/,平雑去
𘚜,U+1869C,,8.348.3,1545/70,K1491,L0883,L0883,S0405,304-071,4893,48A76,Ⅸ,24,2,48A13,Ⅸ,22,2,4975,Z.09.242,64,1,61,1,2,𗟨,𘉢,,3.04.1402,1,2,A17.204,665,𗟨,𘉢,/,/,平雑去
𗦊,U+1798A,,4.274.1,2144/00,K2483,L2232,L2232,S3386,204-08v,4894,48A77,Ⅸ,24,3,48A16,Ⅸ,22,5,4976,Z.09.251,64,1,61,1,3,𗟨,𘉢,,3.04.1403,1,3,A17.211,666,𗟨,𘉢,/,/,平雑去
𗸶,U+17E36,,5.217.1,1244/20,K2861,L0568,L0568,S1069,,4895,48A78,Ⅸ,25,1,48A14,Ⅸ,22,3,5245,Z.20.252,64,2,54,4,2,𗟨,𘉢,上,3.07.2108,1,15,A17.212,1281,𗟨,𘉢,/,/,上雑上去
𗸷,U+17E37,,5.217.2,1845/25,K1262,L1779,L1779,S1068,,4896,48B11,Ⅸ,25,2,48A15,Ⅸ,22,4,,,64,2,54,,,,,,,,,A17.213,736,𗟨,𘉢,/,/,上雑上去
𗥔,U+17954,,4.211.1,2441/22,K3824,L2753,L2753,S3539,205-064,4897,48B12,Ⅸ,25,3,48A17,Ⅸ,23,1,5246,Z.20.261,48,2,41,4,3,𘈦,𘏜,,3.07.2201,1,16,A17.214,,?,?,?,?,
𘞧,U+187A7,,8.543.3,8022/40,K3670,L4777,L4777,S2501,265-001,4898,48B13,Ⅸ,25,4,48A21,Ⅸ,23,3,5247,Z.20.271,48,2,41,4,4,𘈦,𘏜,,3.07.2202,1,17,,,,,,,
𗰪,U+17C2A,,3.561.1,1421/70,K5601,L0772,L0772,S4493,271-061,4899,48B14,Ⅸ,25,5,48A18,Ⅸ,23,2,5248,Z.20.272,48,2,41,4,5,𘈦,𘏜,,3.07.2203,1,18,,,,,,,
𘙻,U+1867B,,8.333.3,1572/44,K0233,L0889,L0889,S5112,,4900,48B15,Ⅸ,27,1,48A31,Ⅸ,25,3,5249,Z.21.111,44,2,38,5,1,𗌙,𗴙,,3.07.2204,1,19,,,,,,,
𗇘,U+171D8,,1.430.1,3044/00,K2063,L3835,L3835,S3025,005-112,4901,48B16,Ⅸ,27,2,48A27,Ⅸ,25,1,5250,Z.21.112,44,2,38,5,2,𗌙,𗴙,,3.07.2205,1,20,,,,,,,
𗇍,U+171CD,,1.422.2,3042/00,K0207,L3834,L3834,S3024,005-072,4902,48B17,Ⅸ,27,3,48A28,Ⅸ,25,2,,,44,2,38,,,,,,,,,,,,,,,
𘓉,U+184C9,,7.571.2,1722/20,K0940,L0993,L0993,S5068,034-031,4903,48B18,Ⅸ,28,1,48A22,Ⅸ,24,1,4977,Z.09.252,44,1,43,2,1,𗌙,𗁧,,3.04.1404,2,1,,,,,,,
𗘥,U+17625,,2.589.2,1722/24,K3644,L1021,L1021,S5073,,4904,48B21,Ⅸ,28,2,48A23,Ⅸ,24,2,4978,Z.09.261,44,1,43,2,2,𗌙,𗁧,,3.04.1405,2,2,,,,,,,
𗘪,U+1762A,,2.593.1,1725/75,K1467,L1137,L1137,S5076,,4905,48B22,Ⅸ,28,3,48A24,Ⅸ,24,3,4979,Z.09.262,44,1,43,2,3,𗌙,𗁧,,3.04.1406,2,3,,,,,,,
𘓌,U+184CC,,7.581.1,1224/24,K1070,L0507,L0507,S5069,034-081,4906,48B23,Ⅸ,28,4,48A25,Ⅸ,24,4,4980,Z.09.271,44,1,43,2,4,𗌙,𗁧,,3.04.1407,2,4,,,,,,,
𗘤,U+17624,,2.589.1,1724/20,K3575,L1070,L1070,S5067,,4907,48B24,Ⅸ,28,5,48A26,Ⅸ,24,5,,,44,1,43,,,,,,,,,,,,,,,
𗫭,U+17AED,,4.578.3,2741/25,K4704,L3140,L3140,S3900,204-141,4908,48B25,Ⅸ,29,1,48A32,Ⅸ,26,1,5251,Z.21.121,62,2,52,6,1,𘆭,𘚈,,3.07.2206,1,21,,,,,,,
𗔔,U+17514,,2.373.1,8021/44,K4041,L4726,L4726,S1825,008-122,4909,48B26,Ⅸ,29,2,48A33,Ⅸ,26,2,5252,Z.21.122,62,2,52,6,2,𘆭,𘚈,,3.07.2207,1,22,,,,,,,
𗠛,U+1781B,,3.260.2,7724/44,K1943,L4617,L4617,S0486,255-062,4910,48B27,Ⅸ,29,3,48A34,Ⅸ,26,3,5253,Z.21.131,62,2,52,6,3,𘆭,𘚈,,3.07.2208,1,23,,,,,,,
𘚽,U+186BD,,8.364.2,2221/11,K5384,L2402,L2402,S3955,312-081,4911,48B28,Ⅸ,30,1,48A35,Ⅸ,27,1,2212,1.77.111,72,1,69,11,3,𗜦,𗯎,,1.24.2404,11,3,,,,,,,
𘁍,U+1804D,,6.140.2,8241/21,K5382,L5310,L5310,S2157,,4912,48B31,Ⅸ,30,2,48A36,Ⅸ,27,2,2213,1.77.112,72,1,69,11,4,𗜦,𗯎,,,,,,,,,,,
𗳤,U+17CE4,,3.682.1,1744/20,K3122,L1356,L1356,S5381,,4913,48B32,Ⅸ,31,1,48A38,Ⅸ,28,2,5254,Z.21.132,31,2,28,7,1,𗟨,𘞗,上,3.07.2209,1,24,,,,,,,
𗤺,U+1793A,,4.177.1,2244/20,K2851,L2466,L2466,S3785,204-06g,4914,48B33,Ⅸ,31,2,48A37,Ⅸ,28,1,5255,Z.21.141,31,2,28,7,2,𗟨,𘞗,,3.07.2301,1,25,,,,,,,
𗰳,U+17C33,,3.564.1,1744/22,K2315,L1370,L1370,S4702,,4915,48B34,Ⅸ,32,1,48A42,Ⅸ,28,4,4981,Z.09.272,31,1,30,3,1,𗟨,𘞗,,3.04.1408,3,1,,,,,,,
𗰯,U+17C2F,,3.561.4,1742/22,K1577,L1251,L1251,S4701,,4916,48B35,Ⅸ,32,2,48A41,Ⅸ,28,3,4982,Z.10.111,31,1,30,3,2,𗟨,𘞗,,3.04.1409,3,2,,,,,,,
𘃾,U+180FE,,6.274.1,1129/20,K0664,L0239,L0239,S4342,108-071,4917,48B36,Ⅸ,32,3,48A43,Ⅸ,28,5,4983,Z.10.112,31,1,30,3,3,𗟨,𘞗,,3.04.1410,3,3,,,,,,,
𘐺,U+1843A,,7.454.3,8549/00,K0753,L5461,L5461,S2671,,4918,48B37,Ⅸ,33,1,48A45,Ⅸ,29,2,2238,1.77.262,73,1,70,3,3,𘎲,𘌸,濁,1.24.2704,2,3,,,,,,,
𗕨,U+17568,,2.441.2,1744/24,K2447,L1373,L1373,S4408,,4919,48B38,Ⅸ,33,2,48A46,Ⅸ,29,3,2239,1.77.271,73,1,70,3,4,𘎲,𘌸,濁,1.24.2705,2,4,,,,,,,
𗤿,U+1793F,,4.184.1,2141/40,K5187,L2127,L2127,S3364,204-07zc,4920,48B41,Ⅸ,34,1,48A47,Ⅸ,30,1,1079,1.39.161,31,1,30,16,1,𗌙,𘎤,,1.14.1103,15,1,,,,,,,
𗣂,U+178C2,,4.028.1,2741/20,K4956,L3114,L3114,S3825,204-04d,4921,48B42,Ⅸ,34,2,48A54,Ⅸ,30,6,1080,1.39.162,31,1,30,16,2,𗌙,𘎤,,1.14.1104,15,2,,,,,,,
𗧒,U+179D2,,4.348.1,2741/27,K5600,L3143,L3143,S3826,,4922,48B43,Ⅸ,34,3,48A55,Ⅸ,30,7,1081,1.39.163,31,1,30,16,3,𗌙,𘎤,,1.14.1105,15,3,,,,,,,
𗦐,U+17990,,4.282.2,2144/00,K3524,L2233,L2233,S3375,,4923,48B44,Ⅸ,34,4,48A48,Ⅸ,30,2,1082,1.39.171,31,1,30,16,4,𗌙,𘎤,,1.14.1106,15,4,,,,,,,
𗨷,U+17A37,,4.429.1,2144/00,K2476,L2236,L2236,S3347,204-10w,4924,48B45,Ⅸ,34,5,48A53,Ⅸ,30,5,1083,1.39.172,31,1,30,16,5,𗌙,𘎤,,1.14.1107,15,5,,,,,,,
𗣻,U+178FB,,4.071.2,2142/20,K1584,L2190,L2190,S3814,,4925,48B46,Ⅸ,34,6,48A51,Ⅸ,30,3,1084,1.39.173,31,1,30,16,6,𗌙,𘎤,,1.14.1108,15,6,,,,,,,
𗢫,U+178AB,,4.002.1,2142/00,K1573,L2185,L2185,S3373,204-05e,4926,48B47,Ⅸ,34,7,48A52,Ⅸ,30,4,1085,1.39.211,31,1,30,16,7,𗌙,𘎤,,1.14.1109,15,7,,,,,,,
𗨅,U+17A05,,4.396.1,2341/40,K4069,L2619,L2619,S3855,,4927,48B48,Ⅸ,34,8,48A56,Ⅸ,30,8,1086,1.39.212,31,1,30,16,8,𗌙,𘎤,,1.14.1201,15,8,,,,,,,
𗦇,U+17987,,4.266.1,2141/22,K3866,L2090,L2090,S3346,204-08c,4928,48B51,Ⅸ,35,1,48A61,Ⅸ,31,2,3753,,44,2,38,,,,,,2.11.1306,8,1,,,,,,,
𗧲,U+179F2,,4.434.2,2141/22,K3856,L2093,L2093,S3348,205-083,4929,48B52,Ⅸ,35,2,48A58,Ⅸ,31,1,3754,,44,2,38,,,,,,2.11.1307,8,2,,,,,,,
𘃢,U+180E2,,6.254.1,8324/20,K2187,L5364,L5364,S2420,,4930,48B53,Ⅸ,35,3,48A63,Ⅸ,31,4,3755,,44,2,38,,,,,,2.11.1308,8,3,,,,,,,
𗻎,U+17ECE,,5.327.2,2741/40,K4900,L3153,L3153,S3270,,4931,48B54,Ⅸ,35,4,48A64,Ⅸ,31,5,3756,,44,2,38,,,,,,2.11.1309,8,4,,,,,,,
𗿎,U+17FCE,,6.053.1,2441/22,K3886,L2761,L2761,S5733,211-087,4932,48B55,Ⅸ,35,5,48A62,Ⅸ,31,3,3757,,44,2,38,,,,,,2.11.1310,8,5,,,,,,,
𗧸,U+179F8,,4.379.2,2741/22,K4962,L3124,L3124,S3549,205-081,4933,48B56,Ⅸ,36,1,48A65,Ⅸ,32,1,4162,,64,2,54,,,,,,2.13.2606,6,6,,,,,,,
𘎵,U+183B5,,7.341.2,8742/00,K1697,L5613,L5613,S2810,236-05c,4934,48B57,Ⅸ,36,2,48A68,Ⅸ,32,4,4163,,64,2,54,,,,,,2.13.2607,6,7,,,,,,,
𗢼,U+178BC,,4.026.3,2742/00,K1692,L3180,L3180,S3944,204-05g,4935,48B58,Ⅸ,36,3,48A66,Ⅸ,32,2,4164,,64,2,54,,,,,,2.13.2608,6,8,,,,,,,
𗣗,U+178D7,,4.045.2,2142/00,K1718,L2184,L2184,S3507,204-061,4936,48B61,Ⅸ,36,4,48A67,Ⅸ,32,3,4165,,64,2,54,,,,,,2.13.2609,6,9,,,,,,,
𘊠,U+182A0,,7.136.1,2742/20,K1655,L3205,L3205,S5773,,4937,48B62,Ⅸ,36,5,48A71,Ⅸ,32,5,4166,,64,2,54,,,,,,2.13.2610,6,10,,,,,,,
𗨒,U+17A12,,4.404.4,2141/22,K4283,L2097,L2097,S3572,204-09zo,4938,48B63,Ⅸ,37,1,48A72,Ⅸ,33,1,4475,,82,2,71,,,,,,2.16.1107,2,3,,,,,,,
𘌃,U+18303,,7.212.1,9121/20,K4280,L5818,L5818,S1687,139-031,4939,48B64,Ⅸ,37,2,48A73,Ⅸ,33,2,4476,,82,2,71,,,,,,2.16.1108,2,4,,,,,,,
𘌔,U+18314,,7.226.2,9724/20,K3464,L5928,L5928,S1703,,4940,48B65,Ⅸ,37,3,48A74,Ⅸ,33,3,4477,,82,2,71,,,,,,2.16.1109,2,5,,,,,,,
𘙶,U+18676,,8.330.1,1271/47,K5582,L0624,L0624,S5114,162-061,4941,48B66,Ⅸ,37,4,48B11,Ⅸ,33,8,4478,,82,2,71,,,,,,2.16.1110,2,6,,,,,,,
𘅁,U+18141,,6.343.1,1341/20,K5074,L0675,L0675,S4747,230-064,4942,48B67,Ⅸ,37,5,48B12,Ⅸ,33,9,4479,,82,2,71,,,,,,2.16.1201,2,7,,,,,,,
𘔦,U+18526,,8.050.1,1122/18,K0182,L0197,L0197,S1061,,4943,48B68,Ⅸ,37,6,48B13,Ⅸ,33,10,4480,,82,2,71,,,,,,2.16.1202,2,8,,,,,,,
𗬝,U+17B1D,,3.374.1,2942/20,K0894,L3786,L3786,S5641,203-072,4944,48B71,Ⅸ,37,7,48A75,Ⅸ,33,4,4481,,82,2,71,,,,,,2.16.1203,2,9,,,,,,,
𗏕,U+173D5,,3.373.3,2441/40,K4087,L2774,L2774,S5645,203-073,4945,48B72,Ⅸ,37,8,48A76,Ⅸ,33,5,4482,,82,2,71,,,,,,2.16.1204,2,10,,,,,,,
𗝤,U+17764,,3.162.2,5042/20,K0896,L4286,L4286,S1008,,4946,48B73,Ⅸ,37,9,48A78,Ⅸ,33,7,4483,,82,2,71,,,,,,2.16.1205,2,11,,,,,,,
𗵈,U+17D48,,5.030.2,1022/22,K0870,L0029,L0029,S0172,,4947,48B74,Ⅸ,37,10,48B16,Ⅸ,33,13,4484,,82,2,71,,,,,,2.16.1206,2,12,,,,,,,
𗝬,U+1776C,,3.166.2,5041/42,K3994,L4266,L4266,S0818,017-121,4948,48B75,Ⅸ,37,11,48B15,Ⅸ,33,12,4485,,82,2,71,,,,,,2.16.1207,2,13,,,,,,,
𘏇,U+183C7,,7.355.1,8441/42,K3993,L5452,L5452,S2692,236-062,4949,48B76,Ⅸ,37,12,48B14,Ⅸ,33,11,4486,,82,2,71,,,,,,2.16.1208,2,14,,,,,,,
𗠂,U+17802,,3.245.1,1892/72,K0788,L1614,L1614,S0450,154-092,4950,48B77,Ⅸ,37,13,48B23,Ⅸ,34,4,4487,,82,2,71,,,,,,2.16.1209,2,15,,,,,,,
𗙲,U+17672,,3.034.3,1824/20,K3223,L1634,L1634,S0013,104-061,4951,48B78,Ⅸ,37,14,48B17,Ⅸ,33,14,4488,,82,2,71,,,,,,2.16.1210,2,16,,,,,,,
𗬛,U+17B1B,,3.373.1,2244/00,K3512,L2457,L2457,S5647,203-061,4952,49A11,Ⅸ,37,15,48A77,Ⅸ,33,6,4489,,82,2,71,,,,,,2.16.1211,2,17,,,,,,,
𗟄,U+177C4,,3.203.2,5051/54,K4402,L4391,L4391,S0739,017-153,4953,49A12,Ⅸ,38,1,48B53,Ⅸ,38,14,995,1.36.252,30,1,29,7,3,𗝕,𗐠,,1.13.1401,5,3,,,,,,,
𘚶,U+186B6,,8.357.1,2151/54,K4401,L2302,L2302,S1338,315-071,4954,49A13,Ⅸ,38,2,48B42,Ⅸ,38,5,994,1.36.251,30,1,29,7,2,𗝕,𗐠,,1.13.1308,5,2,,,,,,,
𗔱,U+17531,,2.392.1,8051/54,K4403,L5022,L5022,S1845,,4955,49A14,Ⅸ,38,3,48B48,Ⅸ,38,11,996,1.36.261,30,1,29,7,4,𗝕,𗐠,,1.13.1402,5,4,,,,,,,
𘚰,U+186B0,,8.355.3,2354/50,K2197,L2689,L2689,S1334,315-052,4956,49A15,Ⅸ,38,4,48B51,Ⅸ,38,12,997,1.36.262,30,1,29,7,5,𗝕,𗐠,,1.13.1403,5,5,,,,,,,
𘚫,U+186AB,,8.354.1,2551/50,K4630,L2522,L2522,S1336,,4957,49A16,Ⅸ,38,5,48B43,Ⅸ,38,6,998,1.36.263,30,1,29,7,6,𗝕,𗐠,,1.13.1404,5,6,,,,,,,
𘚷,U+186B7,,8.361.1,2451/54,K4203,L2811,L2811,S1339,,4958,49A17,Ⅸ,38,6,48B44,Ⅸ,38,7,999,1.36.271,30,1,29,7,7,𗝕,𗐠,,,,,,,,,,,
𘚯,U+186AF,,8.355.2,2254/54,K1075,L2526,L2526,S1335,,4959,49A18,Ⅸ,38,7,48B45,Ⅸ,38,8,1000,1.36.272,30,1,29,7,8,𗝕,𗐠,,1.13.1405,5,7,,,,,,,
𘚲,U+186B2,,8.355.5,2551/50,?,L2895,L2895,S1341,,4960,49A21,Ⅸ,38,8,,,,,,,30,1,29,,,,,,,,,,,,,,,
𗾓,U+17F93,,6.010.2,2141/20,K4818,L2079,L2079,S5675,211-053,4961,49A22,Ⅸ,38,9,48B54,Ⅸ,38,15,1001,1.36.273,30,1,29,7,9,𗝕,𗐠,,1.13.1406,5,8,,,,,,,
𘃞,U+180DE,,6.236.1,8224/20,K2700,L5285,L5285,S2422,056-042,4962,49A23,Ⅸ,39,1,48B38,Ⅸ,38,3,1002,1.37.111,30,1,29,8,1,𗝕,𘎻,,1.13.1407,5,9,,,,,,,
𘃮,U+180EE,,6.266.2,8724/20,K2521,L5550,L5550,S2423,,4963,49A24,Ⅸ,39,2,48B37,Ⅸ,38,2,1003,1.37.112,30,1,29,8,2,𗝕,𘎻,,1.13.1408,5,10,,,,,,,
𘃙,U+180D9,,6.232.1,8022/00,K0552,L4741,L4741,S2407,,4964,49A25,Ⅸ,39,3,48B41,Ⅸ,38,4,,,30,1,29,,,,,,,,,,,,,,,
𗤆,U+17906,,4.097.1,2142/40,K0227,L2214,L2214,S3486,,4965,49A26,Ⅸ,40,1,48B36,Ⅸ,38,1,3387,,30,2,27,,,,,,2.08.1704,3,4,,,,,,,
𘌼,U+1833C,,7.244.1,8724/42,K1980,L5563,L5563,S2208,,4966,49A27,Ⅸ,40,2,48B52,Ⅸ,38,13,3388,,30,2,27,,,,,,2.08.1705,3,5,,,,,,,
𘚴,U+186B4,,8.356.2,2254/50,K3502,L2525,L2525,S1343,,4967,49A28,Ⅸ,40,3,48B47,Ⅸ,38,10,,,30,2,27,,,,,,,,,,,,,,,
𘚱,U+186B1,,8.355.4,2952/54,K1404,L3810,L3810,S1331,315-051,4968,49A31,Ⅸ,40,4,48B46,Ⅸ,38,9,,,30,2,27,,,,,,,,,,,,,,,
𗖨,U+175A8,,2.502.4,1772/50,K1660,L1511,L1511,S4591,,4969,49A32,Ⅸ,41,1,48B18,Ⅸ,34,1,2351,1.82.142,82,1,77,3,1,𗥛,𗩜,,1.26.1408,2,1,,,,,,,
𘙋,U+1864B,,8.302.1,1441/40,K3752,L0809,L0809,S5017,297-074,4970,49A33,Ⅸ,41,2,48B21,Ⅸ,34,2,2352,1.82.151,82,1,77,3,2,𗥛,𗩜,,1.26.1501,2,2,,,,,,,
𗘁,U+17601,,2.573.2,1141/25,K5340,L0285,L0285,S5349,218-102,4971,49A34,Ⅸ,41,3,48B22,Ⅸ,34,3,2353,1.82.152,82,1,77,3,3,𗥛,𗩜,,1.26.1502,2,3,,,,,,,
𗩪,U+17A6A,,4.461.1,2541/22,K4775,L2859,L2859,S3801,204-10za,4972,49A35,Ⅸ,42,1,48B24,Ⅸ,35,1,5256,Z.21.142,74,2,63,8,1,𗟨,𘍞,上,3.07.2302,1,26,,,,,,,
𘙟,U+1865F,,8.312.1,1744/40,K3032,L1390,L1390,S5051,,4973,49A36,Ⅸ,42,2,48B25,Ⅸ,35,2,5257,Z.21.151,74,2,63,8,2,𗟨,𘍞,,3.07.2303,1,27,,,,,,,
𗩅,U+17A45,,4.436.2,2541/44,K5122,L2869,L2869,S3479,204-10zj,4974,49A37,Ⅸ,43,1,48B31,Ⅸ,37,2,5259,Z.21.161,58,2,49,9,2,𗱅,𗫓,上,3.07.2305,1,29,,,,,,,
𗚖,U+17696,,3.054.1,5041/40,K5121,L4247,L4247,S0997,017-068,4975,49A38,Ⅸ,43,2,48B28,Ⅸ,37,1,5260,Z.21.162,58,2,49,9,3,𗱅,𗫓,上,3.07.2306,1,30,,,,,,,
𗞋,U+1778B,,3.162.3,5044/00,K2514,L4317,L4317,S1000,017-11e,4976,49A41,Ⅸ,43,3,48B33,Ⅸ,37,4,5261,Z.21.171,58,2,49,9,4,𗱅,𗫓,上,3.07.2307,1,31,,,,,,,
𘒎,U+1848E,,7.501.4,1745/25,K1180,L1408,L1408,S5171,019-093,4977,49A42,Ⅸ,43,4,48B34,Ⅸ,37,5,5262,Z.21.172,58,2,49,9,5,𗱅,𗫓,上,3.07.2308,1,32,,,,,,,
𗰧,U+17C27,,3.559.2,1725/24,K0368,L1126,L1126,S4490,107-102,4978,49A43,Ⅸ,43,5,48B35,Ⅸ,37,6,5263,,58,2,49,,,,,,3.07.2309,1,33,,,,,,,
𗧇,U+179C7,,4.338.1,2441/22,K3809,L2755,L2755,S3646,204-08zt,4979,49A44,Ⅸ,44,1,48B55,Ⅸ,39,1,4613,,90,2,76,,,,,,2.17.1103,6,2,,,,,,,
𗔿,U+1753F,,2.403.4,8421/22,K3808,L5412,L5412,S2181,,4980,49A45,Ⅸ,44,2,48B56,Ⅸ,39,2,4614,,90,2,76,,,,,,2.17.1104,6,3,,,,,,,
𗖰,U+175B0,,2.505.3,1171/40,K4182,L0437,L0437,S4600,182-092,4981,49A46,Ⅸ,44,3,48B57,Ⅸ,39,3,4615,,90,2,76,,,,,,2.17.1105,6,4,,,,,,,
𗵜,U+17D5C,,5.061.1,1044/40,K2660,L0133,L0133,S0237,018-10a,4982,49A47,Ⅸ,44,4,48B58,Ⅸ,39,4,4616,,90,2,76,,,,,,2.17.1106,6,5,,,,,,,
𗇙,U+171D9,,1.432.2,3041/40,K4070,L3833,L3833,S3026,005-122,4983,49A48,Ⅸ,44,5,48B61,Ⅸ,39,5,4617,,90,2,76,,,,,,2.17.1107,6,6,,,,,,,
𗥡,U+17961,,4.224.2,2841/00,K4731,L3566,L3566,S3593,204-07zf,4984,49A51,Ⅸ,45,1,48B63,Ⅸ,40,2,2670,,1,2,1,,,,,,2.02.1707,7,1,,,,,,,
𘊞,U+1829E,,7.134.2,2841/00,K4732,L3567,L3567,S5772,,4985,49A52,Ⅸ,45,2,48B64,Ⅸ,40,3,2671,,1,2,1,,,,,,2.02.1708,7,2,,,,,,,
𗻉,U+17EC9,,5.325.1,2841/40,K4728,L3604,L3604,S3223,,4986,49A53,Ⅸ,45,3,48B74,Ⅸ,40,11,2672,,1,2,1,,,,,,2.02.2101,7,3,,,,,,,
𘊡,U+182A1,,7.136.2,2549/00,K0674,L2894,L2894,S5771,215-101,4987,49A54,Ⅸ,45,4,48B65,Ⅸ,40,4,2673,,1,2,1,,,,,,2.02.2102,7,4,,,,,,,
𘙷,U+18677,,8.332.1,1871/45,K4730,L1816,L1816,S5115,,4988,49A55,Ⅸ,45,5,48B62,Ⅸ,40,1,2674,,1,2,1,,,,,,2.02.2103,7,5,,,,,,,
𗘝,U+1761D,,2.586.2,1822/24,K1851,L1615,L1615,S5447,053-051,4989,49A56,Ⅸ,45,6,48B71,Ⅸ,40,8,2675,,1,2,1,,,,,,2.02.2104,7,6,,,,,,,
𗘟,U+1761F,,2.587.1,1724/20,K3406,L1080,L1080,S5451,,4990,49A57,Ⅸ,45,7,48B72,Ⅸ,40,9,2676,,1,2,1,,,,,,2.02.2105,7,7,,,,,,,
𘇗,U+181D7,,6.478.1,1121/42,K5315,L0186,L0186,S5294,,4991,49A58,Ⅸ,45,8,48B68,Ⅸ,40,7,2677,,1,2,1,,,,,,2.02.2106,7,8,,,,,,,
𗭐,U+17B50,,3.410.2,3324/20,K3076,L3908,L3908,S2993,,4992,49A61,Ⅸ,45,9,49A15,Ⅸ,41,2,2678,,1,2,1,,,,,,2.02.2107,7,9,,,,,,,
𗹖,U+17E56,,5.240.1,1794/00,K3326,L1570,L1570,S1149,,4993,49A62,Ⅸ,45,10,49A12,Ⅸ,40,17,2679,,1,2,1,,,,,,2.02.2201,7,10,,,,,,,
𘛃,U+186C3,,8.370.1,3022/20,K0581,L3819,L3819,S2935,008-061,4994,49A63,Ⅸ,45,11,48B66,Ⅸ,40,5,2680,,1,2,1,,,,,,2.02.2202,7,11,,,,,,,
𗐣,U+17423,,2.198.2,3022/22,K1716,L3821,L3821,S2927,006-092,4995,49A64,Ⅸ,45,12,48B77,Ⅸ,40,14,2681,,1,2,1,,,,,,2.02.2203,7,12,,,,,,,
𗐦,U+17426,,2.201.1,3024/00,K3303,L3824,L3824,S2949,006-102,4996,49A65,Ⅸ,45,13,48B76,Ⅸ,40,13,2682,,1,2,1,,,,,,2.02.2204,7,13,,,,,,,
𗇌,U+171CC,,2.196.3,3021/21,K5462,L3812,L3812,S2929,,4997,49A66,Ⅸ,45,14,48B78,Ⅸ,40,15,2683,,1,2,1,,,,,,2.02.2205,7,14,,,,,,,
𗄨,U+17128,,1.206.2,7121/24,K5253,L4506,L4506,S0261,002-111,4998,49A67,Ⅸ,45,15,49A13,Ⅸ,40,18,2684,,1,2,1,,,,,,2.02.2206,7,15,,,,,,,
𗞂,U+17782,,3.177.1,5041/40,K4729,L4258,L4258,S0846,017-127,4999,49A68,Ⅸ,45,16,48B75,Ⅸ,40,12,2685,,1,2,1,,,,,,2.02.2207,7,16,,,,,,,
𘇖,U+181D6,,6.477.2,1221/40,K4633,L0488,L0488,S5296,,5000,49A71,Ⅸ,45,17,48B73,Ⅸ,40,10,,,1,2,1,,,,,,,,,,,,,,,
𗕇,U+17547,,2.409.3,9024/20,K2188,L5808,L5808,S2867,,5001,49A72,Ⅸ,45,18,49A11,Ⅸ,40,16,,,1,2,1,,,,,,,,,,,,,,,
𘒃,U+18483,,7.495.1,1724/20,K3327,L1086,L1086,S4673,,5002,49A73,Ⅸ,46,1,49A14,Ⅸ,41,1,51,1.06.232,1,1,1,13,1,𘄊,𘇡,,1.05.1205,14,1,,,,,,,
𗒿,U+174BF,,2.310.1,8025/22,K1147,L4845,L4845,S1960,,5003,49A74,Ⅸ,46,2,49A17,Ⅸ,41,4,52,1.06.233,1,1,1,13,2,𘄊,𘇡,,1.05.1206,14,2,,,,,,,
𗕆,U+17546,,2.409.2,9025/22,K1130,L5809,L5809,S2866,,5004,49A75,Ⅸ,46,3,48B67,Ⅸ,40,6,53,1.06.241,1,1,1,13,3,𘄊,𘇡,,1.05.1207,14,3,,,,,,,
𘋲,U+182F2,,7.202.1,8742/22,K1586,L5627,L5627,S2123,,5005,49A76,Ⅸ,46,4,49A16,Ⅸ,41,3,54,1.06.242,1,1,1,13,4,𘄊,𘇡,,1.05.1301,14,4,,,,,,,
𗓀,U+174C0,,2.310.2,8022/21,K1282,L4746,L4746,S1962,007-11i,5006,49A77,Ⅸ,46,5,49A18,Ⅸ,41,5,,,1,1,1,,,,,,,,,,,,,,,
𗨴,U+17A34,,4.428.1,2142/24,K3663,L2204,L2204,S3780,204-09zn,5007,49A78,Ⅸ,47,1,49A21,Ⅸ,42,1,3994,,56,2,47,,,,,,2.12.2407,4,13,,,,,,,
𘚗,U+18697,,8.347.2,1321/24,K5243,L0642,L0642,S0399,,5008,49B11,Ⅸ,47,2,49A26,Ⅸ,42,6,3995,,56,2,47,,,,,,2.12.2408,4,14,,,,,,,
𘚕,U+18695,,8.346.1,1122/20,K0282,L0200,L0200,S0398,308-071,5009,49B12,Ⅸ,47,3,49A25,Ⅸ,42,5,3996,,56,2,47,,,,,,2.12.2409,4,15,,,,,,,
𗵝,U+17D5D,,5.061.2,1042/80,K0173,L0115,L0115,S0255,018-102,5010,49B13,Ⅸ,47,4,49A27,Ⅸ,42,7,3997,,56,2,47,,,,,,2.12.2410,4,16,,,,,,,
𗵓,U+17D53,,5.047.1,1022/24,K3664,L0034,L0034,S0218,018-094,5011,49B14,Ⅸ,47,5,49A31,Ⅸ,42,9,3998,,56,2,47,,,,,,2.12.2411,4,17,,,,,,,
𗊪,U+172AA,,1.589.2,2122/24,K3662,L2029,L2029,S4156,181-07b,5012,49B15,Ⅸ,47,6,49A22,Ⅸ,42,2,3999,,56,2,47,,,,,,2.12.2412,4,18,,,,,,,
𗌄,U+17304,,1.667.1,2224/22,K2933,L2418,L2418,S4157,,5013,49B16,Ⅸ,47,7,49A23,Ⅸ,42,3,4000,,56,2,47,,,,,,2.12.2501,4,19,,,,,,,
𗛓,U+176D3,,3.079.4,5074/00,K3287,L4414,L4414,S0992,,5014,49B17,Ⅸ,47,8,49A34,Ⅸ,42,12,4001,,56,2,47,,,,,,2.12.2502,4,20,,,,,,,
𗆒,U+17192,,1.381.3,2101/22,K5028,L1901,L1901,S1411,041-106,5015,49B18,Ⅸ,47,9,49A35,Ⅸ,42,13,4002,,56,2,47,,,,,,2.12.2503,4,21,,,,,,,
𗵩,U+17D69,,5.070.1,1044/00,K2467,L0120,L0120,S0254,018-083,5016,49B21,Ⅸ,47,10,49A28,Ⅸ,42,8,,,56,2,47,,,,,,,,,,,,,,,
𗰦,U+17C26,,3.559.1,1821/24,K4684,L1595,L1595,S4480,,5017,49B22,Ⅸ,48,1,54A77,Ⅸ,D,7,1644,1.57.142,51,1,49,15,1,𗱸,𗛀,,1.19.1307,13,1,,,,,,,
𘚖,U+18696,,8.347.1,1722/22,K0858,L1018,L1018,S0400,,5018,49B23,Ⅸ,48,2,49A24,Ⅸ,42,4,1645,1.57.151,51,1,49,15,2,𗱸,𗛀,,1.19.1308,13,2,,,,,,,
𘂚,U+1809A,,6.181.1,9171/45,K5333,L5855,L5855,S1733,157-062,5019,49B24,Ⅸ,49,1,53A44,Ⅸ,140,1,4340,,73,2,62,,,,,,2.15.1109,1,3,,,,,,,
𘂈,U+18088,,6.174.1,9470/42,K0296,L5914,L5914,S1735,157-031,5020,49B25,Ⅸ,49,2,49A32,Ⅸ,42,10,,,73,2,62,,,,,,,,,,,,,,,
𘔄,U+18504,,8.032.2,7741/42,K4967,L4627,L4627,S0578,,5021,49B26,Ⅸ,49,3,53A45,Ⅸ,140,2,4342,,73,2,62,,,,,,2.15.1201,1,5,,,,,,,
𘓽,U+184FD,,8.028.1,7141/40,K4521,L4556,L4556,S0566,,5022,49B27,Ⅸ,49,4,53A46,Ⅸ,140,3,4341,,73,2,62,,,,,,2.15.1110,1,4,,,,,,,
𗪿,U+17ABF,,4.533.2,2341/22,K5040,L2614,L2614,S3577,204-12m,5023,49B28,Ⅸ,50,1,49A36,Ⅸ,43,1,694,1.27.142,19,1,19,7,1,𗝕,𗇒,,1.11.1308,7,1,,,,,,,
𗃇,U+170C7,,1.148.1,2301/22,K5055,L2551,L2551,S1501,039-152,5024,49B31,Ⅸ,50,2,49A37,Ⅸ,43,2,695,1.27.151,19,1,19,7,2,𗝕,𗇒,,1.11.1309,7,2,,,,,,,
𗴔,U+17D14,,3.717.2,2774/42,K3137,L3417,L3417,S3088,,5025,49B32,Ⅸ,50,3,49A42,Ⅸ,43,5,696,1.27.152,19,1,19,7,3,𗝕,𗇒,,1.11.1310,7,3,,,,,,,
𗍲,U+17372,,2.068.1,4121/45,K5337,L4026,L4026,S0594,100-111,5026,49B33,Ⅸ,50,4,49A38,Ⅸ,43,3,697,1.27.153,19,1,19,7,4,𗝕,𗇒,,1.11.1401,7,4,,,,,,,
𘍻,U+1837B,,7.294.1,8824/22,K2085,L5714,L5714,S2488,111-061,5027,49B34,Ⅸ,50,5,49A41,Ⅸ,43,4,698,1.27.161,19,1,19,7,5,𗝕,𗇒,,1.11.1402,7,5,,,,,,,
𗏿,U+173FF,,2.190.4,2745/45,K1201,L3377,L3377,S5609,202-131,5028,49B35,Ⅸ,51,1,49A43,Ⅸ,43,6,3188,,19,2,16,,,,,,2.06.2604,4,1,,,,,,,
𗥰,U+17970,,4.246.1,2744/00,K3094,L3284,L3284,S3804,204-07y,5029,49B36,Ⅸ,51,2,49A44,Ⅸ,43,7,3189,,19,2,16,,,,,,2.06.2605,4,2,,,,,,,
𗥟,U+1795F,,4.223.1,2341/20,K5115,L2604,L2604,S3718,,5030,49B37,Ⅸ,51,3,49A45,Ⅸ,43,8,3190,,19,2,16,,,,,,2.06.2606,4,3,,,,,,,
𗩌,U+17A4C,,4.443.1,2344/44,K2027,L2680,L2680,S3414,204-10zi,5031,49B38,Ⅸ,52,1,49A46,Ⅸ,44,1,4984,Z.10.121,7,1,7,4,1,𘟔,𗘳,,3.04.1501,4,1,,,,,,,
𘈦,U+18226,,7.023.1,1344/14,K2026,L0701,L0701,S0432,123B-041,5032,49B41,Ⅸ,52,2,49A47,Ⅸ,44,2,4985,Z.10.122,7,1,7,4,2,𘟔,𗘳,,3.04.1502,4,2,,,,,,,
𗍦,U+17366,,2.004.1,1022/22,?,L0028,L0028,S1072,,5033,49B42,Ⅸ,52,3,49A48,Ⅸ,44,3,4986,Z.10.131,7,1,7,4,3,𘟔,𗘳,,3.04.1503,4,3,,,,,,,
𗬘,U+17B18,,3.371.2,2742/20,K1579,L3189,L3189,S5638,203-052,5034,49B43,Ⅸ,53,1,49A52,Ⅸ,45,2,3912,,53,2,44,,,,,,2.12.1405,2,4,,,,,,,
𗤾,U+1793E,,4.182.2,2240/55,K0118,L2447,L2447,S3362,204-07d,5035,49B44,Ⅸ,53,2,49A51,Ⅸ,45,1,3913,,53,2,44,,,,,,2.12.1406,2,5,,,,,,,
𗂧,U+170A7,,1.114.2,2702/24,K3676,L2937,L2937,S1594,039-111,5036,49B45,Ⅸ,54,1,49A55,Ⅸ,46,3,5264,,64,2,54,,,,,,3.07.2401,1,34,,,,,,,
𗨞,U+17A1E,,4.414.1,2742/24,K3677,L3230,L3230,S3836,204-09zk,5037,49B46,Ⅸ,54,2,49A53,Ⅸ,46,1,5265,,64,2,54,,,,,,3.07.2402,1,35,,,,,,,
𗁻,U+1707B,,1.088.1,2401/24,K4205,L2704,L2704,S1595,,5038,49B47,Ⅸ,54,3,49A54,Ⅸ,46,2,5266,,64,2,54,,,,,,3.07.2403,1,36,,,,,,,
𗨙,U+17A19,,4.407.2,2741/42,K5002,L3159,L3159,S3690,204-096,5039,49B48,Ⅸ,54,4,54B14,Ⅸ,D,12,5267,,64,2,54,,,,,,3.07.2404,1,37,,,,,,,
𗧔,U+179D4,,4.348.2,2742/20,K0856,L3198,L3198,S3857,,5040,49B51,Ⅸ,55,1,49A56,Ⅸ,47,1,1837,1.63.251,61,1,58,4,1,𗽈,𗡞,,1.20.2702,4,6,,,,,,,
𗱸,U+17C78,,3.620.1,1724/20,K2349,L1074,L1074,S4836,026-094,5041,49B52,Ⅸ,55,2,49A57,Ⅸ,47,2,1838,1.63.252,61,1,58,4,2,𗽈,𗡞,,1.20.2703,4,7,,,,,,,
𘆈,U+18188,,6.408.2,1851/40,K4682,L1784,L1784,S4822,059-101,5042,49B53,Ⅸ,55,3,49A64,Ⅸ,47,7,1839,1.63.253,61,1,58,4,3,𗽈,𗡞,,1.20.2704,4,8,,,,,,,
𘎓,U+18393,,7.313.2,8142/40,K1717,L5224,L5224,S2452,,5043,49B54,Ⅸ,55,4,49A65,Ⅸ,47,8,1840,1.63.261,61,1,58,4,4,𗽈,𗡞,,1.20.2705,4,9,,,,,,,
𗲢,U+17CA2,,3.645.1,1744/00,K3519,L1304,L1304,S4954,026-112,5044,49B55,Ⅸ,55,5,49A58,Ⅸ,47,3,1841,1.63.262,61,1,58,4,5,𗽈,𗡞,,1.20.2706,4,10,,,,,,,
𗇲,U+171F2,,1.446.4,1771/42,K5350,L1488,L1488,S4441,,5045,49B56,Ⅸ,55,6,49A62,Ⅸ,47,5,1842,1.63.271,61,1,58,4,6,𗽈,𗡞,,1.20.2707,4,11,,,,,,,
𗲋,U+17C8B,,3.632.2,1744/42,K2846,L1529,L1529,S4896,,5046,49B57,Ⅸ,55,7,49A61,Ⅸ,47,4,1843,1.63.272,61,1,58,4,7,𗽈,𗡞,,1.20.2708,4,12,,,,,,,
𘗝,U+185DD,,8.222.1,8154/52,K3549,L5252,L5252,S2464,,5047,49B58,Ⅸ,55,8,49A66,Ⅸ,47,9,1844,1.64.111,61,1,58,4,8,𗽈,𗡞,,1.21.1101,4,13,,,,,,,
𗏫,U+173EB,,2.176.2,2144/41,K2130,L2273,L2273,S5604,202-092,5048,49B61,Ⅸ,56,1,49A67,Ⅸ,47,10,4088,,61,2,51,,,,,,2.13.1604,5,6,,,,,,,
𗄿,U+1713F,,1.232.1,2804/22,K2074,L3497,L3497,S1397,041-062,5049,49B62,Ⅸ,56,2,49A63,Ⅸ,47,6,4089,,61,2,51,,,,,,2.13.1605,5,7,,,,,,,
𗣽,U+178FD,,4.071.3,2141/22,?,L2089,L2089,S3356,,5050,49B63,Ⅸ,57,1,49A77,Ⅸ,48,8,2945,,10,2,9,,,,,,2.04.2306,6,1,,,,,,,
𗐵,U+17435,,2.214.1,8024/20,K1993,L4803,L4803,S1838,007-062,5051,49B64,Ⅸ,57,2,49A68,Ⅸ,48,1,2946,,10,2,9,,,,,,2.04.2307,6,2,,,,,,,
𗥀,U+17940,,4.184.2,2142/74,K1432,L2225,L2225,S3365,,5052,49B65,Ⅸ,57,3,49A76,Ⅸ,48,7,2947,,10,2,9,,,,,,2.04.2401,6,3,,,,,,,
𘂃,U+18083,,6.168.2,8744/42,K2831,L5666,L5666,S2331,,5053,49B66,Ⅸ,57,4,49A72,Ⅸ,48,3,2948,,10,2,9,,,,,,2.04.2402,6,4,,,,,,,
𗷞,U+17DDE,,5.153.1,1124/14,K1049,L0217,L0217,S0322,122-093,5054,49B67,Ⅸ,57,5,,,,,2949,,10,2,9,,,,,,2.04.2403,6,5,,,,,,,
𗞱,U+177B1,,3.197.1,5021/44,K4520,L4137,L4137,S0700,017-142,5055,49B68,Ⅸ,57,6,49A75,Ⅸ,48,6,2950,,10,2,9,,,,,,2.04.2404,6,6,,,,,,,
𗚕,U+17695,,3.053.4,5042/00,K1558,L4281,L4281,S0896,017-08j,5056,49B71,Ⅸ,57,7,49B11,Ⅸ,48,10,2951,,10,2,9,,,,,,2.04.2405,6,7,,,,,,,
𗼰,U+17F30,,5.397.4,2742/00,K1557,L3184,L3184,S4037,210-032,5057,49B72,Ⅸ,57,8,49B13,Ⅸ,48,12,2952,,10,2,9,,,,,,2.04.2406,6,8,,,,,,,
𘞰,U+187B0,,8.511.1,8844/20,K2104,L5761,L5761,S2616,299-062,5058,49B73,Ⅸ,57,9,49B14,Ⅸ,48,13,2953,,10,2,9,,,,,,2.04.2407,6,9,,,,,,,
𗺲,U+17EB2,,5.317.1,2742/44,K1559,L3257,L3257,S3260,,5059,49B74,Ⅸ,57,10,49B12,Ⅸ,48,11,2954,,10,2,9,,,,,,2.04.2408,6,10,,,,,,,
𘝾,U+1877E,,8.520.2,1740/00,?,L1142,L1142,S4784,009-074,5060,49B75,Ⅸ,57,11,49B15,Ⅸ,48,14,2955,,10,2,9,,,,,,2.04.2409,6,11,,,,,,,
𘝿,U+1877F,,8.521.1,1742/00,K1639,L1222,L1222,S4786,,5061,49B76,Ⅸ,57,12,49B17,Ⅸ,48,16,2956,,10,2,9,,,,,,2.04.2410,6,12,,,,,,,
𘞁,U+18781,,8.522.2,1742/20,K0810,L1241,L1241,S4785,,5062,49B77,Ⅸ,57,13,49B16,Ⅸ,48,15,2957,,10,2,9,,,,,,2.04.2411,6,13,,,,,,,
𗡎,U+1784E,,3.288.1,7121/44,K4519,L4518,L4518,S0516,255-102,5063,49B78,Ⅸ,57,14,49A73,Ⅸ,48,4,2958,,10,2,9,,,,,,2.04.2502,6,14,,,,,,,
𗡛,U+1785B,,3.295.1,7822/45,K1222,L4647,L4647,S0517,255-141,5064,50A11,Ⅸ,57,15,49A74,Ⅸ,48,5,,,10,2,9,,,,,,,,,,,,,,,
𘛙,U+186D9,,8.382.3,8044/00,?,L4948,L4948,S1990,,5065,50A12,Ⅸ,57,16,49A71,Ⅸ,48,2,,,10,2,9,,,,,,,,,,,,,,,
𗧧,U+179E7,,4.368.1,2144/00,K3054,L3286A,?,S3368,,5066,50A13,Ⅸ,57,17,49A78,Ⅸ,48,9,,,10,2,9,,,,,,,,,,,,,,,
𗵂,U+17D42,,5.023.1,1042/40,K0216,L0111,L0111,S0180,018-096,5067,50A14,Ⅸ,58,1,49B22,Ⅸ,49,3,1005,1.37.122,30,1,29,9,2,𗛧,𘎻,,1.13.1502,6,2,,,,,,,
𗈀,U+17200,,1.451.3,1724/20,K3207,L1068,L1068,S4552,009-103,5068,50A15,Ⅸ,58,2,54A78,Ⅸ,D,8,1007,1.37.132,30,1,29,9,4,𗛧,𘎻,,1.13.1504,6,4,,,,,,,
𗌼,U+1733C,,2.012.1,1142/40,K0215,L0338,L0338,S0644,,5069,50A16,Ⅸ,58,3,49B23,Ⅸ,49,4,1006,1.37.131,30,1,29,9,3,𗛧,𘎻,,1.13.1503,6,3,,,,,,,
𗨨,U+17A28,,4.418.1,2441/22,K3849,L2757,L2757,S3860,204-09v,5070,50A17,Ⅸ,59,1,49B24,Ⅸ,50,1,4674,,95,2,80,,,,,,2.17.1708,2,6,,,,,,,
𘑼,U+1847C,,7.491.3,1441/22,K3853,L0794,L0794,S4575,,5071,50A18,Ⅸ,59,2,49B25,Ⅸ,50,2,4675,,95,2,80,,,,,,2.17.1709,2,7,,,,,,,
𘓨,U+184E8,,8.001.3,1742/40,K1542,L1275,L1275,S0035,,5072,50A21,Ⅸ,59,3,49B26,Ⅸ,50,3,4676,,95,2,80,,,,,,2.17.2101,2,8,,,,,,,
𗧨,U+179E8,,4.372.1,2441/21,?,L2743,L2743,S3467,,5073,50A22,Ⅸ,60,1,49B41,Ⅸ,51,11,4388,,77,2,66,,,,,,2.15.1704,2,1,,,,,,,
𗧋,U+179CB,,4.343.2,2141/40,K4353,L2133,L2133,S3687,204-088,5074,50A23,Ⅸ,60,2,49B27,Ⅸ,51,1,4389,,77,2,66,,,,,,2.15.1705,2,2,,,,,,,
𗴴,U+17D34,,5.004.2,1052/20,K1543,L0140,L0140,S0232,018-082,5075,50A24,Ⅸ,60,3,49B28,Ⅸ,51,2,4390,,77,2,66,,,,,,2.15.1706,2,3,,,,,,,
𗛰,U+176F0,,3.091.3,5044/20,K2613,L4344,L4344,S0870,017-09i,5076,50A25,Ⅸ,60,4,49B32,Ⅸ,51,4,4391,,77,2,66,,,,,,2.15.1707,2,4,,,,,,,
𗛝,U+176DD,,3.083.1,5041/40,K4148,L4246,L4246,S0711,017-091,5077,50A26,Ⅸ,60,5,49B34,Ⅸ,51,6,4392,,77,2,66,,,,,,2.15.1708,2,5,,,,,,,
𗚩,U+176A9,,3.062.5,5044/20,K1919,L4343,L4343,S0994,017-076,5078,50A27,Ⅸ,60,6,49B33,Ⅸ,51,5,4393,,77,2,66,,,,,,2.15.1709,2,6,,,,,,,
𗋊,U+172CA,,1.612.1,2721/42,K5284,L3013,L3013,S4247,181-081,5079,50A28,Ⅸ,60,7,49B37,Ⅸ,51,9,4394,,77,2,66,,,,,,2.15.1710,2,7,,,,,,,
𘁔,U+18054,,6.142.3,8021/24,K4257,L4704,L4704,S2168,025-101,5080,50A31,Ⅸ,60,8,49B35,Ⅸ,51,7,4395,,77,2,66,,,,,,2.15.1711,2,8,,,,,,,
𘚌,U+1868C,,8.341.4,4121/12,K4524,L4022,L4022,S0671,,5081,50A32,Ⅸ,60,9,49B36,Ⅸ,51,8,4396,,77,2,66,,,,,,2.15.1712,2,9,,,,,,,
𗮅,U+17B85,,3.441.2,8421/22,K3826,L5414,L5414,S2260,047-063,5082,50A33,Ⅸ,60,10,49B38,Ⅸ,51,10,4397,,77,2,66,,,,,,2.15.2101,2,10,,,,,,,
𗴳,U+17D33,,5.004.1,1025/00,K0632,L0059,L0059,S0223,,5083,50A34,Ⅸ,60,11,49B31,Ⅸ,51,3,,,77,2,66,,,,,,,,,,,,,,,
𗣒,U+178D2,,4.039.2,2145/50,K1158,L2290,L2290,S3400,204-056,5084,50A35,Ⅸ,61,1,49B42,Ⅸ,52,1,3984,,56,2,47,,,,,,2.12.2309,4,3,,,,,,,
𘞤,U+187A4,,8.542.1,8041/00,K5229,L4874,L4874,S1821,028-031,5085,50A36,Ⅸ,61,2,49B46,Ⅸ,52,5,3985,,56,2,47,,,,,,2.12.2310,4,4,,,,,,,
𗪖,U+17A96,,4.495.3,2745/55,K0359,L3384,L3384,S3406,204-11p,5086,50A37,Ⅸ,61,3,49B44,Ⅸ,52,3,3986,,56,2,47,,,,,,2.12.2311,4,5,,,,,,,
𘞦,U+187A6,,8.543.2,8742/40,K1674,L5637,L5637,S1823,,5087,50A38,Ⅸ,61,4,49B45,Ⅸ,52,4,3987,,56,2,47,,,,,,2.12.2312,4,6,,,,,,,
𗇩,U+171E9,,1.439.4,1790/00,K0648,L1549,L1549,S4327,022-051,5088,50A41,Ⅸ,61,5,49B48,Ⅸ,52,7,3988,,56,2,47,,,,,,2.12.2401,4,7,,,,,,,
𗳽,U+17CFD,,3.699.1,1294/00,K2725,L0636,L0636,S5456,054-041,5089,50A42,Ⅸ,61,6,49B51,Ⅸ,52,8,3989,,56,2,47,,,,,,2.12.2402,4,8,,,,,,,
𗺰,U+17EB0,,5.316.3,2244/42,K3608,L2505,L2505,S3254,144-066,5090,50A43,Ⅸ,61,7,49B52,Ⅸ,52,9,3990,,56,2,47,,,,,,2.12.2403,4,9,,,,,,,
𗪔,U+17A94,,4.495.1,2244/55,K3498,L2515,L2515,S3412,,5091,50A44,Ⅸ,61,8,49B43,Ⅸ,52,2,3991,,56,2,47,,,,,,2.12.2404,4,10,,,,,,,
𗿊,U+17FCA,,6.052.1,2744/22,K1961,L3322,L3322,S5737,,5092,50A45,Ⅸ,61,9,49B53,Ⅸ,52,10,3992,,56,2,47,,,,,,2.12.2405,4,11,,,,,,,
𘞥,U+187A5,,8.543.1,8742/40,K1600,L5636,L5636,S1822,,5093,50A46,Ⅸ,61,10,49B47,Ⅸ,52,6,3993,,56,2,47,,,,,,2.12.2406,4,12,,,,,,,
𗗮,U+175EE,,2.564.2,5704/44,K2567,L5953,L5953,S5466,086-121,5094,50A47,Ⅸ,62,1,49B55,Ⅸ,53,1,164,1.10.122,3,1,3,15,1,𘌛,𘝲,,1.06.1306,15,1,,,,,,,
𗗬,U+175EC,,2.563.2,5702/42,K0919,L5949,L5949,S5465,086-111,5095,50A48,Ⅸ,62,2,49B56,Ⅸ,53,2,165,1.10.131,3,1,3,15,2,𘌛,𘝲,,1.06.1307,15,2,,,,,,,
𗽆,U+17F46,,5.431.1,2949/00,K0724,L3792,L3792,S4013,,5096,50A51,Ⅸ,62,3,49B57,Ⅸ,53,3,166,1.10.132,3,1,3,15,3,𘌛,𘝲,,1.06.1308,15,3,,,,,,,
𘗪,U+185EA,,8.237.3,1741/10,K5319,L1175,L1175,S4364,132-001,5097,50A52,Ⅸ,62,4,49B61,Ⅸ,53,5,167,1.10.141,3,1,3,15,4,𘌛,𘝲,,1.06.1401,15,4,,,,,,,
𘇄,U+181C4,,6.464.2,1321/52,K5054,L0649,L0649,S5244,080-082,5098,50A53,Ⅸ,62,5,49B58,Ⅸ,53,4,168,1.10.142,3,1,3,15,5,𘌛,𘝲,,1.06.1402,15,5,,,,,,,
𘅝,U+1815D,,6.366.3,1141/42,K5026,L0305,L0305,S4757,230-085,5099,50A54,Ⅸ,63,1,49B62,Ⅸ,54,1,2796,,3,2,3,,,,,,2.03.2109,10,1,,,,,,,
𗥩,U+17969,,4.241.2,2742/22,K1587,L3216,L3216,S3648,204-089,5100,50A55,Ⅸ,63,2,49B63,Ⅸ,54,2,2797,,3,2,3,,,,,,2.03.2201,10,2,,,,,,,
𗩼,U+17A7C,,4.476.1,2444/00,K2411,L2809,L2809,S3907,,5101,50A56,Ⅸ,64,1,49B65,Ⅸ,55,2,788,1.30.142,22,1,22,4,3,𗜮,𗸖,,1.11.2307,3,3,,,,,,,
𗥷,U+17977,,4.251.3,2744/00,K3036,L3282,L3282,S3869,204-07c,5102,50A57,Ⅸ,64,2,49B64,Ⅸ,55,1,789,1.30.151,22,1,22,4,4,𗜮,𗸖,,1.11.2308,3,4,,,,,,,
𗝡,U+17761,,3.161.1,5044/00,K3037,L4321,L4321,S0889,017-11n,5103,50A58,Ⅸ,64,3,49B67,Ⅸ,55,4,790,1.30.152,22,1,22,4,5,𗜮,𗸖,,1.11.2309,3,5,,,,,,,
𗣉,U+178C9,,4.035.1,2742/20,K0920,L3192,L3192,S3923,,5104,50A61,Ⅸ,64,4,49B66,Ⅸ,55,3,791,1.30.153,22,1,22,4,6,𗜮,𗸖,,1.11.2310,3,6,,,,,,,
𗫙,U+17AD9,,4.558.2,2744/55,K2305,L3355,L3355,S3408,204-136,5105,50A62,Ⅸ,65,1,49B68,Ⅸ,56,1,3337,,28,2,25,,,,,,2.08.1206,4,1,,,,,,,
𘀛,U+1801B,,6.117.3,3721/24,?,L3946,L3946,S2886,,5106,50A63,Ⅸ,65,2,49B71,Ⅸ,56,2,3338,,28,2,25,,,,,,2.08.1207,4,2,,,,,,,
𘀊,U+1800A,,6.109.1,3324/27,K2047,L3913,L3913,S2885,,5107,50A64,Ⅸ,65,3,49B72,Ⅸ,56,3,3339,,28,2,25,,,,,,2.08.1208,4,3,,,,,,,
𗜯,U+1772F,,3.132.1,5024/27,K2048,L4190,L4190,S0835,,5108,50A65,Ⅸ,65,4,49B73,Ⅸ,56,4,3340,,28,2,25,,,,,,2.08.1209,4,4,,,,,,,
𘚡,U+186A1,,8.350.1,7224/55,K3500,L4565,L4565,S0290,002-122,5109,50A66,Ⅸ,65,5,49B74,Ⅸ,56,5,3341,,28,2,25,,,,,,2.08.1210,4,5,,,,,,,
𗒸,U+174B8,,2.301.1,8044/00,K3033,L4949,L4949,S2113,007-11d,5110,50A67,Ⅸ,66,1,49B75,Ⅸ,56,6,922,1.34.221,28,1,27,13,1,𗱸,𗸣,,1.12.2302,7,1,,,,,,,
𗃒,U+170D2,,1.155.3,1121/25,K4296,L0181,L0181,S4316,039-075,5111,50A68,Ⅸ,66,2,49B76,Ⅸ,56,7,923,1.34.222,28,1,27,13,2,𗱸,𗸣,,1.12.2303,7,2,,,,,,,
𘌚,U+1831A,,7.228.2,9724/20,K2402,L5929,L5929,S1706,,5112,50A71,Ⅸ,66,3,49B77,Ⅸ,56,8,924,1.34.231,28,1,27,13,3,𗱸,𗸣,,1.12.2304,7,3,,,,,,,
𘴈,U+18736,,8.456.3,5794/00,K3411,L4457,L4457,S0971,017c-052,5113,50A72,Ⅸ,67,1,50A11,Ⅸ,57,2,4140,,64,2,54,,,,,,2.13.2403,1,8,,,,,,,
𗨺,U+17A3A,,4.430.2,2141/20,K5439,L2076,L2076,S3381,204-10l,5114,50A73,Ⅸ,67,2,49B78,Ⅸ,57,1,4141,,64,2,54,,,,,,2.13.2404,1,9,,,,,,,
𗥶,U+17976,,4.251.1,2344/70,K2051,L2682,L2682,S3840,204-07z,5115,50A74,Ⅸ,68,1,50A17,Ⅸ,58,6,2735,,2,2,2,,,,,,2.03.1202,4,1,,,,,,,
𗗄,U+175C4,,2.527.1,1171/40,K4815,L0438,L0438,S4666,182-111,5116,50A75,Ⅸ,68,2,50A14,Ⅸ,58,3,2736,,2,2,2,,,,,,2.03.1203,4,2,,,,,,,
𗍬,U+1736C,,2.062.1,4421/40,K4054,L4048,L4048,S0598,100-061,5117,50A76,Ⅸ,68,3,50A16,Ⅸ,58,5,2737,,2,2,2,,,,,,2.03.1204,4,3,,,,,,,
𗊰,U+172B0,,1.594.1,2724/20,K3305,L3047,L3047,S4184,181-075,5118,50A77,Ⅸ,68,4,50A18,Ⅸ,58,7,2738,,2,2,2,,,,,,2.03.1205,4,4,,,,,,,
𘈂,U+18202,,7.585.2,1844/00,K3266,L1743,L1743,S5143,,5119,50A78,Ⅸ,68,5,50A21,Ⅸ,58,8,2739,,2,2,2,,,,,,2.03.1206,4,5,,,,,,,
𗸊,U+17E0A,,5.192.1,1451/54,K4174,L0833,L0833,S0348,123-082,5120,50B11,Ⅸ,68,6,50A22,Ⅸ,58,9,2740,,2,2,2,,,,,,2.03.1207,4,6,,,,,,,
𗇺,U+171FA,,1.450.1,1722/50,K1603,L1044,L1044,S4530,009-104,5121,50B12,Ⅸ,68,7,50A23,Ⅸ,58,10,2741,,2,2,2,,,,,,2.03.1208,4,7,,,,,,,
𘚥,U+186A5,,3.296.1,7421/40,K4233,L4579,L4579,S0563,255-055,5122,50B13,Ⅸ,68,8,54A73,Ⅸ,D,3,2742,,2,2,2,,,,,,2.03.1209,4,8,,,,,,,
𗕼,U+1757C,,2.458.1,1374/00,K2049,L0731,L0731,S4665,182-042,5123,50B14,Ⅸ,68,9,50A13,Ⅸ,58,2,2743,,2,2,2,,,,,,2.03.1210,4,9,,,,,,,
𗖑,U+17591,,2.482.2,1372/21,K1366,L0727,L0727,S4613,,5124,50B15,Ⅸ,68,10,50A12,Ⅸ,58,1,2744,,2,2,2,,,,,,2.03.1301,4,10,,,,,,,
𗧕,U+179D5,,4.348.3,2744/00,K2306,L3283,L3283,S3864,,5125,50B16,Ⅸ,68,11,50A15,Ⅸ,58,4,,,2,2,2,,,,,,,,,,,,,,,
𗜈,U+17708,,3.100.2,5055/20,K0315,L4401,L4401,S0944,017-098,5126,50B17,Ⅸ,69,1,50A24,Ⅸ,59,1,4007,,56,2,47,,,,,,2.12.2508,4,26,,,,,,,
𗛒,U+176D2,,3.079.2,5055/00,K0325,L4400,L4400,S0949,,5127,50B18,Ⅸ,69,2,50A25,Ⅸ,59,2,4004,,56,2,47,,,,,,2.12.2505,4,23,,,,,,,
𘑞,U+1845E,,7.473.4,1240/80,K0169,L0531,L0531,S4433,,5128,50B21,Ⅸ,69,3,50A27,Ⅸ,59,4,4005,,56,2,47,,,,,,2.12.2506,4,24,,,,,,,
𗴌,U+17D0C,,3.692.1,5274/22,K2602,L4443,L4443,S5119,,5129,50B22,Ⅸ,69,4,50A28,Ⅸ,59,5,4006,,56,2,47,,,,,,2.12.2507,4,25,,,,,,,
𗝇,U+17747,,3.142.1,5055/70,K0471,L4403,L4403,S0947,017-10p,5130,50B23,Ⅸ,69,5,50A26,Ⅸ,59,3,4003,,56,2,47,,,,,,2.12.2504,4,22,,,,,,,
𗈡,U+17221,,1.473.2,1722/12,K0798,L0990,L0990,S4324,,5131,50B24,Ⅸ,70,1,50A32,Ⅸ,59,7,2597,1.91.231,97,1,91,3,2,𗇗,𗝙,,1.28.2705,1,8,,,,,,,
𘅓,U+18153,,6.362.3,1441/44,K3928,L0818,L0818,S4735,230-079,5132,50B25,Ⅸ,70,2,50A31,Ⅸ,59,6,2598,1.91.232,97,1,91,3,3,𗇗,𗝙,,1.28.2706,1,9,,,,,,,
𗚐,U+17690,,3.052.1,5044/00,K1944,L4315,L4315,S0715,017-065,5133,50B26,Ⅸ,71,1,50A33,Ⅸ,60,1,1909,1.66.131,63,1,60,2,1,𗛧,𘆬,,1.21.2204,1,12,,,,,,,
𘇊,U+181CA,,6.469.2,1524/54,K1945,L0852,L0852,S5198,080-101,5134,50B27,Ⅸ,71,2,50A35,Ⅸ,60,3,1910,1.66.132,63,1,60,2,2,𗛧,𘆬,,1.21.2205,1,13,,,,,,,
𗻮,U+17EEE,,5.335.3,2544/44,K1946,L2880,L2880,S3210,,5135,50B28,Ⅸ,71,3,50A37,Ⅸ,60,5,1911,1.66.141,63,1,60,2,3,𗛧,𘆬,,1.21.2206,1,14,,,,,,,
𗗞,U+175DE,,2.545.4,1324/25,K2185,L0663,L0663,S5263,049-091,5136,50B31,Ⅸ,71,4,50A36,Ⅸ,60,4,1912,1.66.142,63,1,60,2,4,𗛧,𘆬,,1.21.2207,1,15,,,,,,,
𗚇,U+17687,,3.049.1,5022/00,K0922,L4146,L4146,S0990,,5137,50B32,Ⅸ,71,5,50A34,Ⅸ,60,2,,,63,1,60,,,,,,,,,,,,,,,
𗍭,U+1736D,,2.065.1,4825/50,K1301,L4088,L4088,S0595,100-071,5138,50B33,Ⅸ,72,1,50A43,Ⅸ,62,2,4048,,58,2,49,,,,,,2.13.1204,2,2,,,,,,,
𗜗,U+17717,,3.122.4,5025/45,K1302,L4203,L4203,S0704,017-108,5139,50B34,Ⅸ,72,2,50A45,Ⅸ,62,4,4049,,58,2,49,,,,,,2.13.1205,2,3,,,,,,,
𗽣,U+17F63,,5.450.2,2744/25,K1954,L3328,L3328,S3998,,5140,50B35,Ⅸ,72,3,50A44,Ⅸ,62,3,4050,,58,2,49,,,,,,2.13.1206,2,4,,,,,,,
𘑿,U+1847F,,7.492.2,1140/00,K5767,L0242,L0242,S4565,,5141,50B36,Ⅸ,72,4,50A46,Ⅸ,62,5,,,58,2,49,,,,,,,,,,,,,,,
𗚚,U+1769A,,3.055.1,5040/00,K3296,L4209,L4209,S0821,017-062,5142,50B37,Ⅸ,73,1,50A47,Ⅸ,63,1,3758,,44,2,38,,,,,,2.11.1311,9,1,,,,,,,
𗴙,U+17D19,,3.719.2,2874/42,K3246,L3742,L3742,S3078,,5143,50B38,Ⅸ,73,2,50A51,Ⅸ,63,3,3759,,44,2,38,,,,,,2.11.1312,9,2,,,,,,,
𗑶,U+17476,,2.266.3,8024/20,K0410,L4805,L4805,S1852,,5144,50B41,Ⅸ,73,3,50A48,Ⅸ,63,2,3760,,44,2,38,,,,,,2.11.1313,9,3,,,,,,,
𗙇,U+17647,,3.013.1,1722/22,K0551,L1008,L1008,S0088,102-085,5145,50B42,Ⅸ,73,4,50A53,Ⅸ,63,5,3761,,44,2,38,,,,,,2.11.1401,9,4,,,,,,,
𗴝,U+17D1D,,3.724.1,2575/42,K0355,L2901,L2901,S3074,,5146,50B43,Ⅸ,73,5,50A52,Ⅸ,63,4,,,44,2,38,,,,,,,,,,,,,,,
𗶫,U+17DAB,,1.680.3,2710/00,K0040,L2996,L2996,S4193,319-103,5147,50B44,Ⅸ,74,1,50A56,Ⅸ,64,3,3800,,46,2,40,,,,,,2.11.1707,5,1,,,,,,,
𗚿,U+176BF,,3.071.2,5022/24,K0151,L4153,L4153,S0687,017-08e,5148,50B45,Ⅸ,74,2,50A55,Ⅸ,64,2,3801,,46,2,40,,,,,,2.11.1708,5,2,,,,,,,
𘉩,U+18269,,7.091.2,2151/50,K4711,L2300,L2300,S3296,,5149,50B46,Ⅸ,74,3,50A57,Ⅸ,64,4,3802,,46,2,40,,,,,,2.11.1709,5,3,,,,,,,
𗞥,U+177A5,,3.194.1,5042/25,K1592,L4298,L4298,S0891,,5150,50B47,Ⅸ,75,1,50A58,Ⅸ,65,1,3487,,34,2,30,,,,,,2.09.1305,3,4,,,,,,,
𗯕,U+17BD5,,3.474.1,9751/20,K4984,L5946,L5946,S1676,,5151,50B48,Ⅸ,75,2,50A63,Ⅸ,65,4,3488,,34,2,30,,,,,,2.09.1306,3,5,,,,,,,
𗯗,U+17BD7,,3.475.1,9151/21,?,L5834,L5834,S1674,088-061,5152,50B51,Ⅸ,75,3,50A64,Ⅸ,65,5,3489,,34,2,30,,,,,,2.09.1307,3,6,,,,,,,
𗭔,U+17B54,,3.414.1,3721/22,K4986,L3945,L3945,S2982,105-072,5153,50B52,Ⅸ,75,4,50A66,Ⅸ,65,7,3490,,34,2,30,,,,,,2.09.1308,3,7,,,,,,,
𗯔,U+17BD4,,3.473.3,9253/00,K5556,L5874,L5874,S1678,088-011,5154,50B53,Ⅸ,75,5,50A65,Ⅸ,65,6,3491,,34,2,30,,,,,,2.09.1309,3,8,,,,,,,
𗡳,U+17873,,3.319.1,1141/22,?,L0272,L0272,S1166,,5155,50B54,Ⅸ,75,6,50A67,Ⅸ,65,8,3492,,34,2,30,,,,,,2.09.1401,3,9,,,,,,,
𗈅,U+17205,,1.455.1,1754/20,?,L1455,L1455,S4668,,5156,50B55,Ⅸ,75,7,50A71,Ⅸ,65,10,3493,,34,2,30,,,,,,2.09.1402,3,10,,,,,,,
𗜵,U+17735,,3.134.3,5052/22,K3633,L4392,L4392,S0757,,5157,50B56,Ⅸ,75,8,50A62,Ⅸ,65,3,,,34,2,30,,,,,,,,,,,,,,,
𗈓,U+17213,,1.465.2,1759/00,K0745,L1445,L1445,S4667,,5158,50B57,Ⅸ,75,9,50A72,Ⅸ,65,11,,,34,2,30,,,,,,,,,,,,,,,
𘅊,U+1814A,,6.357.1,1141/22,K3806,L0273,L0273,S4715,230-073,5159,50B58,Ⅸ,76,1,50A68,Ⅸ,65,9,1199,1.43.151,34,1,33,3,3,𗒿,𗑗,,1.15.1301,3,3,,,,,,,
𘞉,U+18789,,8.527.1,1141/20,K5022,L0262,L0262,S4965,,5160,50B61,Ⅸ,76,2,50A73,Ⅸ,65,12,1200,1.43.152,34,1,33,3,4,𗒿,𗑗,,1.15.1302,3,4,,,,,,,
𗃃,U+170C3,,1.147.1,2101/42,K3870,L1928,L1928,S1546,039-141,5161,50B62,Ⅸ,77,1,50A76,Ⅸ,66,3,2621,1.92.221,101,1,93,2,1,𗯾,𘏲,,1.29.1404,2,1,,,,,,,
𗕍,U+1754D,,2.410.4,1721/00,K5369,L0912,L0912,S4378,,5162,50B63,Ⅸ,77,2,50A74,Ⅸ,66,1,2622,1.92.222,101,1,93,2,2,𗯾,𘏲,,1.29.1405,2,2,,,,,,,
𗕋,U+1754B,,2.410.3,1750/00,K0016,L1425,L1425,S4322,,5163,50B64,Ⅸ,77,3,50A75,Ⅸ,66,2,,,101,1,93,,,,,,,,,,,,,,,
𗚶,U+176B6,,3.067.1,5042/24,K1408,L4296,L4296,S0987,017-082,5164,50B65,Ⅸ,78,1,50A77,Ⅸ,67,1,214,1.11.242,6,1,6,2,1,𗮧,𘔯,,1.06.2304,2,1,,,,,,,
𗛔,U+176D4,,3.079.5,5044/20,K3507,L4351,L4351,S0989,,5165,50B66,Ⅸ,78,2,50A78,Ⅸ,67,2,215,1.11.251,6,1,6,2,2,𗮧,𘔯,,1.06.2305,2,2,,,,,,,
𘖱,U+185B1,,8.194.2,8021/40,K4131,L4717,L4717,S2587,028-083,5166,50B67,Ⅸ,78,3,50B11,Ⅸ,67,3,216,1.11.252,6,1,6,2,3,𗮧,𘔯,,1.06.2306,2,3,,,,,,,
𘓮,U+184EE,,8.004.1,1822/44,K1871,L1624,L1624,S0458,261-053,5167,50B68,Ⅸ,79,1,50B13,Ⅸ,68,2,4446,,80,2,69,,,,,,2.15.2509,1,4,,,,,,,
𗝔,U+17754,,3.148.4,5022/44,K1872,L4158,L4158,S0698,017-12l,5168,50B71,Ⅸ,79,2,50B12,Ⅸ,68,1,4447,,80,2,69,,,,,,2.15.2510,1,5,,,,,,,
𘁺,U+1807A,,6.161.3,8771/24,K4902,L5690,L5690,S2149,091-121,5169,50B72,Ⅸ,80,1,50B14,Ⅸ,69,1,4987,Z.10.132,43,1,42,5,1,𗱅,𘁣,,3.04.1504,5,1,,,,,,,
𗳲,U+17CF2,,3.694.1,1151/20,K5399,L0392,L0392,S5426,,5170,50B73,Ⅸ,80,2,50B15,Ⅸ,69,2,4988,Z.10.141,43,1,42,5,2,𗱅,𘁣,,3.04.1505,5,2,,,,,,,
𗸬,U+17E2C,,5.206.2,1841/00,K4690,L1669,L1669,S1085,223-061,5171,50B74,Ⅸ,80,3,50B16,Ⅸ,69,3,4989,Z.10.142,43,1,42,5,3,𗱅,𘁣,,3.04.1506,5,3,,,,,,,
𘟕,U+187D5,,8.579.1,1421/42,K4230,L0763,L0763,S5181,,5172,50B75,Ⅸ,80,4,50B17,Ⅸ,69,4,4990,Z.10.151,43,1,42,5,4,𗱅,𘁣,,3.04.1507,5,4,,,,,,,
𗜦,U+17726,,3.127.1,5041/20,K5428,L4226,L4226,S0900,017-10c,5173,50B76,Ⅸ,81,1,50B21,Ⅸ,70,2,2136,1.74.131,70,1,67,11,6,𗱸,𗥚,,1.23.2703,8,6,,,,,,,
𘁰,U+18070,,6.158.1,8121/24,K4118,L5080,L5080,S1921,,5174,50B77,Ⅸ,81,2,50B18,Ⅸ,70,1,4272,,70,2,60,,,,,,2.14.2209,5,2,,,,,,,
𗷙,U+17DD9,,5.137.1,1724/12,K2311,L1065,L1065,S0334,,5175,50B78,Ⅸ,82,1,52B76,Ⅸ,130,2,4310,,70,2,60,,,,,,2.14.2509,11,1,,,,,,,
𘏣,U+183E3,,7.378.1,8441/44,K3909,L5455,L5455,S2652,236-06l,5176,51A11,Ⅸ,82,2,52B75,Ⅸ,130,1,4311,,70,2,60,,,,,,2.14.2510,11,2,,,,,,,
𘃸,U+180F8,,6.294.1,1224/20,K2779,L0496,L0496,S4791,,5177,51A12,Ⅸ,83,1,51B31,Ⅸ,91,1,1925,1.66.241,64,1,61,4,1,𘔫,𗖞,,1.21.2405,3,1,,,,,,,
𗼴,U+17F34,,5.400.2,2142/40,K1904,L2218,L2218,S3985,210-056,5178,51A13,Ⅸ,83,2,51B32,Ⅸ,91,2,1926,1.66.242,64,1,61,4,2,𘔫,𗖞,,1.21.2406,3,2,,,,,,,
𗸫,U+17E2B,,5.206.1,1841/40,K5159,L1694,L1694,S1084,,5179,51A14,Ⅸ,83,3,51B33,Ⅸ,91,3,1927,1.66.251,64,1,61,4,3,𘔫,𗖞,,1.21.2501,3,3,,,,,,,
𗸩,U+17E29,,5.205.1,1145/50,K1209,L0384,L0384,S1081,,5180,51A15,Ⅸ,83,4,51B34,Ⅸ,91,4,1928,1.66.252,64,1,61,4,4,𘔫,𗖞,,1.21.2502,3,4,,,,,,,
𘁒,U+18052,,6.142.1,8024/20,K2342,L4812,L4812,S2164,,5181,51A16,Ⅸ,84,1,50B22,Ⅸ,71,1,4682,,96,2,81,,,,,,2.17.2108,3,1,,,,,,,
𗜎,U+1770E,,3.114.1,5052/22,K0864,L4393,L4393,S0985,,5182,51A17,Ⅸ,84,2,50B34,Ⅸ,71,11,4683,,96,2,81,,,,,,2.17.2109,3,2,,,,,,,
𗵗,U+17D57,,5.049.1,1041/44,K5151,L0098,L0098,S0176,018-108,5183,51A18,Ⅸ,84,3,50B35,Ⅸ,71,12,4684,,96,2,81,,,,,,2.17.2110,3,3,,,,,,,
𗹯,U+17E6F,,5.284.2,2104/52,K3552,L1980,L1980,S1290,,5184,51A21,Ⅸ,84,4,50B23,Ⅸ,71,2,4685,,96,2,81,,,,,,2.17.2201,3,4,,,,,,,
𘑁,U+18441,,7.457.1,8942/52,K0862,L5797,L5797,S2660,,5185,51A22,Ⅸ,84,5,50B25,Ⅸ,71,4,4686,,96,2,81,,,,,,2.17.2202,3,5,,,,,,,
𗉿,U+1727F,,1.560.1,2124/20,K3553,L2044,L2044,S4153,181-044,5186,51A23,Ⅸ,84,6,50B31,Ⅸ,71,8,4687,,96,2,81,,,,,,2.17.2203,3,6,,,,,,,
𗐚,U+1741A,,2.155.2,2742/20,K0571,L3188,L3188,S5561,,5187,51A24,Ⅸ,84,7,50B32,Ⅸ,71,9,4688,,96,2,81,,,,,,2.17.2204,3,7,,,,,,,
𗈴,U+17234,,1.504.2,5902/22,K0863,L5992,L5992,S5483,,5188,51A25,Ⅸ,84,8,50B33,Ⅸ,71,10,4689,,96,2,81,,,,,,2.17.2205,3,8,,,,,,,
𗺃,U+17E83,,5.294.2,2804/52,K2300,L3514,L3514,S1296,,5189,51A26,Ⅸ,84,9,50B24,Ⅸ,71,3,4690,,96,2,81,,,,,,2.17.2206,3,9,,,,,,,
𗴱,U+17D31,,5.001.3,1040/00,K3154,L0062,L0062,S0233,018-064,5190,51A27,Ⅸ,84,10,50B27,Ⅸ,71,6,,,96,2,81,,,,,,,,,,,,,,,
𗵲,U+17D72,,5.079.3,1021/24,K5145,L0023,L0023,S0221,018-141,5191,51A28,Ⅸ,85,1,50B26,Ⅸ,71,5,2588,1.91.152,96,1,90,3,2,𘜘,𗌮,,1.28.2601,3,2,,,,,,,
𘈸,U+18238,,7.048.1,1794/00,K3092,L1568,L1568,S1130,,5192,51A31,Ⅸ,85,2,50B28,Ⅸ,71,7,2589,1.91.161,96,1,90,3,3,𘜘,𗌮,,1.28.2602,3,3,,,,,,,
𘉌,U+1824C,,7.070.1,7722/42,K1566,L4607,L4607,S1647,259-031,5193,51A32,Ⅸ,86,1,50B37,Ⅸ,72,2,4597,,90,2,76,,,,,,2.16.2609,4,1,,,,,,,
𘉘,U+18258,,7.083.2,7224/42,K2852,L4562,L4562,S1644,259-061,5194,51A33,Ⅸ,86,2,50B36,Ⅸ,72,1,4598,,90,2,76,,,,,,2.16.2610,4,2,,,,,,,
𗚥,U+176A5,,3.062.1,5022/42,K1568,L4157,L4157,S0756,017-09d,5195,51A34,Ⅸ,86,3,50B38,Ⅸ,72,3,4599,,90,2,76,,,,,,2.16.2611,4,3,,,,,,,
𘐸,U+18438,,7.454.1,8542/50,K1526,L5483,L5483,S2669,,5196,51A35,Ⅸ,86,4,50B41,Ⅸ,72,4,4600,,90,2,76,,,,,,2.16.2701,4,4,,,,,,,
𗊐,U+17290,,1.571.1,2824/00,K0429,L3539,L3539,S4206,,5197,51A36,Ⅸ,86,5,50B42,Ⅸ,72,5,4602,,90,2,76,,,,,,2.16.2703,4,6,,,,,,,
𗼢,U+17F22,,5.386.1,2884/22,K0430,L3754,L3754,S3329,,5198,51A37,Ⅸ,86,6,50B43,Ⅸ,72,6,4601,,90,2,76,,,,,,2.16.2702,4,5,,,,,,,
𗛃,U+176C3,,3.073.2,5021/24,K5140,L4106,L4106,S0740,017-08h,5199,51A38,Ⅸ,87,1,50B44,Ⅸ,73,1,2214,1.77.121,72,1,69,12,1,𗶤,𘁮,,1.24.2405,12,1,,,,,,,
𗁴,U+17074,,1.084.1,2705/22,K0590,L2980,L2980,S1521,,5200,51A41,Ⅸ,87,2,50B45,Ⅸ,73,2,2215,1.77.122,72,1,69,12,2,𗶤,𘁮,,1.24.2406,12,2,,,,,,,
𘓇,U+184C7,,7.570.1,5874/52,K3118,L4465,L4465,S5124,164-071,5201,51A42,Ⅸ,87,3,50B46,Ⅸ,73,3,2216,1.77.123,72,1,69,12,3,𗶤,𘁮,,1.24.2407,12,3,,,,,,,
𘓁,U+184C1,,7.565.1,5274/50,K2850,L4444,L4444,S5126,164-041,5202,51A43,Ⅸ,87,4,50B51,Ⅸ,73,6,2217,1.77.131,72,1,69,12,4,𗶤,𘁮,,,,,,,,,,,
𘓃,U+184C3,,7.567.2,5174/54,K1111,L4438,L4438,S5123,164-065,5203,51A44,Ⅸ,87,5,50B52,Ⅸ,73,7,2218,1.77.132,72,1,69,12,5,𗶤,𘁮,,,,,,,,,,,
𘓆,U+184C6,,7.569.1,5874/50,K3250,L4464,L4464,S5125,164-064,5204,51A45,Ⅸ,88,1,50B47,Ⅸ,73,4,2219,1.77.141,72,1,69,13,1,𗶤,𗴩,,,,,,,,,,,
𘓂,U+184C2,,7.567.1,5171/51,K5488,L4435,L4435,S5122,164-061,5205,51A46,Ⅸ,88,2,50B48,Ⅸ,73,5,2220,1.77.142,72,1,69,13,2,𗶤,𗴩,,1.24.2501,12,4,,,,,,,
𘐛,U+1841B,,7.431.2,8841/24,K5138,L5727,L5727,S2706,236-088,5206,51A47,Ⅸ,88,3,50B53,Ⅸ,73,8,2221,1.77.151,72,1,69,13,3,𗶤,𗴩,,1.24.2502,12,5,,,,,,,
𗔡,U+17521,,2.382.1,8041/44,K3737,L4915,L4915,S1971,,5207,51A48,Ⅸ,88,4,50B54,Ⅸ,73,9,2222,1.77.152,72,1,69,13,4,𗶤,𗴩,,1.24.2503,12,6,,,,,,,
𗛏,U+176CF,,3.078.1,5042/42,K0482,L4307,L4307,S0772,017-08i,5208,51A51,Ⅸ,89,1,50B55,Ⅸ,74,1,2441,1.85.241,87,1,82,6,1,𗱕,𘊎,,1.27.1602,5,1,,,,,,,
𘈃,U+18203,,7.585.3,1441/50,K3766,L0819,L0819,S5145,239-061,5209,51A52,Ⅸ,89,2,50B56,Ⅸ,74,2,2442,1.85.242,87,1,82,6,2,𗱕,𘊎,,1.27.1603,5,2,,,,,,,
𗈱,U+17231,,1.501.1,5401/50,K3761,L5913,L5913,S5489,087-062,5210,51A53,Ⅸ,89,3,50B57,Ⅸ,74,3,2443,1.85.251,87,1,82,6,3,𗱕,𘊎,,1.27.1604,5,3,,,,,,,
𗅂,U+17142,,1.242.1,2401/25,K3762,L2708,L2708,S1468,041-063,5211,51A54,Ⅸ,89,4,50B61,Ⅸ,74,5,2444,1.85.252,87,1,82,6,4,𗱕,𘊎,,1.27.1605,5,4,,,,,,,
𗆖,U+17196,,1.384.2,2902/22,K0868,L3760,L3760,S1466,041-104,5212,51A55,Ⅸ,89,5,50B58,Ⅸ,74,4,2445,1.85.261,87,1,82,6,5,𗱕,𘊎,,1.27.1606,5,5,,,,,,,
𘑕,U+18455,,7.464.1,8541/00,K0072,L5473,L5473,S2676,236-141,5213,51A56,Ⅸ,89,6,50B64,Ⅸ,74,8,2446,1.85.262,87,1,82,6,6,𗱕,𘊎,,1.27.1607,5,6,,,,,,,
𗳐,U+17CD0,,2.545.5,1524/22,K3057,L0892,L0892,S5267,,5214,51A57,Ⅸ,89,7,50B62,Ⅸ,74,6,2447,1.85.271,87,1,82,6,7,𗱕,𘊎,,1.27.1701,5,7,,,,,,,
𗳈,U+17CC8,,3.669.2,1294/40,K2870,L0639,L0639,S5285,,5215,51A58,Ⅸ,89,8,50B63,Ⅸ,74,7,2448,1.85.272,87,1,82,6,8,𗱕,𘊎,,1.27.1702,5,8,,,,,,,
𘃜,U+180DC,,6.234.1,8722/20,K1589,L5523,L5523,S2425,056-041,5216,51A61,Ⅸ,89,9,50B65,Ⅸ,74,9,2449,1.86.111,87,1,82,6,9,𗱕,𘊎,,1.27.1703,5,9,,,,,,,
𘋜,U+182DC,,7.171.1,8541/42,K4761,L5479,L5479,S1928,106-072,5217,51A62,Ⅸ,89,10,50B66,Ⅸ,74,10,2450,1.86.112,87,1,82,6,10,𗱕,𘊎,,1.27.1704,5,10,,,,,,,
𗾅,U+17F85,,5.397.1,2324/24,K2659,L2593,L2593,S4059,,5218,51A63,Ⅸ,89,11,50B67,Ⅸ,74,11,2451,1.86.121,87,1,82,6,11,𗱕,𘊎,,1.27.1705,5,11,,,,,,,
𗱞,U+17C5E,,3.599.3,1744/00,K2006,L1300,L1300,S4951,026-074,5219,51A64,Ⅸ,90,1,50B72,Ⅸ,75,3,832,1.31.232,25,1,24,8,1,𗕆,𘕆,,1.12.1106,5,1,,,,,,,
𗱰,U+17C70,,3.610.2,1742/40,K1546,L1271,L1271,S4952,,5220,51A65,Ⅸ,90,2,50B71,Ⅸ,75,2,833,1.31.241,25,1,24,8,2,𗕆,𘕆,,1.12.1107,5,2,,,,,,,
𗝢,U+17762,,3.161.2,5049/00,?,L4299,L4299,S1011,017-11w,5221,51A66,Ⅸ,90,3,50B68,Ⅸ,75,1,834,1.31.242,25,1,24,8,3,𗕆,𘕆,,1.12.1108,5,3,,,,,,,
𗹵,U+17E75,,5.289.2,2304/50,K2953,L2570,L2570,S1298,135-051,5222,51A67,Ⅸ,90,4,50B73,Ⅸ,75,4,835,1.31.251,25,1,24,8,4,𗕆,𘕆,,1.12.1109,5,4,,,,,,,
𗻅,U+17EC5,,5.324.3,2744/44,K2004,L3346,L3346,S3259,,5223,51A68,Ⅸ,90,5,50B75,Ⅸ,75,6,836,1.31.252,25,1,24,8,5,𗕆,𘕆,,1.12.1201,5,5,,,,,,,
𗸳,U+17E33,,5.214.1,1841/40,K4693,L1695,L1695,S4048,,5224,51A71,Ⅸ,90,6,50B74,Ⅸ,75,5,,,25,1,24,,,,,,,,,,,,,,,
𗵽,U+17D7D,,5.084.1,1244/00,K2880,L0542,L0542,S0153,221-042,5225,51A72,Ⅸ,91,1,50B76,Ⅸ,76,1,2844,,7,2,6,,,,,,2.03.2608,4,1,,,,,,,
𗛢,U+176E2,,3.084.3,5044/00,K2882,L4332,L4332,S0840,017-093,5226,51A73,Ⅸ,91,2,51A11,Ⅸ,76,4,2845,,7,2,6,,,,,,2.03.2609,4,2,,,,,,,
𗏥,U+173E5,,2.174.2,2244/40,K2881,L2488,L2488,S5573,202-095,5227,51A74,Ⅸ,91,3,50B78,Ⅸ,76,3,2846,,7,2,6,,,,,,2.03.2610,4,3,,,,,,,
𗱨,U+17C68,,3.605.2,1721/22,K4993,L0931,L0931,S4880,026-085,5228,51A75,Ⅸ,91,4,51A13,Ⅸ,76,6,2847,,7,2,6,,,,,,2.03.2611,4,4,,,,,,,
𗶀,U+17D80,,5.087.1,1744/00,K3432,L1315,L1315,S0158,221-052,5229,51A76,Ⅸ,91,5,50B77,Ⅸ,76,2,2848,,7,2,6,,,,,,2.03.2701,4,5,,,,,,,
𗶏,U+17D8F,,5.095.1,1745/00,K0370,L1401,L1401,S1193,221-071,5230,51A77,Ⅸ,91,6,51A12,Ⅸ,76,5,,,7,2,6,,,,,,,,,,,,,,,
𗱜,U+17C5C,,3.599.1,1721/20,K0031,L0922,L0922,S4877,009-072,5231,51A78,Ⅸ,91,7,51A14,Ⅸ,76,7,,,7,2,6,,,,,,,,,,,,,,,
𘏘,U+183D8,,7.369.1,8842/20,K0570,L5736,L5736,S2735,236-06b,5232,51B11,Ⅸ,92,1,51A15,Ⅸ,77,1,4464,,81,2,70,,,,,,2.15.2707,4,1,,,,,,,
𘏻,U+183FB,,7.402.2,8545/70,?,L5489,L5489,S2784,236-07c,5233,51B12,Ⅸ,92,2,51A38,Ⅸ,78,18,4465,,81,2,70,,,,,,2.15.2708,4,2,,,,,,,
𗯃,U+17BC3,,3.469.4,8221/70,K5608,L5276,L5276,S2446,269-104,5234,51B13,Ⅸ,92,3,51A16,Ⅸ,77,2,4466,,81,2,70,,,,,,2.15.2709,4,3,,,,,,,
𗾠,U+17FA0,,6.026.1,2244/20,K3625,L2470,L2470,S5727,211-069,5235,51B14,Ⅸ,92,4,51A22,Ⅸ,78,4,4467,,81,2,70,,,,,,2.15.2710,4,4,,,,,,,
𗳂,U+17CC2,,3.662.1,4721/24,K4095,L4061,L4061,S5309,,5236,51B15,Ⅸ,92,5,51A21,Ⅸ,78,3,4468,,81,2,70,,,,,,2.15.2711,4,5,,,,,,,
𗅣,U+17163,,1.343.1,2804/20,K3534,L3493,L3493,S1405,,5237,51B16,Ⅸ,93,1,51A36,Ⅸ,78,16,2327,1.81.161,81,1,76,4,1,𗥥,𗟍,,1.26.1104,4,1,,,,,,,
𗱕,U+17C55,,3.591.2,1721/40,K4029,L0968,L0968,S4876,026-061,5238,51B17,Ⅸ,93,2,51A17,Ⅸ,78,1,2328,1.81.162,81,1,76,4,2,𗥥,𗟍,,1.26.1105,4,2,,,,,,,
𗯨,U+17BE8,,3.484.4,8021/40,K4033,L4713,L4713,S2479,013-061,5239,51B18,Ⅸ,93,3,51A18,Ⅸ,78,2,2329,1.81.171,81,1,76,4,3,𗥥,𗟍,,1.26.1106,4,3,,,,,,,
𗅀,U+17140,,1.233.1,2804/20,K3208,L3491,L3491,S1410,,5240,51B21,Ⅸ,93,4,51A35,Ⅸ,78,15,2330,1.81.172,81,1,76,4,4,𗥥,𗟍,,1.26.1201,4,4,,,,,,,
𘛤,U+186E4,,8.387.2,8722/50,K1677,L5544,L5544,S2361,149-052,5241,51B22,Ⅸ,93,5,51A33,Ⅸ,78,13,2331,1.81.211,81,1,76,4,5,𗥥,𗟍,,1.26.1202,4,5,,,,,,,
𘓙,U+184D9,,7.633.3,2254/20,K3604,L2543,L2543,S4104,,5242,51B23,Ⅸ,93,6,51A26,Ⅸ,78,8,2332,1.81.212,81,1,76,4,6,𗥥,𗟍,,1.26.1203,4,6,,,,,,,
𘓚,U+184DA,,7.633.4,2254/00,K3482,L2542,L2542,S4112,,5243,51B24,Ⅸ,93,7,51A32,Ⅸ,78,12,2333,1.81.221,81,1,76,4,7,𗥥,𗟍,,1.26.1204,4,7,,,,,,,
𘓡,U+184E1,,7.642.1,2454/00,K2409,L2812,L2812,S4109,,5244,51B25,Ⅸ,93,8,51A31,Ⅸ,78,11,2334,1.81.222,81,1,76,4,8,𗥥,𗟍,,1.26.1205,4,8,,,,,,,
𘓕,U+184D5,,7.629.2,2852/20,K0780,L3737,L3737,S4099,061-053,5245,51B26,Ⅸ,93,9,51A27,Ⅸ,78,9,2335,1.81.231,81,1,76,4,9,𗥥,𗟍,,1.26.1206,4,9,,,,,,,
𘓏,U+184CF,,7.593.3,2152/20,K0496,L2324,L2324,S4093,,5246,51B27,Ⅸ,93,10,51A28,Ⅸ,78,10,2336,1.81.232,81,1,76,4,10,𗥥,𗟍,,1.26.1207,4,10,,,,,,,
𗞵,U+177B5,,3.198.1,5044/40,K2890,L4364,L4364,S0877,,5247,51B28,Ⅸ,94,1,51A23,Ⅸ,78,5,2337,1.81.241,81,1,76,5,1,𘜘,𗋿,,1.26.1208,4,11,,,,,,,
𗲘,U+17C98,,3.638.5,1745/20,K0322,L1403,L1403,S4922,,5248,51B31,Ⅸ,94,2,51A24,Ⅸ,78,6,2338,1.81.242,81,1,76,5,2,𘜘,𗋿,,1.26.1209,4,12,,,,,,,
𘓄,U+184C4,,7.567.3,5172/52,K0242,L4437,L4437,S5127,164-062,5249,51B32,Ⅸ,94,3,51A25,Ⅸ,78,7,2339,1.81.251,81,1,76,5,3,𘜘,𗋿,,1.26.1301,4,13,,,,,,,
𗺪,U+17EAA,,5.314.3,2141/41,K5481,L2147,L2147,S3201,144-063,5250,51B33,Ⅸ,94,4,51A37,Ⅸ,78,17,2340,1.81.252,81,1,76,5,4,𘜘,𗋿,,1.26.1302,4,14,,,,,,,
𘛥,U+186E5,,8.387.3,8122/50,K0254,L5130,L5130,S2360,149-051,5251,51B34,Ⅸ,94,5,51A34,Ⅸ,78,14,2341,1.81.261,81,1,76,5,5,𘜘,𗋿,,1.26.1303,4,15,,,,,,,
𗛄,U+176C4,,3.073.3,5021/25,K4250,L4122,L4122,S0745,017-09c,5252,51B35,Ⅸ,95,1,51A41,Ⅸ,79,1,1892,1.65.221,62,1,59,8,2,𘁰,𘉡,,1.21.1703,8,2,,,,,,,
𗅃,U+17143,,1.252.1,2401/25,K3770,L2709,L2709,S1484,041-072,5253,51B36,Ⅸ,95,2,51A42,Ⅸ,79,2,1893,1.65.222,62,1,59,8,3,𘁰,𘉡,,1.21.1704,8,3,,,,,,,
𗕩,U+17569,,2.441.3,1725/25,K1239,L1127,L1127,S4576,010-104,5254,51B37,Ⅸ,95,3,51A43,Ⅸ,79,3,1894,1.65.231,62,1,59,8,4,𘁰,𘉡,,1.21.1705,8,4,,,,,,,
𗵅,U+17D45,,5.026.2,1024/20,K0394,L0047,L0047,S0178,018-097,5255,51B38,Ⅸ,95,4,51A44,Ⅸ,79,4,1895,1.65.232,62,1,59,8,5,𘁰,𘉡,,1.21.1706,8,5,,,,,,,
𗜣,U+17723,,3.126.3,5042/22,K0971,L4292,L4292,S0865,017-10k,5256,51B41,Ⅸ,96,1,51A45,Ⅸ,80,1,1896,1.65.233,62,1,59,9,1,𗡻,𘄩,,1.21.1707,9,1,,,,,,,
𗛧,U+176E7,,3.085.4,5022/50,K1687,L4161,L4161,S0731,017-103,5257,51B42,Ⅸ,96,2,51A46,Ⅸ,80,2,1897,1.65.241,62,1,59,9,2,𗡻,𘄩,,1.21.1708,9,2,,,,,,,
𗚆,U+17686,,3.048.4,5040/00,K2552,L4206,L4206,S0794,,5258,51B43,Ⅸ,96,3,51A47,Ⅸ,80,3,,,62,1,59,,,,,,,,,,,,,,,
𗟬,U+177EC,,3.227.2,1441/44,K4170,L0816,L0816,S0313,112-082,5259,51B44,Ⅸ,97,1,51A52,Ⅸ,81,3,4167,,64,2,54,,,,,,2.13.2611,7,1,,,,,,,
𗴇,U+17D07,,3.709.4,1891/40,K4377,L1832,L1832,S5454,054-101,5260,51B45,Ⅸ,97,2,51A48,Ⅸ,81,1,4168,,64,2,54,,,,,,2.13.2701,7,2,,,,,,,
𗈫,U+1722B,,1.496.1,5702/20,K0794,L5948,L5948,S5484,,5261,51B46,Ⅸ,97,3,51A51,Ⅸ,81,2,4169,,64,2,54,,,,,,2.13.2702,7,3,,,,,,,
𗒕,U+17495,,2.285.2,8041/22,K3960,L4895,L4895,S2106,007-101,5262,51B47,Ⅸ,98,1,51A53,Ⅸ,81,4,1973,1.68.153,64,1,61,15,2,𘁰,𗭿,,1.22.1304,12,2,,,,,,,
𗞑,U+17791,,3.181.3,5041/22,K3963,L4241,L4241,S0775,,5263,51B48,Ⅸ,98,2,51A54,Ⅸ,81,5,1974,1.68.161,64,1,61,15,3,𘁰,𗭿,,1.22.1305,12,3,,,,,,,
𘂭,U+180AD,,6.203.1,8745/20,K0319,L5675,L5675,S2374,208-054,5264,51B51,Ⅸ,99,1,51A55,Ⅸ,82,1,1975,1.68.162,64,1,61,16,1,𘁰,𘉢,,1.22.1306,13,1,,,,,,,
𗓹,U+174F9,,2.349.2,8041/44,K4172,L4914,L4914,S1787,,5265,51B52,Ⅸ,99,2,51A56,Ⅸ,82,2,1976,1.68.171,64,1,61,16,2,𘁰,𘉢,,1.22.1307,13,2,,,,,,,
𘒮,U+184AE,,7.559.3,5240/28,K0167,L5869,L5869,S5324,197-052,5266,51B53,Ⅸ,100,1,51A62,Ⅸ,83,4,5279,,48,2,41,,,,,,3.07.2703,3,3,,,,,,,
𘒫,U+184AB,,7.557.1,5244/20,K2863,L5871,L5871,S5325,197-041,5267,51B54,Ⅸ,100,2,51A58,Ⅸ,83,2,5280,,48,2,41,,,,,,3.07.2704,3,4,,,,,,,
𗝈,U+17748,,3.142.2,5044/20,K2864,L4356,L4356,S0980,017-11j,5268,51B55,Ⅸ,100,3,51A57,Ⅸ,83,1,5281,,48,2,41,,,,,,3.07.2705,3,5,,,,,,,
𘒰,U+184B0,,7.561.2,5844/20,K2261,L5977,L5977,S5320,197-051,5269,51B56,Ⅸ,100,4,51A61,Ⅸ,83,3,5282,,48,2,41,,,,,,3.07.2706,3,6,,,,,,,
𘒭,U+184AD,,7.559.2,5142/25,K1157,L5833,L5833,S5319,,5270,51B57,Ⅸ,100,5,51A63,Ⅸ,83,5,5283,,48,2,41,,,,,,3.07.2707,3,7,,,,,,,
𘒯,U+184AF,,7.561.1,5341/22,K5053,L5892,L5892,S5323,197-053,5271,51B58,Ⅸ,100,6,51A64,Ⅸ,83,6,5284,,48,2,41,,,,,,3.08.1101,3,8,,,,,,,
𘜺,U+1873A,,8.472.1,5791/40,K4615,L4454,L4454,S0966,017c-101,5272,51B61,Ⅸ,101,1,51A71,Ⅸ,85,1,4593,,90,2,76,,,,,,2.16.2605,3,3,,,,,,,
𗇮,U+171EE,,1.444.2,1724/20,K2454,L1067,L1067,S4694,009-091,5273,51B62,Ⅸ,101,2,51A72,Ⅸ,85,2,4595,,90,2,76,,,,,,2.16.2607,3,5,,,,,,,
𘗊,U+185CA,,8.204.3,8041/00,K4699,L4880,L4880,S2560,028-133,5274,51B63,Ⅸ,101,3,51A73,Ⅸ,85,3,4594,,90,2,76,,,,,,2.16.2606,3,4,,,,,,,
𗆝,U+1719D,,1.387.3,2709/24,K0760,L2934,L2934,S1441,014-11d,5275,51B64,Ⅸ,101,4,54B71,Ⅸ,D,57,4596,,90,2,76,,,,,,2.16.2608,3,6,,,,,,,
𘑩,U+18469,,7.479.1,1724/12,K1975,L1066,L1066,S4511,,5276,51B65,Ⅸ,102,1,51A75,Ⅸ,86,2,4372,,75,2,64,,,,,,2.15.1504,4,3,,,,,,,
𗰓,U+17C13,,3.523.1,1224/20,K2764,L0491,L0491,S4478,107-041,5277,51B66,Ⅸ,102,2,51A74,Ⅸ,86,1,4373,,75,2,64,,,,,,2.15.1505,4,4,,,,,,,
𗯫,U+17BEB,,3.492.2,8144/24,K1034,L5239,L5239,S2815,194-042,5278,51B67,Ⅸ,102,3,51A76,Ⅸ,86,3,4374,,75,2,64,,,,,,2.15.1506,4,5,,,,,,,
𘑍,U+1844D,,7.461.1,8844/52,K2089,L5770,L5770,S2661,236-111,5279,51B68,Ⅸ,103,1,51A77,Ⅸ,87,1,5268,,70,2,60,,,,,,3.07.2405,1,38,,,,,,,
𗱅,U+17C45,,3.581.1,1151/40,K4868,L0394,L0394,S4810,058-092,5280,51B71,Ⅸ,103,2,51A78,Ⅸ,87,2,5269,,70,2,60,,,,,,3.07.2406,1,39,,,,,,,
𗸼,U+17E3C,,5.220.2,1122/20,K1714,L0198,L0198,S1099,,5281,51B72,Ⅸ,103,3,51B11,Ⅸ,87,3,5270,,70,2,60,,,,,,3.07.2407,1,40,,,,,,,
𘉳,U+18273,,7.096.2,2125/45,K1174,L2059,L2059,S3159,,5282,51B73,Ⅸ,103,4,51B12,Ⅸ,87,4,,,70,2,60,,,,,,,,,,,,,,,
𘎨,U+183A8,,7.323.2,8741/20,K4999,L5591,L5591,S2698,236-032,5283,51B74,Ⅸ,103,5,51B15,Ⅸ,87,7,5271,,70,2,60,,,,,,3.07.2501,1,41,,,,,,,
𗼑,U+17F11,,5.360.2,2481/22,K4009,L2814,L2814,S3313,205-072,5284,51B75,Ⅸ,103,6,51B13,Ⅸ,87,5,5272,,70,2,60,,,,,,3.07.2502,1,42,,,,,,,
𘁊,U+1804A,,6.139.2,8141/22,?,L5180,L5180,S2154,,5285,51B76,Ⅸ,103,7,51B14,Ⅸ,87,6,5273,,70,2,60,,,,,,3.07.2503,1,43,,,,,,,
𗰣,U+17C23,,3.556.3,1722/22,K1653,L1012,L1012,S4474,107-091,5286,51B77,Ⅸ,104,1,51B17,Ⅸ,88,2,1969,1.68.141,64,1,61,14,1,𘄄,𗟥,,1.22.1209,11,1,,,,,,,
𘅍,U+1814D,,6.358.2,1344/20,K3068,L0705,L0705,S4724,230-076,5287,51B78,Ⅸ,104,2,51B18,Ⅸ,88,3,1970,1.68.142,64,1,61,14,2,𘄄,𗟥,,1.22.1301,11,2,,,,,,,
𗂆,U+17086,,1.092.1,2702/40,K1699,L2939,L2939,S1566,039-112,5288,52A11,Ⅸ,104,3,51B16,Ⅸ,88,1,1971,1.68.151,64,1,61,14,3,𘄄,𗟥,,1.22.1302,11,3,,,,,,,
𘅎,U+1814E,,6.360.1,1745/25,K1231,L1410,L1410,S4723,230-071,5289,52A12,Ⅸ,105,1,51B46,Ⅸ,94,1,4183,,65,2,55,,,,,,2.14.1105,3,2,,,,,,,
𗗘,U+175D8,,2.537.4,1724/20,K2331,L1079,L1079,S5282,049-052,5290,52A13,Ⅸ,105,2,51B47,Ⅸ,94,2,4184,,65,2,55,,,,,,2.14.1106,3,3,,,,,,,
𗗖,U+175D6,,2.537.2,1224/24,?,L0504,L0504,S5278,,5291,52A14,Ⅸ,105,3,51B48,Ⅸ,94,3,4185,,65,2,55,,,,,,2.14.1107,3,4,,,,,,,
𗗡,U+175E1,,2.547.2,1721/24,K4901,L0955,L0955,S5279,,5292,52A15,Ⅸ,105,4,51B51,Ⅸ,94,4,4186,,65,2,55,,,,,,2.14.1108,3,5,,,,,,,
𘄬,U+1812C,,6.314.3,1592/20,K0526,L0849,L0849,S4512,155-071,5293,52A16,Ⅸ,105,5,51B53,Ⅸ,94,6,4187,,65,2,55,,,,,,2.14.1109,3,6,,,,,,,
𗗕,U+175D5,,2.537.1,1122/24,K1880,L0207,L0207,S5261,,5294,52A17,Ⅸ,105,6,51B52,Ⅸ,94,5,4188,,65,2,55,,,,,,2.14.1110,3,7,,,,,,,
𗰚,U+17C1A,,3.541.2,1421/24,K4063,L0755,L0755,S4492,107-062,5295,52A18,Ⅸ,106,1,51B21,Ⅸ,89,1,1181,1.42.232,33,1,32,11,3,𗜮,𗑆,,1.14.2701,10,3,,,,,,,
𗊢,U+172A2,,1.583.1,2421/50,K3791,L2737,L2737,S4305,181-062,5296,52A21,Ⅸ,106,2,51B22,Ⅸ,89,2,1182,1.42.233,33,1,32,11,4,𗜮,𗑆,,1.14.2702,10,4,,,,,,,
𗗺,U+175FA,,2.569.2,1744/00,K5728,L1310,L1310,S5364,218-081,5297,52A22,Ⅸ,106,3,51B23,Ⅸ,89,3,1183,1.42.241,33,1,32,11,5,𗜮,𗑆,,1.14.2703,10,5,,,,,,,
𗮬,U+17BAC,,3.460.4,8221/70,K5664,L5269,L5269,S2327,,5298,52A23,Ⅸ,107,1,51B26,Ⅸ,90,3,3468,,33,2,29,,,,,,2.09.1106,6,3,,,,,,,
𗯉,U+17BC9,,3.471.2,8221/70,K5621,L5279,L5279,S2325,,5299,52A24,Ⅸ,107,2,51B25,Ⅸ,90,2,3469,,33,2,29,,,,,,2.09.1107,6,4,,,,,,,
𗮓,U+17B93,,3.452.1,8224/24,K2898,L5291,L5291,S2270,,5300,52A25,Ⅸ,107,3,51B27,Ⅸ,90,4,3470,,33,2,29,,,,,,2.09.1108,6,5,,,,,,,
𗟣,U+177E3,,3.215.1,1744/40,K3131,L1382,L1382,S0319,112-041,5301,52A26,Ⅸ,107,4,51B28,Ⅸ,90,5,3471,,33,2,29,,,,,,2.09.1109,7,1,,,,,,,
𘅒,U+18152,,6.362.2,1441/22,K3837,L0791,L0791,S4734,230-075,5302,52A27,Ⅸ,108,1,51B35,Ⅸ,92,1,2054,1.71.132,67,1,64,8,5,𗯾,𗕣,,1.22.2704,8,5,,,,,,,
𘅂,U+18142,,6.344.1,1344/00,K2157,L0693,L0693,S4746,,5303,52A28,Ⅸ,108,2,,,,,,,67,1,64,,,,,,,,,,,,,,,
𘕥,U+18565,,8.140.1,8851/54,K5152,L5773,L5773,S2171,147-061,5304,52A31,Ⅸ,108,3,51B38,Ⅸ,92,4,2055,1.71.141,67,1,64,8,6,𗯾,𗕣,,1.22.2705,8,6,,,,,,,
𗈇,U+17207,,1.455.4,1721/24,K4387,L0942,L0942,S4696,009-115,5305,52A32,Ⅸ,108,4,51B36,Ⅸ,92,2,2056,1.71.142,67,1,64,8,7,𗯾,𗕣,,1.22.2706,8,7,,,,,,,
𗇦,U+171E6,,1.439.1,1722/22,K0120,L1000,L1000,S4695,,5306,52A33,Ⅸ,108,5,51B37,Ⅸ,92,3,2057,1.71.151,67,1,64,8,8,𗯾,𗕣,,1.22.2707,8,8,,,,,,,
𘑖,U+18456,,7.464.2,8841/40,K3749,L5730,L5730,S2737,236-143,5307,52A34,Ⅸ,108,6,51B41,Ⅸ,92,5,2058,1.71.152,67,1,64,8,9,𗯾,𗕣,,1.22.2708,8,9,,,,,,,
𗽸,U+17F78,,5.467.1,2744/22,K3016,L3321,L3321,S4026,210-121,5308,52A35,Ⅸ,109,1,51B42,Ⅸ,93,1,1157,1.41.262,33,1,32,5,2,𗲹,𘐡,,1.14.2404,5,2,,,,,,,
𗁑,U+17051,,1.060.3,2204/44,K2790,L2386,L2386,S1236,,5309,52A36,Ⅸ,109,2,51B45,Ⅸ,93,4,1158,1.41.271,33,1,32,5,3,𗲹,𘐡,,1.14.2405,5,3,,,,,,,
𗒌,U+1748C,,2.277.4,8044/00,K2901,L4955,L4955,S2070,007-09d,5310,52A37,Ⅸ,109,3,51B44,Ⅸ,93,3,1159,1.41.272,33,1,32,5,4,𗲹,𘐡,,1.14.2406,5,4,,,,,,,
𘄳,U+18133,,6.319.2,1244/00,K2896,L0543,L0543,S4756,,5311,52A38,Ⅸ,109,4,51B43,Ⅸ,93,2,1160,1.41.273,33,1,32,5,5,𗲹,𘐡,,1.14.2407,5,5,,,,,,,
𗊗,U+17297,,1.577.1,2122/20,K0248,L2024,L2024,S4177,181-069,5312,52A41,Ⅸ,110,1,51B56,Ⅸ,95,3,,,37,2,33,,,,,,,,,,,,,,,
𗱉,U+17C49,,3.586.1,1851/42,K5360,L1785,L1785,S4811,058-101,5313,52A42,Ⅸ,110,2,51B57,Ⅸ,95,4,,,37,2,33,,,,,,,,,,,,,,,
𘗿,U+185FF,,8.252.2,1141/42,K5447,L0307,L0307,S4675,118-062,5314,52A43,Ⅸ,110,3,51B54,Ⅸ,95,1,5231,Z.20.161,37,2,33,1,1,𗌙,𘁦,,3.07.1701,1,1,,,,,,,
𘗾,U+185FE,,8.252.1,1744/40,K3424,L1387,L1387,S4678,118-051,5315,52A44,Ⅸ,110,4,51B55,Ⅸ,95,2,5232,Z.20.162,37,2,33,1,2,𗌙,𘁦,,3.07.1702,1,2,,,,,,,
𘗽,U+185FD,,8.249.2,1244/40,K2793,L0590,L0590,S4677,118-041,5316,52A45,Ⅸ,111,1,51B58,Ⅸ,96,1,4375,,75,2,64,,,,,,2.15.1507,5,1,,,,,,,
𘝨,U+18768,,8.507.2,8040/00,K2517,L4861,L4861,S2612,299-001,5317,52A46,Ⅸ,111,2,51B61,Ⅸ,96,2,4376,,75,2,64,,,,,,2.15.1508,5,2,,,,,,,
𘛳,U+186F3,,8.393.2,8124/22,K1983,L5137,L5137,S2509,,5318,52A47,Ⅸ,112,1,51B63,Ⅸ,97,2,3161,,17,2,14,,,,,,2.06.2205,11,6,,,,,,,
𘘆,U+18606,,8.257.2,1791/20,K5272,L0941,L0941,S4686,,5319,52A48,Ⅸ,112,2,51B62,Ⅸ,97,1,3162,,17,2,14,,,,,,2.06.2206,11,7,,,,,,,
𗢤,U+178A4,,3.362.1,2324/22,K3324,L2592,L2592,S3141,045-121,5320,52A51,Ⅸ,112,3,51B64,Ⅸ,97,3,3163,,17,2,14,,,,,,2.06.2207,11,8,,,,,,,
𗨃,U+17A03,,4.395.1,2342/24,K0208,L2633,L2633,S3721,,5321,52A52,Ⅸ,112,4,51B65,Ⅸ,97,4,,,17,2,14,,,,,,,,,,,,,,,
𗖼,U+175BC,,2.523.3,1771/72,K4990,L1491,L1491,S4656,182-091,5322,52A53,Ⅸ,113,1,51B66,Ⅸ,98,1,1964,1.68.121,64,1,61,13,1,𗶤,𗟥,,1.22.1204,10,3,,,,,,,
𗗍,U+175CD,,2.531.1,1274/75,K3506,L0634,L0634,S4657,,5323,52A54,Ⅸ,113,2,51B67,Ⅸ,98,2,1965,1.68.122,64,1,61,13,2,𗶤,𗟥,,1.22.1205,10,4,,,,,,,
𘓦,U+184E6,,8.001.1,1244/14,K2823,L0556,L0556,S0032,131-041,5324,52A55,Ⅸ,113,3,51B71,Ⅸ,98,4,1966,1.68.131,64,1,61,13,3,𗶤,𗟥,,1.22.1206,10,5,,,,,,,
𗷾,U+17DFE,,5.182.1,1754/50,K2564,L1465,L1465,S0384,123-064,5325,52A56,Ⅸ,113,4,51B72,Ⅸ,98,5,1968,1.68.133,64,1,61,13,5,𗶤,𗟥,,1.22.1208,10,7,,,,,,,
𗖍,U+1758D,,2.476.1,1471/40,K4097,L0837,L0837,S4586,182-06a,5326,52A57,Ⅸ,114,1,51B73,Ⅸ,99,1,803,1.30.242,24,1,23,2,2,𗜮,𘃕,,1.11.2504,2,2,,,,,,,
𗡰,U+17870,,3.317.2,1144/20,K2422,L0357,L0357,S1172,220-054,5327,52A58,Ⅸ,114,2,51B74,Ⅸ,99,2,804,1.30.251,24,1,23,2,3,𗜮,𘃕,,1.11.2505,2,3,,,,,,,
𗖲,U+175B2,,2.506.2,1774/72,K2633,L1538,L1538,S4643,,5328,52A61,Ⅸ,115,1,51B76,Ⅸ,100,2,4991,Z.10.152,3,1,3,6,1,𗱥,𗔠,,3.04.1508,5,5,,,,,,,
𗌙,U+17319,,1.673.2,2724/42,K2620,L3065,L3065,S4259,181-121,5329,52A62,Ⅸ,115,2,51B75,Ⅸ,100,1,4992,Z.10.161,3,1,3,6,2,𗱥,𗔠,,3.04.1509,5,6,,,,,,,
𗊶,U+172B6,,1.600.1,2724/00,K2052,L3041,L3041,S4261,,5330,52A63,Ⅸ,115,3,51B77,Ⅸ,100,3,,,3,1,3,,,,,,,,,,,,,,,
𘗯,U+185EF,,8.241.3,1844/12,K2090,L1746,L1746,S4371,132-061,5331,52A64,Ⅸ,116,1,51B78,Ⅸ,101,1,2627,1.92.252,102,1,94,1,5,𗥃,𗂌,,1.29.1506,1,5,,,,,,,
𗲍,U+17C8D,,3.634.1,1721/52,K4932,L0980,L0980,S4865,,5332,52A65,Ⅸ,116,2,52A12,Ⅸ,101,3,2628,1.92.261,102,1,94,1,6,𗥃,𗂌,,1.29.1601,1,6,,,,,,,
𘝷,U+18777,,8.516.2,1192/24,K0238,L0470,L0470,S4405,,5333,52A66,Ⅸ,117,1,52A13,Ⅸ,102,1,661,1.26.132,18,1,18,8,2,𗒿,𗙆,,1.10.2609,6,2,,,,,,,
𗙒,U+17652,,3.023.1,1224/22,K2738,L0498,L0498,S0085,102-08b,5334,52A67,Ⅸ,117,2,52A14,Ⅸ,102,2,662,1.26.141,18,1,18,8,3,𗒿,𗙆,,1.10.2701,6,3,,,,,,,
𘋞,U+182DE,,7.172.2,9791/00,K4598,L5921,L5921,S1770,176-041,5335,52A68,Ⅸ,118,1,52A18,Ⅸ,103,4,4551,,85,2,73,,,,,,2.16.2109,4,1,,,,,,,
𘃖,U+180D6,,7.205.1,8141/40,K4448,L5191,L5191,S2131,,5336,52A71,Ⅸ,118,2,52A17,Ⅸ,103,3,4552,,85,2,73,,,,,,2.16.2110,4,2,,,,,,,
𗀕,U+17015,,1.024.1,1029/20,K0706,L0035,L0035,S0275,,5337,52A72,Ⅸ,118,3,52A15,Ⅸ,103,1,4553,,85,2,73,,,,,,2.16.2111,4,3,,,,,,,
𗀅,U+17005,,1.004.1,1021/22,K3982,L0013,L0013,S0276,001-082,5338,52A73,Ⅸ,118,4,52A16,Ⅸ,103,2,4554,,85,2,73,,,,,,2.16.2201,4,4,,,,,,,
𘂜,U+1809C,,6.184.1,9274/42,K3503,L5882,L5882,S1760,157-065,5339,52A74,Ⅸ,119,1,52A23,Ⅸ,104,2,2402,1.84.142,85,1,80,3,1,𗇗,𘏺,,1.26.2603,2,1,,,,,,,
𗔳,U+17533,,2.393.1,8021/24,K4218,L4702,L4702,S2075,,5340,52A75,Ⅸ,119,2,52A22,Ⅸ,104,1,2403,1.84.151,85,1,80,3,2,𗇗,𘏺,,1.26.2604,2,2,,,,,,,
𘟋,U+187CB,,8.575.5,1024/00,K2119,L0045,L0045,S0407,307-001,5341,52A76,Ⅸ,120,1,,,,,2404,1.84.152,85,1,80,4,1,𗇗,𗙴,,1.26.2605,3,1,,,,,,,
𗍚,U+1735A,,2.042.3,1741/90,K4599,L1193,L1193,S0639,,5342,52A77,Ⅸ,120,2,52A21,Ⅸ,103,5,2405,1.84.161,85,1,80,4,2,𗇗,𗙴,,1.26.2701,3,2,,,,,,,
𘘟,U+1861F,,8.278.1,1824/22,K2275,L1648,L1648,S4856,289-071,5343,52A78,Ⅸ,121,1,52A27,Ⅸ,105,4,602,1.24.161,17,1,17,17,1,𗀹,𘘯,,1.10.1707,14,8,,,,,,,
𘘡,U+18621,,8.278.3,1421/24,K4217,L0758,L0758,S4860,289-081,5344,52B11,Ⅸ,121,2,52A28,Ⅸ,105,5,603,1.24.162,17,1,17,17,2,𗀹,𘘯,,1.10.1708,14,9,,,,,,,
𘁲,U+18072,,6.159.1,8522/22,K0789,L5465,L5465,S1900,,5345,52B12,Ⅸ,121,3,52A25,Ⅸ,105,2,,,17,1,17,,,,,,,,,,,,,,,
𘁗,U+18057,,6.143.2,8121/20,K4508,L5064,L5064,S1893,106-041,5346,52B13,Ⅸ,122,1,52A24,Ⅸ,105,1,3150,,17,2,14,,,,,,2.06.2101,9,1,,,,,,,
𘁡,U+18061,,6.152.1,8521/22,K4749,L5462,L5462,S1903,,5347,52B14,Ⅸ,122,2,52A26,Ⅸ,105,3,3151,,17,2,14,,,,,,2.06.2102,9,2,,,,,,,
𗥘,U+17958,,4.216.2,2742/22,K1567,L3222,L3222,S3566,204-09zi,5348,52B15,Ⅸ,123,1,52A33,Ⅸ,107,1,2083,1.72.142,69,1,66,2,4,𗈀,𗉁,,1.23.1505,2,5,,,,,,,
𗋲,U+172F2,,1.640.3,2524/40,K1947,L2849,L2849,S4174,181-108,5349,52B16,Ⅸ,123,2,52A34,Ⅸ,107,2,2084,1.72.151,69,1,66,2,5,𗈀,𗉁,,1.23.1506,2,6,,,,,,,
𗐮,U+1742E,,2.205.3,8021/00,K5438,L4676,L4676,S1839,,5350,52B17,Ⅸ,124,1,52A35,Ⅸ,108,1,3694,,43,2,37,,,,,,2.10.2403,4,2,,,,,,,
𘖆,U+18586,,3.483.5,8044/00,K3536,L4946,L4946,S2475,015-001,5351,52B18,Ⅸ,124,2,52A37,Ⅸ,108,3,3695,,43,2,37,,,,,,2.10.2404,4,3,,,,,,,
𘛧,U+186E7,,8.388.1,8141/40,K4514,L5196,L5196,S2472,121-041,5352,52B21,Ⅸ,124,3,52A43,Ⅸ,108,7,3696,,43,2,37,,,,,,2.10.2405,4,4,,,,,,,
𗯦,U+17BE6,,3.484.1,8041/00,K5127,L4872,L4872,S2471,121-001,5353,52B22,Ⅸ,124,4,52A41,Ⅸ,108,5,3697,,43,2,37,,,,,,2.10.2406,4,5,,,,,,,
𘖇,U+18587,,3.484.2,8041/00,K5249,L4873,L4873,S2476,015-031,5354,52B23,Ⅸ,124,5,52A38,Ⅸ,108,4,3698,,43,2,37,,,,,,2.10.2407,4,6,,,,,,,
𘀣,U+18023,,6.123.2,3741/24,K5182,L3967,L3967,S2906,192-061,5355,52B24,Ⅸ,124,6,52A46,Ⅸ,108,10,3699,,43,2,37,,,,,,2.10.2408,4,7,,,,,,,
𗅛,U+1715B,,1.337.2,2501/24,K4640,L2826,L2826,S1434,,5356,52B25,Ⅸ,124,7,52A45,Ⅸ,108,9,3700,,43,2,37,,,,,,2.10.2409,4,8,,,,,,,
𘖈,U+18588,,3.486.1,8022/40,K3680,L4779,L4779,S2477,,5357,52B26,Ⅸ,124,8,52A36,Ⅸ,108,2,3701,,43,2,37,,,,,,2.10.2501,4,9,,,,,,,
𗡬,U+1786C,,3.314.2,1142/40,K1826,L0340,L0340,S1167,220-055,5358,52B27,Ⅸ,125,1,52A42,Ⅸ,108,6,1467,1.51.252,43,1,42,5,2,𘄊,𗵆,,1.17.2107,5,2,,,,,,,
𘍑,U+18351,,7.256.1,8221/50,K4243,L5267,L5267,S2339,145-031,5359,52B28,Ⅸ,125,2,52A44,Ⅸ,108,8,1468,1.51.261,43,1,42,5,3,𘄊,𗵆,,1.17.2108,5,3,,,,,,,
𘕁,U+18541,,8.080.1,3824/52,K3117,L3993,L3993,S2969,,5360,52B31,Ⅸ,126,1,52A48,Ⅸ,109,2,2547,1.89.241,92,1,86,7,1,𗲨,𘋪,,1.28.1505,6,1,,,,,,,
𗑛,U+1745B,,2.242.2,8024/00,K2996,L4796,L4796,S1876,008-072,5361,52B32,Ⅸ,126,2,52A47,Ⅸ,109,1,2548,1.89.251,92,1,86,7,2,𗲨,𘋪,,,,,,,,,,,
𗶉,U+17D89,,5.093.1,1845/50,K1309,L1781,L1781,S0149,,5362,52B33,Ⅸ,126,3,52A51,Ⅸ,109,3,2549,1.89.252,92,1,86,7,3,𗲨,𘋪,,1.28.1506,6,2,,,,,,,
𗀑,U+17011,,1.017.1,1041/00,K4105,L0067,L0067,S1063,,5363,52B34,Ⅸ,127,1,52A52,Ⅸ,110,1,3628,,37,2,33,,,,,,2.10.1306,11,2,,,,,,,
𘆂,U+18182,,6.405.1,1151/00,K4820,L0391,L0391,S4815,059-041,5364,52B35,Ⅸ,127,2,52A53,Ⅸ,110,2,3629,,37,2,33,,,,,,2.10.1307,11,3,,,,,,,
𘆇,U+18187,,6.408.1,1751/70,K5778,L1442,L1442,S4818,,5365,52B36,Ⅸ,127,3,52A54,Ⅸ,110,3,3630,,37,2,33,,,,,,2.10.1308,11,4,,,,,,,
𘙿,U+1867F,,8.335.1,1742/40,K1636,L1280,L1280,S5094,,5366,52B37,Ⅸ,127,4,52A56,Ⅸ,110,5,3631,,37,2,33,,,,,,2.10.1309,11,5,,,,,,,
𘜎,U+1870E,,8.426.1,1772/20,K0939,L1494,L1494,S4985,,5367,52B38,Ⅸ,127,5,52A57,Ⅸ,110,6,3632,,37,2,33,,,,,,2.10.1310,11,6,,,,,,,
𘂞,U+1809E,,6.187.2,9871/42,K5085,L5987,L5987,S1742,,5368,52B41,Ⅸ,127,6,52A58,Ⅸ,110,7,3633,,37,2,33,,,,,,2.10.1311,11,7,,,,,,,
𘟀,U+187C0,,8.563.1,1024/20,K1981,L0046,L0046,S0195,018-063,5369,52B42,Ⅸ,127,7,52A61,Ⅸ,110,8,3634,,37,2,33,,,,,,2.10.1401,11,8,,,,,,,
𗇏,U+171CF,,1.422.1,3040/00,K5748,L3831,L3831,S3029,,5370,52B43,Ⅸ,127,8,52A62,Ⅸ,110,9,3635,,37,2,33,,,,,,2.10.1402,11,9,,,,,,,
𘴅,U+18D05,,6.325.3,1744/00,?,L1318,L1318,S4767,,5371,52B44,Ⅸ,127,9,52A63,Ⅸ,110,10,3636,,37,2,33,,,,,,2.10.1403,11,10,,,,,,,
𗬟,U+17B1F,,3.375.2,2441/22,K3841,L2745,L2745,S5643,,5372,52B45,Ⅸ,128,1,52A66,Ⅸ,112,1,4473,,82,2,71,,,,,,2.16.1105,2,1,,,,,,,
𗳪,U+17CEA,,3.688.1,1441/22,K3801,L0793,L0793,S5386,,5373,52B46,Ⅸ,128,2,52A67,Ⅸ,112,2,4474,,82,2,71,,,,,,2.16.1106,2,2,,,,,,,
𘛖,U+186D6,,8.382.1,8041/10,K5546,L4881,L4881,S1934,007-055,5374,52B47,Ⅸ,129,1,52A74,Ⅸ,114,2,4993,Z.10.162,92,1,86,7,1,𗉛,𗤵,平,3.04.1510,6,1,,,,,,,
𘛗,U+186D7,,8.382.2,8942/12,K0873,L5789,L5789,S1935,,5375,52B48,Ⅸ,129,2,52A73,Ⅸ,114,1,4994,Z.10.163,92,1,86,7,2,𗉛,𗤵,平,3.04.1601,6,2,,,,,,,
𗻬,U+17EEC,,5.335.1,2745/45,K1275,L3380,L3380,S3280,,5376,52B51,Ⅸ,129,3,52A75,Ⅸ,114,3,4995,Z.10.171,92,1,86,7,3,𗉛,𗤵,平,3.04.1602,6,3,,,,,,,
𘟛,U+187DB,,8.592.3,8041/10,K5548,L4882,L4882,S2605,028-054,5377,52B52,Ⅸ,130,1,52A76,Ⅸ,115,1,,,92,1,86,,,,,,,,,,,,,,,
𘙞,U+1865E,,8.311.2,1441/24,K3926,L0802,L0802,S5039,297-091,5378,52B53,Ⅸ,130,2,52A77,Ⅸ,115,2,,,92,1,86,,,,,,,,,,,,,,,
𘆁,U+18181,,6.404.4,1354/00,K2013,L0723,L0723,S4825,059-042,5379,52B54,Ⅸ,131,1,52B11,Ⅸ,116,2,1439,1.50.273,41,1,40,4,1,𘌛,𗳟,,1.17.1502,4,1,,,,,,,
𗔜,U+1751C,,2.380.1,8024/22,K2757,L4821,L4821,S1953,,5380,52B55,Ⅸ,131,2,52A78,Ⅸ,116,1,1440,1.51.111,41,1,40,4,2,𘌛,𗳟,,1.17.1503,4,2,,,,,,,
𗅰,U+17170,,1.350.1,2801/27,K5584,L3463,L3463,S1358,041-09d,5381,52B56,Ⅸ,131,3,52B12,Ⅸ,116,3,1441,1.51.112,41,1,40,4,3,𘌛,𗳟,,1.17.1504,4,3,,,,,,,
𗼓,U+17F13,,5.369.1,2189/20,K0662,L2349,L2349,S3320,205-076,5382,52B57,Ⅸ,132,1,52B13,Ⅸ,117,1,2223,1.77.161,72,1,69,14,1,𗀹,𘓁,,1.24.2504,13,1,,,,,,,
𘁮,U+1806E,,6.157.2,8121/22,K5025,L5070,L5070,S1910,106-083,5383,52B58,Ⅸ,132,2,52B14,Ⅸ,117,2,2224,1.77.162,72,1,69,14,2,𗀹,𘓁,,1.24.2505,13,2,,,,,,,
𘀫,U+1802B,,6.125.3,3442/70,?,L3935,L3935,S3055,233-051,5384,52B61,Ⅸ,132,3,52B17,Ⅸ,117,5,2225,1.77.171,72,1,69,14,3,𗀹,𘓁,,1.24.2506,13,3,,,,,,,
𘁛,U+1805B,,6.145.2,8722/22,K0799,L5525,L5525,S1919,106-054,5385,52B62,Ⅸ,132,4,52B18,Ⅸ,117,6,2226,1.77.172,72,1,69,14,4,𗀹,𘓁,,1.24.2507,13,4,,,,,,,
𗾮,U+17FAE,,6.035.3,2141/21,K5461,L2087,L2087,S5674,211-075,5386,52B63,Ⅸ,132,5,52B21,Ⅸ,117,7,2227,1.77.211,72,1,69,14,5,𗀹,𘓁,,1.24.2508,13,5,,,,,,,
𘞽,U+187BD,,8.559.3,1214/00,K2588,L0477,L0477,S0169,295-041,5387,52B64,Ⅸ,132,6,52B22,Ⅸ,117,8,2228,1.77.212,72,1,69,14,6,𗀹,𘓁,,1.24.2509,13,6,,,,,,,
𘁪,U+1806A,,6.155.2,8825/25,K1304,L5721,L5721,S1905,,5388,52B65,Ⅸ,132,7,52B23,Ⅸ,117,9,,,72,1,69,,,,,,,,,,,,,,,
𗇸,U+171F8,,1.448.3,1745/75,K1487,L1421,L1421,S4707,009-102,5389,52B66,Ⅸ,132,8,52B24,Ⅸ,117,10,,,72,1,69,,,,,,,,,,,,,,,
𗍱,U+17371,,2.067.1,4121/22,K4791,L4024,L4024,S0589,100-112,5390,52B67,Ⅸ,133,1,52B16,Ⅸ,117,4,4336,,72,2,61,,,,,,2.15.1104,14,1,,,,,,,
𘘨,U+18628,,8.284.2,1741/50,K5286,L1213,L1213,S5012,297-042,5391,52B68,Ⅸ,133,2,52B15,Ⅸ,117,3,4337,,72,2,61,,,,,,2.15.1105,14,2,,,,,,,
𗋾,U+172FE,,1.661.1,2724/40,K0400,L3057,L3057,S4290,181-102,5392,52B71,Ⅸ,134,1,52B25,Ⅸ,118,1,2712,,2,2,2,,,,,,2.02.2603,1,2,,,,,,,
𗊜,U+1729C,,1.580.1,2922/20,K0875,L3773,L3773,S4210,181-068,5393,52B72,Ⅸ,134,2,52B26,Ⅸ,118,2,2713,,2,2,2,,,,,,2.02.2604,1,3,,,,,,,
𘋻,U+182FB,,7.207.1,8822/54,K1852,L5708,L5708,S2234,078-051,5394,52B73,Ⅸ,134,3,52B27,Ⅸ,118,3,2714,,2,2,2,,,,,,2.02.2605,1,4,,,,,,,
𘒞,U+1849E,,7.529.1,1710/00,K0062,L0904,L0904,S5164,,5395,52B74,Ⅸ,135,1,52B31,Ⅸ,119,2,68,1.07.133,2,1,2,3,1,𗮧,𗮀,,1.05.1502,3,1,,,,,,,
𗬱,U+17B31,,3.388.1,2171/40,K4434,L2318,L2318,S5815,,5396,52B75,Ⅸ,135,2,52B28,Ⅸ,119,1,69,1.07.141,2,1,2,3,2,𗮧,𗮀,,1.05.1503,3,2,,,,,,,
𗃬,U+170EC,,1.169.4,2775/40,K0343,L3424,L3424,S4086,180-092,5397,52B76,Ⅸ,136,1,52B32,Ⅸ,120,1,2873,,8,2,7,,,,,,2.04.1208,6,2,,,,,,,
𗱈,U+17C48,,3.583.2,1755/40,K0342,L1477,L1477,S4802,058-091,5398,52B77,Ⅸ,136,2,52B34,Ⅸ,120,3,2872,,8,2,7,,,,,,2.04.1207,6,1,,,,,,,
𗱇,U+17C47,,3.583.1,1551/40,K4642,L0886,L0886,S4800,,5399,52B78,Ⅸ,136,3,52B33,Ⅸ,120,2,2874,,8,2,7,,,,,,2.04.1209,6,3,,,,,,,
𗀪,U+1702A,,1.036.1,1041/24,?,L0085,L0085,S1198,001-131,5400,53A11,Ⅸ,136,4,52B35,Ⅸ,120,4,2875,,8,2,7,,,,,,2.04.1210,6,4,,,,,,,
𘜅,U+18705,,8.416.1,1145/45,K1166,L0383,L0383,S4873,301-092,5401,53A12,Ⅸ,136,5,52B36,Ⅸ,120,5,2876,,8,2,7,,,,,,2.04.1301,6,5,,,,,,,
𗃛,U+170DB,,1.159.3,2825/00,K0625,L3554,L3554,S4128,180-053,5402,53A13,Ⅸ,137,1,52B41,Ⅸ,122,1,1797,1.62.172,58,1,56,6,5,𘃞,𗫋,,1.20.2108,5,13,,,,,,,
𘖨,U+185A8,,8.191.1,8041/22,K3880,L4897,L4897,S2559,028-092,5403,53A14,Ⅸ,137,2,52B42,Ⅸ,122,2,1798,1.62.211,58,1,56,6,6,𘃞,𗫋,,1.20.2201,5,14,,,,,,,
𘌷,U+18337,,7.242.3,8324/40,K2959,L5366,L5366,S2219,,5404,53A15,Ⅸ,138,1,52B43,Ⅸ,123,1,224,1.12.122,7,1,7,2,6,𘌅,𗹊,,1.06.2408,2,6,,,,,,,
𗲹,U+17CB9,,3.654.1,1724/20,K2366,L1078,L1078,S4974,026-151,5405,53A16,Ⅸ,138,2,52B44,Ⅸ,123,2,225,1.12.131,7,1,7,2,7,𘌅,𗹊,,1.06.2409,2,7,,,,,,,
𗘫,U+1762B,,2.593.2,1741/22,K3807,L1192,L1192,S5131,,5406,53A17,Ⅸ,138,3,52B45,Ⅸ,123,3,226,1.12.132,7,1,7,2,8,𘌅,𗹊,,1.06.2501,2,8,,,,,,,
𗅴,U+17174,,1.361.2,2702/22,K0932,L2932,L2932,S1443,041-095,5407,53A18,Ⅸ,139,1,52B47,Ⅸ,124,2,4123,,63,2,53,,,,,,2.13.2206,1,6,,,,,,,
𘋔,U+182D4,,7.168.1,8441/24,K4065,L5444,L5444,S2180,189-061,5408,53A21,Ⅸ,139,2,52B46,Ⅸ,124,1,4124,,63,2,53,,,,,,2.13.2207,1,7,,,,,,,
𗘞,U+1761E,,2.586.3,1220/28,K0150,L0480,L0480,S5448,053-052,5409,53A22,Ⅸ,140,1,52B55,Ⅸ,125,5,4996,Z.10.172,20,1,20,8,1,𗱥,𗫂,,3.04.1603,8,1,,,,,,,
𗰆,U+17C06,,3.517.1,8141/20,K4332,L5167,L5167,S2843,188-031,5410,53A23,Ⅸ,140,2,52B51,Ⅸ,125,1,4997,Z.10.211,20,1,20,8,2,𗱥,𗫂,,3.04.1604,8,2,,,,,,,
𗰇,U+17C07,,3.518.1,8742/20,K1612,L5623,L5623,S2849,,5411,53A24,Ⅸ,140,3,52B54,Ⅸ,125,4,4998,Z.10.221,20,1,20,8,3,𗱥,𗫂,,3.04.1605,8,3,,,,,,,
𗚱,U+176B1,,3.066.1,5041/20,K4333,L4229,L4229,S0833,,5412,53A25,Ⅸ,140,4,52B52,Ⅸ,125,2,4999,Z.10.222,20,1,20,8,4,𗱥,𗫂,,3.04.1606,8,4,,,,,,,
𗰉,U+17C09,,3.518.3,8144/20,K2140,L5238,L5238,S2841,,5413,53A26,Ⅸ,140,5,52B53,Ⅸ,125,3,,,58,1,56,,,,,,,,,,,,,,,
𗮷,U+17BB7,,3.466.2,8721/70,K5613,L5512,L5512,S2315,,5414,53A27,Ⅸ,141,1,52B56,Ⅸ,126,1,1108,1.40.133,31,1,30,23,1,𘄄,𗨥,,1.14.1406,21,1,,,,,,,
𗺸,U+17EB8,,5.319.2,2741/44,K5181,L3164,L3164,S3267,,5415,53A28,Ⅸ,141,2,52B57,Ⅸ,126,2,1109,1.40.141,31,1,30,23,2,𘄄,𗨥,,1.14.1407,21,2,,,,,,,
𗮩,U+17BA9,,3.460.1,8121/70,K5630,L5104,L5104,S2291,,5416,53A31,Ⅸ,142,1,52B58,Ⅸ,127,1,4287,,70,2,60,,,,,,2.14.2312,8,3,,,,,,,
𗮭,U+17BAD,,3.461.1,8921/70,K5623,L5781,L5781,S2294,269-064,5417,53A32,Ⅸ,142,2,52B65,Ⅸ,127,6,4288,,70,2,60,,,,,,2.14.2313,8,4,,,,,,,
𗮠,U+17BA0,,3.457.3,8221/70,K5607,L5271,L5271,S2302,,5418,53A33,Ⅸ,142,3,52B67,Ⅸ,127,8,4289,,70,2,60,,,,,,2.14.2401,8,5,,,,,,,
𘇉,U+181C9,,6.469.1,1121/52,K4827,L0192,L0192,S5220,,5419,53A34,Ⅸ,142,4,52B66,Ⅸ,127,7,4290,,70,2,60,,,,,,2.14.2402,8,6,,,,,,,
𘆭,U+181AD,,6.444.4,1722/55,K1283,L1053,L1053,S5235,080-051,5420,53A35,Ⅸ,142,5,52B62,Ⅸ,127,3,4291,,70,2,60,,,,,,2.14.2403,8,7,,,,,,,
𗄎,U+1710E,,1.192.3,1054/20,K2822,L0142,L0142,S0053,003-092,5421,53A36,Ⅸ,142,6,52B61,Ⅸ,127,2,4292,,70,2,60,,,,,,2.14.2404,8,8,,,,,,,
𗏓,U+173D3,,2.163.3,2842/72,K0576,L3655,L3655,S5611,202-081,5422,53A37,Ⅸ,142,7,52B63,Ⅸ,127,4,4293,,70,2,60,,,,,,2.14.2405,8,9,,,,,,,
𗃜,U+170DC,,1.161.2,2772/44,K1772,L3410,L3410,S4120,180-071,5423,53A38,Ⅸ,142,8,52B64,Ⅸ,127,5,4294,,70,2,60,,,,,,2.14.2406,8,10,,,,,,,
𘒹,U+184B9,,2.578.2,1844/20,K3171,L1763,L1763,S5373,,5424,53A41,Ⅸ,143,1,52B71,Ⅸ,128,1,5275,,2,2,2,,,,,,3.07.2602,2,2,,,,,,,
𘚝,U+1869D,,8.349.1,1744/00,?,L1328,L1328,S0429,,5425,53A42,Ⅸ,143,2,52B72,Ⅸ,128,2,5276,,2,2,2,,,,,,3.07.2603,2,3,,,,,,,
𘏤,U+183E4,,7.379.2,8142/40,K0230,L5221,L5221,S2688,,5426,53A43,Ⅸ,144,1,52B73,Ⅸ,129,1,2608,1.92.121,100,1,92,3,1,𗮩,𗍅,,1.29.1202,2,5,,,,,,,
𗥃,U+17943,,4.185.2,2142/24,K0224,L2205,L2205,S3509,204-07f,5427,53A44,Ⅸ,144,2,52B74,Ⅸ,129,2,2609,1.92.122,100,1,92,3,2,𗮩,𗍅,,1.29.1203,2,6,,,,,,,
𘑑,U+18451,,7.463.1,8744/22,K3017,L5663,L5663,S2743,236-122,5428,53A45,Ⅸ,145,1,52B77,Ⅸ,131,1,4649,,93,2,78,,,,,,2.17.1501,3,1,,,,,,,
𗍓,U+17353,,2.039.2,1141/74,K4449,L0313,L0313,S0648,098-092,5429,53A46,Ⅸ,145,2,52B78,Ⅸ,131,2,4650,,93,2,78,,,,,,2.17.1502,3,2,,,,,,,
𗺌,U+17E8C,,5.305.2,4401/14,K4216,L4047,L4047,S3108,070-081,5430,53A47,Ⅸ,145,3,53A11,Ⅸ,131,3,4651,,93,2,78,,,,,,2.17.1503,3,3,,,,,,,
𘋟,U+182DF,,7.173.1,9191/20,K5412,L5825,L5825,S1766,176-051,5431,53A48,Ⅸ,145,4,53A12,Ⅸ,131,4,4652,,93,2,78,,,,,,2.17.1504,3,4,,,,,,,
𘋝,U+182DD,,7.172.1,9090/00,K0713,L5807,L5807,S1765,176-001,5432,53A51,Ⅸ,145,5,53A13,Ⅸ,131,5,,,93,2,78,,,,,,,,,,,,,,,
𗠼,U+1783C,,3.277.4,7724/42,K2333,L4616,L4616,S0553,255-082,5433,53A52,Ⅸ,146,1,53A16,Ⅸ,132,3,3673,,40,2,35,,,,,,2.10.2108,3,4,,,,,,,
𗹪,U+17E6A,,5.270.2,2204/52,K3612,L2393,L2393,S1277,075-111,5434,53A53,Ⅸ,146,2,53A14,Ⅸ,132,1,3674,,40,2,35,,,,,,2.10.2109,3,5,,,,,,,
𗢞,U+1789E,,3.358.3,2220/22,K0122,L2398,L2398,S3140,045-081,5435,53A54,Ⅸ,146,3,53A15,Ⅸ,132,2,3675,,40,2,35,,,,,,2.10.2110,3,6,,,,,,,
𗂱,U+170B1,,1.133.2,2801/42,K3961,L3467,L3467,S1506,039-132,5436,53A55,Ⅸ,147,1,53A17,Ⅸ,133,1,919,1.34.211,28,1,27,12,2,𗒿,𗬐,,1.12.2208,6,3,,,,,,,
𘈟,U+1821F,,7.020.1,1224/50,K2684,L0515,L0515,S0272,077-041,5437,53A56,Ⅸ,147,2,53A18,Ⅸ,133,2,920,1.34.212,28,1,27,12,3,𗒿,𗬐,,1.12.2209,6,4,,,,,,,
𗃺,U+170FA,,1.179.3,2371/27,K5661,L2691,L2691,S4083,180-121,5438,53A57,Ⅸ,147,3,53A23,Ⅸ,133,5,921,1.34.213,28,1,27,12,4,𗒿,𗬐,,1.12.2301,6,5,,,,,,,
𘕔,U+18554,,8.092.1,9722/22,K0928,L5923,L5923,S1722,178-061,5439,53A58,Ⅸ,147,4,53A22,Ⅸ,133,4,,,28,1,27,,,,,,,,,,,,,,,
𗽗,U+17F57,,5.444.2,2744/00,K3040,L3290,L3290,S4047,210-077,5440,53A61,Ⅸ,148,1,55A45,Ⅸ,D,93,3335,,28,2,25,,,,,,2.08.1204,3,1,,,,,,,
𘕐,U+18550,,8.090.2,9324/20,K2022,L5889,L5889,S1725,,5441,53A62,Ⅸ,148,2,53A21,Ⅸ,133,3,3336,,28,2,25,,,,,,2.08.1205,3,2,,,,,,,
𗱵,U+17C75,,3.619.1,1721/21,K5489,L0927,L0927,S4958,026-084,5442,53A63,Ⅸ,149,1,53A24,Ⅸ,134,1,2870,,8,2,7,,,,,,2.04.1205,5,2,,,,,,,
𘒤,U+184A4,,7.550.1,1321/50,K4474,L0646,L0646,S5247,,5443,53A64,Ⅸ,149,2,53A26,Ⅸ,134,3,2871,,8,2,7,,,,,,2.04.1206,5,3,,,,,,,
𗲵,U+17CB5,,3.650.2,1725/00,K0018,L1122,L1122,S4959,,5444,53A65,Ⅸ,149,3,53A25,Ⅸ,134,2,,,8,2,7,,,,,,,,,,,,,,,
𘗕,U+185D5,,8.217.3,8521/50,K4770,L5464,L5464,S2439,083-051,5445,53A66,Ⅸ,150,1,53A28,Ⅸ,135,2,4398,,78,2,67,,,,,,2.15.2103,1,1,,,,,,,
𗲮,U+17CAE,,3.647.5,1751/52,K5049,L1437,L1437,S4897,026-121,5446,53A67,Ⅸ,150,2,53A27,Ⅸ,135,1,4399,,78,2,67,,,,,,2.15.2104,1,2,,,,,,,
𘃃,U+180C3,,6.222.1,8844/50,K2975,L5768,L5768,S2384,208-091,5447,53A68,Ⅸ,151,1,53A32,Ⅸ,136,2,4653,,93,2,78,,,,,,2.17.1505,4,1,,,,,,,
𘆟,U+1819F,,6.430.2,1124/52,K3541,L0233,L0233,S5200,080-044,5448,53A71,Ⅸ,151,2,53A33,Ⅸ,136,3,4654,,93,2,78,,,,,,2.17.1506,4,2,,,,,,,
𘕟,U+1855F,,8.129.2,8922/42,K0878,L5785,L5785,S1885,248-063,5449,53A72,Ⅸ,151,3,53A34,Ⅸ,136,4,4655,,93,2,78,,,,,,2.17.1507,4,3,,,,,,,
𘃀,U+180C0,,6.218.2,8541/50,K4638,L5480,L5480,S2385,,5450,53A73,Ⅸ,151,4,53A31,Ⅸ,136,1,4656,,93,2,78,,,,,,2.17.1508,4,4,,,,,,,
𗱹,U+17C79,,3.622.1,1751/50,K4523,L1434,L1434,S4864,,5451,53A74,Ⅸ,152,1,53A36,Ⅸ,137,2,2566,1.90.171,93,1,87,4,1,𗲨,𗑝,,1.28.2105,4,1,,,,,,,
𘕡,U+18561,,8.130.1,8724/42,K2414,L5564,L5564,S1890,248-061,5452,53A75,Ⅸ,152,2,53A35,Ⅸ,137,1,2567,1.90.172,93,1,87,4,2,𗲨,𗑝,,1.28.2106,4,2,,,,,,,
𗄫,U+1712B,,1.208.1,2702/20,K1661,L2927,L2927,S1495,041-055,5453,53A76,Ⅸ,153,1,53A37,Ⅸ,138,1,,,44,0,?,,,,,,,,,,,,,,,
𗆍,U+1718D,,1.378.2,2204/22,K3630,L2368,L2368,S1492,,5454,53A77,Ⅸ,153,2,53A41,Ⅸ,138,3,,,44,0,?,,,,,,,,,,,,,,,
𘊓,U+18293,,7.123.3,2141/22,K3700,L2106,L2106,S5796,217-061,5455,53A78,Ⅸ,153,3,53A38,Ⅸ,138,2,,,17,0,?,,,,,,,,,,,,,,,
𘟔,U+187D4,,8.578.1,1722/40,K3671,L1035,L1035,S5180,018-061,5456,53B11,Ⅸ,154,1,53A43,Ⅸ,139,2,5000,Z.10.231,14,1,14,9,1,𘈦,𘏷,,3.04.1607,8,5,,,,,,,
𗆙,U+17199,,1.386.2,2401/24,K4224,L2706,L2706,S1463,041-121,5457,53B12,Ⅸ,154,2,53A42,Ⅸ,139,1,5001,Z.10.232,14,1,14,9,2,𘈦,𘏷,,3.04.1608,8,6,,,,,,,
𗿢,U+17FE2,,6.068.4,2442/24,K3642,L2806,L2806,S5658,211-105,5458,53B13,Ⅸ,155,1,53A51,Ⅸ,141,3,4448,,80,2,69,,,,,,2.15.2511,2,1,,,,,,,
𗍨,U+17368,,2.048.1,5022/40,K3638,L4050,L4050,S0673,,5459,53B14,Ⅸ,155,2,53A48,Ⅸ,141,2,4449,,80,2,69,,,,,,2.15.2601,2,2,,,,,,,
𗻯,U+17EEF,,5.336.1,2442/44,K3639,L2808,L2808,S3209,,5460,53B15,Ⅸ,155,3,53A47,Ⅸ,141,1,4450,,80,2,69,,,,,,2.15.2602,2,3,,,,,,,
𗺷,U+17EB7,,5.319.1,2844/40,K3237,L3695,L3695,S3239,144-061,5461,53B16,Ⅸ,156,1,53A52,Ⅸ,142,1,,,81,2,70,,,,,,,,,,,,,,,
𘔅,U+18505,,8.032.3,7144/40,K3300,L4557,L4557,S0567,256-112,5462,53B17,Ⅸ,156,2,53A55,Ⅸ,142,4,4462,,81,2,70,,,,,,2.15.2705,3,2,,,,,,,
𗸲,U+17E32,,5.213.1,1744/22,?,L1368,L1368,S1080,223-111,5463,53B18,Ⅸ,156,3,53A54,Ⅸ,142,3,4463,,81,2,70,,,,,,2.15.2706,3,3,,,,,,,
𗮝,U+17B9D,,3.456.2,8321/70,K5638,L5359,L5359,S2300,,5464,53B21,Ⅸ,157,1,53A56,Ⅸ,143,1,4014,,57,2,48,,,,,,2.12.2604,2,3,,,,,,,
𗮢,U+17BA2,,3.458.1,8721/70,K5642,L5519,L5519,S2320,269-061,5465,53B22,Ⅸ,157,2,53A57,Ⅸ,143,2,4015,,57,2,48,,,,,,2.12.2605,2,4,,,,,,,
𗻝,U+17EDD,,5.331.2,2745/40,K0369,L3374,L3374,S3265,144-083,5466,53B23,Ⅸ,158,1,53A61,Ⅸ,144,2,3094,,15,2,13,,,,,,2.05.2708,3,2,,,,,,,
𗻩,U+17EE9,,5.334.2,2741/44,K5205,L3166,L3166,S3264,,5467,53B24,Ⅸ,158,2,53A58,Ⅸ,144,1,3095,,15,2,13,,,,,,2.06.1101,3,3,,,,,,,
𗻦,U+17EE6,,5.333.2,2841/44,K4030,L3609,L3609,S3226,,5468,53B25,Ⅸ,158,3,53A62,Ⅸ,144,3,3096,,15,2,13,,,,,,2.06.1102,3,4,,,,,,,
𗼻,U+17F3B,,5.409.1,2342/20,K0842,L2627,L2627,S4023,210-055,5469,53B26,Ⅸ,159,1,53A63,Ⅸ,145,1,4334,,72,2,61,,,,,,2.15.1102,13,3,,,,,,,
𗫾,U+17AFE,,4.605.1,2940/00,K5736,L3779,L3779,S3585,276-052,5470,53B27,Ⅸ,159,2,53A64,Ⅸ,145,2,4335,,72,2,61,,,,,,2.15.1103,13,4,,,,,,,
𗫼,U+17AFC,,4.604.1,2240/00,K5723,L2438,L2438,S3743,,5471,53B28,Ⅸ,159,3,53A65,Ⅸ,145,3,4332,,72,2,61,,,,,,2.14.2712,13,1,,,,,,,
𗽄,U+17F44,,5.430.2,2244/00,K3513,L2461,L2461,S4055,210-066,5472,53B31,Ⅸ,159,4,53A66,Ⅸ,145,4,4333,,72,2,61,,,,,,2.15.1101,13,2,,,,,,,
𗑐,U+17450,,2.235.4,8022/50,K0687,L4788,L4788,S2079,007-08e,5473,53B32,Ⅸ,160,1,53A67,Ⅸ,146,1,3747,,44,2,38,,,,,,2.11.1211,7,2,,,,,,,
𘙮,U+1866E,,8.320.3,1824/52,K2979,L1659,L1659,S5089,170-051,5474,53B33,Ⅸ,160,2,53A68,Ⅸ,146,2,3748,,44,2,38,,,,,,2.11.1301,7,3,,,,,,,
𗾙,U+17F99,,6.017.1,2942/74,K1427,L3800,L3800,S5700,211-058,5475,53B34,Ⅸ,160,3,53A73,Ⅸ,147,1,3749,,44,2,38,,,,,,2.11.1302,7,4,,,,,,,
𘂻,U+180BB,,6.217.1,8741/00,K4923,L5587,L5587,S2405,208-072,5476,53B35,Ⅸ,160,4,53A74,Ⅸ,147,2,3750,,44,2,38,,,,,,2.11.1303,7,5,,,,,,,
𘙭,U+1866D,,8.320.2,1324/52,K2191,L0668,L0668,S5090,,5477,53B36,Ⅸ,160,5,53A71,Ⅸ,146,3,3751,,44,2,38,,,,,,2.11.1304,7,6,,,,,,,
𘙰,U+18670,,8.321.2,1821/52,K4662,L1608,L1608,S5087,170-061,5478,53B37,Ⅸ,160,6,53A72,Ⅸ,146,4,3752,,44,2,38,,,,,,2.11.1305,7,7,,,,,,,
𘑳,U+18473,,7.487.1,1141/00,K4428,L0247,L0247,?,,5479,53B38,Ⅸ,161,1,53A75,Ⅸ,148,1,4699,,97,2,82,,,,,,2.17.2306,3,2,,,,,,,
𗖪,U+175AA,,2.503.2,1774/25,?,L1523,L1523,?,,5480,53B41,Ⅸ,161,2,53A76,Ⅸ,148,2,4700,,97,2,82,,,,,,2.17.2307,3,3,,,,,,,
𘔿,U+1853F,,8.079.3,2721/24,K5244,L3009,L3009,?,311-081,5481,53B42,Ⅸ,161,3,53A78,Ⅸ,148,4,4701,,97,2,82,,,,,,2.17.2308,3,4,,,,,,,
𗙹,U+17679,,3.039.2,1744/22,K3387,L1369,L1369,?,187-061,5482,53B43,Ⅸ,161,4,53A77,Ⅸ,148,3,4702,,97,2,82,,,,,,2.17.2309,3,5,,,,,,,
𗛑,U+176D1,,3.079.1,5022/24,K1756,L4152,L4152,S0806,,5483,53B44,Ⅸ,161,5,53B11,Ⅸ,148,5,4703,,97,2,82,,,,,,2.17.2401,3,6,,,,,,,
𘑴,U+18474,,7.487.2,1741/20,K5288,L1184,L1184,S4567,,5484,53B45,Ⅸ,161,6,53B12,Ⅸ,148,6,4704,,97,2,82,,,,,,2.17.2402,3,7,,,,,,,
𘔾,U+1853E,,8.079.2,2224/24,?,L2421,L2421,S5767,,5485,53B46,Ⅸ,161,7,53B13,Ⅸ,148,7,,,56,1,54,,,,,,,,,,,,,,,
𗁅,U+17045,,1.051.2,2804/00,K3158,L3485,L3485,S1545,039-061,5486,53B47,Ⅸ,162,1,53B14,Ⅸ,149,1,2018,1.69.262,66,1,63,6,2,𗱈,𘟌,,1.22.2204,4,2,,,,,,,
𗅄,U+17144,,1.253.1,2401/22,K3899,L2700,L2700,S1485,041-077,5487,53B48,Ⅸ,162,2,53B16,Ⅸ,149,3,2019,1.69.271,66,1,63,6,3,𗱈,𘟌,,1.22.2205,4,3,,,,,,,
𗆷,U+171B7,,1.405.3,2702/22,K0545,L2935,L2935,S1486,041-131,5488,53B51,Ⅸ,162,3,53B17,Ⅸ,149,4,,,66,2,56,,,,,,,,,,,,,,,
𘄛,U+1811B,,6.299.4,1142/22,K0989,L0331,L0331,S4699,,5489,53B52,Ⅸ,163,1,55A22,Ⅸ,D,74,2023,1.70.121,66,1,63,8,2,𘝮,𘔢,,1.22.2301,6,2,,,,,,,
𗁛,U+1705B,,1.062.4,2801/42,K3996,L3466,L3466,S1507,,5490,53B53,Ⅸ,163,2,53B15,Ⅸ,149,2,,,66,2,56,,,,,,,,,,,,,,,
𘈩,U+18229,,7.027.1,1042/00,K0223,L0100,L0100,S1075,001-051,5491,53B54,Ⅸ,164,1,53B18,Ⅸ,150,1,1521,1.53.171,44,1,43,7,5,𘄊,𗼊,,1.18.1106,6,5,,,,,,,
𗜪,U+1772A,,3.129.3,5044/20,K3125,L4348,L4348,S1009,017-10f,5492,53B55,Ⅸ,164,2,53B21,Ⅸ,150,2,1522,1.53.172,44,1,43,7,6,𘄊,𗼊,,1.18.1107,6,6,,,,,,,
𗥛,U+1795B,,4.218.1,2441/40,K4206,L2778,L2778,S3936,204-07j,5493,53B56,Ⅸ,165,1,53B22,Ⅸ,151,1,2545,1.89.231,92,1,86,6,2,𘜘,𘋪,,1.28.1503,5,2,,,,,,,
𗜽,U+1773D,,3.138.1,5042/00,K1698,L4283,L4283,S0828,017-11p,5494,53B57,Ⅸ,165,2,53B23,Ⅸ,151,2,2546,1.89.232,92,1,86,6,3,𘜘,𘋪,,1.28.1504,5,3,,,,,,,
𗼸,U+17F38,,5.405.2,2141/20,K5427,L2077,L2077,S3994,,5495,53B58,Ⅸ,166,1,53B24,Ⅸ,152,1,,,70,2,60,,,,,,,,,,,,,,,
𗸏,U+17E0F,,5.194.2,1755/54,K0348,L1479,L1479,S0350,,5496,53B61,Ⅸ,166,2,53B25,Ⅸ,152,2,,,70,2,60,,,,,,,,,,,,,,,
𗒷,U+174B7,,2.300.5,8041/40,K4037,L4905,L4905,S2135,,5497,53B62,Ⅸ,167,1,53B26,Ⅸ,153,1,4564,,87,2,74,,,,,,2.16.2302,2,1,,,,,,,
𘗶,U+185F6,,8.245.3,1441/25,K3782,L0803,L0803,S4789,229-071,5498,53B63,Ⅸ,167,2,53B27,Ⅸ,153,2,4565,,87,2,74,,,,,,2.16.2303,2,2,,,,,,,
𘗵,U+185F5,,8.245.2,1244/00,K3520,L0550,L0550,S4790,229-106,5499,53B64,Ⅸ,167,3,53B31,Ⅸ,153,4,4566,,87,2,74,,,,,,2.16.2304,2,3,,,,,,,
𗺽,U+17EBD,,5.322.2,2441/45,K3765,L2794,L2794,S3274,,5500,53B65,Ⅸ,167,4,53B28,Ⅸ,153,3,4567,,87,2,74,,,,,,2.16.2305,2,4,,,,,,,
𘅙,U+18159,,6.364.2,1244/22,K2742,L0575,L0575,S4713,230-082,5501,53B66,Ⅸ,167,5,53B32,Ⅸ,153,5,4568,,87,2,74,,,,,,2.16.2306,2,5,,,,,,,
𘃛,U+180DB,,6.233.1,8421/22,K3716,L5417,L5417,S2414,056-031,5502,53B67,Ⅸ,167,6,53B34,Ⅸ,153,7,4569,,87,2,74,,,,,,2.16.2307,2,6,,,,,,,
𗆶,U+171B6,,1.405.2,2802/25,K1215,L3480,L3480,S1467,041-123,5503,53B68,Ⅸ,167,7,53B35,Ⅸ,153,8,4570,,87,2,74,,,,,,2.16.2308,2,7,,,,,,,
𘛌,U+186CC,,8.379.4,8852/24,K1867,L5774,L5774,S1792,130-101,5504,53B71,Ⅸ,168,1,53B37,Ⅸ,154,2,2562,1.90.151,93,1,87,3,1,𘜘,𗑝,,1.28.2101,3,1,,,,,,,
𗽓,U+17F53,,5.441.2,2141/42,K4330,L2154,L2154,S4005,,5505,53B72,Ⅸ,168,2,53B41,Ⅸ,154,4,2563,1.90.152,93,1,87,3,2,𘜘,𗑝,,1.28.2102,3,2,,,,,,,
𗽙,U+17F59,,5.446.1,2440/77,K0303,L2741,L2741,S4020,210-07a,5506,53B73,Ⅸ,168,3,53B36,Ⅸ,154,1,2564,1.90.161,93,1,87,3,3,𘜘,𗑝,,1.28.2103,3,3,,,,,,,
𗅟,U+1715F,,1.338.2,2904/20,K5700,L3767,L3767,S1489,,5507,53B74,Ⅸ,168,4,53B42,Ⅸ,154,5,2565,1.90.162,93,1,87,3,4,𘜘,𗑝,,1.28.2104,3,4,,,,,,,
𘛹,U+186F9,,8.402.3,8844/00,K2551,L5753,L5753,S2854,,5508,53B75,Ⅸ,168,5,53B38,Ⅸ,154,3,,,93,1,87,,,,,,,,,,,,,,,
𗬀,U+17B00,,4.608.1,2740/00,K5733,L3095,L3095,S3904,276-054,5509,53B76,Ⅸ,169,1,53B43,Ⅸ,155,1,2707,,1,2,1,,,,,,2.02.2504,10,3,,,,,,,
𗋝,U+172DD,,1.632.1,2724/44,K1100,L3067,L3067,S4253,,5510,53B77,Ⅸ,169,2,53B44,Ⅸ,155,2,2708,,1,2,1,,,,,,2.02.2505,10,4,,,,,,,
𘐌,U+1840C,,7.419.2,8844/40,K1125,L5763,L5763,S2734,,5511,53B78,Ⅸ,170,1,53B48,Ⅸ,157,2,3220,,20,2,17,,,,,,2.07.1303,5,2,,,,,,,
𘐨,U+18428,,7.439.3,8741/00,K4706,L5584,L5584,S2772,,5512,54A11,Ⅸ,170,2,53B47,Ⅸ,157,1,3221,,20,2,17,,,,,,2.07.1304,5,3,,,,,,,
𗼕,U+17F15,,5.370.1,2182/24,K0213,L2342,L2342,S3327,205-067,5513,54A12,Ⅸ,171,1,53B52,Ⅸ,158,2,1665,1.57.271,53,1,51,3,1,𘚶,𗪂,,1.19.1606,3,1,,,,,,,
𗼝,U+17F1D,,5.384.2,2481/24,K4193,L2816,L2816,S3342,,5514,54A13,Ⅸ,171,2,53B51,Ⅸ,158,1,1666,1.57.272,53,1,51,3,2,𘚶,𗪂,,1.19.1607,3,2,,,,,,,
𗗥,U+175E5,,2.551.1,5204/00,K2651,L5875,L5875,S5467,086-041,5515,54A14,Ⅸ,172,1,53B54,Ⅸ,159,2,4269,,70,2,60,,,,,,2.14.2206,4,1,,,,,,,
𗗨,U+175E8,,2.562.1,5101/40,K5220,L5839,L5839,S5464,,5516,54A15,Ⅸ,172,2,53B53,Ⅸ,159,1,4270,,70,2,60,,,,,,2.14.2207,4,2,,,,,,,
𗠺,U+1783A,,3.277.2,7722/42,K0519,L4605,L4605,S0526,255-083,5517,54A16,Ⅸ,173,1,53B55,Ⅸ,160,1,,,14,2,12,,,,,,,,,,,,,,,
𘖓,U+18593,,8.179.3,8842/72,K0578,L5745,L5745,S2528,238-102,5518,54A17,Ⅸ,173,2,53B56,Ⅸ,160,2,,,14,2,12,,,,,,,,,,,,,,,
𗋽,U+172FD,,1.647.2,2724/40,K1951,L3058,L3058,S4282,181-101,5519,54A18,Ⅸ,174,1,53B58,Ⅸ,161,2,4729,,100,2,85,,,,,,2.17.2701,2,9,,,,,,,
𗋤,U+172E4,,1.634.2,2824/00,K2503,L3542,L3542,S4230,181-09h,5520,54A21,Ⅸ,174,2,53B61,Ⅸ,161,3,4730,,100,2,85,,,,,,2.17.2702,2,10,,,,,,,
𗋓,U+172D3,,1.621.1,2321/27,K5597,L2579,L2579,S4270,,5521,54A22,Ⅸ,174,3,53B62,Ⅸ,161,4,4731,,100,2,85,,,,,,2.17.2703,2,11,,,,,,,
𘝉,U+18749,,8.480.1,1942/20,K0904,L1860,L1860,S0414,,5522,54A23,Ⅸ,175,1,53B63,Ⅸ,162,1,,,?,0,?,,,,,,,,,,,,,,,
𘜿,U+1873F,,8.474.2,1745/20,K1320,L1406,L1406,S0412,,5523,54A24,Ⅸ,175,2,53B64,Ⅸ,162,2,,,?,0,?,,,,,,,,,,,,,,,
𗞒,U+17792,,3.181.4,5051/52,K5047,L4387,L4387,S0761,017-12g,5524,54A25,Ⅸ,176,1,53B65,Ⅸ,163,1,966,1.35.272,29,1,28,6,1,?,?,,1.12.2707,4,1,,,,,,,
𗟉,U+177C9,,3.205.2,5051/52,K5437,L4388,L4388,S0760,,5525,54A26,Ⅸ,176,2,53B66,Ⅸ,163,2,967,1.36.111,29,1,28,6,2,?,?,,1.12.2708,4,2,,,,,,,
𗪉,U+17A89,,4.487.2,2141/40,K4458,L2134,L2134,S3496,204-10zf,5526,54A27,Ⅸ,177,1,53B67,Ⅸ,164,1,2137,1.74.132,70,1,67,11,7,𘌢,𗜦,,1.23.2704,8,7,,,,,,,
𘗧,U+185E7,,8.236.2,1925/22,K0443,L1851,L1851,S4333,,5527,54A28,Ⅸ,177,2,53B71,Ⅸ,164,3,2138,1.74.141,70,1,67,11,8,𘌢,𗜦,,1.23.2705,8,8,,,,,,,
𗧟,U+179DF,,4.362.3,2844/72,K2291,L3713,L3713,S3763,204-08q,5528,54A31,Ⅸ,178,1,53B72,Ⅸ,165,1,1147,1.41.212,33,1,32,2,3,𘖱,𘄮,,1.14.2302,2,3,,,,,,,
𗠶,U+17836,,3.275.1,7822/42,K0529,L4638,L4638,S0485,,5529,54A32,Ⅸ,178,2,53B73,Ⅸ,165,2,1148,1.41.221,33,1,32,2,4,𘖱,𘄮,,1.14.2303,2,4,,,,,,,
𗥕,U+17955,,4.211.2,2941/24,K5209,L3782,L3782,S3534,,5530,54A33,Ⅸ,179,1,53B75,Ⅸ,166,2,2686,,1,2,1,,,,,,2.02.2208,8,1,,,,,,,
𗦭,U+179AD,,4.305.1,2345/22,K1349,L2686,L2686,S3541,,5531,54A34,Ⅸ,179,2,53B76,Ⅸ,166,3,2687,,1,2,1,,,,,,2.02.2301,8,2,,,,,,,
𘌢,U+18322,,7.234.2,9041/00,K5206,L5810,L5810,S1663,142-001,5532,54A35,Ⅸ,180,1,53B74,Ⅸ,166,1,55,1.06.243,1,1,1,14,1,𗀹,𘀏,,1.05.1302,15,1,,,,,,,
𘌣,U+18323,,7.234.3,9745/40,K0388,L5942,L5942,?,,5533,54A36,Ⅸ,180,2,53B77,Ⅸ,166,4,,,1,1,1,,,,,,,,,,,,,,,
𘄻,U+1813B,,6.326.1,1742/70,K1701,L1289,L1289,S4762,230-06a,5534,54A37,Ⅸ,181,1,53B78,Ⅸ,167,1,757,1.29.143,20,1,20,10,1,𘚶,𗉀,,,,,,,,,,,
𘅴,U+18174,,6.399.4,1141/00,K0005,L0259,L0259,S4714,230-113,5535,54A38,Ⅸ,181,2,54A11,Ⅸ,167,2,758,1.29.151,20,1,20,10,2,𘚶,𗉀,,,,,,,,,,,
𗅞,U+1715E,,1.338.1,2104/20,K5702,L1964,L1964,S1488,,5536,54A41,Ⅸ,182,1,54A12,Ⅸ,168,1,5277,,28,2,25,,,,,,3.07.2701,3,1,,,,,,,
𘖹,U+185B9,,8.197.2,8024/20,K5703,L4817,L4817,S2564,028-102,5537,54A42,Ⅸ,182,2,54A13,Ⅸ,168,2,5278,,28,2,25,,,,,,3.07.2702,3,2,,,,,,,
𗟨,U+177E8,,3.220.1,1844/40,K3230,L1770,L1770,S0312,112-063,5538,54A43,Ⅸ,183,1,54A14,Ⅸ,169,1,5002,Z.10.241,11,1,11,10,1,𘃾,𘊯,,3.04.1609,8,7,,,,,,,
𗟰,U+177F0,,3.230.2,1841/44,K4677,L1701,L1701,S0317,112-112,5539,54A44,Ⅸ,183,2,54A15,Ⅸ,169,2,5003,Z.10.242,11,1,11,10,2,𘃾,𘊯,,3.04.1610,8,8,,,,,,,
𘒅,U+18485,,7.496.2,1722/24,K1734,L1025,L1025,S5154,,5540,54A45,Ⅸ,184,1,54A16,Ⅸ,170,1,3389,,30,2,27,,,,,,2.08.1706,4,1,,,,,,,
𘒊,U+1848A,,7.500.2,1724/22,K3130,L1094,L1094,S5151,,5541,54A46,Ⅸ,184,2,54A17,Ⅸ,170,2,3390,,30,2,27,,,,,,2.08.1707,4,2,,,,,,,
𗮁,U+17B81,,3.440.1,8722/25,K1281,L5532,L5532,S5281,,5542,54A47,Ⅸ,185,1,54A18,Ⅸ,171,1,4170,,64,2,54,,,,,,2.13.2703,8,1,,,,,,,
𗭿,U+17B7F,,3.438.2,8122/20,K0251,L5112,L5112,S2258,,5543,54A48,Ⅸ,185,2,54A21,Ⅸ,171,2,4171,,64,2,54,,,,,,2.13.2704,8,2,,,,,,,
𘒿,U+184BF,,7.564.2,5171/42,K5019,L4433,L4433,S5117,,5544,54A51,Ⅸ,186,1,54A23,Ⅸ,172,2,281,1.14.111,8,1,8,8,3,𘚶,𗮟,,1.07.1602,8,3,,,,,,,
𘓀,U+184C0,,7.564.3,5172/42,K1007,L4436,L4436,S5118,168-051,5545,54A52,Ⅸ,186,2,54A22,Ⅸ,172,1,282,1.14.112,8,1,8,8,4,𘚶,𗮟,,1.07.1603,8,4,,,,,,,
𘐲,U+18432,,7.448.3,8141/51,K5294,L5206,L5206,S2729,,5546,54A53,Ⅸ,187,1,54A24,Ⅸ,173,1,5233,Z.20.171,75,2,64,2,1,𘑍,𘒢,,3.07.1703,1,3,,,,,,,
𘑂,U+18442,,7.457.2,8142/22,K1715,L5213,L5213,S2689,,5547,54A54,Ⅸ,187,2,54A25,Ⅸ,173,2,5234,Z.20.172,75,2,64,2,2,𘑍,𘒢,,3.07.1704,1,4,,,,,,,
𗱡,U+17C61,,3.602.1,1740/00,K3459,L1155,L1155,S4968,,5548,54A55,Ⅸ,188,1,54A26,Ⅸ,174,1,2745,,2,2,2,,,,,,2.03.1302,5,1,,,,,,,
𗱖,U+17C56,,3.595.1,1740/00,?,L1154,L1154,S4895,026-064,5549,54A56,Ⅸ,188,2,54A27,Ⅸ,174,2,2746,,2,2,2,,,,,,2.03.1303,5,2,,,,,,,
𘞄,U+18784,,8.523.2,1841/40,K5186,L1696,L1696,S5176,291-053,5550,54A57,Ⅸ,189,1,54A28,Ⅸ,175,1,1180,1.42.231,33,1,32,11,2,𘞩,𘆖,,1.14.2609,10,2,,,,,,,
𘞅,U+18785,,8.524.1,1744/22,K2832,L1372,L1372,S0185,291-101,5551,54A58,Ⅸ,189,2,54A31,Ⅸ,175,2,,,17,1,17,,,,,,,,,,,,,,,
𘐁,U+18401,,7.406.1,8142/24,K3667,L5216,L5216,S2663,236-07e,5552,54A61,Ⅸ,190,1,54A32,Ⅸ,176,1,2787,,3,2,3,,,,,,2.03.1709,7,2,,,,,,,
𘐖,U+18416,,7.428.2,8844/40,K2451,L5765,L5765,S2665,236-08b,5553,54A62,Ⅸ,190,2,54A34,Ⅸ,176,3,2788,,3,2,3,,,,,,2.03.2101,7,3,,,,,,,
𗯲,U+17BF2,,3.497.3,8749/20,K0741,L5626,L5626,S2835,194-054,5554,54A63,Ⅸ,190,3,54A33,Ⅸ,176,2,2789,,3,2,3,,,,,,2.03.2102,7,4,,,,,,,
𗯹,U+17BF9,,3.504.2,8844/20,K3258,L5754,L5754,S2828,194-063,5555,54A64,Ⅸ,190,4,54A35,Ⅸ,176,4,2790,,3,2,3,,,,,,2.03.2103,7,5,,,,,,,
𗞄,U+17784,,3.177.3,5041/45,K3777,L4270,L4270,S0850,,5556,54A65,Ⅸ,191,1,47A15,Ⅸ,7,4,2308,1.80.232,80,1,75,4,2,𘜘,𘀎,,1.25.2501,3,7,,,,,,,
𗻑,U+17ED1,,5.327.4,2441/45,K3775,L2795,L2795,S3289,144-071,5557,54A66,Ⅸ,191,2,47A14,Ⅸ,7,3,2309,1.80.241,80,1,75,4,3,𘜘,𘀎,,1.25.2502,3,8,,,,,,,
𗂩,U+170A9,,1.127.1,2401/45,K3776,L2714,L2714,S1579,,5558,54A67,Ⅸ,191,3,47A13,Ⅸ,7,2,2310,1.80.242,80,1,75,4,4,𘜘,𘀎,,1.25.2503,3,9,,,,,,,
𗺦,U+17EA6,,5.313.2,2842/44,K1913,L3651,L3651,S3243,,5559,54A68,Ⅸ,191,4,47A16,Ⅸ,7,5,2311,1.80.251,80,1,75,4,5,𘜘,𘀎,,1.25.2504,3,10,,,,,,,
𘚅,U+18685,,8.336.4,1922/24,K1405,L1848,L1848,S0193,,5560,54A71,Ⅸ,192,1,54A41,Ⅸ,178,1,5038,Z.12.112,25,1,24,11,35,𘒻,𘕆,,3.04.2211,9,35,,,,,,,
𘚂,U+18682,,8.336.1,1324/20,K2030,L0658,L0658,S0198,,5561,54A72,Ⅸ,192,2,54A42,Ⅸ,178,2,,,25,1,24,,,,,,,,,,,,,,,
𗗠,U+175E0,,2.547.1,1721/24,K4614,L0956,L0956,S5277,049-102,5562,54A73,Ⅸ,193,1,54A43,Ⅸ,179,1,5032,Z.11.251,23,2,20,11,29,𗜮,𗫬,,3.04.2205,9,29,,,,,,,
𗗛,U+175DB,,2.543.1,1121/24,K5254,L0173,L0173,S5260,,5563,54A74,Ⅸ,193,2,54A44,Ⅸ,179,2,,,23,2,20,,,,,,,,,,,,,,,
𗶤,U+17DA4,,6.470.1,1210/00,K0057,L0475,L0475,S5231,319-093,5564,54A75,Ⅸ,194,1,54A46,Ⅸ,180,2,149,1.09.232,3,1,3,12,1,𗮆,𗚓,,1.06.1107,12,1,,,,,,,
𗶝,U+17D9D,,6.424.1,1710/00,K0041,L0899,L0899,S5195,319-051,5565,54A76,Ⅸ,194,2,54A45,Ⅸ,180,1,,,3,1,3,,,,,,,,,,,,,,,
𗂹,U+170B9,,1.142.1,2705/45,K1255,L2987,L2987,S1562,039-126,5566,54A77,Ⅸ,195,1,54A47,Ⅸ,181,1,5020,Z.11.162,72,1,69,11,17,𘟔,𗹰,,3.04.2105,9,17,,,,,,,
𗀰,U+17030,,1.040.2,2102/20,K0818,L1939,L1939,S1228,,5567,54A78,Ⅸ,195,2,54A48,Ⅸ,181,2,,,72,1,69,,,,,,,,,,,,,,,
𘄲,U+18132,,6.319.1,1144/00,K2433,L0349,L0349,S4712,,5568,56A38,Ⅸ,?,?,,,,,3472,,33,2,29,,,,,,2.09.1110,7,2,,,,,,,
𘅕,U+18155,,6.363.1,1741/00,K4914,L1173,L1173,S4765,,5569,56A41,Ⅸ,?,?,56A21,Ⅸ,D,185,1754,1.61.112,56,1,54,12,4,𘁮,𗪳,,1.20.1307,11,4,,,,,,,
𗦤,U+179A4,,4.371.1,2244/40,K2888,L2493,L2493,S3497,,5570,56A42,Ⅸ,?,?,56A22,Ⅸ,D,186,1429,1.50.231,40,1,39,8,1,𘄲,𗧯,,1.17.1306,7,1,,,,,,,
𗭻,U+17B7B,,3.432.3,8722/20,K1585,L5522,L5522,S2266,047-043,5571,56A43,Ⅸ,?,?,,,,,3672,,40,2,35,,,,,,2.10.2107,3,3,,,,,,,
𘒬,U+184AC,,7.559.1,5842/24,K1862,L5976,L5976,?,,5572,56A44,Ⅸ,?,?,,,,,,,40,1,39,,,,,,,,,,,,,,,
𘞀,U+18780,,8.522.1,1844/00,K0437,L1740,L1740,?,,5573,56A45,Ⅸ,?,?,,,,,,,20,2,17,,,,,,,,,,,,,,,
𗥥,U+17965,,4.229.1,2844/20,K2283,L3677,L3677,S3609,204-07s,5574,56A46,Ⅸ,?,?,46B43,Ⅸ,4,15,2385,1.83.221,84,1,79,4,3,𗱕,𗮇,,1.26.2303,3,6,,,,,,,
𘜘,U+18718,,8.437.1,1821/24,K5143,L1599,L1599,S4911,287-061,5575,56A47,Ⅸ,?,?,46B47,Ⅸ,4,19,2386,1.83.231,84,1,79,4,4,𗞵,𗟶,,1.26.2304,3,7,,,,,,,
𗨬,U+17A2C,,4.421.1,2744/00,K2406,L3287,L3287,S3872,204-09s,5576,56A48,Ⅸ,?,?,47A12,Ⅸ,7,1,2307,1.80.231,80,1,75,4,1,𗱕,𗪙,,1.25.2407,3,6,,,,,,,
𗕫,U+1756B,,2.446.1,1741/22,K5072,L1190,L1190,S4385,,5577,56A51,Ⅸ,?,?,47A17,Ⅸ,7,6,4445,,80,2,69,,,,,,2.15.2508,1,3,,,,,,,
𗲨,U+17CA8,,3.646.3,1754/50,K3023,L1461,L1461,S4866,,5578,56A52,Ⅸ,?,?,47A63,Ⅸ,11,5,2384,1.83.212,84,1,79,4,2,𗑛,𗟶,,1.26.2302,3,5,,,,,,,
𗐇,U+17407,,2.195.1,2740/00,K5709,L3090,L3090,S5617,,5579,56A53,Ⅸ,?,?,48B27,Ⅸ,36,2,5258,Z.21.152,73,2,62,9,1,𗇵,𗻶,,3.07.2304,1,28,,,,,,,
𗻡,U+17EE1,,5.332.2,2744/42,K1924,L3344,L3344,S3276,144-091,5580,56A54,Ⅸ,?,?,48B26,Ⅸ,36,1,5004,Z.10.251,73,1,70,11,1,𗟨,𗎈,,3.04.1611,9,1,,,,,,,
𘒐,U+18490,,7.519.1,1754/50,K2807,L1462,L1462,S5148,019-094,5581,56A55,Ⅸ,?,?,47B54,Ⅸ,18,4,1691,1.58.261,54,1,52,2,4,𗽠,𗫕,,1.19.2206,3,1,,,,,,,
𘒒,U+18492,,7.521.1,1754/00,K4855,L1428,L1428,S5168,018-09a,5582,56A56,Ⅸ,?,?,47B53,Ⅸ,18,3,3950,,54,2,45,,,,,,2.12.1709,5,1,,,,,,,
𗞺,U+177BA,,3.198.6,5041/41,K5482,L4260,L4260,S0878,017-145,5583,56A57,Ⅸ,?,?,48B32,Ⅸ,37,3,5006,Z.10.261,58,1,56,11,3,𘎗,𘑲,,3.04.1702,9,3,,,,,,,
𗀖,U+17016,,1.024.2,1041/00,?,L0069,L0069,S1199,,5584,56A58,Ⅸ,?,?,48A44,Ⅸ,29,1,4346,,73,2,62,,,,,,2.15.1205,3,1,,,,,,,
𗣈,U+178C8,,4.032.2,2441/50,K3795,L2797,L2797,S3916,,5585,56A61,Ⅸ,?,?,,,,,,,51,0,?,,,,,,,,,,,,,,,
𗽀,U+17F40,,5.427.3,2742/74,K1372,L3264,L3264,S3889,210-061,5586,56A62,Ⅸ,?,?,48A57,Ⅸ,30,9,3439,,31,2,28,,,,,,2.08.2506,9,6,,,,,,,
𘂠,U+180A0,,6.188.2,9274/44,K2690,L5885,L5885,S1736,,5587,56A63,Ⅸ,?,?,49A33,Ⅸ,42,11,1753,1.61.111,56,1,54,12,3,𗱸,𘘪,,1.20.1306,11,3,,,,,,,
𗡻,U+1787B,,3.336.3,2804/22,K2279,L3499,L3499,S1313,137-071,5588,56A64,Ⅸ,?,?,49B21,Ⅸ,49,2,1004,1.37.121,30,1,29,9,1,𗛧,𗐠,,1.13.1501,6,1,,,,,,,
𗧙,U+179D9,,4.359.1,2742/00,K0548,L3196,L3196,S3865,204-08d,5589,56A65,Ⅸ,?,?,49B18,Ⅸ,49,1,3391,,30,2,27,,,,,,2.08.1708,5,1,,,,,,,
𗛣,U+176E3,,3.084.4,5044/14,K1978,L4341,L4341,S0694,,5590,56A66,Ⅸ,?,?,49B54,Ⅸ,52,11,1752,1.60.272,56,1,54,12,2,𗒿,𘌄,,1.20.1305,11,2,,,,,,,
𘎉,U+18389,,7.306.1,8045/50,K1152,L5009,L5009,S2535,027-091,5591,56A67,Ⅸ,?,?,50A41,Ⅸ,61,2,1692,1.58.262,54,1,52,2,5,𗳜,𗊟,,1.19.2207,3,2,,,,,,,
𗤜,U+1791C,,4.128.1,2345/50,K1181,L2688,L2688,S3713,,5592,56A68,Ⅸ,?,?,50A42,Ⅸ,62,1,1796,1.62.171,58,1,56,6,4,𘚶,𗤛,,,,,,,,,,,
𗖓,U+17593,,2.480.2,1372/22,K0768,L0729,L0729,S4606,,5593,56A71,Ⅸ,?,?,50A38,Ⅸ,61,1,3951,,54,2,45,,,,,,2.12.1710,5,2,,,,,,,
𘛫,U+186EB,,8.389.3,8221/22,K4244,L5259,L5259,S2500,264-031,5594,56A72,Ⅸ,?,?,50A54,Ⅸ,64,1,1561,1.54.232,46,1,45,6,2,𘄊,𘝖,,1.18.1703,4,2,,,,,,,
𗚯,U+176AF,,3.065.2,5051/20,K4985,L4384,L4384,?,017-078,5595,56A73,Ⅸ,?,?,50A61,Ⅸ,65,2,1198,1.43.141,34,1,33,3,2,𘚶,𗕛,,1.15.1207,3,2,,,,,,,
𘃦,U+180E6,,6.257.2,8821/24,K5147,L5694,L5694,S2415,056-062,5596,56A74,Ⅸ,?,?,51B24,Ⅸ,90,1,1184,1.42.242,33,1,32,12,1,𗜮,𘆖,,1.14.2704,11,1,,,,,,,
𗆐,U+17190,,1.379.2,2204/24,K2792,L2373,L2373,S1381,041-108,5597,56A75,Ⅸ,?,?,51B68,Ⅸ,98,3,1967,1.68.132,64,1,61,13,4,𗶤,𗟥,,1.22.1207,10,6,,,,,,,
𗟚,U+177DA,,3.672.2,5750/00,K0023,L5944,L5944,S5344,,5598,56A76,Ⅸ,?,?,52A11,Ⅸ,101,2,2629,1.92.262,102,1,94,1,7,𗯾,𗂌,濁,1.29.1602,1,7,,,,,,,
𘅸,U+18178,,6.400.4,1744/40,K3042,L1388,L1388,S4755,230-112,5599,56A77,Ⅸ,?,?,52A32,Ⅸ,106,2,5008,Z.10.271,14,1,14,11,5,𘄳,𗮦,,3.04.1704,9,5,,,,,,,
𗔺,U+1753A,,2.394.3,8044/40,K3043,L4991,L4991,S2081,,5600,56A78,Ⅸ,?,?,52A31,Ⅸ,106,1,,,14,2,12,,,,,,,,,,,,,,,
𘆆,U+18186,,6.407.1,1751/70,K5779,L1441,L1441,S4817,059-081,5601,56B11,Ⅸ,?,?,52A55,Ⅸ,110,4,1362,1.48.172,37,1,36,7,1,𘚶,𘄿,,1.16.2202,14,1,,,,,,,
𘂣,U+180A3,,6.189.3,9171/42,K3864,L5850,L5850,S1731,157-082,5602,56B12,Ⅸ,?,?,52B68,Ⅸ,127,9,2131,1.73.272,70,1,67,11,1,𗥃,𘐏,,1.23.2605,8,1,,,,,,,
𘛜,U+186DC,,8.383.1,8072/40,K1433,L5036,L5036,S1949,007-053,5603,56B13,Ⅸ,?,?,52A64,Ⅸ,111,1,255,1.13.132,8,1,8,4,1,𘁮,𗬃,,1.07.1201,4,1,,,,,,,
𗇗,U+171D7,,1.429.3,3071/25,K3956,L3838,L3838,S3068,005-121,5604,56B14,Ⅸ,?,?,52A68,Ⅸ,112,3,2354,1.82.161,82,1,77,4,1,𘌦,𗩜,,1.26.1503,2,4,,,,,,,
𘂋,U+1808B,,6.174.4,9171/42,K4530,L5849,L5849,S1734,157-043,5605,56B15,Ⅸ,?,?,52A65,Ⅸ,111,2,2877,,8,2,7,,,,,,2.04.1302,7,1,,,,,,,
𘅗,U+18157,,6.363.2,1744/00,K3034,L1321,L1321,S3063,230-072,5606,56B16,Ⅸ,?,?,52A72,Ⅸ,113,2,2132,1.74.111,70,1,67,11,2,𘓊,𗪺,,1.23.2606,8,2,,,,,,,
𗔌,U+1750C,,2.369.3,8044/00,K3035,L4956,L4956,S2072,007-129,5607,56B17,Ⅸ,?,?,52A71,Ⅸ,113,1,4303,,70,2,60,,,,,,2.14.2502,9,1,,,,,,,
𗟞,U+177DE,,8.034.3,7850/00,K0029,L4664,L4664,S0573,,5608,56B18,Ⅸ,?,?,,,,,2070,1.71.242,68,1,65,3,3,𗱸,𗂢,,1.23.1207,2,3,,,,,,,
𗿶,U+17FF6,,6.088.2,2141/24,K4397,L2114,L2114,S5739,211-111,5609,56B21,Ⅸ,?,?,52B48,Ⅸ,124,3,1902,1.65.271,63,1,60,1,5,𗱸,𗏜,,1.21.2106,1,5,,,,,,,
𗍧,U+17367,,2.005.1,1042/44,?,L0112,L0112,S1071,,5610,56B22,Ⅸ,?,?,52B37,Ⅸ,121,1,4249,,68,2,58,,,,,,2.14.1705,2,2,,,,,,,
𘅤,U+18164,,6.380.1,1842/22,K0560,L1715,L1715,S4711,230-102,5611,56B23,Ⅸ,?,?,53B33,Ⅸ,153,6,2452,1.86.122,87,1,82,7,1,𗞵,𗠯,,1.27.1706,5,12,,,,,,,
𗃄,U+170C4,,1.147.2,2705/45,K1276,L2989,L2989,S1602,,5612,56B24,Ⅸ,?,?,53B45,Ⅸ,156,1,3452,,31,2,28,,,,,,2.08.2608,11,3,,,,,,,
𗌪,U+1732A,,1.679.4,2725/45,K1277,L3082,L3082,S4271,181-142,5613,56B25,Ⅸ,?,?,53B46,Ⅸ,156,2,1122,1.40.231,31,1,30,27,1,𘌛,𘞗,,1.14.1606,24,1,,,,,,,
𘓊,U+184CA,,7.574.1,1224/22,K2774,L0502,L0502,S5070,169-041,5614,56B26,Ⅸ,?,?,53B57,Ⅸ,161,1,2610,1.92.131,100,1,92,4,1,𘅗,𘂆,,1.29.1204,3,1,,,,,,,
𗥚,U+1795A,,4.217.3,2744/00,?,L3281,L3281,S3949,204-07o,5615,56B27,Ⅸ,?,?,53B68,Ⅸ,164,2,4307,,70,2,60,,,,,,2.14.2506,10,2,,,,,,,
𘗫,U+185EB,,8.238.1,1141/14,K4525,L0255,L0255,S4367,132-041,5616,56B28,Ⅸ,?,?,54A51,Ⅸ,182,1,5012,Z.11.121,66,1,63,11,9,𘎘,𗁿,,3.04.1708,9,9,,,,,,,
𗢜,U+1789C,,3.358.1,2421/25,K3774,L2728,L2728,S3151,,5617,56B31,Ⅸ,?,?,54B35,Ⅸ,D,29,,,?,0,?,,,,,,,,,,,,,,,
𗳜,U+17CDC,,3.675.3,1144/40,K1041,L0374,L0374,S5375,220-044,5618,56B32,Ⅸ,?,?,54B36,Ⅸ,D,30,5015,Z.11.132,14,1,14,11,12,𗜮,𘛻,,3.04.1711,9,12,,,,,,,
𗌤,U+17324,,1.678.2,2722/42,K0973,L3034,L3034,S4275,181-137,5619,56B33,Ⅸ,?,?,54B37,Ⅸ,D,31,,,?,0,?,,,,,,,,,,,,,,,
𘛠,U+186E0,,8.385.1,9151/50,?,L5844,L5844,S1714,147B-041,5620,56B34,Ⅸ,?,?,54B38,Ⅸ,D,32,,,?,0,?,,,,,,,,,,,,,,,
𗥭,U+1796D,,4.245.2,2845/20,K0616,L3716,L3716,S3680,,5621,56B35,Ⅸ,?,?,54B41,Ⅸ,D,33,3524,,35,2,31,,,,,,2.09.1704,3,2,,,,,,,
𗂈,U+17088,,1.096.1,2701/40,K4613,L2920,L2920,S1564,039-101,5622,56B36,Ⅸ,?,?,54B42,Ⅸ,D,34,2173,1.75.211,72,1,69,2,2,𗮧,𗹰,,1.24.1602,2,2,,,,,,,
𘊀,U+18280,,7.101.1,2121/47,K4717,L2016,L2016,S3171,243-064,5623,56B37,Ⅸ,?,?,54B43,Ⅸ,D,35,5021,Z.11.171,72,1,69,11,18,𗮧,𗹰,,3.04.2106,9,18,,,,,,,
𗮉,U+17B89,,3.448.1,8224/27,K2936,L5293,L5293,S2265,047-082,5624,56B38,Ⅸ,?,?,54B44,Ⅸ,D,36,3086,,14,2,12,,,,,,2.05.2606,7,5,,,,,,,
𗺙,U+17E99,,5.309.3,2144/40,K2427,L2271,L2271,S3207,144-041,5625,56B41,Ⅸ,?,?,53A53,Ⅸ,142,2,4461,,81,2,70,,,,,,2.15.2704,3,1,,,,,,,
𘝆,U+18746,,8.477.2,1141/40,K4415,L0301,L0301,S0419,305-073,5626,56B42,Ⅸ,?,?,54A52,Ⅸ,182,2,2017,1.69.261,66,1,63,6,1,𘔫,𗁿,,1.22.2203,4,1,,,,,,,
𘆥,U+181A5,,6.435.1,1421/52,K3988,L0768,L0768,S5201,080-064,5627,56B43,Ⅸ,?,?,55A34,Ⅸ,D,84,5274,,?,0,?,,,,,,3.07.2601,2,1,,,,,,,
𗫯,U+17AEF,,4.579.2,2144/40,K2473,L2265,L2265,S3870,204-151,,,Ⅸ,?,?,47A18,Ⅸ,8,1,5235,Z.20.211,11,2,10,3,1,𘎲,𘆨,,3.07.1705,1,5,,,,,,,
𘙎,U+1864E,,8.304.2,1144/00,K2472,L0354,L0354,S5000,297-085,,,Ⅸ,?,?,47A21,Ⅸ,8,2,5236,Z.20.212,11,2,10,3,2,𘎲,𘆨,,3.07.1706,1,6,,,,,,,
𘙥,U+18665,,8.316.2,1244/40,K2911,L0594,L0594,S5001,297-121,,,Ⅸ,?,?,47A22,Ⅸ,8,3,5237,Z.20.221,11,2,10,3,3,𘎲,𘆨,,3.07.1707,1,7,,,,,,,
𘄅,U+18105,,6.284.1,1124/20,K2470,L0221,L0221,S4340,,,,Ⅸ,?,?,47A23,Ⅸ,8,4,5239,Z.20.231,11,2,10,3,5,𘎲,𘆨,,3.07.2102,1,9,,,,,,,
𘚘,U+18698,,8.347.3,1244/00,K2910,L0552,L0552,S0404,304-041,,,Ⅸ,?,?,47A24,Ⅸ,8,5,5238,Z.20.222,11,2,10,3,4,𘎲,𘆨,,3.07.2101,1,8,,,,,,,
𘚟,U+1869F,,8.349.2,1141/42,K5029,L0308,L0308,S0403,304-101,,,Ⅸ,?,?,47A25,Ⅸ,8,6,5240,Z.20.232,11,2,10,3,6,𘎲,𘆨,,3.07.2103,1,10,,,,,,,
𘚛,U+1869B,,8.348.2,1244/00,K3514,L0554,L0554,S0406,304-062,,,Ⅸ,?,?,47A26,Ⅸ,8,7,5241,Z.20.233,11,2,10,3,7,𘎲,𘆨,,3.07.2104,1,11,,,,,,,
𗢣,U+178A3,,3.360.3,2121/24,K4450,L2003,L2003,S3153,045-092,,,Ⅸ,?,?,47A27,Ⅸ,8,8,5242,Z.20.241,11,2,10,3,8,𘎲,𘆨,,3.07.2105,1,12,,,,,,,
𗱥,U+17C65,,3.604.2,1722/40,K1556,L1036,L1036,S4960,026-096,,,Ⅸ,?,?,47A28,Ⅸ,8,9,5243,Z.20.242,11,2,10,3,9,𘎲,𘆨,,3.07.2106,1,13,,,,,,,
𘟍,U+187CD,,8.576.2,7851/20,?,L4665,L4665,S0583,256-091,,,Ⅸ,?,?,52B38,Ⅸ,121,2,2926,,9,2,8,,,,,,2.04.2104,4,3,,,,,,,
𘄊,U+1810A,,6.287.4,1721/22,K4963,L0938,L0938,S4361,108-081,,,Ⅸ,?,?,54A53,Ⅸ,183,1,338,1.15.262,10,1,10,9,2,𘃞,𗪘,,1.08.1102,8,2,,,,,,,
𗀿,U+1703F,,1.047.4,2101/21,K5542,L1895,L1895,S1238,,,,Ⅸ,?,?,54A54,Ⅸ,183,2,337,1.15.261,10,1,10,9,1,𘃞,𗪘,,1.08.1101,8,1,,,,,,,
𗛲,U+176F2,,3.092.1,5044/00,K2059,L4319,L4319,S0897,017-09g,,,Ⅸ,?,?,54A55,Ⅸ,184,1,4051,,58,2,49,,,,,,2.13.1207,2,5,,,,,,,
𘓋,U+184CB,,7.580.1,1722/22,K1670,L1017,L1017,S5071,,,,Ⅸ,?,?,54A56,Ⅸ,184,2,,,58,2,49,,,,,,,,,,,,,,,
𗐗,U+17417,,2.152.3,2721/52,K3989,L3015,L3015,S5569,032-112,,,Ⅸ,?,?,54A57,Ⅸ,185,1,5287,Z.22.111,62,2,52,10,2,𘙎,𗸥,,3.08.1104,3,11,,,,,,,
𗐏,U+1740F,,2.148.4,2790/00,K0729,L3036,L3036,S5557,,,,Ⅸ,?,?,54A58,Ⅸ,185,2,,,62,2,52,,,,,,,,,,,,,,,
𗧀,U+179C0,,4.332.1,2744/22,K1964,L3317,L3317,S3603,204-09u,,,Ⅸ,?,?,54A71,Ⅸ,D,1,1520,1.53.163,44,1,43,7,4,𘚶,𗁧,,1.18.1105,6,4,,,,,,,
𘔇,U+18507,,8.033.1,7844/42,K3228,L4663,L4663,S0568,256-111,,,Ⅸ,?,?,54A72,Ⅸ,D,2,5027,Z.11.231,17,1,17,11,24,𗟨,𘈥,,3.04.2112,9,24,,,,,,,
𗔓,U+17513,,2.372.1,8044/00,K3197,L4961,L4961,S1813,,,,Ⅸ,?,?,54A74,Ⅸ,D,4,,,?,0,?,,,,,,,,,,,,,,,
𗯾,U+17BFE,,3.508.3,8744/22,K3307,L5664,L5664,S2823,,,,Ⅸ,?,?,54A75,Ⅸ,D,5,5005,Z.10.252,62,1,59,11,2,𗏓,𗠃,,3.04.1701,9,2,,,,,,,
𗊊,U+1728A,,1.566.2,2224/40,K1080,L2422,L2422,S4245,181-053,,,Ⅸ,?,?,54A76,Ⅸ,D,6,2237,1.77.261,73,1,70,3,2,𗮩,𘌸,,1.24.2703,2,2,,,,,,,
𗨭,U+17A2D,,4.422.1,2741/00,K0089,L3105,L3105,S3873,204-09zj,,,Ⅸ,?,?,54B11,Ⅸ,D,9,1929,1.66.253,64,1,61,5,1,𗉛,𗖞,,1.21.2503,4,1,,,,,,,
𘞨,U+187A8,,8.544.1,8421/42,K4227,L5425,L5425,S2505,265-021,,,Ⅸ,?,?,54B12,Ⅸ,D,10,4142,,64,2,54,,,,,,2.13.2405,2,1,,,,,,,
𘚠,U+186A0,,8.349.3,7125/50,K1258,L4554,L4554,S0289,002-061,,,Ⅸ,?,?,54B13,Ⅸ,D,11,4749,,28,4,25,,,,,,2.18.1405,2,3,,,,,,,
𗢯,U+178AF,,4.010.2,2742/20,K0520,L3190,L3190,S3909,204-033,,,Ⅸ,?,?,54B15,Ⅸ,D,13,5013,Z.11.122,20,1,20,11,10,𗜦,𗍘,合,3.04.1709,9,10,,,,,,,
𗩃,U+17A43,,4.435.2,2542/40,K0234,L2875,L2875,?,,,,Ⅸ,?,?,54B16,Ⅸ,D,14,,,?,0,?,,,,,,,,,,,,,,,
𗂍,U+1708D,,1.099.1,2101/00,K0003,L1893,L1893,S1231,002-101,,,Ⅸ,?,?,54B17,Ⅸ,D,15,5014,Z.11.131,14,1,14,11,11,𘟔,𘅜,,3.04.1710,9,11,,,,,,,
𗲴,U+17CB4,,3.650.1,1741/00,K4726,L1165,L1165,S4971,026-135,,,Ⅸ,?,?,54B18,Ⅸ,D,16,1891,1.65.213,62,1,59,8,1,𘐳,𘄩,,1.21.1702,8,1,,,,,,,
𗝕,U+17755,,3.149.1,5024/40,?,L4194,L4194,S0702,017-114,,,Ⅸ,?,?,54B21,Ⅸ,D,17,99,1.08.131,2,1,2,11,2,𘄊,𘜲,,1.05.2203,11,2,,,,,,,
𗧁,U+179C1,,4.333.1,2742/20,K1654,L3202,L3202,S3604,204-091,,,Ⅸ,?,?,54B22,Ⅸ,D,18,4439,,79,2,68,,,,,,2.15.2501,2,1,,,,,,,
𘀞,U+1801E,,6.118.2,3145/22,K1155,L3882,L3882,S2898,192-053,,,Ⅸ,?,?,54B23,Ⅸ,D,19,2289,1.79.272,79,1,74,6,1,𘕡,𘜪,,1.25.2104,4,1,,,,,,,
𗸁,U+17E01,,5.185.1,1854/50,K3238,L1800,L1800,S0347,123-063,,,Ⅸ,?,?,54B24,Ⅸ,D,20,3889,,51,2,42,,,,,,2.12.1109,11,1,,,,,,,
𘌲,U+18332,,7.241.1,8724/40,K3141,L5559,L5559,S2231,,,,Ⅸ,?,?,54B25,Ⅸ,D,21,1563,1.54.242,46,1,45,6,4,𗄋,𘕹,,1.18.1705,4,4,,,,,,,
𗍿,U+1737F,,2.077.1,1722/22,K0933,L1003,L1003,S0300,103-101,,,Ⅸ,?,?,54B26,Ⅸ,D,22,1523,1.53.211,44,1,43,8,1,𗽈,𗼊,,1.18.1201,7,1,,,,,,,
𗢸,U+178B8,,4.020.2,2144/20,K3559,L2246,L2246,S3420,204-041,,,Ⅸ,?,?,54B27,Ⅸ,D,23,3234,,21,2,18,,,,,,2.07.1409,2,6,,,,,,,
𗅊,U+1714A,,1.266.1,2104/20,K5696,L1963,L1963,S1490,,,,Ⅸ,?,?,54B28,Ⅸ,D,24,4257,,69,2,59,,,,,,2.14.2103,2,1,,,,,,,
𘐳,U+18433,,7.449.2,8240/24,K0157,L5302,L5302,S2769,236-092,,,Ⅸ,?,?,54B31,Ⅸ,D,25,,,?,0,?,,,,,,,,,,,,,,,
𗗣,U+175E3,,2.548.2,5104/40,K1027,L5845,L5845,S5473,086-042,,,Ⅸ,?,?,54B32,Ⅸ,D,26,3357,,28,2,25,,,,,,2.08.1405,7,6,,,,,,,
𗽠,U+17F60,,5.448.3,2844/22,K3220,L3689,L3689,S3981,210-091,,,Ⅸ,?,?,54B33,Ⅸ,D,27,206,1.11.173,5,1,5,5,1,𘎘,𗮐,,1.06.2202,5,1,,,,,,,
𘔫,U+1852B,,8.053.2,1192/20,K0986,L0214,L0214,S1132,179-051,,,Ⅸ,?,?,54B34,Ⅸ,D,28,4075,,61,2,51,,,,,,2.13.1503,4,1,,,,,,,
𘎘,U+18398,,7.316.1,8144/40,K0411,L5242,L5242,S2451,152-073,,,Ⅸ,?,?,54B45,Ⅸ,D,37,473,1.20.151,14,1,14,9,1,𘞩,𘛻,,1.09.1601,9,1,,,,,,,
𗣷,U+178F7,,4.068.1,2742/20,K0931,L3194,L3194,S3881,204-066,,,Ⅸ,?,?,54B46,Ⅸ,D,38,,,28,0,?,,,,,,,,,,,,,,,
𗴽,U+17D3D,,5.016.1,1021/22,K4951,L0011,L0011,S0203,018-08a,,,Ⅸ,?,?,54B47,Ⅸ,D,39,,,?,0,?,,,,,,,,,,,,,,,
𗾄,U+17F84,,5.395.2,2344/22,K2165,L2658,L2658,S4058,,,,Ⅸ,?,?,54B48,Ⅸ,D,40,2169,1.75.161,71,1,68,10,1,𗟞,𘌞,,1.24.1504,5,1,,,,,,,
𘞩,U+187A9,,8.544.2,8122/42,K0767,L5126,L5126,S2502,,,,Ⅸ,?,?,54B51,Ⅸ,D,41,236,1.12.212,7,1,7,5,1,𘎘,𗹊,,1.06.2604,5,1,,,,,,,
𗊹,U+172B9,,1.600.4,2421/40,K4120,L2732,L2732,S4278,,,,Ⅸ,?,?,54B52,Ⅸ,D,42,1590,1.55.221,50,1,48,4,1,𘚶,𘌭,上,1.18.2307,3,1,,,,,,,
𗜛,U+1771B,,3.124.1,5042/20,K0246,L4285,L4285,S0725,017-106,,,Ⅸ,?,?,54B53,Ⅸ,D,43,,,?,0,?,,,,,,,,,,,,,,,
𗂰,U+170B0,,1.129.2,2702/42,K0963,L2945,L2945,S1523,039-121,,,Ⅸ,?,?,54B54,Ⅸ,D,44,,,11,2,10,,,,,,,,,,,,,,,
𗟏,U+177CF,,3.206.4,5041/00,K4918,L4223,L4223,S0695,,,,Ⅸ,?,?,54B55,Ⅸ,D,45,5285,,65,2,55,,,,,,3.08.1102,3,9,,,,,,,
𗺐,U+17E90,,3.349.3,2224/22,K2590,L2548,L2548,S3194,,,,Ⅸ,?,?,54B56,Ⅸ,D,46,5022,Z.11.172,59,1,57,11,19,𗰻,𗨇,,3.04.2107,9,19,,,,,,,
𗜆,U+17706,,3.099.3,5022/40,K3679,L4154,L4154,S0938,017-092,,,Ⅸ,?,?,54B57,Ⅸ,D,47,5007,Z.10.262,64,1,61,11,4,𗱅,𗩟,,3.04.1703,9,4,,,,,,,
𗽼,U+17F7C,,5.468.2,2841/24,K4399,L3584,L3584,S4011,210-141,,,Ⅸ,?,?,54B58,Ⅸ,D,48,4271,,70,2,60,,,,,,2.14.2208,5,1,,,,,,,
𗜼,U+1773C,,3.137.3,5044/20,K3561,L4354,L4354,S0817,,,,Ⅸ,?,?,54B61,Ⅸ,D,49,4174,,65,2,55,,,,,,2.13.2708,1,3,,,,,,,
𘝬,U+1876C,,8.510.2,8942/74,K1418,L5801,L5801,S2615,299-051,,,Ⅸ,?,?,54B62,Ⅸ,D,50,3495,,34,2,30,,,,,,2.09.1404,4,2,,,,,,,
𗇬,U+171EC,,1.443.1,1721/22,K4953,L0928,L0928,S4529,,,,Ⅸ,?,?,54B63,Ⅸ,D,51,3272,,25,2,22,,,,,,2.07.2206,2,2,,,,,,,
𗜮,U+1772E,,3.131.3,5044/70,K2050,L4370,L4370,S1003,017-118,,,Ⅸ,?,?,54B64,Ⅸ,D,52,237,1.12.221,7,1,7,5,2,𗳜,𗹊,,1.06.2605,5,2,,,,,,,
𗭮,U+17B6E,,3.423.2,8421/22,K3898,L5413,L5413,S2142,096-072,,,Ⅸ,?,?,54B65,Ⅸ,D,53,1799,1.62.212,58,1,56,7,1,𘒊,𗭴,,1.20.2202,6,1,,,,,,,
𘆏,U+1818F,,6.412.2,1773/22,K5569,L1514,L1514,S5187,018-053,,,Ⅸ,?,?,54B66,Ⅸ,D,54,1146,1.41.211,33,1,32,2,2,𗛧,𘄮,,1.14.2301,2,2,,,,,,,
𗕯,U+1756F,,2.448.1,1710/00,K0042,L0903,L0903,S4413,,,,Ⅸ,?,?,54B72,Ⅸ,D,58,3959,,55,2,46,,,,,,2.12.2108,2,4,,,,,,,
𗄥,U+17125,,1.205.2,7124/74,K1078,L4550,L4550,S0283,,,,Ⅸ,?,?,54B73,Ⅸ,D,59,5019,Z.11.161,64,1,61,11,16,𗲴,𗩟,,3.04.2104,9,16,,,,,,,
𗕡,U+17561,,2.437.1,1744/20,K2169,L1337,L1337,S4320,010-107,,,Ⅸ,?,?,54B74,Ⅸ,D,60,2587,1.91.151,96,1,90,3,1,𗲨,𗌮,,1.28.2506,3,1,,,,,,,
𗢕,U+17895,,3.354.1,2824/20,K3205,L3545,L3545,S3136,045-063,,,Ⅸ,?,?,55A12,Ⅸ,D,66,5024,Z.11.212,100,1,92,11,21,𘙍,𗂴,,3.04.2109,9,21,,,,,,,
𘎗,U+18397,,7.314.3,8744/42,K3584,L5667,L5667,S2453,152-061,,,Ⅸ,?,?,55A13,Ⅸ,D,67,5025,Z.11.221,72,1,69,11,22,𗱅,𗕳,,3.04.2110,9,22,,,,,,,
𘟡,U+187E1,,8.602.1,1742/24,K1552,L1265,L1265,S4396,,,,Ⅸ,?,?,55A14,Ⅸ,D,68,5286,,28,2,44,,,,,,3.08.1103,3,10,,,,,,,
𘝭,U+1876D,,8.511.2,8441/50,K3767,L5458,L5458,S2618,299-061,,,Ⅸ,?,?,55A23,Ⅸ,D,75,4637,,92,2,77,,,,,,2.17.1309,3,1,,,,,,,
𘞌,U+1878C,,8.527.4,1710/00,K0080,L0902,L0902,S4972,026-051,,,Ⅸ,?,?,55A24,Ⅸ,D,76,5017,Z.11.151,92,1,86,11,14,𗃿,𗤵,,3.04.2102,9,14,,,,,,,
𗴦,U+17D26,,3.736.2,2774/40,K1052,L1528,L1528,S4137,,,,Ⅸ,?,?,55A25,Ⅸ,D,77,3230,,21,2,18,,,,,,2.07.1405,2,2,,,,,,,
𘂳,U+180B3,,6.208.1,8844/20,K2971,L5757,L5757,S2373,208-063,,,Ⅸ,?,?,55A31,Ⅸ,D,81,2059,1.71.153,67,1,64,9,1,𗉛,𘕥,,1.23.1101,9,1,,,,,,,
𗺆,U+17E86,,5.296.1,2254/22,K2701,L2523,L2523,S3106,060-071,,,Ⅸ,?,?,55A32,Ⅸ,D,82,5029,Z.11.241,20,1,20,11,26,𗌙,𗋕,,3.04.2202,9,26,,,,,,,
𗬔,U+17B14,,3.368.4,2844/00,?,L3665,L3665,S4007,210-083,,,Ⅸ,?,?,55A33,Ⅸ,D,83,5030,Z.11.242,67,1,64,11,27,𘟔,𗕹,,3.04.2203,9,27,,,,,,,
𘎲,U+183B2,,7.337.4,8742/20,K1582,L5621,L5621,S2712,236-051,,,Ⅸ,?,?,55A35,Ⅸ,D,85,5031,Z.11.243,4,1,4,11,28,𗱥,𗪚,,3.04.2204,9,28,,,,,,,
𘏨,U+183E8,,7.382.1,8744/20,K3390,L5655,L5655,S2718,236-063,,,Ⅸ,?,?,55A36,Ⅸ,D,86,2172,1.75.172,72,1,69,2,1,𗥘,𗹰,,1.24.1601,2,1,,,,,,,
𘌋,U+1830B,,7.217.2,9724/20,K2351,L5926,L5926,?,139-053,,,Ⅸ,?,?,55A37,Ⅸ,D,87,5290,Z.22.122,34,2,30,10,5,𗗘,𗑟,上,3.08.1107,3,14,,,,,,,
𗈦,U+17226,,1.475.2,1744/20,K2285,L1336,L1336,S4374,003-161,,,Ⅸ,?,?,55A38,Ⅸ,D,88,5289,Z.22.121,66,0,?,10,4,𘙎,𘐓,,3.08.1106,3,13,,,,,,,
𗮧,U+17BA7,,3.459.2,8921/70,K5631,L5780,L5780,S2295,269-051,,,Ⅸ,?,?,55A41,Ⅸ,D,89,2925,,9,2,8,,,,,,2.04.2103,4,2,,,,,,,
𗔏,U+1750F,,2.371.1,8022/42,K0859,L4786,L4786,S2038,,,,Ⅸ,?,?,55A42,Ⅸ,D,90,4078,,61,2,51,,,,,,2.13.1506,4,4,,,,,,,
𗆫,U+171AB,,1.395.1,2102/22,K0976,L1946,L1946,S1445,041-112,,,Ⅸ,?,?,55A44,Ⅸ,D,92,,,100,2,85,,,,,,,,,,,,,,,
𘈢,U+18222,,7.022.1,1121/52,K5400,L0193,L0193,S0274,,,,Ⅸ,?,?,55A46,Ⅸ,D,94,1979,1.68.212,65,1,62,1,3,𗱈,𘏦,,1.22.1403,1,2,,,,,,,
𘉻,U+1827B,,7.098.3,2324/42,K2246,L2595,L2595,S3168,,,,Ⅸ,?,?,55A47,Ⅸ,D,95,5291,Z.22.131,68,2,58,10,6,𘔫,𗭽,,3.08.1108,3,15,,,,,,,
𗳆,U+17CC6,,3.664.1,1894/20,K2081,L1839,L1839,S5287,,,,Ⅸ,?,?,55A48,Ⅸ,D,96,5292,Z.22.132,28,2,25,10,7,𗟨,𘎶,,3.08.1201,3,16,,,,,,,
𗁢,U+17062,,1.068.1,2702/42,K0948,L2942,L2942,S1611,,,,Ⅸ,?,?,55A51,Ⅸ,D,97,5293,Z.22.141,23,2,20,10,8,𘙟,𗫬,,3.08.1202,3,17,,,,,,,
𗰷,U+17C37,,3.565.1,1751/27,K5575,L1431,L1431,S4798,058-053,,,Ⅸ,?,?,55A52,Ⅸ,D,98,5033,Z.11.252,90,1,84,11,30,𘛜,𘘎,,3.04.2206,9,30,,,,,,,
𗖣,U+175A3,,2.500.1,1874/20,K2293,L1827,L1827,S4618,182-073,,,Ⅸ,?,?,55A53,Ⅸ,D,99,2368,1.82.271,83,1,78,1,5,𗂈,𗼛,,1.26.1705,1,5,,,,,,,
𗄼,U+1713C,,1.228.1,2801/24,K5137,L3456,L3456,S1379,041-067,,,Ⅸ,?,?,55A54,Ⅸ,D,100,752,1.29.122,20,1,20,9,1,𗶤,𗫂,,,,,,,,,,,
𗆰,U+171B0,,1.402.2,2804/24,K3235,L3502,L3502,S1380,,,,Ⅸ,?,?,55A55,Ⅸ,D,101,753,1.29.131,20,1,20,9,2,𘓆,𗋕,,,,,,,,,,,
𗅕,U+17155,,1.335.1,2101/20,K0001,L1949,L1949,S1359,041-08a,,,Ⅸ,?,?,55A56,Ⅸ,D,102,3059,,12,2,11,,,,,,2.05.2301,4,2,,,,,,,
𗆮,U+171AE,,1.399.1,2701/22,K4974,L2912,L2912,S1442,041-122,,,Ⅸ,?,?,55A57,Ⅸ,D,103,5018,Z.11.152,50,1,48,11,15,𘅸,𘏉,,3.04.2103,9,15,,,,,,,
𗅩,U+17169,,1.345.2,2703/22,K5561,L2952,L2952,S1477,041-092,,,Ⅸ,?,?,55A58,Ⅸ,D,104,1755,1.61.121,56,1,54,12,5,𘌛,𗉏,,1.20.1308,11,5,,,,,,,
𗅍,U+1714D,,1.329.2,2401/22,K4006,L2702,L2702,S1392,041-086,,,Ⅸ,?,?,55A61,Ⅸ,D,105,1980,1.68.221,65,1,62,1,4,𘁰,𘛆,,1.22.1404,1,3,,,,,,,
𗾝,U+17F9D,,6.018.2,2141/21,K5501,L2086,L2086,S5666,211-066,,,Ⅸ,?,?,55A62,Ⅸ,D,106,1579,1.55.142,49,1,47,2,4,𗉛,𘞘,,1.18.2203,2,4,,,,,,,
𘙝,U+1865D,,8.311.1,1441/22,K3852,L0796,L0796,S5046,297-093,,,Ⅸ,?,?,55A63,Ⅸ,D,107,5034,Z.11.261,32,1,31,11,31,𘟔,𘚾,,3.04.2207,9,31,,,,,,,
𘋦,U+182E6,,6.226.1,8742/20,K1578,L5617,L5617,S2626,235-051,,,Ⅸ,?,?,55A64,Ⅸ,D,108,3250,,23,2,20,,,,,,2.07.1609,3,1,,,,,,,
𘋧,U+182E7,,7.183.1,8342/20,K0777,L5381,L5381,S2124,,,,Ⅸ,?,?,55A65,Ⅸ,D,109,3958,,55,2,46,,,,,,2.12.2107,2,3,,,,,,,
𘌅,U+18305,,7.212.3,9224/20,K2780,L5864,L5864,S1698,140-041,,,Ⅸ,?,?,55A66,Ⅸ,D,110,5035,Z.11.262,37,1,36,11,32,𗲨,𗓆,,3.04.2208,9,32,,,,,,,
𗷷,U+17DF7,,5.178.1,1351/52,K5042,L0721,L0721,S0354,123-055,,,Ⅸ,?,?,55A67,Ⅸ,D,111,5294,Z.22.142,70,2,60,10,9,𘌅,𘆮,,3.08.1203,3,18,,,,,,,
𗯝,U+17BDD,,3.478.1,9151/41,K5498,L5842,L5842,S2365,088-121,,,Ⅸ,?,?,55A68,Ⅸ,D,112,5295,Z.22.151,34,2,30,10,10,?,?,,3.08.1204,3,19,,,,,,,
𘌖,U+18316,,7.227.1,9121/24,K4258,L5824,L5824,S1694,139-081,,,Ⅸ,?,?,55A71,Ⅸ,D,113,2530,1.89.122,92,1,86,4,1,𗃿,𗕭,,1.28.1304,3,4,,,,,,,
𘌛,U+1831B,,7.229.1,9121/20,K0070,L5819,L5819,S1686,139-102,,,Ⅸ,?,?,55A72,Ⅸ,D,114,430,1.18.262,11,1,11,21,1,𘚶,𘊯,,1.08.2701,20,1,,,,,,,
𘔳,U+18533,,8.073.1,2744/00,K3446,L3299,L3299,S5785,216-051,,,Ⅸ,?,?,55A73,Ⅸ,D,115,1531,1.53.242,44,1,43,9,3,𘌛,𗭼,,1.18.1301,9,1,,,,,,,
𗙃,U+17643,,3.011.2,1825/22,K1306,L1661,L1661,S0104,102-061,,,Ⅸ,?,?,55A74,Ⅸ,D,116,513,1.21.213,16,1,16,4,2,𘄊,𗷲,,1.09.2401,4,2,,,,,,,
𗙓,U+17653,,3.024.1,1122/24,K3683,L0209,L0209,S0086,102-074,,,Ⅸ,?,?,55A75,Ⅸ,D,117,521,1.21.252,16,1,16,5,5,𗒿,𗫖,,1.09.2502,5,5,,,,,,,
𘒻,U+184BB,,7.591.2,1421/52,K3990,L0769,L0769,S5439,052-101,,,Ⅸ,?,?,55A76,Ⅸ,D,118,1378,1.49.111,37,1,36,10,3,𘌛,𗞙,,1.16.2401,17,3,,,,,,,
𗄋,U+1710B,,1.191.1,1024/40,K2003,L0052,L0052,S0052,004-081,,,Ⅸ,?,?,55A77,Ⅸ,D,119,339,1.15.271,10,1,10,10,1,𗱡,𗪘,,1.08.1103,9,1,,,,,,,
𗃿,U+170FF,,1.181.2,1022/24,K1749,L0032,L0032,S0007,003-052,,,Ⅸ,?,?,55A78,Ⅸ,D,120,2959,,10,2,9,,,,,,2.04.2503,7,1,,,,,,,
𗕌,U+1754C,,8.243.3,1740/00,K3091,L1148,L1148,S4389,010-041,,,Ⅸ,?,?,55B11,Ⅸ,D,121,514,1.21.221,16,1,16,4,3,𗄋,𗙃,,1.09.2402,4,3,,,,,,,
𘙚,U+1865A,,8.309.3,1142/40,K0258,L0341,L0341,S5036,,,,Ⅸ,?,?,55B12,Ⅸ,D,122,1532,1.53.243,44,1,43,9,4,𗪉,𗒀,,1.18.1302,9,2,,,,,,,
𗎊,U+1738A,,2.083.2,4774/00,K2553,L4082,L4082,S0618,085-063,,,Ⅸ,?,?,55B13,Ⅸ,D,123,2274,1.79.152,77,1,73,3,1,𗘁,𗯿,,1.25.1601,3,1,,,,,,,
𗺀,U+17E80,,5.293.2,2101/54,K4424,L1934,L1934,S1299,135-081,,,Ⅸ,?,?,55B14,Ⅸ,D,124,485,1.20.232,15,1,15,1,9,𗒿,𗸤,,1.09.1705,1,9,,,,,,,
𗊮,U+172AE,,1.592.2,2824/22,K2068,L3547,L3547,S4181,181-074,,,Ⅸ,?,?,55B15,Ⅸ,D,125,3177,,18,2,15,,,,,,2.06.2501,4,3,,,,,,,
𗻋,U+17ECB,,5.325.3,2845/45,K1189,L3719,L3719,S3230,144-076,,,Ⅸ,?,?,55B16,Ⅸ,D,126,3764,,44,2,38,,,,,,2.11.1404,11,1,,,,,,,
𗳞,U+17CDE,,3.678.2,1842/20,K0535,L1709,L1709,S5385,222-042,,,Ⅸ,?,?,55B17,Ⅸ,D,127,5036,Z.11.271,66,1,63,11,33,𘟔,𗁿,,3.04.2209,9,33,,,,,,,
𘙊,U+1864A,,8.300.2,1844/20,K3170,L1762,L1762,S5006,297-072,,,Ⅸ,?,?,55B18,Ⅸ,D,128,5296,Z.22.152,68,2,58,10,11,𗱸,𗂜,,3.08.1205,3,20,,,,,,,
𗾐,U+17F90,,6.009.3,2144/00,K2148,L2238,L2238,S5652,211-056,,,Ⅸ,?,?,55B21,Ⅸ,D,129,5037,Z.12.111,70,1,67,11,34,𘃾,𘎮,合,3.04.2210,9,34,,,,,,,
𗇵,U+171F5,,1.447.3,1740/00,K5752,L1145,L1145,S4559,,,,Ⅸ,?,?,55B22,Ⅸ,D,130,5297,Z.22.161,11,2,10,10,12,𗰳,𘊯,,3.08.1206,3,21,,,,,,,
𗬪,U+17B2A,,3.384.1,2174/22,K2428,L2328,L2328,S5805,,,,Ⅸ,?,?,55B23,Ⅸ,D,131,5298,Z.22.162,54,2,45,10,13,𗅊,𗱐,,3.08.1207,3,22,,,,,,,
𘗍,U+185CD,,8.208.1,8041/00,K4725,L4878,L4878,S2593,,,,Ⅸ,?,?,55B24,Ⅸ,D,132,5299,Z.22.171,26,2,23,10,14,?,?,上,3.08.1208,3,23,,,,,,,
𗙛,U+1765B,,3.026.3,1722/22,K0544,L1005,L1005,S0128,102-088,,,Ⅸ,?,?,55B25,Ⅸ,D,133,3386,,30,2,27,,,,,,2.08.1703,3,3,,,,,,,
𘙸,U+18678,,8.332.2,1775/44,K1373,L1541,L1541,S5113,162-091,,,Ⅸ,?,?,55B26,Ⅸ,D,134,1655,1.57.222,52,1,50,3,2,𗥘,𗆉,,1.19.1503,3,2,,,,,,,
𗉛,U+1725B,,1.534.3,1742/24,K1738,L1262,L1262,S5512,185-072,,,Ⅸ,?,?,55B27,Ⅸ,D,135,2097,1.72.242,70,1,67,3,2,𗥕,𘉫,,1.23.2103,2,2,Y03.010,529,𗥕,𘉫,𘞨,𗳃,平
𗹸,U+17E78,,5.290.2,2401/54,K4154,L2717,L2717,S1284,135-061,,,Ⅸ,?,?,55B28,Ⅸ,D,136,5039,Z.12.113,59,1,57,11,36,𘉳,𗨇,,3.04.2212,9,36,Y03.011,660,𘉳,𗨇,/,/,平雑
𘇣,U+181E3,,6.496.2,1825/45,K1260,L1663,L1663,S5443,,,,Ⅸ,?,?,55B31,Ⅸ,D,137,2250,1.78.161,74,1,71,2,1,𗟞,𗶪,,1.25.1204,2,1,Y03.012,548,𗟞,𗶪,𘚶,𗶪,平
𘙑,U+18651,,8.307.1,1745/20,K0620,L1405,L1405,S5054,,,,Ⅸ,?,?,55B32,Ⅸ,D,138,5288,Z.22.112,75,2,64,10,3,𘙎,𘈎,,3.08.1105,3,12,,,,,,,
𗳫,U+17CEB,,3.688.2,1844/00,K3273,L1738,L1738,S5391,222-062,,,Ⅸ,?,?,55B33,Ⅸ,D,133,5040,Z.12.121,70,1,67,11,37,𗟨,𘈵,平,3.04.2301,9,37,Y03.021,671,𗟨,𘈵,/,/,平雑
𗷚,U+17DDA,,5.137.2,1722/15,K1245,L0991,L0991,S0367,122-062,,,Ⅸ,?,?,55B34,Ⅸ,D,140,2907,,8,2,7,,,,,,2.04.1602,9,5,Y03.022,795,𘚶,𗂜,𘚶,𗙐,上
𘒟,U+1849F,,7.530.1,1741/21,K5381,L1186,L1186,S5163,019-123,,,Ⅸ,?,?,55B35,Ⅸ,D,141,1819,1.63.131,59,1,57,5,1,𘒊,𗨇,,1.20.2406,5,1,Y03.023,437,𘒊,𗨇,𘞨,𘉐,平
𘆓,U+18193,,6.418.1,1742/20,K0247,L1229,L1229,S5174,018-104,,,Ⅸ,?,?,55B36,Ⅸ,D,142,5300,Z.22.172,20,2,17,10,15,?,?,,3.08.1301,3,24,Y03.031,1248,𘟔,𗏎,/,/,上雑
𗷄,U+17DC4,,5.123.1,6024/52,K2087,L4477,L4477,S1031,020-105,,,Ⅸ,?,?,55B37,Ⅸ,D,143,1667,1.57.273,53,1,51,4,1,𗉛,𗙻,,1.19.1608,4,1,Y03.032,402,𗉛,𗙻,𘞨,𗔆,平
𗶸,U+17DB8,,5.115.1,6054/00,K2652,L4498,L4498,S1049,020-072,,,Ⅸ,?,?,55B38,Ⅸ,D,144,3916,,53,2,44,,,,,,2.12.1409,3,3,Y03.033,1009,𗉛,𗊻,𘞨,𗚂,上
𗹔,U+17E54,,5.238.1,1491/40,K4116,L0841,L0841,S1148,051-071,,,Ⅸ,?,?,55B41,Ⅸ,D,145,5041,Z.12.122,64,1,61,11,38,𗼑,𗼡,合,3.04.2302,9,38,Y03.041,667,𗼑,𗼡,/,/,平雑合
𗓈,U+174C8,,2.319.2,8021/50,K4769,L4729,L4729,S2093,007-10e,,,Ⅸ,?,?,55B42,Ⅸ,D,146,5042,Z.12.131,1,1,1,11,39,𗟨,𗴭,平,3.04.2303,9,39,Y03.042,645,𗟨,𗴭,/,/,平雑
𘑸,U+18478,,7.489.1,1745/50,K1256,L1417,L1417,S4572,,,,Ⅸ,?,?,55B43,Ⅸ,D,147,2599,1.91.241,97,1,91,4,1,𘙋,𗝙,,1.28.2707,2,1,Y03.051,638,𘙋,𗝙,𘚶,𗔶,平
𘀮,U+1802E,,6.127.1,3441/22,K3903,L3932,L3932,S3064,,,,Ⅸ,?,?,55B45,Ⅸ,D,149,5044,Z.12.141,28,1,27,11,41,𘙎,𗸣,,3.04.2305,9,41,,,,,,,
𗴊,U+17D0A,,3.711.3,1421/24,K4085,L0759,L0759,S5551,,,,Ⅸ,?,?,55B46,Ⅸ,D,150,5045,Z.12.142,8,1,8,12,1,𗤿,𗷌,,3.04.2306,9,42,Y03.052,646,𗤿,𗷌,/,/,平雑
𗰻,U+17C3B,,3.571.1,1854/00,K2974,L1793,L1793,S4799,058-052,,,Ⅸ,?,?,55B47,Ⅸ,D,151,5301,,11,2,10,,,,,,3.08.1302,3,25,Y03.053,1247,𘝉,𗯰,/,/,上雑
𗓎,U+174CE,,2.325.1,8025/25,K1238,L4850,L4850,S2036,007-10a,,,Ⅸ,?,?,55B48,Ⅸ,D,152,1834,1.63.232,61,1,58,3,3,𗟞,𗯩,,1.20.2608,4,3,Y03.061,443,𗟞,𗯩,𘚶,𗚽,平
𗭟,U+17B5F,,3.418.1,3121/24,K4713,L3885,L3885,S2990,105-104,,,Ⅸ,?,?,55B51,Ⅸ,D,153,1283,,36,1,35,,,?,?,,1.15.2606,3,9,Y03.062,59,𗝕,𗗅,𘚶,𘟅,平
𗲃,U+17C83,,3.626.2,1741/00,K4455,L1163,L1163,S4986,,,,Ⅸ,?,?,55B52,Ⅸ,D,154,5302,,65,2,55,,,,,,3.08.1303,3,26,Y03.071,1254,𗕨,𘏦,/,/,上雑
𗓶,U+174F6,,2.347.3,8045/20,K0606,L5006,L5006,S2082,007-113,,,Ⅸ,?,?,55B53,Ⅸ,D,155,,,51,2,42,,,,,,,,,Y03.072,735,𗜦,𗗂,/,/,上雑
𗬌,U+17B0C,,3.364.3,2022/00,K0513,L1883,L1883,S5788,033-041,,,Ⅸ,?,?,55B54,Ⅸ,D,156,486,1.20.241,15,1,15,1,10,𘌢,𗈝,,1.09.1706,1,10,Y03.073,184,𘌢,𗈝,𘞨,𗗆,平
𗬴,U+17B34,,3.389.1,2774/72,K3427,L3421,L3421,S5814,183-101,,,Ⅸ,?,?,55B55,Ⅸ,D,157,1436,1.50.262,41,1,40,3,2,𗒿,𗣫,,1.17.1408,3,2,Y03.081,361,𗒿,𗣫,𘚶,𗣫,平
𗜬,U+1772C,,3.131.1,5041/40,K4121,L4248,L4248,S1005,017-10e,,,Ⅸ,?,?,55B56,Ⅸ,D,158,1708,1.59.172,55,1,53,3,1,𗳜,𗡢,,1.19.2409,2,12,Y03.082,414,𗳜,𗡢,𘚶,𗠟,平
𘉄,U+18244,,7.057.2,2199/00,K0730,L2351,L2351,S1249,055-043,,,Ⅸ,?,?,55B57,Ⅸ,D,159,,,2,2,2,,,,,,,,,Y03.083,724,𗜦,𗞳,/,/,上雑
𗜹,U+17739,,3.137.1,5021/20,K4511,L4101,L4101,S0803,017-10l,,,Ⅸ,?,?,55B58,Ⅸ,D,160,5046,Z.12.151,70,1,67,12,2,𗜦,𘈵,平,3.04.2307,9,43,Y03.091,672,𗜦,𘈵,/,/,平雑
𘝫,U+1876B,,8.510.1,8142/24,K1790,L5219,L5219,S2614,299-052,,,Ⅸ,?,?,55B61,Ⅸ,D,161,5303,,?,0,?,,,,,,3.08.1304,3,27,Y03.092,1256,?,?,?,?,
𗕰,U+17570,,2.448.2,1721/00,K0004,L0921,L0921,S4331,010-121,,,Ⅸ,?,?,55B62,Ⅸ,D,162,5047,Z.12.161,14,1,14,12,3,𗌙,𘛻,,3.04.2308,9,44,,,,,,,
𗃧,U+170E7,,1.168.1,2171/20,K4960,L2309,L2309,S4064,,,,Ⅸ,?,?,55B63,Ⅸ,D,163,3659,,38,2,34,,,,,,2.10.1702,4,4,,,,,,,
𗯇,U+17BC7,,3.470.4,8121/70,K5674,L5106,L5106,S2299,269-111,,,Ⅸ,?,?,55B64,Ⅸ,D,164,1386,1.49.151,38,1,37,2,1,𗜮,𘈧,,1.16.2502,2,1,,,,,,,
𗑴,U+17474,,2.266.1,8094/00,K2722,L5059,L5059,S1805,007-09i,,,Ⅸ,?,?,55B65,Ⅸ,D,165,844,1.32.113,25,1,24,10,4,𗒿,𗹎,,1.12.1209,5,13,,,,,,,
𘗉,U+185C9,,8.204.2,8044/00,K3445,L4967,L4967,S2594,,,,Ⅸ,?,?,55B71,Ⅸ,D,169,5244,Z.20.251,25,2,22,4,1,𘓮,𘕆,,3.07.2107,1,14,,,,,,,
𗃕,U+170D5,,1.158.1,2772/20,K1583,L3402,L3402,S4070,180-052,,,Ⅸ,?,?,55B72,Ⅸ,D,170,444,1.19.161,13,1,13,3,1,𗱡,𘎛,,1.09.1108,3,1,,,,,,,
𗧜,U+179DC,,4.361.1,2441/74,K4208,L2801,L2801,S3778,204-086,,,Ⅸ,?,?,55B73,Ⅸ,D,171,5011,Z.11.112,5,2,5,11,8,𘟔,𗯮,,3.04.1707,9,8,,,,,,,
𘆐,U+18190,,6.415.1,1722/20,K0516,L0994,L0994,?,,,,Ⅸ,?,?,55B74,Ⅸ,D,172,,,?,0,?,,,,,,,,,,,,,,,
𗋅,U+172C5,,1.609.2,2725/25,K1237,L3078,L3078,S4179,181-08l,,,Ⅸ,,,,,,,60,1.06.271,1,1,1,14,6,𘄊,𘆲,,1.05.1307,15,6,,,,,,,
𘙡,U+18661,,8.313.1,1244/22,K2777,L0581,L0581,S5043,,,,Ⅸ,,,,,,,279,1.13.271,8,1,8,8,1,𗥕,𗡩,,1.07.1504,8,1,,,,,,,
𗔻,,,,,,,,,,,,,,,,,,,394.1,,,,,,,,,,1.08.2202,13,4,,,,,,,
𘓜,,,,,,,,,,,,,,,,,,,422.1,,,,,,,,,,1.08.2508,18,7,,,,,,,
𘈉,,,,,,,,,,,,,,,,,,,457.1,,,,,,,,,,1.09.1306,5,2,,,,,,,
𘔍,,,,,,,,,,,,,,,,,,,457.2,,,,,,,,,,1.09.1307,5,3,,,,,,,
𗊺,,,,,,,,,,,,,,,,,,,588.1,,,,,,,,,,1.10.1603,13,2,,,,,,,
𘐆,U+18406,,7.410.1,8345/20,K1353,L5404,L5404,S2746,236-07g,,,Ⅸ,,,,,,,630,1.25.133,17,1,17,27,1,𘌛,𘚀,,1.10.2305,24,1,,,,,,,
𗓭,U+174ED,,2.341.2,8024/22,K2076,L4824,L4824,S1961,,,,Ⅸ,,,,,,,1234,1.44.162,34,1,33,12,3,𗒿,𘒆,,1.15.1705,10,3,,,,,,,
𗈌,,,,,,,,,,,,,,,,,,,1319.1,,,,,,,,,,1.16.1401,6,5,,,,,,,
𗓆,U+174C6,,2.314.2,8054/20,K2969,L5024,L5024,S2073,,,,Ⅸ,,,,,,,1363,1.48.211,37,1,36,7,2,𗝕,𗳉,,1.16.2203,14,2,,,,,,,
𘐍,,,,,,,,,,,,,,,,,,,1583.1,,,,,,,,,,1.18.2209,2,3,,,,,,,
𗆺,U+171BA,,1.406.3,2704/24,K3052,L2965,L2965,S1415,,,,Ⅸ,,,,,,,1756,1.61.122,56,1,54,12,6,𘌛,𗉏,,1.20.1309,11,6,,,,,,,
𗲔,,,,,,,,,,,,,,,,,,,1986.1,,,,,,,,,,1.22.1503,2,3,,,,,,,
𘓻,,,,,,,,,,,,,,,,,,,2082.1,,,,,,,,,,1.23.1504,2,4,,,,,,,
𗢚,U+1789A,,3.356.3,2724/24,K1119,L3054,L3054,S3147,,,,Ⅸ,,,,,,,2269,1.79.122,75,1,72,3,6,𘄄,𗦩,,1.25.1503,1,15,,,,,,,
𘌦,U+18326,,7.237.1,9745/44,K1377,L5943,L5943,S1712,,,,Ⅸ,,,,,,,2312,1.80.252,80,1,75,5,1,𗲨,𗻑,,1.25.2505,3,11,,,,,,,
𗭹,U+17B79,,3.432.1,8722/24,?,?,?,?,,,,Ⅰ,,,,,,,2413,1.84.232,85,1,80,7,2,𗪽,𗰊,,1.27.1105,6,2,,,,,,,
𗡉,,,,,,,,,,,,,,,,,,,2436.1,,,,,,,,,,1.27.1502,4,2,,,,,,,
𗂶,U+170B6,,1.135.2,2304/40,K3085,L2568,L2568,S1557,039-12b,,,Ⅸ,,,,,,,2486,1.87.171,90,1,84,3,2,𗻑,𘒲,,1.27.2404,2,2,,,,,,,
𗟡,U+177E1,,3.214.1,1945/40,K0441,L1875,L1875,?,112-032,,,Ⅸ,,,,,,,2706,,1,2,1,,,,,,2.02.2503,10,2,,,,,,,
𘌶,U+18336,,7.242.2,8121/42,K4936,L5090,L5090,?,,,,Ⅵ,,,,,,,2904,,8,2,7,,,,,,2.04.1509,9,2,,,,,,,
𘎑,U+18391,,7.312.1,8044/20,K2280,L4983,L4983,S2539,,,,Ⅸ,,,,,,,3191,,19,2,16,,,,,,2.06.2607,5,1,,,,,,,
𘛨,,,,,,,,,,,,,,,,,,,3242.1,,,,,,,,,,2.07.1510,2,3,,,,,,,
𗶐,,,,,,,,,,,,,,,,,,,3645.1,,,,,,,,,,2.10.1506,1,2,,,,,,,
𘒮,,,,,,,,,,,,,,,,,,,3826.1,,,,,,,,,,2.11.2303,5,1,,,,,,,
𘒫,,,,,,,,,,,,,,,,,,,3826.2,,,,,,,,,,2.11.2304,5,2,,,,,,,
𗝈,,,,,,,,,,,,,,,,,,,3826.3,,,,,,,,,,2.11.2305,5,3,,,,,,,
𘚨,,,,,,,,,,,,,,,,,,,4015.1,,,,,,,,,,2.12.2606,2,5,,,,,,,
𗚱,,,,,,,,,,,,,,,,,,,4054.1,,,,,,,,,,2.13.1211,2,9,,,,,,,
𗽶,U+17F76,,5.464.1,2744/72,K2069,L3358,L3358,?,210-115,,,Ⅴ,,,,,,,4087,,61,2,51,,,,,,2.13.1603,5,5,,,,,,,
𗆐,U+17190,,1.381.1,2204/24,?,?,?,?,,,,Ⅸ,,,,,,,4161,,64,2,54,,,,,,2.13.2605,6,5,,,,,,,
𗅏,U+1714F,,1.331.1,2701/24,K3731,L2913,L2913,S1344,,,,Ⅸ,,,,,,,4238,,67,2,57,,,,,,2.14.1603,4,3,,,,,,,
𘌨,U+18328,,7.237.3,8220/42,K0487,L5257,L5257,S2207,,,,Ⅸ,,,,,,,4239,,67,2,57,,,,,,2.14.1604,4,4,,,,,,,
𘙊,,,,,,,,,,,,,,,,,,,4251.1,,,,,,,,,,2.14.1708,3,1,,,,,,,
𗄤,U+17124,,1.205.1,7122/44,?,L4536,L4536,?,,,,Ⅸ,,,,,,,4691,,96,2,81,,,,,,2.17.2207,4,1,,,,,,,
𘁍,,,,,,,,,,,,,,,,,,,4754.1,,,,,,,,,,3.02.1301,1,1,,,,,,,
𘐄,U+18404,,7.408.1,8142/44,K1802,L5226,L5226,S2548,236-08c,,,Ⅸ,,,,,,,5009,Z.10.272,17,0,?,11,6,𗟨,𘜼,,3.04.1705,9,6,,,,,,,
𗈾,U+1723E,,1.514.4,1374/00,K2220,L0732,L0732,S5501,184-051,,,Ⅸ,,,,,,,5010,Z.11.111,67,1,64,11,7,𗟨,𘃎,合,3.04.1706,9,7,,,,,,,
𘝌,U+1874C,,8.482.1,1741/00,K4917,L1174,L1174,S0423,305-076,,,Ⅸ,,,,,,,5016,Z.11.141,65,1,62,11,13,𘝆,𗝾,,3.04.2101,9,13,,,,,,,
𘄯,U+1812F,,6.316.1,1441/00,K4110,L0779,L0779,S4761,230-021,,,Ⅸ,,,,,,,5023,Z.11.211,36,1,35,11,20,𗽈,𗗅,,3.04.2108,9,20,,,,,,,
𘙍,U+1864D,,8.304.1,1545/00,?,L0878,L0878,S4995,,,,Ⅸ,,,,,,,5026,Z.11.222,62,1,59,11,23,𘎗,𗠃,,3.04.2111,9,23,Y03.013,661,𘎗,𗠃,𘚶,𗔠,平雑
𘌹,U+18339,,7.243.3,8725/42,K0601,L5575,L5575,S2230,,,,Ⅸ,,,,,,,5028,Z.11.232,72,1,69,11,25,𘑍,𘝢,,3.04.2201,9,25,,,,,,,
𗿓,U+17FD3,,6.062.1,2144/00,K3375,L2240,L2240,S5667,,,,Ⅸ,,,,,,,5043,Z.12.132,28,1,27,11,40,𘙎,𗸣,,3.04.2304,9,40,,,,,,,
𗷔,U+17DD4,,5.134.2,6042/00,?,L4487,L4487,?,,,,Ⅲ,,,,,,,,QY,1,1,1,,,,,,,,,,,,,,,
𘅠,U+18160,,6.371.2,1742/42,?,L6017,?,?,,,,Ⅲ,,,,,,,,QY,5,1,5,,,,,,,,,,,,,,,
𗎕,U+17395,,2.090.1,4174/44,?,L6047,?,?,,,,Ⅴ,,,,,,,,QY,6,1,6,,,,,,,,,,,,,,,
𗌂,U+17302,,1.666.3,2121/72,?,L6024,?,?,,,,Ⅶ,,,,,,,,QY,8,1,8,,,,,,,,,,,,,,,
𘅔,U+18154,,6.362.4,1749/00,?,L6016,?,?,,,,Ⅶ,,,,,,,,QY,10,1,10,,,,,,,,,,,,,,,
𗉆,U+17246,,1.521.1,1174/44,?,L6009,?,?,,,,Ⅰ,,,,,,,,QY,13,1,13,,,,,,,,,,,,,,,
𗹆,U+17E46,,5.223.2,1729/20,?,L6014,?,?,,,,Ⅴ,,,,,,,,QY,14,1,14,,,,,,,,,,,,,,,
𗷊,U+17DCA,,5.130.1,6042/24,?,L6054,?,?,,,,Ⅲ,,,,,,,,QY,17,1,17,,,,,,,,,,,,,,,
𗊤,U+172A4,,1.587.1,2223/40,?,L6031,?,?,,,,Ⅶ,,,,,,,,QY,20,1,20,,,,,,,,,,,,,,,
𗌐,U+17310,,1.671.1,2724/42,?,L6039,?,?,,,,Ⅵ,,,,,,,,QY,20,1,20,,,,,,,,,,,,,,,
𗄙,U+17119,,1.198.1,1041/27,?,L5998,?,?,,,,Ⅶ,,,,,,,,QY,21,1,21,,,,,,,,,,,,,,,
𘅱,U+18171,,6.399.1,1142/22,?,L6007,?,?,,,,Ⅲ,,,,,,,,QY,21,1,21,,,,,,,,,,,,,,,
𗖹,U+175B9,,2.523.1,1171/27,?,L6008,?,?,,,,Ⅴ,,,,,,,,QY,24,1,23,,,,,,,,,,,,,,,
𗻃,U+17EC3,,5.324.1,2942/44,?,L6046,?,?,,,,Ⅴ,,,,,,,,QY,24,1,23,,,,,,,,,,,,,,,
𗌑,U+17311,,1.671.2,2122/40,?,L6025,?,?,,,,Ⅶ,,,,,,,,QY,27,1,26,,,,,,,,,,,,,,,
𗄚,U+1711A,,1.198.2,1044/44,?,L6006,?,?,,,,Ⅶ,,,,,,,,QY,29,1,28,,,,,,,,,,,,,,,
𗄌,U+1710C,,1.192.1,1041/00,?,L5995,?,?,,,,Ⅶ,,,,,,,,QY,30,1,29,,,,,,,,,,,,,,,
𘍜,U+1835C,,7.264.2,8121/52,?,L6056,?,?,,,,Ⅰ,,,,,,,,QY,32,1,31,,,,,,,,,,,,,,,
𗷓,U+17DD3,,5.134.1,6041/24,?,L6053,?,?,,,,Ⅲ,,,,,,,,QY,34,1,33,,,,,,,,,,,,,,,
𗄂,U+17102,,1.181.4,1042/20,?,L6000,?,?,,,,Ⅶ,,,,,,,,QY,36,1,35,,,,,,,,,,,,,,,
𗄗,U+17117,,1.197.1,1044/00,?,L6005,?,?,,,,Ⅶ,,,,,,,,QY,36,1,35,,,,,,,,,,,,,,,
𘑎,U+1844E,,7.461.2,8841/40,?,L6069,?,?,,,,Ⅲ,,,,,,,,QY,37,1,36,,,,,,,,,,,,,,,
𗗋,U+175CB,,2.529.3,1872/52,?,L6023,?,?,,,,Ⅲ,,,,,,,,QY,38,1,37,,,,,,,,,,,,,,,
𗇶,U+171F6,,1.448.1,1744/70,?,L6018,?,?,,,,Ⅶ,,,,,,,,QY,40,1,39,,,,,,,,,,,,,,,
𗄘,U+17118,,1.197.3,1041/20,?,L5996,?,?,,,,Ⅶ,,,,,,,,QY,42,1,41,,,,,,,,,,,,,,,
𗄏,U+1710F,,1.193.1,1041/21,?,L5997,?,?,,,,Ⅶ,,,,,,,,QY,43,1,42,,,,,,,,,,,,,,,
𗋶,U+172F6,,1.644.3,2121/42,?,L6026,?,?,,,,Ⅵ,,,,,,,,QY,43,1,42,,,,,,,,,,,,,,,
𗌟,U+1731F,,1.676.3,2821/24,?,L6043,?,?,,,,Ⅶ,,,,,,,,QY,47,1,46,,,,,,,,,,,,,,,
𗄍,U+1710D,,1.192.2,1042/22,?,L6001,?,?,,,,Ⅶ,,,,,,,,QY,50,1,48,,,,,,,,,,,,,,,
𗷗,U+17DD7,,5.136.1,6041/00,?,L6052,?,?,,,,Ⅲ,,,,,,,,QY,51,1,49,,,,,,,,,,,,,,,
𗄃,U+17103,,1.182.1,1042/40,?,L6002,?,?,,,,Ⅶ,,,,,,,,QY,58,1,56,,,,,,,,,,,,,,,
𘅼,U+1817C,,6.402.1,1741/21,?,L6015,?,?,,,,Ⅲ,,,,,,,,QY,59,1,57,,,,,,,,,,,,,,,
𘍕,U+18355,,7.262.1,8229/50,?,L6058,?,?,,,,Ⅶ,,,,,,,,QY,62,1,59,,,,,,,,,,,,,,,
𘍛,U+1835B,,7.264.1,8721/52,?,L6066,?,?,,,,Ⅶ,,,,,,,,QY,62,1,59,,,,,,,,,,,,,,,
𘄶,U+18136,,6.324.1,1745/20,?,L6019,?,?,,,,Ⅰ,,,,,,,,QY,64,1,61,,,,,,,,,,,,,,,
𗊳,U+172B3,,1.597.1,2421/42,?,L6036,?,?,,,,Ⅶ,,,,,,,,QY,65,1,62,,,,,,,,,,,,,,,
𗟕,U+177D5,,3.211.2,5042/24,?,L6048,?,?,,,,Ⅶ,,,,,,,,QY,67,1,64,,,,,,,,,,,,,,,
𗝴,U+17774,,3.168.2,5044/41,?,L6049,?,?,,,,Ⅲ,,,,,,,,QY,80,1,75,,,,,,,,,,,,,,,
𗫰,U+17AF0,,4.579.3,2741/44,?,L6041,?,?,,,,Ⅰ,,,,,,,,QY,86,1,81,,,,,,,,,,,,,,,
𗄆,U+17106,,1.182.2,1042/74,?,L6003,?,?,,,,Ⅶ,,,,,,,,QY,87,1,82,,,,,,,,,,,,,,,
𗨽,U+17A3D,,4.433.2,2844/42,?,L6045,?,?,,,,Ⅰ,,,,,,,,QY,87,1,82,,,,,,,,,,,,,,,
𘑋,U+1844B,,7.460.2,8845/22,?,L6071,?,?,,,,Ⅲ,,,,,,,,QY,93,1,87,,,,,,,,,,,,,,,
𗌫,U+1732B,,1.680.1,2721/22,?,L6038,?,?,,,,Ⅶ,,,,,,,,QY,1,2,1,,,,,,,,,,,,,,,
𘌝,U+1831D,,7.231.1,9724/24,?,L6072,?,?,,,,Ⅰ,,,,,,,,QY,2,2,2,,,,,,,,,,,,,,,
𗨑,U+17A11,,4.404.3,2842/22,?,L6044,?,?,,,,Ⅶ,,,,,,,,QY,23,2,20,,,,,,,,,,,,,,,
𗾁,U+17F81,,5.394.3,2322/10,?,L6035,?,?,,,,Ⅴ,,,,,,,,QY,38,2,34,,,,,,,,,,,,,,,
𗶑,U+17D91,,5.096.1,1542/20,?,L6012,?,?,,,,Ⅶ,,,,,,,,QY,52,2,43,,,,,,,,,,,,,,,
𗄅,U+17105,,1.181.5,1044/00,?,L6004,?,?,,,,Ⅶ,,,,,,,,QY,53,2,44,,,,,,,,,,,,,,,
𗪶,U+17AB6,,4.525.1,2145/45,?,L6027,?,?,,,,Ⅰ,,,,,,,,QY,99,2,84,,,,,,,,,,,,,,,
𘐜,U+1841C,,7.431.3,8441/24,?,L6063,?,?,,,,Ⅰ,,,,,,,,QY,99,2,84,,,,,,,,,,,,,,,
𗟩,U+177E9,,3.225.1,1744/44,K3128,L1393,L1393,?,112-071,,,Ⅸ,,,,,,,,,?,0,?,,,,,,,,,,,,,,,
𗰕,U+17C15,,3.526.1,1822/22,?,L6020,?,?,,,,?,,,,,,,,,?,0,?,,,,,,,,,,,,,,,
𗹒,U+17E52,,5.236.1,1799/00,K0740,L1562,L1562,?,,,,?,,,,,,,,,?,0,?,,,,,,,,,,,,,,,
𘟭,U+187ED,,5.246.1,1192/80,?,L6075,?,?,,,,?,,,,,,,,,?,0,?,,,,,,,,,,,,,,,
𘟮,U+187EEE,,6.289.2,1224/22,?,L6076,?,?,,,,?,,,,,,,,,?,0,?,,,,,,,,,,,,,,,
𘟯,U+187EEF,,7.225.2,9824/22,?,L6077,?,?,,,,?,,,,,,,,,?,0,?,,,,,,,,,,,,,,,
𘓧,U+184E7,,8.001.2,1744/17,?,L1334,L1334,?,,,,?,,,,,,,,,?,0,?,,,,,,,,,,,,,,,
𘘂,U+18602,,8.252.5,1541/42,K4777,L0872,L0872,?,118-091,,,?,,,,,,,,,53,0,?,,,,,,,,,,,,,,,
𗖃,U+17583,,,,K2634,L0627,L0627,?,,,,?,,,,,,,,,?,0,?,,,,,,,,,,,,,,,
𘈍,U+1820D,,,,?,L0831,L0831,?,,,,Ⅲ,,,,,,,,,51,0,?,,,,,,,,,,,,,,,
𗸧,U+17E27,,,,K0607,L1415,L1415,?,,,,?,,,,,,,,,?,0,?,,,,,,,,,,,,,,,
𗈖,U+17216,,,,K4389,L1555,L1555,?,,,,?,,,,,,,,,?,0,?,,,,,,,,,,,,,,,
𗃐,U+170D0,,,,K2221,L1885,L1885,?,,,,?,,,,,,,,,?,0,?,,,,,,,,,,,,,,,
𗺒,U+17E92,,,,?,L2591,L2591,?,,,,?,,,,,,,,,?,0,?,,,,,,,,,,,,,,,
𗀴,U+17034,,,,K3121,L2955,L2955,?,,,,?,,,,,,,,,?,0,?,,,,,,,,,,,,,,,
𘛄,U+186C4,,,,?,L3847,L3847,?,,,,?,,,,,,,,,?,0,?,,,,,,,,,,,,,,,
𘀨,U+18028,,,,?,L3880,L3880,?,,,,?,,,,,,,,,?,0,?,,,,,,,,,,,,,,,
𗍯,U+1736F,,,,?,L4086,L4086,?,,,,?,,,,,,,,,?,0,?,,,,,,,,,,,,,,,
𗜺,U+1773A,,,,?,L4221,L4221,?,,,,?,,,,,,,,,?,0,?,,,,,,,,,,,,,,,
𗷕,U+17DD5,,,,K2715,L4476,L4476,?,,,,?,,,,,,,,,?,0,?,,,,,,,,,,,,,,,
𘚧,U+186A7,,,,K3173,L4654,L4654,?,,,,?,,,,,,,,,?,0,?,,,,,,,,,,,,,,,
𘖝,U+1859D,,,,?,L4715,L4715,?,,,,?,,,,,,,,,?,0,?,,,,,,,,,,,,,,,
𘖽,U+185BD,,,,?,L4816,L4816,?,,,,?,,,,,,,,,?,0,?,,,,,,,,,,,,,,,
𗓯,U+174EF,,,,?,L5027,L5027,?,,,,?,,,,,,,,,?,0,?,,,,,,,,,,,,,,,
𘃈,U+180C8,,,,?,L5228,L5228,?,,,,Ⅸ,,,,,,,,,15,0,?,,,,,,,,,,,,,,,
𘂵,U+180B5,,,,K1808,L5740,L5740,?,,,,?,,,,,,,,,?,0,?,,,,,,,,,,,,,,,
𗞍,U+1778D,,3.180.2,5021/40,K4672,L4127,L4127,?,017-12p,,,Ⅴ,,,,,,,,,21,1,21,,,,,,,,,,,,,,,
𗶿,U+17DBF,,5.120.2,6041/20,K4480,L4484,L4484,?,,,,Ⅸ,,,,,,,,,58,1,56,,,,,,,,,,,,,,,
𗈕,U+17215,,,,K1891,L1267,?,?,,,,Ⅸ,,,,,,,,,9,2,8,,,,,,,,,,,,,,,
𗑽,U+1747D,,,,K0422,L4806,L4806,?,,,,Ⅴ,,,,,,,,,20,2,17,,,,,,,,,,,,,,,
𗏐,U+173D0,,,,K0719,L3790,L3790,?,,,,Ⅵ,,,,,,,,,38,2,34,,,,,,,,,,,,,,,
𗡲,U+17872,,,,?,?,L5996,?,,,,Ⅷ?,,,,,,,,,?,?,?,,,,,,,,,,,,,,,
𗤗,U+17917,,,,?,?,L5998,?,,,,?,,,,,,,,,?,?,?,,,,,,,,,,,,,,,
𗧄,U+179C4,,,,?,?,L5999,?,,,,?,,,,,,,,,?,?,?,,,,,,,,,,,,,,,
𘅈,U+18148,,,,?,?,L5997,?,,,,?,,,,,,,,,?,?,?,,,,,,,,,,,,,,,
𘚞,U+1869E,,,,?,?,L5995,?,,,,Ⅶ?,,,,,,,,,?,?,?,,,,,,,,,,,,,,,
𘈣,U+18223,U+1701B,7.022.2,1122/52,?,L0215,L0215,?,,,,,,,,,,,,,,,,,,,,,,,,,,,,,,
𗀛,,U+1701B,,,?,L4537,L4537,?,,,,,,,,,,,,,,,,,,,,,,,,,,,,,,
𘈤,U+18224,U+17023,7.022.3,1124/50,K2388,L0232,L0232,?,,,,,,,,,,,,,,,,,,,,,,,,,,,,,,
𗀣,U+17023,U+17023,,,?,L4548,L4548,?,,,,,,,,,,,,,,,,,,,,,,,,,,,,,,
𗘸,U+17638,U+17639,,,K1334,L0202,L0202,?,,,,,,,,,,,,,,,,,,,,,,,,,,,,,,
𗁈,U+17048,U+17E22,,,?,L1919,L1919,?,,,,,,,,,,,,,,,,,,,,,,,,,,,,,,
𘒼,U+184BC,U+184BA,7.591.1,1321/50,K4742,L0647,L0647,?,,,,,,,,,,,,,,,,,,,,,,,,,,,,,,
𗷶,U+17DF6,U+17DE6,,,?,L0408,L0408,?,,,,,,,,,,,,,,,,,,,,,,,,,,,,,,
𗹝,U+17E5D,U+17D9A,5.247.2,2102/50,K0280,L1957,L1957,?,,,,,,,,,,,,,,,,,,,,,,,,,,,,,,
𗸘,U+17E18,U+17E20,5.160.3,1142/12,?,L0316,L0316,?,,,,,,,,,,,,,,,,,,,,,,,,,,,,,,
𘅵,U+18175,U+18174,6.400.1,1143/00,?,L0345,L0345,?,,,,,,,,,,,,,,,,,,,,,,,,,,,,,,
𗍔,U+17354,U+17355,2.040.1,1142/21,?,L0325,L0325,?,,,,,,,,,,,,,,,,,,,,,,,,,,,,,,
𗡟,U+1785F,U+17860,,,?,L0534,L0534,?,,,,,,,,,,,,,,,,,,,,,,,,,,,,,,
𗩘,U+17A58,U+17E31,,,K4857,L2099,L2099,?,,,,,,,,,,,,,,,,,,,,,,,,,,,,,,
𘃴,U+180F4,U+18182,,,K4819,L0389,L0389,?,,,,,,,,,,,,,,,,,,,,,,,,,,,,,,
𗖿,U+175BF,U+175BE,2.525.4,1173/00,?,L0452,L0452,?,,,,,,,,,,,,,,,,,,,,,,,,,,,,,,
𗉈,U+17248,U+17247,1.522.1,1173/00,?,L0453,L0453,?,,,,,,,,,,,,,,,,,,,,,,,,,,,,,,
𗀏,U+1700F,U+17378,1.015.1,1021/24,K4240,L0017,L0017,?,,,,,,,,,,,,,,,,,,,,,,,,,,,,,,
𘘢,U+18622,U+18191,6.419.1,1221/70,K5604,L0490,L0987,?,,,,,,,,,,,,,,,,,,,,,,,,,,,,,,
𗹜,U+17E5C,U+17D99,5.247.1,2204/50,?,L2388,L2388,?,,,,,,,,,,,,,,,,,,,,,,,,,,,,,,
𘈺,U+1823A,U+1821F,7.048.3,2204/50,?,L2390,L2390,?,,,,,,,,,,,,,,,,,,,,,,,,,,,,,,
𗸖,U+17E16,U+17E1F,5.160.1,1244/14,?,L0555,L0555,?,,,,,,,,,,,,,,,,,,,,,,,,,,,,,,
𗁓,U+17053,U+17E23,,,?,L2553,L2553,?,,,,,,,,,,,,,,,,,,,,,,,,,,,,,,
𗺅,U+17E85,U+18225,,,K0295,L4578,L4578,?,,,,,,,,,,,,,,,,,,,,,,,,,,,,,,
𗄜,U+1711C,U+18793,1.199.1,1041/21,K5507,L0079,L0079,?,,,,,,,,,,,,,,,,,,,,,,,,,,,,,,
𗉊,U+1724A,U+17249,,,K3418,L1521,L1521,S5497,,,,,,,,,,,,,,,,,,,,,,,,,,,,,,
𗄁,U+17101,U+1821B,,,K4026,L0076,L0076,?,,,,,,,,,,,,,,,,,,,,,,,,,,,,,,
𗒊,U+1748A,U+171FB,2.277.1,8010/00,?,L4673,L4673,?,,,,,,,,,,,,,,,,,,,,,,,,,,,,,,
𗂨,U+170A8,U+17D98,,,?,L2943,L2943,?,,,,,,,,,,,,,,,,,,,,,,,,,,,,,,
𗒺,U+174BA,U+17C96,,,K3255,L4801,L4801,S1984,,,,,,,,,,,,,,,,,,,,,,,,,,,,,,
𗍒,U+17352,U+17332,,,?,L1307,L1307,?,,,,,,,,,,,,,,,,,,,,,,,,,,,,,,
𗇔,U+171D4,U+17200,1.428.3,3024/20,?,L3827,L3827,?,,,,,,,,,,,,,,,,,,,,,,,,,,,,,,
𗁥,U+17065,U+17D97,,,?,L2985,L2985,?,,,,,,,,,,,,,,,,,,,,,,,,,,,,,,
𗁩,U+17069,U+17E24,,,?,L2988,L2988,?,,,,,,,,,,,,,,,,,,,,,,,,,,,,,,
𗸤,,U+17E24,,,?,L4624,L4624,?,,,,,,,,,,,,,,,,,,,,,,,,,,,,,,
𗇐,U+171D0,U+171EB,1.424.2,3040/00,K5740,L3832,L3832,?,,,,,,,,,,,,,,,,,,,,,,,,,,,,,,
𗄄,U+17104,U+171EB,,,K5739,L0064,L0064,?,,,,,,,,,,,,,,,,,,,,,,,,,,,,,,
𘞠,U+187A0,U+1873C,,,?,L3971,L3971,?,309-041,,,,,,,,,,,,,,,,,,,,,,,,,,,,,
𗈊,U+1720A,U+17215,,,?,?,L1267,S4376,,,,,,,,,,,,,,,,,,,,,,,,,,,,,,
𘅾,U+1817E,U+18135,6.404.1,1740/00,K5711,L1151,L1151,?,,,,,,,,,,,,,,,,,,,,,,,,,,,,,,
𘅭,U+1816D,U+175FF,,,?,L1322,L1322,?,,,,,,,,,,,,,,,,,,,,,,,,,,,,,,
𘅉,U+18149,U+1813F,,,K5772,L1217,L1217,?,,,,,,,,,,,,,,,,,,,,,,,,,,,,,,
𘟓,U+187D3,U+17574,2.452.1,1244/22,K2776,L0583,L0583,?,,,,,,,,,,,,,,,,,,,,,,,,,,,,,,
𗵷,,U+17D77,,,K2478,L1384,L1384,S0022,,,,,,,,,,,,,,,,,,,,,,,,,,,,,,
𗴩,U+17D29,U+17D28,3.740.1,2772/40,?,L1505,L1505,?,,,,,,,,,,,,,,,,,,,,,,,,,,,,,,
𘇑,U+181D1,U+18192,,,?,L4083,L4083,?,,,,,,,,,,,,,,,,,,,,,,,,,,,,,,
𗋦,U+172E6,U+175B2,,,K2632,L3069,L3069,?,,,,,,,,,,,,,,,,,,,,,,,,,,,,,,
𗷨,U+17DE8,U+17DE9,5.158.2,1825/52,K1308,L1665,L1665,?,,,,,,,,,,,,,,,,,,,,,,,,,,,,,,
𘘼,U+1863C,U+1864A,,,?,L1761,L1761,S5005,,,,,,,,,,,,,,,,,,,,,,,,,,,,,,
𗳹,U+17CF9,U+17CF7,,,?,L1797,L1797,?,,,,,,,,,,,,,,,,,,,,,,,,,,,,,,
𗱊,U+17C4A,U+17C4B,3.587.2,1251/27,K5594,L0608,L0608,?,,,,,,,,,,,,,,,,,,,,,,,,,,,,,,
𗁔,U+17054,U+17055,1.061.1,2104/44,K1039,L1975,L1975,?,,,,,,,,,,,,,,,,,,,,,,,,,,,,,,
𗺑,,U+17E91,,,?,L2350,L2350,?,,,,,,,,,,,,,,,,,,,,,,,,,,,,,,
𗪄,U+17A84,U+17A83,4.483.1,2143/20,?,L2227,L2227,?,,,,,,,,,,,,,,,,,,,,,,,,,,,,,,
𗎶,U+173B6,U+173BB,2.125.1,7191/21,?,L4023,L4023,?,,,,,,,,,,,,,,,,,,,,,,,,,,,,,,
𗾻,U+17FBB,U+17FB9,,,?,L2146,L2146,?,,,,,,,,,,,,,,,,,,,,,,,,,,,,,,
𗩍,,U+17A4D,,,?,L2807,L2807,?,,,,,,,,,,,,,,,,,,,,,,,,,,,,,,
𗌨,U+17328,U+17FFC,,,?,L2050,L2050,?,,,,,,,,,,,,,,,,,,,,,,,,,,,,,,
𘜦,,U+18726,,,?,L2299,L2299,?,,,,,,,,,,,,,,,,,,,,,,,,,,,,,,
𗼖,U+17F16,U+17F15,5.384.1,2182/24,?,L2545,L2545,?,,,,,,,,,,,,,,,,,,,,,,,,,,,,,,
𗄹,U+17139,U+17131,1.217.2,2102/24,K0212,L1947,L1947,?,,,,,,,,,,,,,,,,,,,,,,,,,,,,,,
𘚼,U+186BC,U+186BD,8.364.1,2222/11,?,L6030,?,?,,,,,,,,,,,,,,,,,,,,,,,,,,,,,,
𗾼,U+17FBC,U+17FBD,6.042.1,2242/21,?,L6032,?,?,,,,,,,,,,,,,,,,,,,,,,,,,,,,,,
𘜣,U+18723,U+177DC,8.446.1,2254/00,?,L6034,?,?,,,,,,,,,,,,,,,,,,,,,,,,,,,,,,
𗂚,U+1709A,U+170BC,,,?,L1905,L1905,?,,,,,,,,,,,,,,,,,,,,,,,,,,,,,,
𗂔,U+17094,U+18225,7.022.4,1325/42,K0287,L0671,L0671,?,,,,,,,,,,,,,,,,,,,,,,,,,,,,,,
𗏪,U+173EA,U+178A1,3.370.9,2341/22,K5071,L2608,L2608,?,,,,,,,,,,,,,,,,,,,,,,,,,,,,,,
𗏾,U+173FE,U+178A4,3.370.A,2344/22,K3323,L2659,L2659,?,,,,,,,,,,,,,,,,,,,,,,,,,,,,,,
𗃹,U+170F9,U+18680,,,?,L2695,L2695,?,,,,,,,,,,,,,,,,,,,,,,,,,,,,,,
𗨠,U+17A20,U+17A05,4.415.2,2741/40,K4068,L3147,L3147,?,,,,,,,,,,,,,,,,,,,,,,,,,,,,,,
𗥅,U+17945,U+17944,,,?,L2610,L2610,?,,,,,,,,,,,,,,,,,,,,,,,,,,,,,,
𗻇,U+17EC7,U+17EC6,,,K5436,L2622,L2622,?,,,,,,,,,,,,,,,,,,,,,,,,,,,,,,
𗾳,U+17FB3,U+17FA6,6.037.2,2441/22,K3839,L2760,L2760,?,,,,,,,,,,,,,,,,,,,,,,,,,,,,,,
𗽢,U+17F62,U+17F5A,,,K3750,L3137,L3137,?,,,,,,,,,,,,,,,,,,,,,,,,,,,,,,
𗽎,U+17F4E,U+17F4D,,,?,?,L2799,?,,,,,,,,,,,,,,,,,,,,,,,,,,,,,,
𗛇,U+176C7,U+17090,3.075.1,5022/44,K1410,L4159,L4159,?,,,,,,,,,,,,,,,,,,,,,,,,,,,,,,
𗚤,U+176A4,U+1707D,3.061.3,5022/54,K1741,L4162,L4162,?,,,,,,,,,,,,,,,,,,,,,,,,,,,,,,
𗝺,U+1777A,U+1731E,3.169.3,5021/27,?,L4121,L4121,?,,,,,,,,,,,,,,,,,,,,,,,,,,,,,,
𗃌,U+170CC,U+170CB,1.151.2,2703/40,?,L2953,L2953,?,,,,,,,,,,,,,,,,,,,,,,,,,,,,,,
𗁚,U+1705A,,1.062.3,2702/42,K0517,L2941B,L2941,S1576,,,,,,,,,,,,,,,,,,,,,,,,,,,,,,
𗁾,U+1707E,U+1707F,1.089.1,2702/40,K0272,L2940,L2940,?,,,,,,,,,,,,,,,,,,,,,,,,,,,,,,
𗁒,U+17052,U+17058,1.060.4,2104/42,K1931,L1972,L1972,?,,,,,,,,,,,,,,,,,,,,,,,,,,,,,,
𗄢,U+17122,U+17058,1.204.3,7124/42,?,L4544,L4544,?,,,,,,,,,,,,,,,,,,,,,,,,,,,,,,
𗂺,U+170BA,U+170B9,,,K5345,L2922,L2922,?,,,,,,,,,,,,,,,,,,,,,,,,,,,,,,
𗏞,U+173DE,U+1789B,3.370.5,2741/20,K4912,L3112,L3112,?,,,,,,,,,,,,,,,,,,,,,,,,,,,,,,
𗌖,U+17316,U+17315,1.672.3,2721/22,K5117,L3007B,L3007,?,,,,,,,,,,,,,,,,,,,,,,,,,,,,,,
𗏊,U+173CA,U+1788E,3.369.1,2742/24,K1885,L3225,L3225,?,,,,,,,,,,,,,,,,,,,,,,,,,,,,,,
𗏝,U+173DD,U+1789A,3.370.4,2744/24,K1121,L3325,L3325,?,,,,,,,,,,,,,,,,,,,,,,,,,,,,,,
𗏋,U+173CB,U+1788F,3.369.2,2745/20,K0312,L3363,L3363,?,,,,,,,,,,,,,,,,,,,,,,,,,,,,,,
𗏚,U+173DA,U+17408,2.163.2,2742/25,K0686,L3233,L3233,?,,,,,,,,,,,,,,,,,,,,,,,,,,,,,,
𗏔,U+173D4,U+17406,2.159.3,2744/50,K1960,L3350,L3350,?,,,,,,,,,,,,,,,,,,,,,,,,,,,,,,
𗢽,U+178BD,U+17AF7,4.026.4,2742/00,?,L3181,L3181,?,,,,,,,,,,,,,,,,,,,,,,,,,,,,,,
𗣰,U+178F0,U+17AFF,4.064.2,2744/00,K2375,L3276,L3276,?,,,,,,,,,,,,,,,,,,,,,,,,,,,,,,
𗤘,U+17918,U+17B01,4.124.1,2742/00,?,L3182,L3182,?,,,,,,,,,,,,,,,,,,,,,,,,,,,,,,
𗣁,U+178C1,U+178C2,,,K0962,L3191,L3191,?,,,,,,,,,,,,,,,,,,,,,,,,,,,,,,
𗪯,U+17AAF,U+17AB0,4.521.1,2241/27,K5606,L2455,L2455,?,,,,,,,,,,,,,,,,,,,,,,,,,,,,,,
𗪁,U+17A81,U+17AB0,,,?,L2124,L2124,?,,,,,,,,,,,,,,,,,,,,,,,,,,,,,,
𗐂,U+17402,U+17401,2.191.3,2743/40,?,L3271,L3271,?,,,,,,,,,,,,,,,,,,,,,,,,,,,,,,
𗨲,U+17A32,U+17A33,,,?,L3260,L3260,?,,,,,,,,,,,,,,,,,,,,,,,,,,,,,,
𗪓,,U+17A93,,,?,?,L6000,?,,,,,,,,,,,,,,,,,,,,,,,,,,,,,,
𗨢,U+17A22,,,,?,?,L3286,?,,,,,,,,,,,,,,,,,,,,,,,,,,,,,,
𗪥,U+17AA5,U+17AA4,4.516.1,2741/27,K5679,L3145,L3145,?,,,,,,,,,,,,,,,,,,,,,,,,,,,,,,
𗻹,U+17EF9,U+17ED0,5.338.2,2741/40,?,L6040,?,?,,,,,,,,,,,,,,,,,,,,,,,,,,,,,,
𗃳,U+170F3,U+17D2A,,,?,L3428,L3428,?,,,,,,,,,,,,,,,,,,,,,,,,,,,,,,
𘉈,U+18248,U+18247,7.064.1,2791/41,?,L3444,L3444,?,,,,,,,,,,,,,,,,,,,,,,,,,,,,,,
𗂑,U+17091,U+17092,1.103.1,2804/22,K3239,L3496,L3496,?,,,,,,,,,,,,,,,,,,,,,,,,,,,,,,
𗐶,U+17436,U+1705B,2.215.1,8024/20,K3980,L4720,L4720,?,,,,,,,,,,,,,,,,,,,,,,,,,,,,,,
𗒬,U+174AC,U+170B1,2.295.1,8021/42,K3962,L4722,L4722,?,,,,,,,,,,,,,,,,,,,,,,,,,,,,,,
𗆵,U+171B5,U+171B4,1.405.1,2801/27,K5687,L3464,L3464,?,,,,,,,,,,,,,,,,,,,,,,,,,,,,,,
𗅡,,U+17161,,,?,L1981,L1981,?,,,,,,,,,,,,,,,,,,,,,,,,,,,,,,
𗌢,U+17322,U+17323,,,?,L3002,L3002,?,,,,,,,,,,,,,,,,,,,,,,,,,,,,,,
𗏯,U+173EF,U+1740A,2.169.1,2844/00,K2513,L3658,L3658,?,,,,,,,,,,,,,,,,,,,,,,,,,,,,,,
𗤠,U+17920,U+17B02,,,K1053,L3691,L3691,?,,,,,,,,,,,,,,,,,,,,,,,,,,,,,,
𗻥,U+17EE5,U+17B09,5.333.1,2243/42,?,L6033,?,?,,,,,,,,,,,,,,,,,,,,,,,,,,,,,,
𗫺,U+17AFA,U+178BF,4.596.1,2840/00,?,L3560,L3560,?,,,,,,,,,,,,,,,,,,,,,,,,,,,,,,
𗿫,U+17FEB,U+17FEC,6.077.1,2884/50,K3183,L3709,L3709,?,,,,,,,,,,,,,,,,,,,,,,,,,,,,,,
𗴜,U+17D1C,U+18727,,,K3163,L3743,L3743,?,,,,,,,,,,,,,,,,,,,,,,,,,,,,,,
𗐢,U+17422,U+17421,,,K4982,L3814,L3814,?,,,,,,,,,,,,,,,,,,,,,,,,,,,,,,
𘕇,U+18547,U+1741D,,,K1561,L3953,L3953,?,,,,,,,,,,,,,,,,,,,,,,,,,,,,,,
𗇤,U+171E4,U+171CF,1.438.4,1740/00,?,L1143,L1143,?,,,,,,,,,,,,,,,,,,,,,,,,,,,,,,
𗇓,U+171D3,U+171D2,1.428.1,3071/20,K5434,L3837,L3837,?,,,,,,,,,,,,,,,,,,,,,,,,,,,,,,
𘅛,U+1815B,U+18035,6.366.1,1344/22,K2192,L6010,?,S4719,,,,,,,,,,,,,,,,,,,,,,,,,,,,,,
𗭦,U+17B66,U+17B62,,,K5591,L3930,L3930,?,,,,,,,,,,,,,,,,,,,,,,,,,,,,,,
𗭕,U+17B55,U+17B54,3.415.1,3721/22,K4995,L3944,L3944,?,,,,,,,,,,,,,,,,,,,,,,,,,,,,,,
𗭧,U+17B67,U+17B6D,1.432.3,3874/00,?,L4009,L4009,?,,,,,,,,,,,,,,,,,,,,,,,,,,,,,,
𘀲,U+18032,U+1803A,6.128.3,3844/70,K3251,L4005,L4005,?,233-071,,,,,,,,,,,,,,,,,,,,,,,,,,,,,
𗗏,U+175CF,U+175CE,,,?,L4066,L4066,?,,,,,,,,,,,,,,,,,,,,,,,,,,,,,,
𗯐,U+17BD0,U+17385,,,K0514,L5962,L5962,?,,,,,,,,,,,,,,,,,,,,,,,,,,,,,,
𗚅,U+17685,U+17686,3.048.3,5050/00,K0446,L4383,L4383,?,,,,,,,,,,,,,,,,,,,,,,,,,,,,,,
𗟆,U+177C6,U+177BA,,,?,L4261,L4261,?,,,,,,,,,,,,,,,,,,,,,,,,,,,,,,
𘜭,U+1872D,U+1768A,,,?,L4423,L4423,?,,,,,,,,,,,,,,,,,,,,,,,,,,,,,,
𗚰,U+176B0,U+176AF,3.065.3,5041/20,K4994,L4224,L4224,S0795,,,,,,,,,,,,,,,,,,,,,,,,,,,,,,
𗜏,U+1770F,U+17710,,,K1127,L4415,L4415,?,,,,,,,,,,,,,,,,,,,,,,,,,,,,,,
𘔌,U+1850C,U+17DC3,8.036.2,1643/22,K5566,L0895,L0895,?,,,,,,,,,,,,,,,,,,,,,,,,,,,,,,
𗸢,U+17E22,U+1782B,,,?,L4510,L4510,?,,,,,,,,,,,,,,,,,,,,,,,,,,,,,,
𗠬,U+1782C,U+1782B,,,K4941,L4514,L4514,?,,,,,,,,,,,,,,,,,,,,,,,,,,,,,,
𗁇,U+17047,U+186A0,,,?,L1984,L1984,?,,,,,,,,,,,,,,,,,,,,,,,,,,,,,,
𗄧,U+17127,U+186A1,1.206.1,7124/55,K3501,L4549,L4549,?,,,,,,,,,,,,,,,,,,,,,,,,,,,,,,
𘚡,U+186A1,U+186A1,,,?,L0523,L0523,?,,,,,,,,,,,,,,,,,,,,,,,,,,,,,,
𗢆,U+17886,U+17886,,,?,L2840,L2840,?,,,,,,,,,,,,,,,,,,,,,,,,,,,,,,
𗒶,U+174B6,U+174AF,2.300.4,8044/20,K3165,L4969,L4969,?,,,,,,,,,,,,,,,,,,,,,,,,,,,,,,
𗔽,U+1753D,U+1753E,,,K1142,L5153,L5153,?,,,,,,,,,,,,,,,,,,,,,,,,,,,,,,
𗑤,U+17464,U+17463,2.253.2,8040/00,K5744,L4863,L4863,?,,,,,,,,,,,,,,,,,,,,,,,,,,,,,,
𗓤,U+174E4,U+174E3,2.337.2,8040/00,K5717,L4864,L4864,?,,,,,,,,,,,,,,,,,,,,,,,,,,,,,,
𗒄,U+17484,U+17483,2.273.1,8040/00,K5749,L4862,L4862,?,,,,,,,,,,,,,,,,,,,,,,,,,,,,,,
𗑡,U+17461,U+1744D,2.252.2,8045/00,?,L5002,L5002,?,,,,,,,,,,,,,,,,,,,,,,,,,,,,,,
𘌺,U+1833A,U+1833B,7.243.4,8125/45,K1208,L5152,L5152,?,,,,,,,,,,,,,,,,,,,,,,,,,,,,,,
𗯍,U+17BCD,U+17BCA,,,?,L5361,L5361,?,,,,,,,,,,,,,,,,,,,,,,,,,,,,,,
𗎼,U+173BC,U+17B7C,,,?,L2028,L2028,?,,,,,,,,,,,,,,,,,,,,,,,,,,,,,,
𗮑,U+17B91,U+17B90,,,?,?,L5149,?,,,,,,,,,,,,,,,,,,,,,,,,,,,,,,
𘑊,U+1844A,U+18449,7.460.1,8143/00,?,L5231,L5231,?,,,,,,,,,,,,,,,,,,,,,,,,,,,,,,
𘖘,U+18598,U+18597,8.185.1,8143/00,?,L5232,L5232,?,,,,,,,,,,,,,,,,,,,,,,,,,,,,,,
𗯻,U+17BFB,U+17BFC,,,K1128,L5240,L5240,?,,,,,,,,,,,,,,,,,,,,,,,,,,,,,,
𗰅,U+17C05,U+17C04,,,?,L5597,L5597,?,,,,,,,,,,,,,,,,,,,,,,,,,,,,,,
𘍅,U+18345,U+18347,7.252.2,8222/41,?,L6060,?,?,,,,,,,,,,,,,,,,,,,,,,,,,,,,,,
𘁌,U+1804C,U+1804D,6.140.1,8342/21,?,L6061,?,?,,,,,,,,,,,,,,,,,,,,,,,,,,,,,,
𘍱,U+18371,U+18372,7.285.2,8242/21,?,L6062,?,?,,,,,,,,,,,,,,,,,,,,,,,,,,,,,,
𘕩,U+18569,U+18568,8.141.1,8854/52,K2854,L5777,L5777,?,,,,,,,,,,,,,,,,,,,,,,,,,,,,,,
𘐇,U+18407,U+18406,,,K5435,L5373,L5373,?,,,,,,,,,,,,,,,,,,,,,,,,,,,,,,
𗯛,U+17BDB,U+17BE4,3.477.4,9451/40,K4169,L5912,L5912,?,,,,,,,,,,,,,,,,,,,,,,,,,,,,,,
𘍌,U+1834C,U+1834D,7.254.1,8221/47,K5605,L5266,L5266,?,,,,,,,,,,,,,,,,,,,,,,,,,,,,,,
𗮗,U+17B97,U+17BA1,3.454.3,8721/20,K4595,L5496,L5496,?,,,,,,,,,,,,,,,,,,,,,,,,,,,,,,
𘘽,U+1863D,U+180B4,,,?,L1411,L1411,?,,,,,,,,,,,,,,,,,,,,,,,,,,,,,,
𗯙,U+17BD9,U+17BE2,3.477.2,9854/00,?,L6073,?,?,,,,,,,,,,,,,,,,,,,,,,,,,,,,,,
𘐦,U+18426,U+18425,7.439.1,8841/40,K5128,L5729,L5729,?,,,,,,,,,,,,,,,,,,,,,,,,,,,,,,
𘟧,U+187E7,U+187E8,8.210.1,8941/27,K1395,L5794,L5794,?,,,,,,,,,,,,,,,,,,,,,,,,,,,,,,
𘌟,U+1831F,U+17B78,7.233.1,9921/70,K5593,L5863,L5863,?,,,,,,,,,,,,,,,,,,,,,,,,,,,,,,
𘌡,U+18321,U+1831B,,,K5592,L5826,L5826,?,,,,,,,,,,,,,,,,,,,,,,,,,,,,,,
𗯡,U+17BE1,U+17BD7,3.482.5,8141/21,K5490,L5174,L5174,?,,,,,,,,,,,,,,,,,,,,,,,,,,,,,,
𗯠,U+17BE0,U+17BD6,3.482.4,8141/41,K5299,L5197,L5197,?,,,,,,,,,,,,,,,,,,,,,,,,,,,,,,
𗯥,U+17BE5,U+17BDD,3.483.4,8141/41,K5500,L5198,L5198,?,207-121,,,,,,,,,,,,,,,,,,,,,,,,,,,,,
𗯜,U+17BDC,U+17BDD,,,?,L5893,L5893,?,,,,,,,,,,,,,,,,,,,,,,,,,,,,,,
𗗤,U+175E4,U+175E3,,,K5124,L5836,L5836,?,,,,,,,,,,,,,,,,,,,,,,,,,,,,,,
𗈯,U+1722F,U+1722E,1.498.1,5101/40,K5178,L5837,L5837,?,,,,,,,,,,,,,,,,,,,,,,,,,,,,,,
𘂐,U+18090,U+1808F,,,K4479,L5899,L5899,?,,,,,,,,,,,,,,,,,,,,,,,,,,,,,,
𘋢,U+182E2,U+182E4,7.181.2,9491/44,K3922,L5906,L5906,?,,,,,,,,,,,,,,,,,,,,,,,,,,,,,,
𘕙,U+18559,U+18558,,,K4965,L5920,L5920,?,,,,,,,,,,,,,,,,,,,,,,,,,,,,,,
𘝡,U+18761,U+177DA,8.443.4,5752/00,K1516,L5947,L5947,?,,,,,,,,,,,,,,,,,,,,,,,,,,,,,,
𗯣,U+17BE3,U+17BDA,3.483.2,8842/20,?,L6070,?,S2363,,,,,,,,,,,,,,,,,,,,,,,,,,,,,,
𘂧,U+180A7,U+180A4,6.195.1,9972/44,?,L6074,?,?,,,,,,,,,,,,,,,,,,,,,,,,,,,,,,
𗴰,U+17D30,U+17D2F,5.001.2,1090/00,K0692,L0037,L0037,?,,,,,,,,,,,,,,,,,,,,,,,,,,,,,,
𗳚,U+17CDA,U+17CD9,3.675.1,1749/00,?,L0822,L0822,?,,,,,,,,,,,,,,,,,,,,,,,,,,,,,,
𗶖,U+17D96,U+177D5,5.097.1,1842/24,?,L6021,?,?,,,,,,,,,,,,,,,,,,,,,,,,,,,,,,
𘅶,U+18176,U+1844B,6.400.2,1845/22,?,L6022,?,?,,,,,,,,,,,,,,,,,,,,,,,,,,,,,,
𗄀,U+17100,,1.181.3,1040/00,K2392,L0061,L0061,?,003-053,,,?,,,,,,,,,,,,,,,,,,,,,,,,,,